horse,trial_date,race_date,gap_days,trial_dist,race_dist,dist_match,trial_sentiment,concealed,won_trial,improver,trial_finish_pct,race_place,race_n,race_finish_pct,race_win,race_top3,race_top_half
CHIU CHOW SPIRIT,2025-08-21,2025-09-07,17,1200,1400,True,++,False,True,False,0.16666666666666666,2,11,0.18181818181818182,0,1,1
FAST NETWORK,2025-08-21,2025-09-07,17,1200,1400,True,++,False,False,False,0.3333333333333333,4,11,0.36363636363636365,0,0,1
SPICY GOLD,2025-08-21,2025-09-17,27,1200,1000,True,++,False,False,False,0.5,10,11,0.9090909090909091,0,0,0
ORIENTAL SMOKE,2025-08-21,2025-09-07,17,1200,1400,True,0,False,False,False,0.6666666666666666,12,14,0.8571428571428571,0,0,0
LIM'S SHAVANO,2025-08-21,2025-09-14,24,1200,1000,True,-,False,False,False,0.8333333333333334,6,11,0.5454545454545454,0,0,0
TAKE ACTION,2025-08-21,2025-09-10,20,1200,1650,False,-,False,False,False,1.0,5,11,0.45454545454545453,0,0,1
LUCKY MAN,2025-08-21,2025-09-07,17,1200,1400,True,++,False,True,False,0.16666666666666666,12,14,0.8571428571428571,0,0,0
SAMARKAND,2025-08-21,2025-09-10,20,1200,1650,False,+,False,False,False,0.3333333333333333,11,11,1.0,0,0,0
MOJAVE DESERT,2025-08-21,2025-09-14,24,1200,1200,True,++,False,False,False,0.5,3,12,0.25,0,1,1
I CAN,2025-08-21,2025-09-10,20,1200,1650,False,0,False,False,False,0.6666666666666666,3,11,0.2727272727272727,0,1,1
QUANTUM PATCH,2025-08-21,2025-09-10,20,1200,1650,False,-,False,False,False,0.8333333333333334,2,12,0.16666666666666666,0,1,1
GALE SAGA,2025-08-21,2025-09-07,17,1200,1400,True,-,False,False,False,1.0,2,14,0.14285714285714285,0,1,1
CELESTIAL HARMONY,2025-08-21,2025-09-10,20,1200,1650,False,++,False,True,False,0.14285714285714285,7,11,0.6363636363636364,0,0,0
KA YING RESILIENCE,2025-08-21,2025-09-07,17,1200,1200,True,+,False,False,False,0.2857142857142857,4,14,0.2857142857142857,0,0,1
YOUTH POWER,2025-08-21,2025-09-10,20,1200,1650,False,+,False,False,False,0.42857142857142855,3,12,0.25,0,1,1
SOARING BRONCO,2025-08-21,2025-09-10,20,1200,1650,False,0,False,False,False,0.5714285714285714,11,11,1.0,0,0,0
EXCELLENCE VALUE,2025-08-21,2025-09-17,27,1200,1650,False,+,False,False,False,0.7142857142857143,5,9,0.5555555555555556,0,0,0
PLENTIFUL,2025-08-21,2025-09-10,20,1200,1000,True,+,True,False,False,0.8571428571428571,7,12,0.5833333333333334,0,0,0
HAILTOTHEVICTORS,2025-08-21,2025-09-10,20,1200,1650,False,-,False,False,False,1.0,11,12,0.9166666666666666,0,0,0
NEW FOREST,2025-08-21,2025-09-21,31,1200,1650,False,++,False,True,False,0.16666666666666666,3,12,0.25,0,1,1
YODA'S CHOICE,2025-08-21,2025-09-07,17,1200,1200,True,++,True,False,False,0.3333333333333333,13,14,0.9285714285714286,0,0,0
ORIENTAL SURPRISE,2025-08-21,2025-09-07,17,1200,1200,True,++,False,False,False,0.5,4,14,0.2857142857142857,0,0,1
SIGHT SUPREME,2025-08-21,2025-09-10,20,1200,1650,False,+,False,False,False,0.8333333333333334,10,12,0.8333333333333334,0,0,0
TEAM HAPPY,2025-08-21,2025-09-14,24,1200,1400,True,-,False,False,False,1.0,5,14,0.35714285714285715,0,0,1
DECRELOT,2025-08-21,2025-09-14,24,1200,1400,True,++,False,True,False,0.16666666666666666,10,14,0.7142857142857143,0,0,0
SUPER CHARIZZARD,2025-08-21,2025-09-10,20,1200,1200,True,++,True,False,False,0.3333333333333333,10,12,0.8333333333333334,0,0,0
LEATHER MASTER,2025-08-21,2025-09-07,17,1200,1600,False,+,False,False,False,0.5,12,14,0.8571428571428571,0,0,0
SPANGLE FORTUNE,2025-08-21,2025-09-07,17,1200,1400,True,0,False,False,False,0.6666666666666666,5,14,0.35714285714285715,0,0,1
MR ALADDIN,2025-08-21,2025-09-07,17,1200,1600,False,-,False,False,False,0.8333333333333334,3,14,0.21428571428571427,0,1,1
GANGNAM STAR,2025-08-21,2025-09-14,24,1200,1400,True,-,False,False,False,1.0,5,14,0.35714285714285715,0,0,1
SUNNY DARLING,2025-08-21,2025-09-07,17,1050,1200,True,++,False,True,False,0.16666666666666666,8,14,0.5714285714285714,0,0,0
GOLDEN LUCK,2025-08-21,2025-09-17,27,1050,1200,True,+,False,False,False,0.3333333333333333,10,12,0.8333333333333334,0,0,0
GOOD FORTUNE,2025-08-21,2025-09-07,17,1050,1200,True,0,False,False,False,0.6666666666666666,4,14,0.2857142857142857,0,0,1
MOTOMAN,2025-08-21,2025-09-10,20,1050,1200,True,+,False,False,False,0.8333333333333334,11,12,0.9166666666666666,0,0,0
DR GOLDEN GENERAL,2025-08-21,2025-09-07,17,1050,1000,True,+,False,False,False,1.0,13,14,0.9285714285714286,0,0,0
LUCKY SWEYNESSE,2025-08-22,2025-09-07,16,1200,1200,True,++,False,True,False,0.1,2,12,0.16666666666666666,0,1,1
GIANT LEAP,2025-08-22,2025-09-10,19,1200,1200,True,++,False,False,False,0.2,12,12,1.0,0,0,0
PATCH OF STARS,2025-08-22,2025-09-07,16,1200,1400,True,+,False,False,False,0.3,6,14,0.42857142857142855,0,0,1
ARMOUR WAR EAGLE,2025-08-22,2025-09-07,16,1200,1400,True,++,False,False,False,0.4,4,14,0.2857142857142857,0,0,1
WONDER KIT,2025-08-22,2025-09-07,16,1200,1400,True,-,False,False,False,0.5,9,11,0.8181818181818182,0,0,0
SNOWFIELD,2025-08-22,2025-09-14,23,1200,1400,True,0,False,False,False,0.6,12,13,0.9230769230769231,0,0,0
AMAZING RUN,2025-08-22,2025-09-10,19,1200,1650,False,+,False,False,False,0.7,12,12,1.0,0,0,0
UP WITH CHARM,2025-08-22,2025-10-15,54,1200,1200,True,-,False,False,False,0.9,9,12,0.75,0,0,0
ROMANTIC FANTASY,2025-08-22,2025-09-17,26,1200,1800,False,-,False,False,False,1.0,5,12,0.4166666666666667,0,0,1
SING DRAGON,2025-08-22,2025-09-28,37,1200,1200,True,++,False,False,False,0.2,10,11,0.9090909090909091,0,0,0
PATCH OF WATCH,2025-08-22,2025-09-07,16,1200,1200,True,+,False,False,False,0.3,7,14,0.5,0,0,1
SUNSET TRAIL,2025-08-22,2025-09-07,16,1200,1400,True,++,False,False,False,0.4,13,14,0.9285714285714286,0,0,0
AHREN,2025-08-22,2025-09-28,37,1200,1200,True,-,False,False,False,0.5,3,12,0.25,0,1,1
CIRCUIT VICTORY,2025-08-22,2025-09-07,16,1200,1200,True,0,False,False,False,0.6,14,14,1.0,0,0,0
TO INFINITY,2025-08-22,2025-09-10,19,1200,1650,False,+,True,False,False,0.7,1,11,0.09090909090909091,1,1,1
PEARL OF PANG'S,2025-08-22,2025-09-21,30,1200,1600,False,0,False,False,False,0.8,2,14,0.14285714285714285,0,1,1
WITHOUT DELAY,2025-08-22,2025-09-21,30,1200,1600,False,-,False,False,False,0.9,7,14,0.5,0,0,1
CONSPIRATOR,2025-08-22,2025-09-07,16,1200,1200,True,-,False,False,False,1.0,14,14,1.0,0,0,0
KA YING RISING,2025-08-22,2025-09-07,16,1050,1200,True,++,False,True,False,0.2,1,12,0.08333333333333333,1,1,1
STORMING DRAGON,2025-08-22,2025-09-10,19,1050,1200,True,++,True,False,False,0.4,1,12,0.08333333333333333,1,1,1
BIGTIME GENERATION,2025-08-22,2025-10-12,51,1050,1200,True,0,False,False,False,0.6,9,11,0.8181818181818182,0,0,0
COLONEL,2025-08-22,2025-09-07,16,1050,1200,True,-,False,False,False,0.8,13,14,0.9285714285714286,0,0,0
ISLAND GOLDEN,2025-08-22,2025-09-14,23,1050,1400,False,0,False,False,False,,13,14,0.9285714285714286,0,0,0
BOTTOMUPTOGETHER,2025-08-25,2025-09-07,13,1000,1200,True,++,False,True,False,0.16666666666666666,5,12,0.4166666666666667,0,0,1
SUPER STRONG KID,2025-08-25,2025-09-07,13,1000,1000,True,+,False,False,False,0.3333333333333333,1,14,0.07142857142857142,1,1,1
WE ARE HERO,2025-08-25,2025-10-04,40,1000,1000,True,+,False,False,False,0.5,2,14,0.14285714285714285,0,1,1
HARMONY N BLESSED,2025-08-25,2025-09-07,13,1000,1200,True,0,False,False,False,0.6666666666666666,12,12,1.0,0,0,0
BABY CRYSTAL,2025-08-25,2025-10-01,37,1000,1000,True,-,False,False,False,0.8333333333333334,8,8,1.0,0,0,0
SOLID SHALAA,2025-08-25,2025-09-14,20,1000,1200,True,-,False,False,False,1.0,7,12,0.5833333333333334,0,0,0
CARROLL STREET,2025-08-25,2025-09-07,13,1000,1000,True,++,False,True,False,0.14285714285714285,10,14,0.7142857142857143,0,0,0
JUBILANT WINNER,2025-08-25,2025-09-14,20,1000,1200,True,+,False,False,False,0.2857142857142857,1,14,0.07142857142857142,1,1,1
ROBOT LUCKY STAR,2025-08-25,2025-10-19,55,1000,1000,True,+,False,False,False,0.42857142857142855,1,14,0.07142857142857142,1,1,1
TOP TIME,2025-08-25,2025-09-14,20,1000,1400,False,+,False,False,False,0.5714285714285714,2,11,0.18181818181818182,0,1,1
ROMAN CROWN,2025-08-25,2025-09-14,20,1000,1400,False,-,False,False,False,0.8571428571428571,4,11,0.36363636363636365,0,0,1
SHINYU KOKOROE,2025-08-25,2025-09-14,20,1000,1000,True,-,False,False,False,1.0,9,11,0.8181818181818182,0,0,0
AWESOME TREASURE,2025-08-25,2025-09-07,13,1000,1200,True,++,False,True,False,0.125,9,14,0.6428571428571429,0,0,0
AMAZING FUN,2025-08-25,2025-09-07,13,1000,1000,True,++,False,False,False,0.25,8,14,0.5714285714285714,0,0,0
DECISION LINK,2025-08-25,2025-09-14,20,1000,1200,True,+,False,False,False,0.375,3,14,0.21428571428571427,0,1,1
SUNNY Q,2025-08-25,2025-09-14,20,1000,1200,True,++,True,False,False,0.5,6,14,0.42857142857142855,0,0,1
GIANT BALLON,2025-08-25,2025-10-19,55,1000,1000,True,0,False,False,False,0.625,4,14,0.2857142857142857,0,0,1
THE WAY WE WIN,2025-08-25,2025-09-14,20,1000,1400,False,0,False,False,False,0.75,9,14,0.6428571428571429,0,0,0
STRONGEST BOY,2025-08-25,2025-09-14,20,1000,1400,False,-,False,False,False,1.0,8,14,0.5714285714285714,0,0,0
DOUBLE SHOW,2025-08-25,2025-10-01,37,800,1200,False,++,False,True,False,0.2,12,15,0.8,0,0,0
CAMP LAND,2025-08-25,2025-09-14,20,800,1200,False,+,True,False,False,0.8,12,12,1.0,0,0,0
LUCKY STATEMENT,2025-08-25,2025-09-07,13,800,1200,False,++,False,True,False,0.125,5,14,0.35714285714285715,0,0,1
WISDOM STAR,2025-08-25,2025-09-17,23,800,1000,True,+,False,False,False,0.25,8,12,0.6666666666666666,0,0,0
THE PROMISE,2025-08-25,2025-10-19,55,800,1000,True,+,False,False,False,0.375,12,14,0.8571428571428571,0,0,0
NOBLE DELUXE,2025-08-25,2025-09-07,13,800,1200,False,+,True,False,False,0.625,5,14,0.35714285714285715,0,0,1
NOBLE GO,2025-08-25,2025-09-10,16,800,1200,False,-,False,False,False,0.875,11,12,0.9166666666666666,0,0,0
PRAY FOR MIR,2025-08-25,2025-09-07,13,1200,1400,True,++,False,True,False,0.1111111111111111,3,11,0.2727272727272727,0,1,1
COPARTNER PRANCE,2025-08-25,2025-09-07,13,1200,1200,True,++,False,False,False,0.2222222222222222,8,12,0.6666666666666666,0,0,0
KA YING SUPERB,2025-08-25,2025-09-07,13,1200,1400,True,++,True,False,False,0.3333333333333333,2,14,0.14285714285714285,0,1,1
LUCKY WITH YOU,2025-08-25,2025-09-07,13,1200,1200,True,++,True,False,False,0.4444444444444444,9,12,0.75,0,0,0
OTOKOMAE,2025-08-25,2025-09-07,13,1200,1200,True,0,False,False,False,0.5555555555555556,11,12,0.9166666666666666,0,0,0
STAR CONTACT,2025-08-25,2025-09-17,23,1200,1650,False,0,False,False,False,0.6666666666666666,2,9,0.2222222222222222,0,1,1
MARKWIN,2025-08-25,2025-09-07,13,1200,1400,True,+,False,False,False,0.7777777777777778,1,11,0.09090909090909091,1,1,1
SPIRIT OF PEACE,2025-08-25,2025-09-07,13,1200,1400,True,+,False,False,False,0.8888888888888888,3,14,0.21428571428571427,0,1,1
DIVANO,2025-08-25,2025-09-07,13,1200,1200,True,-,False,False,False,1.0,3,12,0.25,0,1,1
DO YOUR PART,2025-08-25,2025-09-07,13,1200,1400,True,++,False,True,False,0.125,3,14,0.21428571428571427,0,1,1
HEALTHY HAPPY,2025-08-25,2025-09-07,13,1200,1400,True,++,True,False,False,0.25,8,11,0.7272727272727273,0,0,0
TIER FLY,2025-08-25,2025-09-07,13,1200,1200,True,++,False,False,False,0.375,5,12,0.4166666666666667,0,0,1
NOBLE FANS,2025-08-25,2025-09-07,13,1200,1200,True,+,False,False,False,0.625,3,14,0.21428571428571427,0,1,1
GAMEPLAYER ELITE,2025-08-25,2025-10-08,44,1200,1200,True,0,False,False,False,0.75,5,12,0.4166666666666667,0,0,1
ENDEARED,2025-08-25,2025-09-14,20,1200,1400,True,-,False,False,False,0.875,8,13,0.6153846153846154,0,0,0
VICTORY CHAMPION,2025-08-25,2025-09-07,13,1200,1200,True,-,False,False,False,1.0,2,14,0.14285714285714285,0,1,1
GREAT SPIRIT,2025-08-25,2025-09-10,16,1200,1200,True,++,False,True,False,0.125,8,12,0.6666666666666666,0,0,0
POSITIVE SMILE,2025-08-25,2025-09-14,20,1200,1400,True,++,False,False,False,0.25,4,11,0.36363636363636365,0,0,1
HOT AIR BALLON,2025-08-25,2025-09-14,20,1200,1200,True,++,False,False,False,0.375,5,14,0.35714285714285715,0,0,1
ONE AND ONLY,2025-08-25,2025-09-07,13,1200,1400,True,+,False,False,False,0.5,9,14,0.6428571428571429,0,0,0
TRIUMPHANT MORE,2025-08-25,2025-09-07,13,1200,1200,True,-,False,False,False,0.625,10,12,0.8333333333333334,0,0,0
BRAVE WIN,2025-08-25,2025-10-01,37,1200,1200,True,+,False,False,False,0.75,7,14,0.5,0,0,1
SONIC BOOM,2025-08-25,2025-09-07,13,1200,1200,True,++,True,True,False,0.1,3,14,0.21428571428571427,0,1,1
TSUEN WAN GLORY,2025-08-25,2025-10-01,37,1200,1400,True,+,False,False,False,0.2,1,14,0.07142857142857142,1,1,1
SECOND TO NONE,2025-08-25,2025-09-14,20,1200,1400,True,+,False,False,False,0.3,8,11,0.7272727272727273,0,0,0
ABSOLUTE AWAKENED,2025-08-25,2025-09-07,13,1200,1400,True,+,False,False,False,0.4,4,14,0.2857142857142857,0,0,1
TOP GUN,2025-08-25,2025-09-07,13,1200,1400,True,+,False,False,False,0.5,5,14,0.35714285714285715,0,0,1
DASHING DRAGON,2025-08-25,2025-09-14,20,1200,1400,True,+,False,False,False,0.6,7,11,0.6363636363636364,0,0,0
SPARKLE AND GOLD,2025-08-25,2025-09-21,27,1200,1200,True,-,False,False,False,0.8,5,11,0.45454545454545453,0,0,1
SUPER HONG KONG,2025-08-25,2025-09-07,13,1200,1600,False,-,False,False,False,1.0,6,14,0.42857142857142855,0,0,1
BEAUTY WAVES,2025-08-26,2025-09-07,12,1200,1200,True,++,False,True,False,0.125,7,12,0.5833333333333334,0,0,0
DEVAS TWELVE,2025-08-26,2025-09-07,12,1200,1400,True,+,False,False,False,0.375,7,14,0.5,0,0,1
BEAUTY CRESCENT,2025-08-26,2025-09-07,12,1200,1400,True,++,False,False,False,0.5,1,14,0.07142857142857142,1,1,1
HIGHLAND RAHY,2025-08-26,2025-09-10,15,1200,1650,False,0,False,False,False,0.625,2,11,0.18181818181818182,0,1,1
WITHALLMYFAITH,2025-08-26,2025-09-07,12,1200,1400,True,+,True,False,False,0.75,8,14,0.5714285714285714,0,0,0
ATULLIBIGEAL,2025-08-26,2025-09-07,12,1200,1400,True,+,False,False,False,0.875,10,14,0.7142857142857143,0,0,0
RAGING BLIZZARD,2025-08-26,2025-09-07,12,1200,1200,True,-,False,False,False,1.0,6,12,0.5,0,0,1
BULL ATTITUDE,2025-08-26,2025-09-07,12,1200,1400,True,++,False,True,False,0.1,7,14,0.5,0,0,1
COLOURFUL WINNER,2025-08-26,2025-09-07,12,1200,1200,True,+,False,False,False,0.2,11,14,0.7857142857142857,0,0,0
HAROLD WIN,2025-08-26,2025-09-14,19,1200,1200,True,++,False,False,False,0.3,6,12,0.5,0,0,1
VIGOR ELLEEGANT,2025-08-26,2025-09-10,15,1200,1200,True,-,False,False,False,0.4,5,12,0.4166666666666667,0,0,1
CALIFORNIA BAY,2025-08-26,2025-09-07,12,1200,1400,True,+,False,False,False,0.5,8,14,0.5714285714285714,0,0,0
SIGHT DREAMER,2025-08-26,2025-09-07,12,1200,1400,True,0,False,False,False,0.6,6,14,0.42857142857142855,0,0,1
SUNDAY'S SERENADE,2025-08-26,2025-09-07,12,1200,1200,True,+,True,False,False,0.7,6,14,0.42857142857142855,0,0,1
FIT FOR BEAUTY,2025-08-26,2025-09-14,19,1200,1200,True,-,False,False,False,0.8,5,14,0.35714285714285715,0,0,1
NORTHERN BEAST,2025-08-26,2025-09-10,15,1200,1650,False,-,False,False,False,0.9,5,12,0.4166666666666667,0,0,1
INNO SUPER,2025-08-26,2025-09-21,26,1200,1400,True,-,False,False,False,1.0,7,14,0.5,0,0,1
JOLLY COMPANION,2025-08-26,2025-09-14,19,1200,1200,True,++,False,True,False,0.1,5,10,0.5,0,0,1
KING OBERON,2025-08-26,2025-09-07,12,1200,1200,True,+,False,False,False,0.2,5,14,0.35714285714285715,0,0,1
AEROINVINCIBLE,2025-08-26,2025-09-14,19,1200,1400,True,++,False,False,False,0.3,2,11,0.18181818181818182,0,1,1
SPICY STANDARD,2025-08-26,2025-09-07,12,1200,1200,True,+,False,False,False,0.4,1,14,0.07142857142857142,1,1,1
RAGING RAPIDS,2025-08-26,2025-09-14,19,1200,1400,True,++,False,False,False,0.5,3,11,0.2727272727272727,0,1,1
SMART BEAUTY,2025-08-26,2025-09-07,12,1200,1600,False,+,False,False,False,0.6,7,14,0.5,0,0,1
CELTIC TIMES,2025-08-26,2025-09-14,19,1200,1400,True,-,False,False,False,0.7,10,11,0.9090909090909091,0,0,0
COLOURFUL BARON,2025-08-26,2025-09-07,12,1200,1600,False,0,False,False,False,0.8,14,14,1.0,0,0,0
ACROSS DA UNIVERSE,2025-08-26,2025-09-17,22,1200,1200,True,-,False,False,False,0.9,4,12,0.3333333333333333,0,0,1
MEEPMEEP,2025-08-26,2025-09-14,19,1200,1200,True,-,False,False,False,1.0,6,10,0.6,0,0,0
BIENVENUE,2025-08-26,2025-09-10,15,1050,1200,True,++,False,True,False,0.16666666666666666,1,12,0.08333333333333333,1,1,1
YOUNG SUPERSTAR,2025-08-26,2025-09-07,12,1050,1200,True,++,False,False,False,0.3333333333333333,12,12,1.0,0,0,0
VICTOR THE WINNER,2025-08-26,2025-09-07,12,1050,1200,True,+,False,False,False,0.5,10,12,0.8333333333333334,0,0,0
THE ALL OUT,2025-08-26,2025-09-14,19,1050,1000,True,+,False,False,False,0.6666666666666666,5,11,0.45454545454545453,0,0,1
CALIFORNIA DEEPLY,2025-08-26,2025-09-07,12,1050,1200,True,+,False,False,False,0.8333333333333334,6,14,0.42857142857142855,0,0,1
PARENTS' LOVE,2025-08-26,2025-09-07,12,1050,1000,True,++,False,True,False,0.16666666666666666,3,14,0.21428571428571427,0,1,1
SUPER ELITE,2025-08-26,2025-09-07,12,1050,1200,True,++,False,False,False,0.3333333333333333,9,14,0.6428571428571429,0,0,0
PANDA LEGEND,2025-08-26,2025-09-14,19,1050,1400,False,+,False,False,False,0.5,4,14,0.2857142857142857,0,0,1
GRAND NOVA,2025-08-26,2025-09-10,15,1050,1000,True,+,False,False,False,0.6666666666666666,4,12,0.3333333333333333,0,0,1
ABSOLUTE HONOUR,2025-08-26,2025-09-07,12,1050,1200,True,+,False,False,False,0.8333333333333334,10,14,0.7142857142857143,0,0,0
PROUD BOX,2025-08-26,2025-09-21,26,1050,1200,True,+,False,False,False,1.0,3,12,0.25,0,1,1
STORM RIDER,2025-08-27,2025-09-28,32,1200,1200,True,++,False,True,False,0.14285714285714285,5,12,0.4166666666666667,0,0,1
BLAZING WIND,2025-08-27,2025-09-14,18,1200,1200,True,+,False,False,False,0.2857142857142857,1,10,0.1,1,1,1
MAGIC CONTROL,2025-08-27,2025-09-07,11,1200,1200,True,++,False,False,False,0.42857142857142855,11,12,0.9166666666666666,0,0,0
JUMBO TREASURE,2025-08-27,2025-09-07,11,1200,1200,True,0,False,False,False,0.5714285714285714,9,12,0.75,0,0,0
STURDY RUBY,2025-08-27,2025-09-10,14,1200,1650,False,+,False,False,False,0.7142857142857143,4,12,0.3333333333333333,0,0,1
ANODE,2025-08-27,2025-09-07,11,1200,1400,True,-,False,False,False,0.8571428571428571,13,14,0.9285714285714286,0,0,0
GREAT LOOKING,2025-08-27,2025-10-15,49,1200,1200,True,-,False,False,False,1.0,12,12,1.0,0,0,0
LO PAN SPIRIT,2025-08-27,2025-09-07,11,1200,1200,True,++,False,True,False,0.14285714285714285,6,12,0.5,0,0,1
HERO SPARK,2025-08-27,2025-09-14,18,1200,1200,True,+,False,False,False,0.2857142857142857,8,14,0.5714285714285714,0,0,0
WINNING MACHINE,2025-08-27,2025-09-14,18,1200,1400,True,+,False,False,False,0.42857142857142855,6,11,0.5454545454545454,0,0,0
DENFIELD,2025-08-27,2025-09-10,14,1200,1200,True,+,False,False,False,0.5714285714285714,4,12,0.3333333333333333,0,0,1
LUCKY MY WAY,2025-08-27,2025-10-01,35,1200,1400,True,+,False,False,False,0.7142857142857143,10,14,0.7142857142857143,0,0,0
KING GLORIOSO,2025-08-27,2025-10-01,35,1200,1200,True,-,False,False,False,0.8571428571428571,6,14,0.42857142857142855,0,0,1
LUCKY PLANET,2025-08-27,2025-09-10,14,1200,1200,True,-,False,False,False,1.0,8,12,0.6666666666666666,0,0,0
ALLCASH,2025-08-27,2025-09-21,25,1200,1650,False,++,False,True,False,0.125,3,13,0.23076923076923078,0,1,1
MAGIC COSMOS,2025-08-27,2025-10-19,53,1200,1000,True,++,False,False,False,0.25,14,14,1.0,0,0,0
NIGHT PUROSANGUE,2025-08-27,2025-09-14,18,1200,1400,True,+,False,False,False,0.375,12,14,0.8571428571428571,0,0,0
STORMI,2025-08-27,2025-10-08,42,1200,1650,False,+,False,False,False,0.5,8,12,0.6666666666666666,0,0,0
CASA ROCHESTER,2025-08-27,2025-09-10,14,1200,1650,False,+,False,False,False,0.625,5,11,0.45454545454545453,0,0,1
JUMBO FORTUNE,2025-08-27,2025-09-14,18,1200,1400,True,+,False,False,False,0.75,14,14,1.0,0,0,0
WISEMAN,2025-08-27,2025-09-10,14,1200,1650,False,-,False,False,False,0.875,9,12,0.75,0,0,0
COURIER MAGIC,2025-08-27,2025-10-15,49,1200,1650,False,++,True,True,False,0.125,2,12,0.16666666666666666,0,1,1
LEGEND STAR,2025-08-27,2025-09-07,11,1200,1200,True,+,False,False,False,0.25,8,14,0.5714285714285714,0,0,0
EURO ROCKS,2025-08-27,2025-09-14,18,1200,1400,True,+,False,False,False,0.375,10,14,0.7142857142857143,0,0,0
LUCKY BLESSING,2025-08-27,2025-09-10,14,1200,1200,True,+,False,False,False,0.5,5,12,0.4166666666666667,0,0,1
ISLAND GOLDEN,2025-08-27,2025-09-14,18,1200,1400,True,+,False,False,False,0.625,13,14,0.9285714285714286,0,0,0
MAGIC COMBO,2025-08-27,2025-09-14,18,1200,1400,True,+,True,False,False,0.75,14,14,1.0,0,0,0
SEA CHARIOT,2025-08-27,2025-09-21,25,1200,1400,True,-,False,False,False,0.875,13,14,0.9285714285714286,0,0,0
FOREVER FOLKS,2025-08-27,2025-09-17,21,1200,1800,False,-,False,False,False,1.0,1,12,0.08333333333333333,1,1,1
SPEEDY SMARTIE,2025-08-27,2025-09-07,11,1050,1200,True,++,False,True,False,0.25,2,14,0.14285714285714285,0,1,1
HAPPY BOYS,2025-08-27,2025-09-10,14,1050,1000,True,++,True,False,False,0.5,8,12,0.6666666666666666,0,0,0
FALCON HUNTER,2025-08-27,2025-09-21,25,1050,1200,True,-,False,False,False,1.0,9,11,0.8181818181818182,0,0,0
SOLEIL FIGHTER,2025-08-29,2025-09-17,19,1200,1650,False,++,False,True,False,0.1111111111111111,3,12,0.25,0,1,1
INFINITE RESOLVE,2025-08-29,2025-09-07,9,1200,1200,True,+,False,False,False,0.2222222222222222,8,12,0.6666666666666666,0,0,0
REGAL GEM,2025-08-29,2025-09-10,12,1200,1200,True,++,True,False,False,0.3333333333333333,2,12,0.16666666666666666,0,1,1
CAPITAL DELIGHT,2025-08-29,2025-10-04,36,1200,1650,False,+,False,False,False,0.5555555555555556,6,12,0.5,0,0,1
TAJ DRAGON,2025-08-29,2025-09-07,9,1200,1400,True,+,True,False,False,0.6666666666666666,6,11,0.5454545454545454,0,0,0
YUEN LONG ELITE,2025-08-29,2025-09-28,30,1200,1600,False,0,False,False,False,0.7777777777777778,5,14,0.35714285714285715,0,0,1
TURIN MASCOT,2025-08-29,2025-09-21,23,1200,1650,False,-,False,False,False,0.8888888888888888,6,12,0.5,0,0,1
REFUSETOBEENGLISH,2025-08-29,2025-09-28,30,1200,1400,True,-,False,False,False,1.0,13,14,0.9285714285714286,0,0,0
GOOD LUCK BABE,2025-08-29,2025-09-10,12,1200,1650,False,++,False,True,False,0.1111111111111111,9,11,0.8181818181818182,0,0,0
ROMANTIC SON,2025-08-29,2025-09-17,19,1200,1000,True,+,False,False,False,0.2222222222222222,8,11,0.7272727272727273,0,0,0
FRIENDS OF SHAJING,2025-08-29,2025-09-17,19,1200,1000,True,+,False,False,False,0.3333333333333333,9,11,0.8181818181818182,0,0,0
CHILL KAKA,2025-08-29,2025-09-21,23,1200,1650,False,+,False,False,False,0.4444444444444444,10,12,0.8333333333333334,0,0,0
NEWBORN MIRACLE,2025-08-29,2025-09-07,9,1200,1200,True,0,False,False,False,0.5555555555555556,9,14,0.6428571428571429,0,0,0
FORERUNNER,2025-08-29,2025-09-14,16,1200,1400,True,+,True,False,False,0.6666666666666666,9,11,0.8181818181818182,0,0,0
PRINCE ALEX,2025-08-29,2025-09-10,12,1200,1650,False,-,False,False,False,0.8888888888888888,6,11,0.5454545454545454,0,0,0
MUST GO,2025-08-29,2025-09-07,9,1200,1400,True,-,False,False,False,1.0,10,11,0.9090909090909091,0,0,0
MIGHTY STEED,2025-08-29,2025-09-10,12,1200,1650,False,++,False,True,False,0.1111111111111111,2,11,0.18181818181818182,0,1,1
WINNING WING,2025-08-29,2025-09-28,30,1200,1600,False,+,False,False,False,0.2222222222222222,6,14,0.42857142857142855,0,0,1
CARRYON SMILING,2025-08-29,2025-09-07,9,1200,1400,True,+,False,False,False,0.3333333333333333,10,14,0.7142857142857143,0,0,0
WROTE A NEW PAGE,2025-08-29,2025-09-10,12,1200,1650,False,+,False,False,False,0.4444444444444444,1,11,0.09090909090909091,1,1,1
HARMONY GALAXY,2025-08-29,2025-09-10,12,1200,1650,False,+,False,False,False,0.5555555555555556,9,11,0.8181818181818182,0,0,0
CHARITY GAIN,2025-08-29,2025-10-15,47,1200,1800,False,+,False,False,False,0.6666666666666666,3,12,0.25,0,1,1
SEA EMERALD,2025-08-29,2025-09-14,16,1200,1200,True,-,False,False,False,0.7777777777777778,3,14,0.21428571428571427,0,1,1
CHAIN OF GOLD,2025-08-29,2025-09-10,12,1200,1650,False,+,False,False,False,0.8888888888888888,6,12,0.5,0,0,1
KING MILES,2025-08-29,2025-10-15,47,1200,1200,True,+,True,False,False,1.0,1,12,0.08333333333333333,1,1,1
HAYDAY,2025-08-29,2025-10-01,33,1200,1200,True,++,False,True,False,0.1,8,14,0.5714285714285714,0,0,0
INVINCIBLE IBIS,2025-08-29,2025-09-07,9,1200,1200,True,++,False,False,False,0.2,3,14,0.21428571428571427,0,1,1
MR ENERGIA,2025-08-29,2025-09-14,16,1200,1200,True,++,False,False,False,0.3,2,12,0.16666666666666666,0,1,1
SIGHT HAPPY,2025-08-29,2025-09-14,16,1200,1200,True,+,False,False,False,0.4,3,10,0.3,0,1,1
SUPER UNICORN,2025-08-29,2025-09-10,12,1200,1650,False,+,False,False,False,0.5,8,12,0.6666666666666666,0,0,0
SUPERB GUY,2025-08-29,2025-09-07,9,1200,1000,True,-,False,False,False,0.6,6,14,0.42857142857142855,0,0,1
FLYING WROTE,2025-08-29,2025-09-10,12,1200,1200,True,-,False,False,False,0.7,2,12,0.16666666666666666,0,1,1
GASTRONOMIQUE,2025-08-29,2025-10-01,33,1200,1200,True,0,False,False,False,0.8,6,14,0.42857142857142855,0,0,1
RAINBOW SEVEN,2025-08-29,2025-10-01,33,1200,1400,True,-,False,False,False,0.9,8,14,0.5714285714285714,0,0,0
SIMPLE HEDGE,2025-08-29,2025-09-14,16,1200,1400,True,-,False,False,False,1.0,7,11,0.6363636363636364,0,0,0
TOURBILLON GOLFER,2025-08-29,2025-09-14,16,1200,1200,True,++,False,True,False,0.1,4,14,0.2857142857142857,0,0,1
WINNING CHAMPION,2025-08-29,2025-09-21,23,1200,1200,True,+,False,False,False,0.2,2,11,0.18181818181818182,0,1,1
WIN METHOD,2025-08-29,2025-09-14,16,1200,1200,True,+,False,False,False,0.3,10,14,0.7142857142857143,0,0,0
KINGDOM OF RICHES,2025-08-29,2025-09-10,12,1200,1200,True,-,False,False,False,0.4,10,12,0.8333333333333334,0,0,0
FOREMOST TEDDY,2025-08-29,2025-09-10,12,1200,1650,False,++,True,False,False,0.5,8,9,0.8888888888888888,0,0,0
TURIN WARRIOR,2025-08-29,2025-10-22,54,1200,1650,False,+,False,False,False,0.6,6,12,0.5,0,0,1
JOYFUL TREASURE,2025-08-29,2025-09-28,30,1200,1400,True,+,False,False,False,0.7,14,14,1.0,0,0,0
RADIANT SWIFT,2025-08-29,2025-09-21,23,1200,1600,False,-,False,False,False,0.8,8,14,0.5714285714285714,0,0,0
THE PERFECT MATCH,2025-08-29,2025-09-17,19,1200,1200,True,+,True,False,False,1.0,2,13,0.15384615384615385,0,1,1
BUNTA BABY,2025-08-29,2025-09-14,16,1200,1200,True,++,False,True,False,0.1,8,14,0.5714285714285714,0,0,0
MOON ROCKET,2025-08-29,2025-09-10,12,1200,1000,True,++,False,False,False,0.2,3,12,0.25,0,1,1
THE CONCENTRATION,2025-08-29,2025-09-07,9,1200,1200,True,+,False,False,False,0.3,11,14,0.7857142857142857,0,0,0
STORM RUNNER,2025-08-29,2025-09-21,23,1200,1800,False,+,False,False,False,0.5,4,10,0.4,0,0,1
CHAMPION METHOD,2025-08-29,2025-09-17,19,1200,1200,True,-,False,False,False,0.6,12,12,1.0,0,0,0
HAPPY PARK,2025-08-29,2025-10-08,40,1200,1200,True,+,False,False,False,0.7,4,12,0.3333333333333333,0,0,1
PERFECT PAIRING,2025-08-29,2025-09-17,19,1200,1800,False,+,False,False,False,0.8,8,12,0.6666666666666666,0,0,0
CLUB ACE,2025-08-29,2025-09-14,16,1200,1200,True,+,False,False,False,1.0,13,14,0.9285714285714286,0,0,0
DRACO,2025-08-29,2025-09-07,9,1200,1600,False,++,False,True,False,0.1,5,14,0.35714285714285715,0,0,1
FAMILY FORTUNE,2025-08-29,2025-09-07,9,1200,1600,False,++,False,False,False,0.3,2,14,0.14285714285714285,0,1,1
EN PERFECTO,2025-08-29,2025-09-10,12,1200,1650,False,+,False,False,False,0.4,9,9,1.0,0,0,0
HARRY'S HERO,2025-08-29,2025-09-10,12,1200,1650,False,+,False,False,False,0.5,5,9,0.5555555555555556,0,0,0
FAIRY HORSE,2025-08-29,2025-09-07,9,1200,1200,True,0,False,False,False,0.6,6,14,0.42857142857142855,0,0,1
INNO CENTURY,2025-08-29,2025-10-08,40,1200,1200,True,0,False,False,False,0.7,8,12,0.6666666666666666,0,0,0
WAH MAY WAI WAI,2025-08-29,2025-09-10,12,1200,1650,False,0,False,False,False,0.8,3,9,0.3333333333333333,0,1,1
KA YING POWER,2025-08-29,2025-09-14,16,1200,1400,True,-,False,False,False,0.9,12,14,0.8571428571428571,0,0,0
MASSIVE FIRE,2025-08-29,2025-10-15,47,1200,1650,False,-,False,False,False,1.0,12,12,1.0,0,0,0
DRAGON FOUR SEAS,2025-08-29,2025-09-10,12,1050,1200,True,++,False,True,False,0.1,5,12,0.4166666666666667,0,0,1
HEALTHY HEALTHY,2025-08-29,2025-09-17,19,1050,1000,True,+,False,False,False,0.2,7,11,0.6363636363636364,0,0,0
LUCKY XANDER,2025-08-29,2025-10-15,47,1050,1200,True,++,False,False,False,0.3,10,12,0.8333333333333334,0,0,0
FASHION LEGEND,2025-08-29,2025-09-21,23,1050,1650,False,++,False,False,False,0.4,11,13,0.8461538461538461,0,0,0
BRILLIANT FIRE,2025-08-29,2025-09-07,9,1050,1200,True,+,False,False,False,0.5,7,14,0.5,0,0,1
THUNDER PRINCE,2025-08-29,2025-09-10,12,1050,1200,True,+,False,False,False,0.6,7,12,0.5833333333333334,0,0,0
IRON LEGION,2025-08-29,2025-09-14,16,1050,1200,True,-,False,False,False,0.7,9,14,0.6428571428571429,0,0,0
EVER SMART,2025-08-29,2025-09-10,12,1050,1200,True,+,False,False,False,0.8,9,12,0.75,0,0,0
THE BOOM BOX,2025-08-29,2025-10-04,36,1050,1200,True,+,False,False,False,0.9,6,13,0.46153846153846156,0,0,1
WINNING HEART,2025-08-29,2025-10-22,54,1050,1200,True,-,False,False,False,1.0,10,12,0.8333333333333334,0,0,0
AKASHVANI,2025-08-29,2025-09-07,9,1000,1200,True,++,False,True,False,0.1,2,12,0.16666666666666666,0,1,1
YOUTHFUL SPIRITS,2025-08-29,2025-09-17,19,1000,1000,True,++,False,False,False,0.2,2,11,0.18181818181818182,0,1,1
TIN FOOK,2025-08-29,2025-09-21,23,1000,1200,True,+,False,False,False,0.4,3,12,0.25,0,1,1
KAHOLO ANGEL,2025-08-29,2025-09-28,30,1000,1200,True,+,False,False,False,0.5,7,11,0.6363636363636364,0,0,0
YOUNG ACHIEVER,2025-08-29,2025-09-28,30,1000,1400,False,+,False,False,False,0.7,7,14,0.5,0,0,1
GOLDEN FORTUNE,2025-08-29,2025-10-15,47,1000,1200,True,-,False,False,False,0.8,8,12,0.6666666666666666,0,0,0
MONEY TYCOON,2025-08-29,2025-09-21,23,1000,1200,True,-,False,False,False,0.9,11,11,1.0,0,0,0
MASTER RESOLUTE,2025-08-29,2025-10-22,54,1000,1000,True,-,False,False,False,1.0,10,13,0.7692307692307693,0,0,0
MR DESIRA,2025-08-29,2025-09-28,30,1000,1000,True,++,False,True,False,0.1,2,14,0.14285714285714285,0,1,1
ALSONSO,2025-08-29,2025-09-14,16,1000,1000,True,++,False,False,False,0.2,3,11,0.2727272727272727,0,1,1
AEROVOLANIC,2025-08-29,2025-09-21,23,1000,1200,True,+,False,False,False,0.3,7,12,0.5833333333333334,0,0,0
ARGENTO OCEAN,2025-08-29,2025-09-14,16,1000,1200,True,+,False,False,False,0.4,7,14,0.5,0,0,1
PERIDOT,2025-08-29,2025-09-21,23,1000,1200,True,++,False,False,False,0.5,5,12,0.4166666666666667,0,0,1
MULTIDUTCH,2025-08-29,2025-09-17,19,1000,1200,True,-,False,False,False,0.6,11,12,0.9166666666666666,0,0,0
LITTLE MONSTER,2025-08-29,2025-09-28,30,1000,1000,True,0,False,False,False,0.8,4,14,0.2857142857142857,0,0,1
CRYSTAL POWERFUL,2025-08-29,2025-09-10,12,1000,1000,True,-,False,False,False,0.9,10,12,0.8333333333333334,0,0,0
HARMONY FIRE,2025-08-29,2025-09-10,12,1000,1000,True,++,False,True,False,0.1,1,12,0.08333333333333333,1,1,1
GLORY B,2025-08-29,2025-09-10,12,1000,1200,True,++,False,False,False,0.2,10,12,0.8333333333333334,0,0,0
RISING PHOENIX,2025-08-29,2025-09-07,9,1000,1000,True,+,False,False,False,0.3,2,14,0.14285714285714285,0,1,1
EXCEL WONGCHOY,2025-08-29,2025-09-21,23,1000,1650,False,++,True,False,False,0.4,10,13,0.7692307692307693,0,0,0
YOUNG STRIKER,2025-08-29,2025-09-07,9,1000,1200,True,+,False,False,False,0.5,12,14,0.8571428571428571,0,0,0
YEE CHEONG RAIDER,2025-08-29,2025-09-28,30,1000,1200,True,0,False,False,False,0.6,6,12,0.5,0,0,1
BIG STRIDE,2025-08-29,2025-09-14,16,1000,1400,False,-,False,False,False,0.7,9,11,0.8181818181818182,0,0,0
SKY SONG,2025-08-29,2025-09-17,19,1000,1200,True,+,False,False,False,0.8,5,13,0.38461538461538464,0,0,1
THE PRIME,2025-08-29,2025-09-17,19,1000,1000,True,-,False,False,False,0.9,10,12,0.8333333333333334,0,0,0
JUBILATION FOR ALL,2025-08-29,2025-10-01,33,1000,1200,True,-,False,False,False,1.0,11,14,0.7857142857142857,0,0,0
GOLDEN FAIRY,2025-08-29,2025-09-07,9,1600,1600,True,++,False,True,False,0.25,13,14,0.9285714285714286,0,0,0
BRAVEHEARTS,2025-08-29,2025-09-17,19,1600,1650,True,+,False,False,False,0.5,8,12,0.6666666666666666,0,0,0
SIGHT SUPREME,2025-08-29,2025-09-10,12,1600,1650,True,-,False,False,True,0.75,10,12,0.8333333333333334,0,0,0
TAKE ACTION,2025-08-29,2025-09-10,12,1600,1650,True,-,False,False,True,1.0,5,11,0.45454545454545453,0,0,1
WINGS OF WAR,2025-08-29,2025-09-17,19,1200,1000,True,++,True,True,False,0.1111111111111111,6,11,0.5454545454545454,0,0,0
CALL ME GLORIOUS,2025-08-29,2025-09-28,30,1200,1200,True,++,False,False,False,0.2222222222222222,11,11,1.0,0,0,0
PACKING HURRICANE,2025-08-29,2025-10-01,33,1200,1800,False,+,False,False,False,0.3333333333333333,9,14,0.6428571428571429,0,0,0
POWER KOEPP,2025-08-29,2025-09-10,12,1200,1200,True,+,False,False,False,0.4444444444444444,7,12,0.5833333333333334,0,0,0
SUNLIGHT POWER,2025-08-29,2025-09-28,30,1200,1400,True,+,True,False,False,0.5555555555555556,11,14,0.7857142857142857,0,0,0
MOTOR,2025-08-29,2025-09-21,23,1200,1200,True,-,False,False,False,0.6666666666666666,1,11,0.09090909090909091,1,1,1
LO RIDER,2025-08-29,2025-09-17,19,1200,1650,False,+,False,False,False,0.7777777777777778,1,12,0.08333333333333333,1,1,1
MICKLEY,2025-08-29,2025-09-07,9,1200,1400,True,-,False,False,False,0.8888888888888888,5,11,0.45454545454545453,0,0,1
LOVERO,2025-08-29,2025-10-22,54,1200,1650,False,-,False,False,False,1.0,11,11,1.0,0,0,0
OUTGATE,2025-08-29,2025-09-10,12,1200,1650,False,++,False,True,False,0.125,6,11,0.5454545454545454,0,0,0
YOUNG CHAMPION,2025-08-29,2025-09-07,9,1200,1400,True,+,False,False,False,0.25,7,11,0.6363636363636364,0,0,0
DRAGON AIR FORCE,2025-08-29,2025-09-14,16,1200,1200,True,+,False,False,False,0.375,5,12,0.4166666666666667,0,0,1
ORIENTAL SMOKE,2025-08-29,2025-09-07,9,1200,1400,True,+,False,False,True,0.5,12,14,0.8571428571428571,0,0,0
FLYING LUCK,2025-08-29,2025-09-28,30,1200,1600,False,+,False,False,False,0.625,8,14,0.5714285714285714,0,0,0
STAR GLOW,2025-08-29,2025-09-17,19,1200,1200,True,0,False,False,False,0.75,11,12,0.9166666666666666,0,0,0
GREY CHARGER,2025-08-29,2025-09-10,12,1200,1650,False,+,False,False,False,0.875,10,11,0.9090909090909091,0,0,0
MASTER CHAMPION,2025-08-29,2025-09-10,12,1200,1000,True,++,False,True,False,0.1,2,12,0.16666666666666666,0,1,1
FIGHTING MACHINE,2025-08-29,2025-09-07,9,1200,1400,True,+,False,False,False,0.2,14,14,1.0,0,0,0
SAMARKAND,2025-08-29,2025-09-10,12,1200,1650,False,+,False,False,True,0.3,11,11,1.0,0,0,0
TACTICAL COMMAND,2025-08-29,2025-10-04,36,1200,1200,True,++,True,False,False,0.4,10,13,0.7692307692307693,0,0,0
STAR SATYR,2025-08-29,2025-09-14,16,1200,1400,True,+,False,False,False,0.5,10,13,0.7692307692307693,0,0,0
THE GOLDEN KNIGHT,2025-08-29,2025-10-19,51,1200,1400,True,0,False,False,False,0.6,3,14,0.21428571428571427,0,1,1
ONE MAN SHOW,2025-08-29,2025-10-01,33,1200,1200,True,+,False,False,False,0.7,10,14,0.7142857142857143,0,0,0
RAGGA BOMB,2025-08-29,2025-09-14,16,1200,1400,True,+,False,False,False,0.8,8,11,0.7272727272727273,0,0,0
MEGA FORCE,2025-08-29,2025-09-21,23,1200,1650,False,-,False,False,False,0.9,12,13,0.9230769230769231,0,0,0
DR GOLDEN GENERAL,2025-08-29,2025-09-07,9,1200,1000,True,-,False,False,False,1.0,13,14,0.9285714285714286,0,0,0
LUCKY MAN,2025-08-29,2025-09-07,9,1200,1400,True,++,False,True,False,0.1,12,14,0.8571428571428571,0,0,0
FIREFOOT,2025-08-29,2025-09-10,12,1200,1650,False,+,False,False,False,0.2,7,12,0.5833333333333334,0,0,0
JUICY DRAGON,2025-08-29,2025-10-01,33,1200,1400,True,+,False,False,False,0.3,10,14,0.7142857142857143,0,0,0
VIVA GRACIOUSNESS,2025-08-29,2025-09-10,12,1200,1650,False,+,False,False,False,0.4,1,12,0.08333333333333333,1,1,1
POWER SUMMIT,2025-08-29,2025-09-17,19,1200,1200,True,+,False,False,False,0.5,9,12,0.75,0,0,0
MUGEN,2025-08-29,2025-10-26,58,1200,1200,True,+,False,False,False,0.6,10,14,0.7142857142857143,0,0,0
RUN RUN SMART,2025-08-29,2025-09-10,12,1200,1200,True,0,False,False,False,0.7,6,12,0.5,0,0,1
MISSION STRIKE,2025-08-29,2025-09-21,23,1200,1600,False,+,False,False,False,0.8,9,14,0.6428571428571429,0,0,0
FANTASTIC FUN,2025-08-29,2025-09-07,9,1200,1200,True,+,False,False,False,0.9,8,14,0.5714285714285714,0,0,0
RATTAN GALAXY,2025-08-29,2025-09-21,23,1200,1400,True,++,False,True,False,0.1,14,14,1.0,0,0,0
CELESTIAL HARMONY,2025-08-29,2025-09-10,12,1200,1650,False,+,False,False,False,0.2,7,11,0.6363636363636364,0,0,0
ORIENTAL SURPRISE,2025-08-29,2025-09-07,9,1200,1200,True,+,False,False,True,0.3,4,14,0.2857142857142857,0,0,1
GO GO GO,2025-08-29,2025-09-07,9,1200,1600,False,+,False,False,False,0.4,8,14,0.5714285714285714,0,0,0
BLUE BARON,2025-08-29,2025-09-14,16,1200,1200,True,+,False,False,False,0.5,12,14,0.8571428571428571,0,0,0
CERVIN,2025-08-29,2025-09-07,9,1200,1600,False,+,False,False,False,0.6,10,14,0.7142857142857143,0,0,0
GLORIOUS RYDER,2025-08-29,2025-09-10,12,1200,1650,False,-,False,False,False,0.7,8,11,0.7272727272727273,0,0,0
LUCKY KING,2025-08-29,2025-10-15,47,1200,1200,True,-,False,False,False,0.8,5,12,0.4166666666666667,0,0,1
RELIABLE PROFIT,2025-08-29,2025-10-04,36,1200,1650,False,+,True,False,False,0.9,3,14,0.21428571428571427,0,1,1
MAJESTIC DELIGHT,2025-08-29,2025-10-22,54,1200,1200,True,+,True,False,False,1.0,5,12,0.4166666666666667,0,0,1
DAN ATTACK,2025-08-29,2025-09-10,12,1200,1200,True,++,False,True,False,0.1,1,12,0.08333333333333333,1,1,1
ROSEWOOD FLEETFOOT,2025-08-29,2025-09-21,23,1200,1600,False,+,False,False,False,0.2,6,14,0.42857142857142855,0,0,1
SMART FAT CAT,2025-08-29,2025-10-19,51,1200,1400,True,+,False,False,False,0.3,9,14,0.6428571428571429,0,0,0
CASHISCASH,2025-08-29,2025-09-14,16,1200,1400,True,+,False,False,False,0.4,2,14,0.14285714285714285,0,1,1
APOLAR FIGHTER,2025-08-29,2025-09-07,9,1200,1600,False,++,False,False,False,0.5,4,14,0.2857142857142857,0,0,1
FLYING AKEED,2025-08-29,2025-09-07,9,1200,1200,True,+,False,False,False,0.6,10,14,0.7142857142857143,0,0,0
SUPER SICARIO,2025-08-29,2025-09-10,12,1200,1650,False,+,False,False,False,0.7,1,9,0.1111111111111111,1,1,1
COOL BLUE,2025-08-29,2025-09-10,12,1200,1650,False,+,False,False,False,0.8,4,9,0.4444444444444444,0,0,1
CASA RUBICK,2025-08-29,2025-09-07,9,1200,1400,True,-,False,False,False,0.9,14,14,1.0,0,0,0
SMASHING EXPRESS,2025-08-29,2025-09-07,9,1200,1600,False,-,False,False,False,1.0,9,14,0.6428571428571429,0,0,0
KA YING RISING,2025-08-30,2025-09-07,8,1000,1200,True,++,True,True,False,0.09090909090909091,1,12,0.08333333333333333,1,1,1
PATCH OF THETA,2025-08-30,2025-09-28,29,1000,1400,False,++,False,False,False,0.18181818181818182,6,14,0.42857142857142855,0,0,1
GORGEOUS WIN,2025-08-30,2025-09-07,8,1000,1200,True,++,False,False,False,0.2727272727272727,4,12,0.3333333333333333,0,0,1
STANLEY EXPRESS,2025-08-30,2025-09-21,22,1000,1200,True,-,False,False,False,0.36363636363636365,10,12,0.8333333333333334,0,0,0
SUPER LEGENDS,2025-08-30,2025-09-07,8,1000,1200,True,++,False,False,False,0.45454545454545453,7,12,0.5833333333333334,0,0,0
BLAZING WUKONG,2025-08-30,2025-09-28,29,1000,1400,False,+,False,False,False,0.5454545454545454,2,14,0.14285714285714285,0,1,1
EMBRACES,2025-08-30,2025-09-10,11,1000,1650,False,+,False,False,False,0.6363636363636364,4,11,0.36363636363636365,0,0,1
SOVEREIGN FUND,2025-08-30,2025-09-10,11,1000,1200,True,+,True,False,False,0.7272727272727273,11,12,0.9166666666666666,0,0,0
HOLMES A COURT,2025-08-30,2025-10-01,32,1000,1200,True,0,False,False,False,0.8181818181818182,13,14,0.9285714285714286,0,0,0
POPE CODY,2025-08-30,2025-09-07,8,1000,1400,False,-,False,False,False,0.9090909090909091,11,14,0.7857142857142857,0,0,0
ONE MORE,2025-08-30,2025-10-01,32,1000,1200,True,0,False,False,False,,7,14,0.5,0,0,1
WONDERSTAR,2025-08-30,2025-09-07,8,1000,1200,True,++,False,True,False,0.09090909090909091,4,12,0.3333333333333333,0,0,1
FAST NETWORK,2025-08-30,2025-09-07,8,1000,1400,False,+,False,False,False,0.18181818181818182,4,11,0.36363636363636365,0,0,1
LOVING VIBES,2025-08-30,2025-09-07,8,1000,1200,True,+,False,False,False,0.2727272727272727,10,14,0.7142857142857143,0,0,0
CALIFORNIA WAVES,2025-08-30,2025-09-14,15,1000,1400,False,+,False,False,False,0.36363636363636365,5,13,0.38461538461538464,0,0,1
FAST RESPONDER,2025-08-30,2025-09-14,15,1000,1000,True,+,False,False,False,0.45454545454545453,2,11,0.18181818181818182,0,1,1
STAR PERFORMER,2025-08-30,2025-09-07,8,1000,1000,True,-,False,False,False,0.5454545454545454,12,14,0.8571428571428571,0,0,0
THOUSAND SPIRIT,2025-08-30,2025-09-21,22,1000,1200,True,-,False,False,False,0.6363636363636364,6,12,0.5,0,0,1
WATCH THIS ONE,2025-08-30,2025-09-07,8,1000,1000,True,0,False,False,False,0.7272727272727273,4,14,0.2857142857142857,0,0,1
NEW FUTURE FOLKS,2025-08-30,2025-10-01,32,1000,1200,True,0,False,False,False,0.8181818181818182,3,14,0.21428571428571427,0,1,1
DANCING CLASSICS,2025-08-30,2025-10-01,32,1000,1200,True,+,True,False,False,0.9090909090909091,8,14,0.5714285714285714,0,0,0
SKY JOY,2025-08-30,2025-10-19,50,1000,1200,True,-,False,False,False,1.0,2,12,0.16666666666666666,0,1,1
TOP THRONE,2025-08-30,2025-09-28,29,1000,1000,True,++,False,True,False,0.09090909090909091,9,14,0.6428571428571429,0,0,0
AURORA PATCH,2025-08-30,2025-09-07,8,1000,1200,True,++,False,False,False,0.18181818181818182,2,14,0.14285714285714285,0,1,1
BULB GENERAL,2025-08-30,2025-09-07,8,1000,1200,True,++,False,False,False,0.2727272727272727,1,12,0.08333333333333333,1,1,1
KING OF FIGHTERS,2025-08-30,2025-09-10,11,1000,1200,True,+,False,False,False,0.36363636363636365,3,12,0.25,0,1,1
SMART AVENUE,2025-08-30,2025-10-19,50,1000,1400,False,++,False,False,False,0.45454545454545453,7,14,0.5,0,0,1
THRIVING BROTHERS,2025-08-30,2025-09-10,11,1000,1200,True,0,False,False,False,0.5454545454545454,4,12,0.3333333333333333,0,0,1
HAPPY ALLIANCE,2025-08-30,2025-10-12,43,1000,1200,True,-,False,False,False,0.6363636363636364,11,12,0.9166666666666666,0,0,0
OWNERS' SUNSHINE,2025-08-30,2025-09-07,8,1000,1000,True,-,False,False,False,0.7272727272727273,10,14,0.7142857142857143,0,0,0
FLASH STAR,2025-08-30,2025-09-07,8,1000,1000,True,-,False,False,False,0.8181818181818182,14,14,1.0,0,0,0
THE AUSPICIOUS,2025-08-30,2025-09-10,11,1000,1650,False,-,False,False,False,1.0,3,11,0.2727272727272727,0,1,1
LUCKY MCQUEEN,2025-08-30,2025-09-14,15,1000,1200,True,++,False,True,False,0.09090909090909091,11,14,0.7857142857142857,0,0,0
THE HEIR,2025-08-30,2025-09-07,8,1000,1400,False,+,False,False,False,0.2727272727272727,1,14,0.07142857142857142,1,1,1
IMPENDING LEGACY,2025-08-30,2025-10-15,46,1000,1200,True,++,True,False,False,0.36363636363636365,7,12,0.5833333333333334,0,0,0
KYRUS TREASURE,2025-08-30,2025-10-04,35,1000,1200,True,+,False,False,False,0.45454545454545453,10,14,0.7142857142857143,0,0,0
ROMANTIC PARTY,2025-08-30,2025-09-10,11,1000,1000,True,0,False,False,False,0.6363636363636364,12,12,1.0,0,0,0
ALL'S WELL,2025-08-30,2025-10-12,43,1000,1200,True,+,False,False,False,0.8181818181818182,3,12,0.25,0,1,1
PRIDE BELIEVER,2025-08-30,2025-10-01,32,1000,1200,True,-,False,False,False,0.9090909090909091,13,14,0.9285714285714286,0,0,0
PACKING PHOENIX,2025-08-30,2025-09-28,29,1000,1200,True,++,False,True,False,0.09090909090909091,1,12,0.08333333333333333,1,1,1
SNOWTHORN,2025-08-30,2025-09-17,18,1000,1200,True,+,False,False,False,0.18181818181818182,9,12,0.75,0,0,0
BEAUTY THUNDER,2025-08-30,2025-09-07,8,1000,1000,True,++,False,False,False,0.2727272727272727,5,14,0.35714285714285715,0,0,1
SEA SAPPHIRE,2025-08-30,2025-09-07,8,1000,1200,True,+,False,False,False,0.36363636363636365,12,14,0.8571428571428571,0,0,0
THOUSAND CUPS,2025-08-30,2025-09-10,11,1000,1000,True,-,False,False,False,0.45454545454545453,9,12,0.75,0,0,0
JUST FOLLOW ME,2025-08-30,2025-09-21,22,1000,1200,True,+,False,False,False,0.5454545454545454,7,11,0.6363636363636364,0,0,0
SMART TRIO,2025-08-30,2025-09-07,8,1000,1200,True,+,False,False,False,0.6363636363636364,11,14,0.7857142857142857,0,0,0
SMILING FALCON,2025-08-30,2025-10-04,35,1000,1400,False,+,True,False,False,0.7272727272727273,14,14,1.0,0,0,0
NO OTHER CHOICE,2025-08-30,2025-09-07,8,1000,1200,True,0,False,False,False,0.8181818181818182,13,14,0.9285714285714286,0,0,0
METAL KING,2025-08-30,2025-09-10,11,1000,1200,True,-,False,False,False,1.0,9,12,0.75,0,0,0
RUBY SAILING,2025-08-30,2025-09-07,8,1000,1000,True,++,False,True,False,0.08333333333333333,7,14,0.5,0,0,1
KA YING RESILIENCE,2025-08-30,2025-09-07,8,1000,1200,True,++,True,False,True,0.16666666666666666,4,14,0.2857142857142857,0,0,1
GROOVY FEELING,2025-08-30,2025-09-07,8,1000,1200,True,+,False,False,False,0.25,1,14,0.07142857142857142,1,1,1
MANYTHANKS FOREVER,2025-08-30,2025-09-07,8,1000,1200,True,+,False,False,False,0.3333333333333333,12,14,0.8571428571428571,0,0,0
HE WAS ME,2025-08-30,2025-09-14,15,1000,1400,False,-,False,False,False,0.4166666666666667,8,14,0.5714285714285714,0,0,0
LUCKY GENERATIONS,2025-08-30,2025-09-10,11,1000,1200,True,++,True,False,False,0.5,6,12,0.5,0,0,1
ONLY U,2025-08-30,2025-09-14,15,1000,1400,False,+,False,False,False,0.6666666666666666,3,14,0.21428571428571427,0,1,1
RAGNARR,2025-08-30,2025-09-10,11,1000,1200,True,+,False,False,False,0.75,3,12,0.25,0,1,1
KING ALLOY,2025-08-30,2025-09-14,15,1000,1200,True,-,False,False,False,0.8333333333333334,2,14,0.14285714285714285,0,1,1
RUNJEET,2025-08-30,2025-10-15,46,1000,1200,True,-,False,False,False,0.9166666666666666,10,12,0.8333333333333334,0,0,0
BINGO BABE,2025-08-30,2025-09-07,8,1000,1200,True,+,False,False,False,1.0,14,14,1.0,0,0,0
SIX PACK,2025-09-01,2025-10-01,30,1000,1200,True,++,False,True,False,0.1111111111111111,4,14,0.2857142857142857,0,0,1
KING VICTOR,2025-09-01,2025-10-22,51,1000,1000,True,+,False,False,False,0.2222222222222222,8,13,0.6153846153846154,0,0,0
NYX GLUCK,2025-09-01,2025-10-01,30,1000,1200,True,+,False,False,False,0.3333333333333333,12,14,0.8571428571428571,0,0,0
SUNNY DARLING,2025-09-01,2025-09-07,6,1000,1200,True,++,True,False,False,0.4444444444444444,8,14,0.5714285714285714,0,0,0
GALE SAGA,2025-09-01,2025-09-07,6,1000,1400,False,+,False,False,True,0.5555555555555556,2,14,0.14285714285714285,0,1,1
CHINA WIN,2025-09-01,2025-09-07,6,1000,1200,True,-,False,False,False,0.6666666666666666,7,14,0.5,0,0,1
HAPPY ACTION,2025-09-01,2025-09-07,6,1000,1000,True,-,False,False,False,0.7777777777777778,9,14,0.6428571428571429,0,0,0
YOUNG EMPEROR,2025-09-01,2025-10-08,37,1000,1200,True,-,False,False,False,0.8888888888888888,11,12,0.9166666666666666,0,0,0
SUPER CHARIZZARD,2025-09-01,2025-09-10,9,1000,1200,True,-,False,False,False,1.0,10,12,0.8333333333333334,0,0,0
SILVER SPURS,2025-09-01,2025-09-17,16,1000,1000,True,++,False,True,False,0.125,1,12,0.08333333333333333,1,1,1
YODA'S CHOICE,2025-09-01,2025-09-07,6,1000,1200,True,+,False,False,False,0.25,13,14,0.9285714285714286,0,0,0
GOOD FORTUNE,2025-09-01,2025-09-07,6,1000,1200,True,++,False,False,True,0.375,4,14,0.2857142857142857,0,0,1
STRATHPEFFER,2025-09-01,2025-09-14,13,1000,1400,False,+,True,False,False,0.625,5,11,0.45454545454545453,0,0,1
GALLANT REX,2025-09-01,2025-09-10,9,1000,1000,True,0,False,False,False,0.75,11,12,0.9166666666666666,0,0,0
MASTER PHOENIX,2025-09-01,2025-10-01,30,1000,1200,True,-,False,False,False,0.875,9,14,0.6428571428571429,0,0,0
SUPER GOLDENDRAGON,2025-09-01,2025-10-19,48,1000,1800,False,-,False,False,False,1.0,11,14,0.7857142857142857,0,0,0
MOMENTS IN TIME,2025-09-01,2025-09-28,27,1200,1400,True,++,False,True,False,0.16666666666666666,9,14,0.6428571428571429,0,0,0
LIGHT YEARS CHARM,2025-09-01,2025-09-28,27,1200,1400,True,++,False,False,False,0.3333333333333333,7,14,0.5,0,0,1
FLYING KNIGHT,2025-09-01,2025-09-21,20,1200,1200,True,+,False,False,False,0.5,7,12,0.5833333333333334,0,0,0
JOY OF SPRING,2025-09-01,2025-09-14,13,1200,1400,True,+,False,False,False,0.6666666666666666,3,13,0.23076923076923078,0,1,1
PACKING BOLE,2025-09-01,2025-09-14,13,1200,1200,True,-,False,False,False,1.0,1,12,0.08333333333333333,1,1,1
SHANGHAI STYLE,2025-09-01,2025-09-10,9,1200,1650,False,++,False,True,False,0.16666666666666666,10,11,0.9090909090909091,0,0,0
MASTER TRILLION,2025-09-01,2025-09-28,27,1200,1600,False,+,False,False,False,0.3333333333333333,2,14,0.14285714285714285,0,1,1
KING PROFIT,2025-09-01,2025-10-04,33,1200,1200,True,++,False,False,False,0.5,4,14,0.2857142857142857,0,0,1
KEEN MOLLY,2025-09-01,2025-09-14,13,1200,1400,True,0,False,False,False,0.6666666666666666,4,13,0.3076923076923077,0,0,1
FAMILY KNIGHT,2025-09-01,2025-09-28,27,1200,1400,True,-,False,False,False,0.8333333333333334,14,14,1.0,0,0,0
BLING BLING GENIUS,2025-09-01,2025-09-21,20,1200,1400,True,++,False,True,False,0.125,3,14,0.21428571428571427,0,1,1
CONSPIRACY WITNESS,2025-09-01,2025-09-14,13,1200,1200,True,+,False,False,False,0.25,9,14,0.6428571428571429,0,0,0
SUGAR BALL,2025-09-01,2025-09-14,13,1200,1400,True,+,False,False,False,0.375,1,11,0.09090909090909091,1,1,1
LEGENDARY IMPACT,2025-09-01,2025-09-14,13,1200,1200,True,+,False,False,False,0.5,12,14,0.8571428571428571,0,0,0
WE CAN PARTY,2025-09-01,2025-09-28,27,1200,1400,True,+,False,False,False,0.625,9,14,0.6428571428571429,0,0,0
MR ALADDIN,2025-09-01,2025-09-07,6,1200,1600,False,+,False,False,True,0.875,3,14,0.21428571428571427,0,1,1
YOUNG FIGHTER,2025-09-01,2025-09-21,20,1200,1200,True,-,False,False,False,1.0,8,11,0.7272727272727273,0,0,0
DECRELOT,2025-09-01,2025-09-14,13,1200,1400,True,++,False,True,False,0.14285714285714285,10,14,0.7142857142857143,0,0,0
RUN YES RUN,2025-09-01,2025-09-10,9,1200,1200,True,+,False,False,False,0.2857142857142857,12,12,1.0,0,0,0
HAKKA RADIANCE,2025-09-01,2025-09-07,6,1200,1600,False,+,False,False,False,0.42857142857142855,11,14,0.7857142857142857,0,0,0
SOARING BRONCO,2025-09-01,2025-09-10,9,1200,1650,False,0,False,False,False,0.5714285714285714,11,11,1.0,0,0,0
BRAVE OF FRIENDS,2025-09-01,2025-09-14,13,1200,1400,True,0,False,False,False,0.7142857142857143,4,14,0.2857142857142857,0,0,1
CIRCUIT FIERY,2025-09-01,2025-09-14,13,1200,1400,True,-,False,False,False,0.8571428571428571,2,14,0.14285714285714285,0,1,1
SOMELOVEFROMABOVE,2025-09-01,2025-09-28,27,1200,1400,True,+,True,False,False,1.0,10,14,0.7142857142857143,0,0,0
MY WISH,2025-09-02,2025-09-28,26,1200,1400,True,++,False,True,False,0.125,1,14,0.07142857142857142,1,1,1
STORMING DRAGON,2025-09-02,2025-09-10,8,1200,1200,True,+,False,False,True,0.25,1,12,0.08333333333333333,1,1,1
WINNING GOLD,2025-09-02,2025-09-14,12,1200,1400,True,+,False,False,False,0.375,2,13,0.15384615384615385,0,1,1
MASK RIDER,2025-09-02,2025-09-14,12,1200,1200,True,+,False,False,False,0.5,9,12,0.75,0,0,0
GIANT LEAP,2025-09-02,2025-09-10,8,1200,1200,True,+,False,False,False,0.625,12,12,1.0,0,0,0
I CAN,2025-09-02,2025-09-10,8,1200,1650,False,+,False,False,True,0.75,3,11,0.2727272727272727,0,1,1
CAMBRIDGE,2025-09-02,2025-10-04,32,1200,1800,False,-,False,False,False,0.875,9,14,0.6428571428571429,0,0,0
STEPS AHEAD,2025-09-02,2025-09-17,15,1200,1650,False,+,True,False,False,1.0,4,12,0.3333333333333333,0,0,1
URANUS STAR,2025-09-02,2025-10-12,40,1200,1400,True,++,False,True,False,0.125,8,14,0.5714285714285714,0,0,0
SUPERB KID,2025-09-02,2025-09-14,12,1200,1400,True,++,True,False,False,0.25,11,13,0.8461538461538461,0,0,0
SURE JOYFUL,2025-09-02,2025-09-17,15,1200,1650,False,+,False,False,False,0.375,8,9,0.8888888888888888,0,0,0
SPICY SPANGLE,2025-09-02,2025-09-17,15,1200,1200,True,+,False,False,False,0.5,7,13,0.5384615384615384,0,0,0
PRESTIGE RICKY,2025-09-02,2025-09-14,12,1200,1400,True,0,False,False,False,0.625,7,13,0.5384615384615384,0,0,0
SUGAR SUGAR,2025-09-02,2025-09-14,12,1200,1000,True,+,False,False,False,0.875,7,11,0.6363636363636364,0,0,0
AMAZING RUN,2025-09-02,2025-09-10,8,1200,1650,False,++,False,True,True,0.125,12,12,1.0,0,0,0
YOUNG BRILLIANT,2025-09-02,2025-09-21,19,1200,1650,False,++,False,False,False,0.25,11,12,0.9166666666666666,0,0,0
MASTER OF ALL,2025-09-02,2025-09-14,12,1200,1400,True,+,False,False,False,0.375,1,13,0.07692307692307693,1,1,1
NOBLE PURSUIT,2025-09-02,2025-09-10,8,1200,1650,False,++,False,False,False,0.5,7,11,0.6363636363636364,0,0,0
VICTOR THE RAPID,2025-09-02,2025-09-10,8,1200,1200,True,+,True,False,False,0.625,6,12,0.5,0,0,1
TELECOM POWER,2025-09-02,2025-09-17,15,1200,1200,True,+,True,False,False,0.75,3,12,0.25,0,1,1
FIVEFORTWO,2025-09-02,2025-09-21,19,1200,1200,True,+,True,False,False,0.875,12,12,1.0,0,0,0
COPARTNER FLEET,2025-09-02,2025-09-28,26,1200,1400,True,+,True,False,False,1.0,5,14,0.35714285714285715,0,0,1
FUN N FUN TOGETHER,2025-09-02,2025-09-28,26,1200,1200,True,++,False,True,False,0.1111111111111111,1,12,0.08333333333333333,1,1,1
GIMME FIVE,2025-09-02,2025-09-14,12,1200,1200,True,++,False,False,False,0.2222222222222222,8,10,0.8,0,0,0
LUCK IS BACK,2025-09-02,2025-09-21,19,1200,1600,False,+,False,False,False,0.3333333333333333,12,14,0.8571428571428571,0,0,0
QUANTUM PATCH,2025-09-02,2025-09-10,8,1200,1650,False,+,False,False,True,0.4444444444444444,2,12,0.16666666666666666,0,1,1
GENIUS BABY,2025-09-02,2025-09-17,15,1200,1200,True,+,True,False,False,0.5555555555555556,10,13,0.7692307692307693,0,0,0
CHARMING STEED,2025-09-02,2025-09-21,19,1200,1650,False,0,False,False,False,0.6666666666666666,6,13,0.46153846153846156,0,0,1
HAILTOTHEVICTORS,2025-09-02,2025-09-10,8,1200,1650,False,0,False,False,True,0.7777777777777778,11,12,0.9166666666666666,0,0,0
THE REVOLUTION,2025-09-02,2025-09-28,26,1200,1200,True,+,True,False,False,0.8888888888888888,12,12,1.0,0,0,0
HANDSOME BOMB,2025-09-02,2025-10-01,29,1200,1200,True,-,False,False,False,1.0,13,14,0.9285714285714286,0,0,0
BETTER AND BETTER,2025-09-02,2025-09-14,12,1200,1400,True,++,True,True,False,0.1111111111111111,5,11,0.45454545454545453,0,0,1
VIEW ALL THINGS,2025-09-02,2025-09-14,12,1200,1200,True,+,False,False,False,0.2222222222222222,4,10,0.4,0,0,1
VON BAER,2025-09-02,2025-09-14,12,1200,1200,True,++,False,False,False,0.3333333333333333,2,14,0.14285714285714285,0,1,1
EMBLAZON,2025-09-02,2025-09-21,19,1200,1200,True,+,False,False,False,0.4444444444444444,1,12,0.08333333333333333,1,1,1
ENJOY GOLF,2025-09-02,2025-09-14,12,1200,1400,True,+,False,False,False,0.5555555555555556,11,11,1.0,0,0,0
DOUBLE WIN,2025-09-02,2025-10-01,29,1200,1800,False,0,False,False,False,0.6666666666666666,3,14,0.21428571428571427,0,1,1
TO INFINITY,2025-09-02,2025-09-10,8,1200,1650,False,+,False,False,True,0.7777777777777778,1,11,0.09090909090909091,1,1,1
SETANTA,2025-09-02,2025-09-10,8,1200,1650,False,-,False,False,False,0.8888888888888888,4,11,0.36363636363636365,0,0,1
GO GENERAL,2025-09-02,2025-09-14,12,1200,1200,True,-,False,False,False,1.0,14,14,1.0,0,0,0
HANDSOME BLOND,2025-09-02,2025-09-14,12,1200,1200,True,++,False,True,False,0.1111111111111111,7,10,0.7,0,0,0
VERBIER,2025-09-02,2025-09-14,12,1200,1400,True,++,False,False,False,0.2222222222222222,13,14,0.9285714285714286,0,0,0
JOLLY JUMPER,2025-09-02,2025-09-28,26,1200,1400,True,+,False,False,False,0.3333333333333333,13,14,0.9285714285714286,0,0,0
LUCKY SAM GOR,2025-09-02,2025-09-10,8,1200,1200,True,+,False,False,False,0.4444444444444444,3,12,0.25,0,1,1
EVERYONE'S CLASSIC,2025-09-02,2025-09-14,12,1200,1400,True,0,False,False,False,0.5555555555555556,11,14,0.7857142857142857,0,0,0
MY FLYING ANGEL,2025-09-02,2025-09-14,12,1200,1400,True,+,False,False,False,0.6666666666666666,1,14,0.07142857142857142,1,1,1
WINDICATOR FAMILY,2025-09-02,2025-09-14,12,1200,1400,True,0,False,False,False,0.7777777777777778,3,14,0.21428571428571427,0,1,1
FORTUNE STAR,2025-09-02,2025-10-08,36,1200,1650,False,+,True,False,False,0.8888888888888888,2,12,0.16666666666666666,0,1,1
LAPRAS,2025-09-02,2025-09-14,12,1200,1400,True,-,False,False,False,1.0,11,14,0.7857142857142857,0,0,0
TOMODACHI KOKOROE,2025-09-02,2025-09-28,26,1050,1200,True,++,False,True,False,0.14285714285714285,1,11,0.09090909090909091,1,1,1
METRO POWER,2025-09-02,2025-09-14,12,1050,1000,True,++,False,False,False,0.2857142857142857,1,11,0.09090909090909091,1,1,1
STAR RISE,2025-09-02,2025-09-28,26,1050,1200,True,++,True,False,False,0.42857142857142855,2,12,0.16666666666666666,0,1,1
LIGHTNESS OF MUSIC,2025-09-02,2025-09-14,12,1050,1000,True,0,False,False,False,0.5714285714285714,8,11,0.7272727272727273,0,0,0
MONARCH COUNTY,2025-09-02,2025-09-10,8,1050,1200,True,+,False,False,False,0.7142857142857143,9,12,0.75,0,0,0
MOTOMAN,2025-09-02,2025-09-10,8,1050,1200,True,-,False,False,True,0.8571428571428571,11,12,0.9166666666666666,0,0,0
SERGEANT PEPPER,2025-09-02,2025-09-10,8,1050,1000,True,++,False,True,False,0.125,5,12,0.4166666666666667,0,0,1
BEAUTY FORMULA,2025-09-02,2025-09-14,12,1050,1200,True,+,False,False,False,0.25,10,10,1.0,0,0,0
PLENTIFUL,2025-09-02,2025-09-10,8,1050,1000,True,++,True,False,True,0.375,7,12,0.5833333333333334,0,0,0
LAHORE,2025-09-02,2025-09-28,26,1050,1000,True,++,False,False,False,0.5,3,14,0.21428571428571427,0,1,1
COLONEL,2025-09-02,2025-09-07,5,1050,1200,True,0,False,False,True,0.625,13,14,0.9285714285714286,0,0,0
SKY PHOENIX,2025-09-02,2025-10-19,47,1050,1000,True,0,False,False,False,0.75,13,14,0.9285714285714286,0,0,0
ABSOLUTE LUCKY,2025-09-02,2025-09-28,26,1050,1000,True,+,True,False,False,0.875,11,14,0.7857142857142857,0,0,0
ZOUPER FELLOW,2025-09-02,2025-10-22,50,1050,1000,True,-,False,False,False,1.0,11,13,0.8461538461538461,0,0,0
MIGHTY COMMANDER,2025-09-03,2025-09-17,14,1200,1200,True,++,False,True,False,0.1111111111111111,1,12,0.08333333333333333,1,1,1
TALENTS AMBITION,2025-09-03,2025-10-04,31,1200,1650,False,+,False,False,False,0.2222222222222222,2,12,0.16666666666666666,0,1,1
ALL ROUND WINNER,2025-09-03,2025-09-21,18,1200,1400,True,++,False,False,False,0.3333333333333333,12,14,0.8571428571428571,0,0,0
ANOTHER ZONDA,2025-09-03,2025-09-17,14,1200,1650,False,+,True,False,False,0.5555555555555556,3,9,0.3333333333333333,0,1,1
CANDLELIGHT DINNER,2025-09-03,2025-09-17,14,1200,1000,True,0,False,False,False,0.6666666666666666,4,11,0.36363636363636365,0,0,1
FORTUNE BOY,2025-09-03,2025-09-28,25,1200,1600,False,+,True,False,False,0.7777777777777778,4,14,0.2857142857142857,0,0,1
AUDACIOUS PURSUIT,2025-09-03,2025-10-04,31,1200,1400,True,-,False,False,False,0.8888888888888888,3,14,0.21428571428571427,0,1,1
VOYAGE BOSS,2025-09-03,2025-10-12,39,1200,1200,True,-,False,False,False,1.0,4,12,0.3333333333333333,0,0,1
HONEST WITNESS,2025-09-03,2025-09-17,14,1200,1200,True,++,True,True,False,0.1111111111111111,8,12,0.6666666666666666,0,0,0
VULCANUS,2025-09-03,2025-09-17,14,1200,1200,True,+,False,False,False,0.2222222222222222,6,13,0.46153846153846156,0,0,1
STAR BROSE,2025-09-03,2025-09-21,18,1200,1600,False,+,False,False,False,0.3333333333333333,13,14,0.9285714285714286,0,0,0
FORTUNE KINGO,2025-09-03,2025-10-04,31,1200,1200,True,+,False,False,False,0.4444444444444444,14,14,1.0,0,0,0
MEGA BONUS,2025-09-03,2025-09-17,14,1200,1200,True,0,False,False,False,0.5555555555555556,12,12,1.0,0,0,0
GLORIASTAR,2025-09-03,2025-10-12,39,1200,1400,True,+,False,False,False,0.6666666666666666,7,15,0.4666666666666667,0,0,1
SUGAR QUEEN PRAWN,2025-09-03,2025-10-01,28,1200,1200,True,-,False,False,False,0.7777777777777778,10,14,0.7142857142857143,0,0,0
NORTHERN BEAST,2025-09-03,2025-09-10,7,1200,1650,False,+,False,False,True,0.8888888888888888,5,12,0.4166666666666667,0,0,1
TALENTS SUPREMO,2025-09-03,2025-09-10,7,1200,1200,True,-,False,False,False,1.0,2,12,0.16666666666666666,0,1,1
SOLID SHALAA,2025-09-04,2025-09-14,10,1200,1200,True,++,False,True,True,0.16666666666666666,7,12,0.5833333333333334,0,0,0
SYMBOL OF STRENGTH,2025-09-04,2025-10-12,38,1200,1200,True,+,False,False,False,0.3333333333333333,12,12,1.0,0,0,0
MOJAVE DESERT,2025-09-04,2025-09-14,10,1200,1200,True,++,False,False,True,0.5,3,12,0.25,0,1,1
EXCELLENCE VALUE,2025-09-04,2025-09-17,13,1200,1650,False,+,False,False,False,0.6666666666666666,5,9,0.5555555555555556,0,0,0
STAR CONTACT,2025-09-04,2025-09-17,13,1200,1650,False,-,False,False,True,0.8333333333333334,2,9,0.2222222222222222,0,1,1
LA CITY BLANCHE,2025-09-04,2025-09-17,13,1200,1650,False,-,False,False,False,1.0,11,12,0.9166666666666666,0,0,0
BEAUTY GLORY,2025-09-04,2025-09-21,17,1200,1400,True,++,False,True,False,0.14285714285714285,5,14,0.35714285714285715,0,0,1
SHINYU KOKOROE,2025-09-04,2025-09-14,10,1200,1000,True,++,False,False,True,0.2857142857142857,9,11,0.8181818181818182,0,0,0
TEAM HAPPY,2025-09-04,2025-09-14,10,1200,1400,True,+,False,False,True,0.42857142857142855,5,14,0.35714285714285715,0,0,1
PATCH OF TIME,2025-09-04,2025-09-14,10,1200,1200,True,0,False,False,False,0.5714285714285714,10,14,0.7142857142857143,0,0,0
MAX QUE,2025-09-04,2025-09-14,10,1200,1400,True,-,False,False,False,0.7142857142857143,1,11,0.09090909090909091,1,1,1
SUPREME MASTERMIND,2025-09-04,2025-09-14,10,1200,1400,True,-,False,False,False,0.8571428571428571,9,13,0.6923076923076923,0,0,0
TALENTS TRUMP,2025-09-04,2025-10-30,56,1200,1650,False,-,False,False,False,1.0,14,14,1.0,0,0,0
YOUTH POWER,2025-09-04,2025-09-10,6,1200,1650,False,++,False,True,True,0.14285714285714285,3,12,0.25,0,1,1
PRECISION GOAL,2025-09-04,2025-09-21,17,1200,1650,False,++,False,False,False,0.2857142857142857,1,13,0.07692307692307693,1,1,1
RAINBOW WARRIOR,2025-09-04,2025-10-12,38,1200,1200,True,-,False,False,False,0.42857142857142855,11,12,0.9166666666666666,0,0,0
DECISION LINK,2025-09-04,2025-09-14,10,1200,1200,True,+,False,False,False,0.5714285714285714,3,14,0.21428571428571427,0,1,1
AMAZING GAZE,2025-09-04,2025-10-08,34,1200,1650,False,0,False,False,False,0.7142857142857143,2,12,0.16666666666666666,0,1,1
KINGLY DEMEANOR,2025-09-04,2025-09-17,13,1200,1800,False,-,False,False,False,0.8571428571428571,11,12,0.9166666666666666,0,0,0
ROMAN CROWN,2025-09-04,2025-09-14,10,1200,1400,True,-,False,False,False,1.0,4,11,0.36363636363636365,0,0,1
VIVA CHALEUR,2025-09-04,2025-10-04,30,1200,1650,False,++,False,True,False,0.14285714285714285,3,13,0.23076923076923078,0,1,1
SAME TO YOU,2025-09-04,2025-09-14,10,1200,1200,True,+,False,False,False,0.2857142857142857,1,14,0.07142857142857142,1,1,1
HE WAS YOU,2025-09-04,2025-10-12,38,1200,1200,True,+,False,False,False,0.42857142857142855,1,12,0.08333333333333333,1,1,1
ON THE LASH,2025-09-04,2025-10-26,52,1200,1800,False,0,False,False,True,0.5714285714285714,1,13,0.07692307692307693,1,1,1
DASHING DRAGON,2025-09-04,2025-09-14,10,1200,1400,True,+,False,False,False,0.7142857142857143,7,11,0.6363636363636364,0,0,0
GANGNAM STAR,2025-09-04,2025-09-14,10,1200,1400,True,-,False,False,True,0.8571428571428571,5,14,0.35714285714285715,0,0,1
SPLENDID FORCE,2025-09-04,2025-10-12,38,1200,1600,False,-,False,False,False,1.0,11,14,0.7857142857142857,0,0,0
SUPERB CAPITALIST,2025-09-04,2025-09-17,13,1050,1000,True,++,False,True,False,0.2,1,11,0.09090909090909091,1,1,1
DOUBLE SHOW,2025-09-04,2025-10-01,27,1050,1200,True,++,False,False,False,0.4,12,15,0.8,0,0,0
ACE CHAMPION,2025-09-04,2025-10-26,52,1050,1000,True,-,False,False,False,0.6,13,14,0.9285714285714286,0,0,0
CAMP LAND,2025-09-04,2025-09-14,10,1050,1200,True,-,False,False,False,0.8,12,12,1.0,0,0,0
WARRIORS DREAM,2025-09-04,2025-10-01,27,1050,1200,True,-,False,False,False,1.0,10,14,0.7142857142857143,0,0,0
SOLEIL FIGHTER,2025-09-05,2025-09-17,12,1200,1650,False,++,False,True,False,0.125,3,12,0.25,0,1,1
ENCOUNTERED,2025-09-05,2025-09-17,12,1200,1650,False,++,True,False,False,0.25,2,12,0.16666666666666666,0,1,1
KEEFY,2025-09-05,2025-09-17,12,1200,1650,False,+,False,False,False,0.375,7,12,0.5833333333333334,0,0,0
CALIFORNIATOTALITY,2025-09-05,2025-09-17,12,1200,1650,False,+,False,False,False,0.5,6,12,0.5,0,0,1
JUMBO LEGEND,2025-09-05,2025-09-17,12,1200,1650,False,+,False,False,False,0.625,5,12,0.4166666666666667,0,0,1
WOODFIRE BRO,2025-09-05,2025-09-17,12,1200,1650,False,0,False,False,False,0.75,12,12,1.0,0,0,0
HONG LOK GOLF,2025-09-05,2025-10-01,26,1200,1400,True,-,False,False,False,0.875,3,10,0.3,0,1,1
BRAVE STAR,2025-09-05,2025-09-28,23,1200,1200,True,-,False,False,False,1.0,9,11,0.8181818181818182,0,0,0
ONE MORE,2025-09-05,2025-10-01,26,1200,1200,True,++,False,True,True,0.125,7,14,0.5,0,0,1
SNOWFIELD,2025-09-05,2025-09-14,9,1200,1400,True,+,False,False,True,0.25,12,13,0.9230769230769231,0,0,0
AEROINVINCIBLE,2025-09-05,2025-09-14,9,1200,1400,True,+,False,False,True,0.375,2,11,0.18181818181818182,0,1,1
TOP TIME,2025-09-05,2025-09-14,9,1200,1400,True,+,False,False,True,0.5,2,11,0.18181818181818182,0,1,1
ROMANTIC LAOS,2025-09-05,2025-09-17,12,1200,1650,False,-,False,False,False,0.625,4,9,0.4444444444444444,0,0,1
GENTLEMEN LEGACY,2025-09-05,2025-10-04,29,1200,1800,False,+,False,False,False,0.75,2,14,0.14285714285714285,0,1,1
PRESTIGE ALWAYS,2025-09-05,2025-10-01,26,1200,1200,True,+,True,False,False,0.875,8,14,0.5714285714285714,0,0,0
THE LION KING,2025-09-05,2025-09-14,9,1200,1400,True,-,False,False,False,1.0,6,13,0.46153846153846156,0,0,1
BEAUTY BOLT,2025-09-05,2025-09-28,23,1200,1600,False,++,False,True,False,0.1111111111111111,3,14,0.21428571428571427,0,1,1
TAI VICTORY,2025-09-05,2025-09-14,9,1200,1200,True,++,False,False,False,0.2222222222222222,9,10,0.9,0,0,0
CALIFORNIA BANNER,2025-09-05,2025-09-28,23,1200,1200,True,++,False,False,False,0.3333333333333333,10,12,0.8333333333333334,0,0,0
INCREDIBLE MOMENT,2025-09-05,2025-10-01,26,1200,1200,True,+,False,False,False,0.4444444444444444,4,14,0.2857142857142857,0,0,1
KNOW AT HEART,2025-09-05,2025-09-17,12,1200,1200,True,+,False,False,False,0.5555555555555556,4,12,0.3333333333333333,0,0,1
MIGHTY STRENGTH,2025-09-05,2025-10-04,29,1200,1800,False,0,False,False,False,0.6666666666666666,1,14,0.07142857142857142,1,1,1
OUR LUCKY GLORY,2025-09-05,2025-09-17,12,1200,1200,True,+,False,False,False,0.7777777777777778,9,13,0.6923076923076923,0,0,0
AMAZING AWARD,2025-09-05,2025-10-08,33,1200,1650,False,+,True,False,False,0.8888888888888888,12,12,1.0,0,0,0
SUPER PACE,2025-09-05,2025-09-14,9,1200,1200,True,-,False,False,False,1.0,13,14,0.9285714285714286,0,0,0
TOP DRAGON,2025-09-05,2025-10-01,26,1200,1400,True,++,False,True,False,0.1111111111111111,3,14,0.21428571428571427,0,1,1
JUBILANT WINNER,2025-09-05,2025-09-14,9,1200,1200,True,+,False,False,True,0.2222222222222222,1,14,0.07142857142857142,1,1,1
BRIGHT DAY,2025-09-05,2025-09-21,16,1200,1200,True,++,False,False,False,0.3333333333333333,2,12,0.16666666666666666,0,1,1
DAILY TROPHY,2025-09-05,2025-09-14,9,1200,1200,True,++,False,False,False,0.4444444444444444,2,10,0.2,0,1,1
CALIFORNIA BLITZ,2025-09-05,2025-09-17,12,1200,1200,True,-,False,False,False,0.5555555555555556,2,12,0.16666666666666666,0,1,1
POSITIVE SMILE,2025-09-05,2025-09-14,9,1200,1400,True,+,True,False,False,0.6666666666666666,4,11,0.36363636363636365,0,0,1
ROMANTIC FANTASY,2025-09-05,2025-09-17,12,1200,1800,False,0,False,False,True,0.7777777777777778,5,12,0.4166666666666667,0,0,1
CAN'T GO WONG,2025-09-05,2025-09-17,12,1200,1800,False,-,False,False,False,0.8888888888888888,3,12,0.25,0,1,1
SUNNY SING SPIRIT,2025-09-05,2025-09-14,9,1200,1200,True,-,False,False,False,1.0,14,14,1.0,0,0,0
AMAZING DUCK,2025-09-05,2025-09-21,16,1200,1650,False,++,False,True,False,0.1111111111111111,13,13,1.0,0,0,0
GLORIOUS KINGDOM,2025-09-05,2025-10-04,29,1200,1200,True,+,False,False,False,0.2222222222222222,9,14,0.6428571428571429,0,0,0
ACROSS DA UNIVERSE,2025-09-05,2025-09-17,12,1200,1200,True,+,False,False,True,0.3333333333333333,4,12,0.3333333333333333,0,0,1
SMILING EMPEROR,2025-09-05,2025-10-08,33,1200,1650,False,+,False,False,False,0.4444444444444444,5,12,0.4166666666666667,0,0,1
CELESTIAL PATCH,2025-09-05,2025-10-08,33,1200,1650,False,+,False,False,False,0.5555555555555556,7,12,0.5833333333333334,0,0,0
SUNNY Q,2025-09-05,2025-09-14,9,1200,1200,True,0,False,False,False,0.6666666666666666,6,14,0.42857142857142855,0,0,1
DILBAGH,2025-09-05,2025-09-17,12,1200,1800,False,+,False,False,False,0.7777777777777778,4,12,0.3333333333333333,0,0,1
DEAL COMPLETED,2025-09-05,2025-09-14,9,1200,1400,True,-,False,False,False,0.8888888888888888,10,11,0.9090909090909091,0,0,0
REWARDING BUDDY,2025-09-05,2025-09-17,12,1200,1200,True,-,False,False,False,1.0,7,12,0.5833333333333334,0,0,0
NIGHT PUROSANGUE,2025-09-05,2025-09-14,9,1200,1400,True,++,True,True,True,0.1111111111111111,12,14,0.8571428571428571,0,0,0
ALWAYS MY FOLKS,2025-09-05,2025-09-17,12,1200,1200,True,+,False,False,False,0.2222222222222222,6,12,0.5,0,0,1
FIGHT TIME,2025-09-05,2025-09-14,9,1200,1400,True,++,False,False,False,0.3333333333333333,1,14,0.07142857142857142,1,1,1
ATOMIC BEAUTY,2025-09-05,2025-09-17,12,1200,1800,False,+,False,False,False,0.4444444444444444,12,12,1.0,0,0,0
PANDA LEGEND,2025-09-05,2025-09-14,9,1200,1400,True,0,False,False,False,0.5555555555555556,4,14,0.2857142857142857,0,0,1
THE WAY WE WIN,2025-09-05,2025-09-14,9,1200,1400,True,+,False,False,False,0.6666666666666666,9,14,0.6428571428571429,0,0,0
ALL EYES ON ME,2025-09-05,2025-10-04,29,1200,1650,False,0,False,False,False,0.7777777777777778,7,13,0.5384615384615384,0,0,0
STRONGEST BOY,2025-09-05,2025-09-14,9,1200,1400,True,-,False,False,False,0.8888888888888888,8,14,0.5714285714285714,0,0,0
MR GOOD VIBES,2025-09-05,2025-09-14,9,1200,1400,True,-,False,False,False,1.0,7,14,0.5,0,0,1
GUMMY GUMMY,2025-09-05,2025-09-14,9,1050,1200,True,++,False,True,False,0.1111111111111111,10,12,0.8333333333333334,0,0,0
CHILL BUDDY,2025-09-05,2025-10-04,29,1050,1000,True,++,False,False,False,0.2222222222222222,5,14,0.35714285714285715,0,0,1
SIR CHARGE,2025-09-05,2025-09-17,12,1050,1000,True,+,False,False,False,0.3333333333333333,11,11,1.0,0,0,0
THE ALL OUT,2025-09-05,2025-09-14,9,1050,1000,True,++,False,False,True,0.4444444444444444,5,11,0.45454545454545453,0,0,1
NEW POWER,2025-09-05,2025-09-17,12,1050,1200,True,+,False,False,False,0.5555555555555556,3,12,0.25,0,1,1
JUSTIFYING,2025-09-05,2025-09-17,12,1050,1000,True,0,False,False,False,0.6666666666666666,5,11,0.45454545454545453,0,0,1
HAPPY UNITED,2025-09-05,2025-10-08,33,1050,1000,True,0,False,False,False,0.7777777777777778,12,13,0.9230769230769231,0,0,0
BLUE ILLUSION,2025-09-05,2025-11-02,58,1050,1000,True,-,False,False,False,0.8888888888888888,6,12,0.5,0,0,1
MAJESTIC EXPRESS,2025-09-05,2025-09-14,9,1050,1000,True,+,True,False,False,1.0,11,11,1.0,0,0,0
MODEST GENTLEMAN,2025-09-05,2025-09-17,12,1050,1000,True,++,False,True,False,0.1111111111111111,7,12,0.5833333333333334,0,0,0
YOUNG HORIZON,2025-09-05,2025-10-01,26,1050,1400,False,+,False,False,False,0.4444444444444444,9,14,0.6428571428571429,0,0,0
CIRCUS REEL,2025-09-05,2025-10-01,26,1050,1200,True,0,False,False,False,0.6666666666666666,12,14,0.8571428571428571,0,0,0
COSMO LIGHT,2025-09-05,2025-09-14,9,1050,1200,True,+,True,False,False,0.7777777777777778,11,14,0.7857142857142857,0,0,0
SIGHT HERMOSO,2025-09-05,2025-10-19,44,1050,1000,True,-,False,False,False,0.8888888888888888,6,14,0.42857142857142855,0,0,1
ONE LOVE,2025-09-05,2025-10-26,51,1050,1200,True,-,False,False,False,1.0,13,14,0.9285714285714286,0,0,0
BABY CRYSTAL,2025-09-08,2025-10-01,23,1000,1000,True,++,False,True,True,0.14285714285714285,8,8,1.0,0,0,0
CHATEAUNEUF,2025-09-08,2025-10-04,26,1000,1200,True,+,False,False,False,0.2857142857142857,9,13,0.6923076923076923,0,0,0
RUBYLOT,2025-09-08,2025-09-28,20,1000,1400,False,++,False,False,False,0.42857142857142855,5,14,0.35714285714285715,0,0,1
KEMPES,2025-09-08,2025-10-01,23,1000,1200,True,0,False,False,False,0.5714285714285714,1,14,0.07142857142857142,1,1,1
WHIZZ KID,2025-09-08,2025-10-04,26,1000,1000,True,0,False,False,False,0.7142857142857143,9,14,0.6428571428571429,0,0,0
FATAL BLOW,2025-09-08,2025-10-12,34,1000,1200,True,0,False,False,False,,4,12,0.3333333333333333,0,0,1
MUGEN,2025-09-08,2025-10-26,48,1000,1200,True,0,False,False,True,,10,14,0.7142857142857143,0,0,0
SPORTS LEGEND,2025-09-08,2025-10-08,30,1000,1200,True,++,False,True,False,0.125,7,12,0.5833333333333334,0,0,0
FIELD MARSHAL,2025-09-08,2025-09-21,13,1000,1200,True,+,False,False,False,0.375,6,11,0.5454545454545454,0,0,0
BRILLIANT EXPRESS,2025-09-08,2025-09-28,20,1000,1200,True,+,False,False,False,0.5,5,11,0.45454545454545453,0,0,1
SAGACIOUS LIFE,2025-09-08,2025-10-26,48,1000,1600,False,-,False,False,False,0.75,1,14,0.07142857142857142,1,1,1
OLDTOWN,2025-09-08,2025-10-12,34,1000,1200,True,0,False,False,False,,1,12,0.08333333333333333,1,1,1
SUPER UNIVERSAL,2025-09-08,2025-09-17,9,1000,1200,True,++,False,True,False,0.1,3,13,0.23076923076923078,0,1,1
SALUTE KING PRAWN,2025-09-08,2025-10-04,26,1000,1400,False,+,False,False,False,0.3,13,14,0.9285714285714286,0,0,0
BRIGHT MORTAR,2025-09-08,2025-09-28,20,1000,1200,True,+,False,False,False,0.4,11,12,0.9166666666666666,0,0,0
DASHING MAURISON,2025-09-08,2025-09-21,13,1000,1200,True,0,False,False,False,,4,11,0.36363636363636365,0,0,1
JUBILATION FOR ALL,2025-09-08,2025-10-01,23,1000,1200,True,+,False,False,True,0.7,11,14,0.7857142857142857,0,0,0
JUNEAU PRIDE,2025-09-08,2025-10-12,34,1000,1400,False,+,True,False,False,0.8,6,14,0.42857142857142855,0,0,1
ZHOU GONGJIN,2025-09-08,2025-10-26,48,1000,1200,True,-,False,False,False,0.9,14,14,1.0,0,0,0
DIRIYA,2025-09-08,2025-09-21,13,1000,1400,False,++,False,True,False,0.1,10,14,0.7142857142857143,0,0,0
WISDOM STAR,2025-09-08,2025-09-17,9,1000,1000,True,++,True,False,True,0.2,8,12,0.6666666666666666,0,0,0
CAMP FIRE,2025-09-08,2025-09-17,9,1000,1000,True,+,False,False,False,0.5,3,12,0.25,0,1,1
WINNING CIGAR,2025-09-08,2025-11-02,55,1000,1200,True,0,False,False,False,0.6,12,13,0.9230769230769231,0,0,0
MASTER OF HUMOR,2025-09-08,2025-10-26,48,1000,1200,True,0,False,False,False,0.7,12,14,0.8571428571428571,0,0,0
MASTER RESOLUTE,2025-09-08,2025-10-22,44,1000,1000,True,-,False,False,True,0.8,10,13,0.7692307692307693,0,0,0
NOTTHESILLYONE,2025-09-08,2025-09-28,20,1000,1200,True,0,False,False,False,,3,12,0.25,0,1,1
ALPHA STRIKE,2025-09-08,2025-10-26,48,800,1000,True,++,False,True,False,0.14285714285714285,1,14,0.07142857142857142,1,1,1
STAR FIGURE,2025-09-08,2025-10-22,44,800,1200,False,++,True,False,False,0.42857142857142855,2,12,0.16666666666666666,0,1,1
QUARTZ LEGEND,2025-09-08,2025-11-02,55,800,1000,True,0,False,False,False,0.7142857142857143,3,12,0.25,0,1,1
SKY HEART,2025-09-08,2025-10-12,34,800,1400,False,+,False,False,False,0.8571428571428571,1,14,0.07142857142857142,1,1,1
KA YING ATTACK,2025-09-08,2025-10-26,48,800,1400,False,0,False,False,False,,3,14,0.21428571428571427,0,1,1
SONIC PURSUIT,2025-09-08,2025-11-02,55,800,1200,False,++,False,False,False,0.2,3,12,0.25,0,1,1
WINNING NOW,2025-09-08,2025-10-26,48,800,1200,False,0,False,False,False,0.7,10,14,0.7142857142857143,0,0,0
WE ARE HERO,2025-09-08,2025-10-04,26,1200,1000,True,++,False,True,True,0.1,2,14,0.14285714285714285,0,1,1
VOYAGE BUBBLE,2025-09-08,2025-10-19,41,1200,1600,False,+,False,False,False,0.2,12,14,0.8571428571428571,0,0,0
YOUNG ARROW,2025-09-08,2025-10-08,30,1200,1200,True,++,False,False,False,0.3,10,12,0.8333333333333334,0,0,0
LO RIDER,2025-09-08,2025-09-17,9,1200,1650,False,++,False,False,True,0.4,1,12,0.08333333333333333,1,1,1
FALLON,2025-09-08,2025-10-04,26,1200,1650,False,+,False,False,False,0.5,9,12,0.75,0,0,0
VOYAGE SAMURAI,2025-09-08,2025-09-17,9,1200,1650,False,+,True,False,False,0.6,9,12,0.75,0,0,0
WINNING DRAGON,2025-09-08,2025-10-15,37,1200,1800,False,0,False,False,False,0.7,6,10,0.6,0,0,0
CALL ME TOPSEED,2025-09-08,2025-10-08,30,1200,1650,False,-,False,False,False,0.8,8,11,0.7272727272727273,0,0,0
AESTHETICISM,2025-09-08,2025-09-28,20,1200,1600,False,-,False,False,False,0.9,12,14,0.8571428571428571,0,0,0
MID WINTER WIND,2025-09-08,2025-09-28,20,1200,1200,True,0,False,False,False,,3,11,0.2727272727272727,0,1,1
STORM RIDER,2025-09-08,2025-09-28,20,1200,1200,True,++,False,True,False,0.09090909090909091,5,12,0.4166666666666667,0,0,1
ACE POWER,2025-09-08,2025-09-17,9,1200,1200,True,+,False,False,False,0.18181818181818182,4,13,0.3076923076923077,0,0,1
TOP TO SKY,2025-09-08,2025-09-21,13,1200,1200,True,+,False,False,False,0.2727272727272727,10,12,0.8333333333333334,0,0,0
TIN FOOK,2025-09-08,2025-09-21,13,1200,1200,True,-,False,False,False,0.36363636363636365,3,12,0.25,0,1,1
YOUNG ACHIEVER,2025-09-08,2025-09-28,20,1200,1400,True,+,False,False,True,0.45454545454545453,7,14,0.5,0,0,1
LIGHT YEARS GLORY,2025-09-08,2025-09-28,20,1200,1200,True,0,False,False,False,0.5454545454545454,11,12,0.9166666666666666,0,0,0
CHARITY TOGETHER,2025-09-08,2025-10-19,41,1200,1800,False,+,False,False,False,0.7272727272727273,4,14,0.2857142857142857,0,0,1
UP WITH CHARM,2025-09-08,2025-10-15,37,1200,1200,True,0,False,False,False,0.8181818181818182,9,12,0.75,0,0,0
NEW FOREST,2025-09-08,2025-09-21,13,1200,1650,False,0,False,False,False,,3,12,0.25,0,1,1
GOOD GOOD,2025-09-08,2025-09-21,13,1200,1600,False,0,False,False,False,,1,14,0.07142857142857142,1,1,1
MOTOR,2025-09-08,2025-09-21,13,1200,1200,True,++,False,True,True,0.1,1,11,0.09090909090909091,1,1,1
ROBOT LUCKY STAR,2025-09-08,2025-10-19,41,1200,1000,True,+,False,False,True,0.2,1,14,0.07142857142857142,1,1,1
KING LOTUS,2025-09-08,2025-09-17,9,1200,1200,True,++,False,False,False,0.3,1,13,0.07692307692307693,1,1,1
SILVERY BREEZE,2025-09-08,2025-10-01,23,1200,1400,True,+,False,False,False,0.4,2,14,0.14285714285714285,0,1,1
GOLDEN DARCI,2025-09-08,2025-09-17,9,1200,1200,True,+,False,False,False,0.5,8,12,0.6666666666666666,0,0,0
MATSU VICTOR,2025-09-08,2025-10-12,34,1200,1600,False,0,False,False,False,0.6,13,14,0.9285714285714286,0,0,0
EVERYONE'S GALLOP,2025-09-08,2025-10-30,52,1200,1200,True,0,False,False,False,0.7,9,12,0.75,0,0,0
SMART ENGINEER,2025-09-08,2025-11-02,55,1200,1200,True,-,False,False,False,0.9,11,13,0.8461538461538461,0,0,0
ACE WAR,2025-09-08,2025-09-21,13,1200,1600,False,0,False,False,False,,11,14,0.7857142857142857,0,0,0
HAPPY BUDDIES,2025-09-08,2025-10-01,23,1200,1200,True,++,False,True,False,0.09090909090909091,5,14,0.35714285714285715,0,0,1
TRIUMPHANT WARRIOR,2025-09-08,2025-09-17,9,1200,1000,True,+,False,False,False,0.18181818181818182,5,12,0.4166666666666667,0,0,1
ENDEARED,2025-09-08,2025-09-14,6,1200,1400,True,++,False,False,True,0.2727272727272727,8,13,0.6153846153846154,0,0,0
FALCON HUNTER,2025-09-08,2025-09-21,13,1200,1200,True,+,False,False,True,0.36363636363636365,9,11,0.8181818181818182,0,0,0
EXCEED THE WISH,2025-09-08,2025-09-17,9,1200,1200,True,++,True,False,False,0.45454545454545453,5,12,0.4166666666666667,0,0,1
GALLANT EPOCH,2025-09-08,2025-10-26,48,1200,1400,True,+,False,False,False,0.5454545454545454,3,14,0.21428571428571427,0,1,1
BIG STRIDE,2025-09-08,2025-09-14,6,1200,1400,True,-,False,False,False,0.7272727272727273,9,11,0.8181818181818182,0,0,0
CIRCUIT DUFFY,2025-09-08,2025-09-17,9,1200,1200,True,-,False,False,False,0.8181818181818182,10,12,0.8333333333333334,0,0,0
STRANGE ALERT,2025-09-08,2025-10-01,23,1200,1400,True,-,False,False,False,0.9090909090909091,2,14,0.14285714285714285,0,1,1
NEVER PETER OUT,2025-09-09,2025-09-21,12,1200,1650,False,++,False,True,False,0.125,9,12,0.75,0,0,0
REFUSETOBEENGLISH,2025-09-09,2025-09-28,19,1200,1400,True,+,False,False,True,0.25,13,14,0.9285714285714286,0,0,0
THE RED HARE,2025-09-09,2025-09-21,12,1200,1200,True,+,False,False,False,0.375,5,12,0.4166666666666667,0,0,1
LUCKY MY WAY,2025-09-09,2025-10-01,22,1200,1400,True,+,False,False,True,0.5,10,14,0.7142857142857143,0,0,0
ROCKET SPADE,2025-09-09,2025-09-17,8,1200,1650,False,+,False,False,False,0.625,1,9,0.1111111111111111,1,1,1
JOHANNES BRAHMS,2025-09-09,2025-09-28,19,1200,1400,True,0,False,False,False,0.75,8,14,0.5714285714285714,0,0,0
I P O BROS,2025-09-09,2025-09-17,8,1200,1200,True,-,False,False,False,0.875,7,12,0.5833333333333334,0,0,0
TELECOM FIGHTERS,2025-09-09,2025-09-17,8,1200,1650,False,-,False,False,False,1.0,10,12,0.8333333333333334,0,0,0
GLORIOUS JOURNEY,2025-09-09,2025-09-21,12,1200,1650,False,++,False,True,False,0.1111111111111111,5,13,0.38461538461538464,0,0,1
SUPREME AGILITY,2025-09-09,2025-09-17,8,1200,1800,False,++,True,False,False,0.2222222222222222,2,12,0.16666666666666666,0,1,1
ILLUMINOUS,2025-09-09,2025-09-21,12,1200,1600,False,+,False,False,False,0.4444444444444444,14,14,1.0,0,0,0
VERY GRATEFUL,2025-09-09,2025-10-08,29,1200,1200,True,0,False,False,False,0.5555555555555556,11,12,0.9166666666666666,0,0,0
THE PERFECT MATCH,2025-09-09,2025-09-17,8,1200,1200,True,+,False,False,True,0.6666666666666666,2,13,0.15384615384615385,0,1,1
LITTLE FAIRY,2025-09-09,2025-10-15,36,1200,1650,False,-,False,False,False,0.7777777777777778,7,12,0.5833333333333334,0,0,0
KING OF SELECTION,2025-09-09,2025-10-04,25,1200,1800,False,-,False,False,False,0.8888888888888888,14,14,1.0,0,0,0
THE BOOM BOX,2025-09-09,2025-10-04,25,1200,1200,True,0,False,False,True,,6,13,0.46153846153846156,0,0,1
MR COOL,2025-09-09,2025-09-21,12,1200,1400,True,++,True,True,False,0.1,4,14,0.2857142857142857,0,0,1
PROUD BOX,2025-09-09,2025-09-21,12,1200,1200,True,+,False,False,True,0.2,3,12,0.25,0,1,1
LOADED WITH FLUKE,2025-09-09,2025-10-04,25,1200,1650,False,+,False,False,False,0.3,6,13,0.46153846153846156,0,0,1
KASA PAPA,2025-09-09,2025-09-21,12,1200,1650,False,+,False,False,False,0.5,4,13,0.3076923076923077,0,0,1
PEARL OF PANG'S,2025-09-09,2025-09-21,12,1200,1600,False,+,False,False,True,0.6,2,14,0.14285714285714285,0,1,1
TURF PHOENIX,2025-09-09,2025-09-21,12,1200,1400,True,0,False,False,False,0.7,9,14,0.6428571428571429,0,0,0
CHATEAU LE PECHE,2025-09-09,2025-09-21,12,1200,1800,False,-,False,False,False,0.9,5,10,0.5,0,0,1
HEALTHY HEALTHY,2025-09-09,2025-09-17,8,1050,1000,True,++,False,True,True,0.25,7,11,0.6363636363636364,0,0,0
WRITTEN CASA,2025-09-09,2025-10-08,29,1050,1200,True,+,False,False,False,0.5,12,12,1.0,0,0,0
DOUBLE BINGO,2025-09-09,2025-09-28,19,1050,1200,True,-,False,False,False,0.75,2,12,0.16666666666666666,0,1,1
SING DRAGON,2025-09-11,2025-09-28,17,1200,1200,True,++,False,True,False,0.1111111111111111,10,11,0.9090909090909091,0,0,0
PACKING HERMOD,2025-09-11,2025-09-28,17,1200,1400,True,+,False,False,False,0.2222222222222222,4,14,0.2857142857142857,0,0,1
STANLEY EXPRESS,2025-09-11,2025-09-21,10,1200,1200,True,+,False,False,True,0.3333333333333333,10,12,0.8333333333333334,0,0,0
GUSTOSISIMO,2025-09-11,2025-10-01,20,1200,1400,True,+,False,False,False,0.4444444444444444,6,10,0.6,0,0,0
CAPITAL DELIGHT,2025-09-11,2025-10-04,23,1200,1650,False,+,False,False,False,0.5555555555555556,6,12,0.5,0,0,1
KAHOLO ANGEL,2025-09-11,2025-09-28,17,1200,1200,True,+,False,False,False,0.6666666666666666,7,11,0.6363636363636364,0,0,0
TURIN MASCOT,2025-09-11,2025-09-21,10,1200,1650,False,-,False,False,False,0.8888888888888888,6,12,0.5,0,0,1
SUPER INFINITY,2025-09-11,2025-10-15,34,1200,1200,True,0,False,False,False,,8,12,0.6666666666666666,0,0,0
THE REVOLUTION,2025-09-11,2025-09-28,17,1200,1200,True,++,False,True,True,0.1111111111111111,12,12,1.0,0,0,0
CHILL KAKA,2025-09-11,2025-09-21,10,1200,1650,False,++,False,False,True,0.2222222222222222,10,12,0.8333333333333334,0,0,0
GLORY CLOUD,2025-09-11,2025-09-17,6,1200,1200,True,++,False,False,False,0.3333333333333333,6,12,0.5,0,0,1
CHARITY GAIN,2025-09-11,2025-10-15,34,1200,1800,False,++,True,False,True,0.4444444444444444,3,12,0.25,0,1,1
CHARMING STEED,2025-09-11,2025-09-21,10,1200,1650,False,+,True,False,True,0.5555555555555556,6,13,0.46153846153846156,0,0,1
BIGTIME GENERATION,2025-09-11,2025-10-12,31,1200,1200,True,0,False,False,True,0.6666666666666666,9,11,0.8181818181818182,0,0,0
THE BOOM BOX,2025-09-11,2025-10-04,23,1200,1200,True,0,False,False,False,0.7777777777777778,6,13,0.46153846153846156,0,0,1
LEGENDARY YEARS,2025-09-11,2025-10-12,31,1200,1400,True,-,False,False,False,0.8888888888888888,9,14,0.6428571428571429,0,0,0
SKY SONG,2025-09-11,2025-09-17,6,1200,1200,True,0,False,False,True,,5,13,0.38461538461538464,0,0,1
LUNAR DASH,2025-09-11,2025-10-08,27,1200,1200,True,++,False,True,False,0.1111111111111111,1,12,0.08333333333333333,1,1,1
THOUSAND SPIRIT,2025-09-11,2025-09-21,10,1200,1200,True,+,False,False,True,0.2222222222222222,6,12,0.5,0,0,1
ALL ROUND WINNER,2025-09-11,2025-09-21,10,1200,1400,True,+,False,False,True,0.3333333333333333,12,14,0.8571428571428571,0,0,0
LUCKY XANDER,2025-09-11,2025-10-15,34,1200,1200,True,-,False,False,True,0.4444444444444444,10,12,0.8333333333333334,0,0,0
SHAMUS STORM,2025-09-11,2025-10-01,20,1200,1400,True,+,False,False,False,0.5555555555555556,6,14,0.42857142857142855,0,0,1
INNO SUPER,2025-09-11,2025-09-21,10,1200,1400,True,+,False,False,True,0.6666666666666666,7,14,0.5,0,0,1
LUCKY TWENTY,2025-09-11,2025-10-08,27,1200,1000,True,-,False,False,False,0.7777777777777778,8,13,0.6153846153846154,0,0,0
GLORIOUS SUCCESS,2025-09-11,2025-09-21,10,1200,1650,False,-,False,False,False,0.8888888888888888,4,12,0.3333333333333333,0,0,1
KING MILES,2025-09-11,2025-10-15,34,1200,1200,True,+,True,False,True,1.0,1,12,0.08333333333333333,1,1,1
TOP THRONE,2025-09-11,2025-09-28,17,1200,1000,True,++,False,True,False,0.1,9,14,0.6428571428571429,0,0,0
SPEEDY TRIDENT,2025-09-11,2025-09-28,17,1200,1200,True,+,False,False,False,0.2,8,12,0.6666666666666666,0,0,0
PRAY FOR JUSTICE,2025-09-11,2025-11-09,59,1200,1400,True,+,False,False,False,0.3,5,14,0.35714285714285715,0,0,1
GOOD LUCK WIN,2025-09-11,2025-09-28,17,1200,1400,True,+,False,False,False,0.4,12,14,0.8571428571428571,0,0,0
HAPPY UNIVERSE,2025-09-11,2025-09-21,10,1200,1600,False,++,True,False,False,0.5,3,14,0.21428571428571427,0,1,1
PRIDE BELIEVER,2025-09-11,2025-10-01,20,1200,1200,True,0,False,False,True,0.6,13,14,0.9285714285714286,0,0,0
THE AZURE,2025-09-11,2025-10-08,27,1200,1650,False,+,False,False,False,0.7,8,12,0.6666666666666666,0,0,0
WITHOUT DELAY,2025-09-11,2025-09-21,10,1200,1600,False,0,False,False,True,0.8,7,14,0.5,0,0,1
GASTRONOMIQUE,2025-09-11,2025-10-01,20,1200,1200,True,-,False,False,False,0.9,6,14,0.42857142857142855,0,0,1
BLAZING WUKONG,2025-09-11,2025-09-28,17,1200,1400,True,++,False,True,True,0.1,2,14,0.14285714285714285,0,1,1
FASHION LEGEND,2025-09-11,2025-09-21,10,1200,1650,False,++,False,False,True,0.2,11,13,0.8461538461538461,0,0,0
STAR BROSE,2025-09-11,2025-09-21,10,1200,1600,False,+,False,False,False,0.3,13,14,0.9285714285714286,0,0,0
SPECIAL HEDGE,2025-09-11,2025-09-21,10,1200,1600,False,++,True,False,False,0.4,4,14,0.2857142857142857,0,0,1
TURIN WARRIOR,2025-09-11,2025-10-22,41,1200,1650,False,++,False,False,True,0.5,6,12,0.5,0,0,1
STORMI,2025-09-11,2025-10-08,27,1200,1650,False,0,False,False,False,0.6,8,12,0.6666666666666666,0,0,0
MAGIC COSMOS,2025-09-11,2025-10-19,38,1200,1000,True,0,False,False,False,0.7,14,14,1.0,0,0,0
SILVER UP,2025-09-11,2025-10-01,20,1200,1400,True,+,False,False,False,0.8,3,14,0.21428571428571427,0,1,1
COME FAST FAY FAY,2025-09-11,2025-10-19,38,1200,1400,True,-,False,False,False,0.9,12,14,0.8571428571428571,0,0,0
BASIC INSTINCT,2025-09-11,2025-09-21,10,1200,1200,True,-,False,False,False,1.0,12,12,1.0,0,0,0
REWARDING TWINKLE,2025-09-11,2025-10-01,20,1200,1200,True,++,False,True,False,0.1,5,14,0.35714285714285715,0,0,1
COURIER MAGIC,2025-09-11,2025-10-15,34,1200,1650,False,++,False,False,False,0.2,2,12,0.16666666666666666,0,1,1
LIGHTNING ARROW,2025-09-11,2025-11-05,55,1200,1650,False,++,False,False,True,0.3,9,12,0.75,0,0,0
VIVACIOUS WIN,2025-09-11,2025-09-28,17,1200,1400,True,+,False,False,False,0.4,11,14,0.7857142857142857,0,0,0
DREAMING WINNER,2025-09-11,2025-09-21,10,1200,1200,True,-,False,False,False,0.5,8,12,0.6666666666666666,0,0,0
THUNDER BLINK,2025-09-11,2025-09-28,17,1200,1200,True,+,False,False,False,0.6,8,12,0.6666666666666666,0,0,0
LESLIE,2025-09-11,2025-09-21,10,1200,1650,False,+,False,False,False,0.7,9,13,0.6923076923076923,0,0,0
TIME TO FIRE,2025-09-11,2025-09-28,17,1200,1400,True,0,False,False,False,0.8,9,14,0.6428571428571429,0,0,0
DRAGON SUNRISE,2025-09-11,2025-10-01,20,1200,1400,True,-,False,False,False,0.9,10,14,0.7142857142857143,0,0,0
PERFECT PAIRING,2025-09-11,2025-09-17,6,1200,1800,False,-,False,False,True,1.0,8,12,0.6666666666666666,0,0,0
FORTUNE RACER,2025-09-11,2025-10-12,31,1200,1200,True,++,False,True,False,0.1,11,12,0.9166666666666666,0,0,0
GLACIATED,2025-09-11,2025-10-04,23,1200,1200,True,++,True,False,False,0.2,5,14,0.35714285714285715,0,0,1
FALCON COURT,2025-09-11,2025-09-28,17,1200,1200,True,+,False,False,False,0.3,11,12,0.9166666666666666,0,0,0
STORM RUNNER,2025-09-11,2025-09-21,10,1200,1800,False,++,False,False,True,0.4,4,10,0.4,0,0,1
FORTUNE STAR,2025-09-11,2025-10-08,27,1200,1650,False,+,False,False,True,0.5,2,12,0.16666666666666666,0,1,1
CIRCUS REEL,2025-09-11,2025-10-01,20,1200,1200,True,0,False,False,True,0.6,12,14,0.8571428571428571,0,0,0
PHANTOM CYCLONE,2025-09-11,2025-10-01,20,1200,1400,True,-,False,False,False,0.7,7,14,0.5,0,0,1
RADIANT SWIFT,2025-09-11,2025-09-21,10,1200,1600,False,0,False,False,True,0.8,8,14,0.5714285714285714,0,0,0
WINNING HEART,2025-09-11,2025-10-22,41,1200,1200,True,-,False,False,True,0.9,10,12,0.8333333333333334,0,0,0
LA FORZA,2025-09-11,2025-09-17,6,1050,1000,True,++,False,True,False,0.16666666666666666,3,11,0.2727272727272727,0,1,1
SKY PHOENIX,2025-09-11,2025-10-19,38,1050,1000,True,++,True,False,True,0.3333333333333333,13,14,0.9285714285714286,0,0,0
TOURBILLON PRINCE,2025-09-11,2025-10-01,20,1050,1400,False,++,True,False,False,0.5,9,10,0.9,0,0,0
GREAT LOOKING,2025-09-11,2025-10-15,34,1050,1200,True,++,False,True,True,0.14285714285714285,12,12,1.0,0,0,0
MAZING GRACE,2025-09-11,2025-09-21,10,1050,1200,True,+,False,False,False,0.42857142857142855,3,11,0.2727272727272727,0,1,1
RUNJEET,2025-09-11,2025-10-15,34,1050,1200,True,-,False,False,True,0.5714285714285714,10,12,0.8333333333333334,0,0,0
HAPPY TANGO,2025-09-11,2025-09-17,6,1050,1000,True,0,False,False,False,,9,12,0.75,0,0,0
DANCING CODE,2025-09-12,2025-09-28,16,1000,1200,True,++,False,True,False,0.125,2,11,0.18181818181818182,0,1,1
INVINCIBLE SAGE,2025-09-12,2025-10-01,19,1000,1000,True,+,False,False,False,0.375,5,8,0.625,0,0,0
NOVA KNIGHT,2025-09-12,2025-10-12,30,1000,1200,True,0,False,False,False,0.625,10,11,0.9090909090909091,0,0,0
DROMBEG BANNER,2025-09-12,2025-11-09,58,1000,1400,False,0,False,False,False,0.75,6,14,0.42857142857142855,0,0,1
KA YING ATTACK,2025-09-12,2025-10-26,44,1000,1400,False,-,False,False,False,1.0,3,14,0.21428571428571427,0,1,1
TOMODACHI KOKOROE,2025-09-12,2025-09-28,16,1000,1200,True,++,False,True,False,0.1,1,11,0.09090909090909091,1,1,1
DAZZLING FIT,2025-09-12,2025-10-26,44,1000,1400,False,++,False,False,False,0.2,6,14,0.42857142857142855,0,0,1
WUNDERBAR,2025-09-12,2025-10-01,19,1000,1000,True,+,False,False,False,0.3,4,8,0.5,0,0,1
FOREVER GLORIOUS,2025-09-12,2025-10-15,33,1000,1650,False,+,False,False,False,0.4,4,12,0.3333333333333333,0,0,1
FOREST KING,2025-09-12,2025-10-26,44,1000,1200,True,+,False,False,False,0.5,10,14,0.7142857142857143,0,0,0
FORTUNE WHISKEY,2025-09-12,2025-10-15,33,1000,1200,True,0,False,False,False,0.7,10,12,0.8333333333333334,0,0,0
CIRRUS SPEED,2025-09-12,2025-11-09,58,1000,1000,True,-,False,False,False,0.8,7,14,0.5,0,0,1
OLDTOWN,2025-09-12,2025-10-12,30,1000,1200,True,+,True,False,False,0.9,1,12,0.08333333333333333,1,1,1
KA YING GLORY,2025-09-12,2025-10-19,37,1000,1200,True,++,False,True,False,0.1,8,13,0.6153846153846154,0,0,0
REZEKI,2025-09-12,2025-10-04,22,1000,1200,True,+,False,False,False,0.3,2,14,0.14285714285714285,0,1,1
LITTLE MONSTER,2025-09-12,2025-09-28,16,1000,1000,True,++,False,False,True,0.4,4,14,0.2857142857142857,0,0,1
GOR GOR,2025-09-12,2025-10-19,37,1000,1400,False,+,False,False,False,0.5,14,14,1.0,0,0,0
NEBRASKAN,2025-09-12,2025-09-17,5,1000,1200,True,0,False,False,False,0.6,11,13,0.8461538461538461,0,0,0
CHEER FOR SOUTH,2025-09-12,2025-09-28,16,1000,1200,True,0,False,False,False,0.7,8,12,0.6666666666666666,0,0,0
AMAZING KID,2025-09-12,2025-09-17,5,1000,1200,True,+,False,False,False,0.9,5,12,0.4166666666666667,0,0,1
CIRCUIT HAPPY,2025-09-12,2025-11-02,51,1000,1000,True,-,False,False,False,1.0,11,12,0.9166666666666666,0,0,0
FOREVER FANCY,2025-09-12,2025-10-26,44,1000,1200,True,++,False,True,True,0.1,7,14,0.5,0,0,1
GOLDEN FORTUNE,2025-09-12,2025-10-15,33,1000,1200,True,+,False,False,True,0.2,8,12,0.6666666666666666,0,0,0
GOLDEN DREAM,2025-09-12,2025-11-05,54,1000,1200,True,++,False,False,True,0.3,7,12,0.5833333333333334,0,0,0
PRECISION GOAL,2025-09-12,2025-09-21,9,1000,1650,False,++,False,False,False,0.4,1,13,0.07692307692307693,1,1,1
THE PROMISE,2025-09-12,2025-10-19,37,1000,1000,True,-,False,False,False,0.8,12,14,0.8571428571428571,0,0,0
SUPER MASTERMIND,2025-09-12,2025-10-26,44,1000,1200,True,-,False,False,False,0.9,12,14,0.8571428571428571,0,0,0
PANACEA,2025-09-12,2025-09-28,16,1600,1600,True,++,False,True,False,0.09090909090909091,13,14,0.9285714285714286,0,0,0
MISSION STRIKE,2025-09-12,2025-09-21,9,1600,1600,True,++,True,False,True,0.18181818181818182,9,14,0.6428571428571429,0,0,0
GAMEPLAYER ELITE,2025-09-12,2025-10-08,26,1600,1200,False,+,False,False,True,0.2727272727272727,5,12,0.4166666666666667,0,0,1
ROSEWOOD FLEETFOOT,2025-09-12,2025-09-21,9,1600,1600,True,+,False,False,False,0.36363636363636365,6,14,0.42857142857142855,0,0,1
RELIABLE PROFIT,2025-09-12,2025-10-04,22,1600,1650,True,+,False,False,True,0.45454545454545453,3,14,0.21428571428571427,0,1,1
PACKING HURRICANE,2025-09-12,2025-10-01,19,1600,1800,True,0,False,False,False,0.5454545454545454,9,14,0.6428571428571429,0,0,0
SPARKLE AND GOLD,2025-09-12,2025-09-21,9,1600,1200,False,0,False,False,False,0.6363636363636364,5,11,0.45454545454545453,0,0,1
ON THE LASH,2025-09-12,2025-10-26,44,1600,1800,True,0,False,False,False,0.7272727272727273,1,13,0.07692307692307693,1,1,1
JOYFUL PROSPERITY,2025-09-12,2025-10-08,26,1600,1650,True,+,False,False,False,0.8181818181818182,7,12,0.5833333333333334,0,0,0
MEGA FORCE,2025-09-12,2025-09-21,9,1600,1650,True,-,False,False,False,0.9090909090909091,12,13,0.9230769230769231,0,0,0
FOREVER FOLKS,2025-09-12,2025-09-17,5,1600,1800,True,-,False,False,True,1.0,1,12,0.08333333333333333,1,1,1
CALL ME GLORIOUS,2025-09-12,2025-09-28,16,1200,1200,True,++,False,True,False,0.1,11,11,1.0,0,0,0
MASSIVE SOVEREIGN,2025-09-12,2025-10-26,44,1200,1600,False,++,False,False,False,0.2,4,14,0.2857142857142857,0,0,1
GHORGAN,2025-09-12,2025-09-28,16,1200,1400,True,+,False,False,False,0.3,12,14,0.8571428571428571,0,0,0
MID WINTER WIND,2025-09-12,2025-09-28,16,1200,1200,True,++,True,False,True,0.4,3,11,0.2727272727272727,0,1,1
SIX PACK,2025-09-12,2025-10-01,19,1200,1200,True,+,False,False,False,0.5,4,14,0.2857142857142857,0,0,1
NOISY BOY,2025-09-12,2025-10-04,22,1200,1650,False,+,False,False,False,0.6,5,12,0.4166666666666667,0,0,1
TACTICAL COMMAND,2025-09-12,2025-10-04,22,1200,1200,True,0,False,False,False,0.7,10,13,0.7692307692307693,0,0,0
LOVERO,2025-09-12,2025-10-22,40,1200,1650,False,0,False,False,True,0.8,11,11,1.0,0,0,0
FLAMINGO TRILLION,2025-09-12,2025-10-15,33,1200,1800,False,-,False,False,False,0.9,11,12,0.9166666666666666,0,0,0
AGENDA,2025-09-12,2025-10-26,44,1200,2000,False,+,False,False,False,1.0,10,13,0.7692307692307693,0,0,0
KARMA,2025-09-12,2025-10-30,48,1200,1650,False,++,False,True,False,0.1111111111111111,5,14,0.35714285714285715,0,0,1
GRACIOUS EXPRESS,2025-09-12,2025-10-08,26,1200,1200,True,++,True,False,False,0.3333333333333333,5,12,0.4166666666666667,0,0,1
NEW FOREST,2025-09-12,2025-09-21,9,1200,1650,False,++,True,False,True,0.4444444444444444,3,12,0.25,0,1,1
MASTER PHOENIX,2025-09-12,2025-10-01,19,1200,1200,True,+,False,False,True,0.5555555555555556,9,14,0.6428571428571429,0,0,0
DRAGON JOY,2025-09-12,2025-09-28,16,1200,1400,True,+,True,False,False,0.6666666666666666,4,14,0.2857142857142857,0,0,1
AEROVOLANIC,2025-09-12,2025-09-21,9,1200,1200,True,0,False,False,False,0.7777777777777778,7,12,0.5833333333333334,0,0,0
MONEY CATCHER,2025-09-12,2025-10-04,22,1200,1800,False,+,False,False,False,0.8888888888888888,7,14,0.5,0,0,1
STERLING WONGCHOY,2025-09-12,2025-10-08,26,1200,1650,False,++,True,True,False,0.1111111111111111,4,12,0.3333333333333333,0,0,1
ONE MAN SHOW,2025-09-12,2025-10-01,19,1200,1200,True,+,False,False,True,0.2222222222222222,10,14,0.7142857142857143,0,0,0
VICTORY SKY,2025-09-12,2025-09-21,9,1200,1200,True,+,False,False,False,0.3333333333333333,4,12,0.3333333333333333,0,0,1
FATAL BLOW,2025-09-12,2025-10-12,30,1200,1200,True,+,False,False,False,0.4444444444444444,4,12,0.3333333333333333,0,0,1
SOLID WIN,2025-09-12,2025-09-21,9,1200,1400,True,0,False,False,False,0.5555555555555556,1,14,0.07142857142857142,1,1,1
MORGAN SUCCESS,2025-09-12,2025-10-19,37,1200,1600,False,+,False,False,False,0.6666666666666666,12,14,0.8571428571428571,0,0,0
BRIGHT INHERITANCE,2025-09-12,2025-09-21,9,1200,1650,False,0,False,False,False,0.7777777777777778,7,13,0.5384615384615384,0,0,0
WE CAN PARTY,2025-09-12,2025-09-28,16,1200,1400,True,-,False,False,False,0.8888888888888888,9,14,0.6428571428571429,0,0,0
FLYING TING LOK,2025-09-12,2025-10-22,40,1200,1200,True,++,False,True,True,0.09090909090909091,7,12,0.5833333333333334,0,0,0
EXCEL WONGCHOY,2025-09-12,2025-09-21,9,1200,1650,False,+,False,False,False,0.2727272727272727,10,13,0.7692307692307693,0,0,0
YOUNG FIGHTER,2025-09-12,2025-09-21,9,1200,1200,True,+,False,False,True,0.36363636363636365,8,11,0.7272727272727273,0,0,0
SOMELOVEFROMABOVE,2025-09-12,2025-09-28,16,1200,1400,True,+,False,False,True,0.45454545454545453,10,14,0.7142857142857143,0,0,0
KOLACHI,2025-09-12,2025-10-01,19,1200,1400,True,+,False,False,False,0.6363636363636364,9,14,0.6428571428571429,0,0,0
ELEGANT LIFE,2025-09-12,2025-09-21,9,1200,1200,True,0,False,False,False,0.7272727272727273,6,12,0.5,0,0,1
SERANGOON,2025-09-12,2025-10-26,44,1200,1600,False,0,False,False,False,0.8181818181818182,7,14,0.5,0,0,1
MONEY TYCOON,2025-09-12,2025-09-21,9,1200,1200,True,-,False,False,True,0.9090909090909091,11,11,1.0,0,0,0
JUICY DRAGON,2025-09-12,2025-10-01,19,1200,1400,True,0,False,False,True,,10,14,0.7142857142857143,0,0,0
RATTAN GALAXY,2025-09-12,2025-09-21,9,1200,1400,True,++,False,True,False,0.1111111111111111,14,14,1.0,0,0,0
ACE WAR,2025-09-12,2025-09-21,9,1200,1600,False,+,False,False,False,0.2222222222222222,11,14,0.7857142857142857,0,0,0
PERIDOT,2025-09-12,2025-09-21,9,1200,1200,True,+,False,False,False,0.3333333333333333,5,12,0.4166666666666667,0,0,1
NYX GLUCK,2025-09-12,2025-10-01,19,1200,1200,True,+,False,False,False,0.4444444444444444,12,14,0.8571428571428571,0,0,0
GOOD GOOD,2025-09-12,2025-09-21,9,1200,1600,False,0,False,False,False,0.5555555555555556,1,14,0.07142857142857142,1,1,1
TOY SOLTERO,2025-09-12,2025-10-04,22,1200,1650,False,+,False,False,False,0.7777777777777778,11,14,0.7857142857142857,0,0,0
LUCKY KING,2025-09-12,2025-10-15,33,1200,1200,True,-,False,False,False,0.8888888888888888,5,12,0.4166666666666667,0,0,1
LITTLE PARADISE,2025-09-16,2025-09-28,12,1000,1200,True,++,False,True,False,0.1111111111111111,1,12,0.08333333333333333,1,1,1
ANODE,2025-09-16,2025-10-01,15,1000,1400,False,+,False,False,True,0.2222222222222222,4,14,0.2857142857142857,0,0,1
AHREN,2025-09-16,2025-09-28,12,1000,1200,True,+,False,False,True,0.3333333333333333,3,12,0.25,0,1,1
FLYING FORTRESS,2025-09-16,2025-09-28,12,1000,1400,False,++,False,False,False,0.4444444444444444,11,14,0.7857142857142857,0,0,0
YOUNG EMPEROR,2025-09-16,2025-10-08,22,1000,1200,True,+,False,False,True,0.5555555555555556,11,12,0.9166666666666666,0,0,0
SUNNY DA BEST,2025-09-16,2025-10-26,40,1000,1000,True,+,False,False,False,0.6666666666666666,4,14,0.2857142857142857,0,0,1
ANOTHER WORLD,2025-09-16,2025-10-12,26,1000,1400,False,0,False,False,False,0.7777777777777778,11,14,0.7857142857142857,0,0,0
HOLMES A COURT,2025-09-16,2025-10-01,15,1000,1200,True,++,False,True,True,0.1111111111111111,13,14,0.9285714285714286,0,0,0
SUPERB BOY,2025-09-16,2025-09-28,12,1000,1200,True,++,False,False,False,0.2222222222222222,8,12,0.6666666666666666,0,0,0
EVERSTAR,2025-09-16,2025-10-01,15,1000,1200,True,+,False,False,False,0.3333333333333333,14,14,1.0,0,0,0
SUPERB KING,2025-09-16,2025-10-04,18,1000,1000,True,+,False,False,False,0.4444444444444444,14,14,1.0,0,0,0
LOCH TAY,2025-09-16,2025-10-15,29,1000,1200,True,-,False,False,False,0.5555555555555556,11,12,0.9166666666666666,0,0,0
FORTUNE SUPERNOVA,2025-09-16,2025-10-04,18,1000,1400,False,+,False,False,False,0.6666666666666666,14,14,1.0,0,0,0
LEAN MASTER,2025-09-16,2025-10-08,22,1000,1000,True,++,False,True,False,0.1111111111111111,5,13,0.38461538461538464,0,0,1
STORMY GROVE,2025-09-16,2025-10-26,40,1000,1000,True,++,False,False,False,0.2222222222222222,6,14,0.42857142857142855,0,0,1
COPARTNER FLEET,2025-09-16,2025-09-28,12,1000,1400,False,++,False,False,True,0.4444444444444444,5,14,0.35714285714285715,0,0,1
DANCING CLASSICS,2025-09-16,2025-10-01,15,1000,1200,True,+,False,False,True,0.5555555555555556,8,14,0.5714285714285714,0,0,0
NEVER SETTLE,2025-09-16,2025-11-05,50,1000,1200,True,-,False,False,True,0.6666666666666666,3,12,0.25,0,1,1
TAOGETHER,2025-09-16,2025-11-09,54,1000,1200,True,0,False,False,False,0.7777777777777778,5,12,0.4166666666666667,0,0,1
LAHORE,2025-09-16,2025-09-28,12,1000,1000,True,++,False,True,True,0.1111111111111111,3,14,0.21428571428571427,0,1,1
FLOWING RICHES,2025-09-16,2025-09-28,12,1000,1000,True,++,False,False,False,0.2222222222222222,1,14,0.07142857142857142,1,1,1
WAVE GARDEN,2025-09-16,2025-10-12,26,1000,1200,True,+,False,False,False,0.3333333333333333,9,12,0.75,0,0,0
YEE CHEONG GLORY,2025-09-16,2025-10-12,26,1000,1200,True,++,False,False,False,0.4444444444444444,8,11,0.7272727272727273,0,0,0
CALL TO COMMAND,2025-09-16,2025-09-28,12,1000,1000,True,-,False,False,False,0.5555555555555556,10,14,0.7142857142857143,0,0,0
RAINBOW SEVEN,2025-09-16,2025-10-01,15,1000,1400,False,0,False,False,False,0.7777777777777778,8,14,0.5714285714285714,0,0,0
JUSTIFY YOURSELF,2025-09-16,2025-11-12,57,1000,1650,False,-,False,False,False,0.8888888888888888,10,12,0.8333333333333334,0,0,0
SUPER LOVE,2025-09-16,2025-10-04,18,1000,1400,False,-,False,False,False,1.0,11,14,0.7857142857142857,0,0,0
AUDACIOUS PURSUIT,2025-09-16,2025-10-04,18,1000,1400,False,++,False,True,True,0.1,3,14,0.21428571428571427,0,1,1
SMILING FALCON,2025-09-16,2025-10-04,18,1000,1400,False,+,False,False,True,0.3,14,14,1.0,0,0,0
IMPENDING LEGACY,2025-09-16,2025-10-15,29,1000,1200,True,+,False,False,True,0.4,7,12,0.5833333333333334,0,0,0
KING VICTOR,2025-09-16,2025-10-22,36,1000,1000,True,-,False,False,False,0.5,8,13,0.6153846153846154,0,0,0
BLAZING BEAM,2025-09-16,2025-10-19,33,1000,1400,False,0,False,False,False,0.6,12,14,0.8571428571428571,0,0,0
GIANT BALLON,2025-09-16,2025-10-19,33,1000,1000,True,+,False,False,False,0.7,4,14,0.2857142857142857,0,0,1
INCANTO STAR,2025-09-16,2025-09-28,12,1000,1000,True,-,False,False,False,0.8,7,14,0.5,0,0,1
MASSIVE FIRE,2025-09-16,2025-10-15,29,1000,1650,False,-,False,False,False,1.0,12,12,1.0,0,0,0
AUTUMN VIBES,2025-09-16,2025-10-01,15,1000,1200,True,++,False,True,False,0.1,2,14,0.14285714285714285,0,1,1
RIDING HIGH,2025-09-16,2025-10-01,15,1000,1200,True,++,True,False,False,0.2,3,15,0.2,0,1,1
DIVINE MOONLIGHT,2025-09-16,2025-11-05,50,1000,1000,True,+,False,False,False,0.3,12,12,1.0,0,0,0
FORTUNE WARRIOR,2025-09-16,2025-09-28,12,1000,1200,True,+,False,False,False,0.4,5,12,0.4166666666666667,0,0,1
FLYING BOOM,2025-09-16,2025-10-26,40,1000,1200,True,++,True,False,False,0.5,7,14,0.5,0,0,1
HAPPY UNITED,2025-09-16,2025-10-08,22,1000,1000,True,+,True,False,True,0.6,12,13,0.9230769230769231,0,0,0
KING GLORIOSO,2025-09-16,2025-10-01,15,1000,1200,True,0,False,False,False,0.7,6,14,0.42857142857142855,0,0,1
BEAUTY MISSILE,2025-09-16,2025-10-04,18,1000,1400,False,0,False,False,False,0.8,9,14,0.6428571428571429,0,0,0
HANDSOME BOMB,2025-09-16,2025-10-01,15,1000,1200,True,-,False,False,True,0.9,13,14,0.9285714285714286,0,0,0
FOREMOST TEDDY,2025-09-16,2025-10-15,29,1000,1650,False,-,False,False,True,1.0,8,12,0.6666666666666666,0,0,0
ZETA HEDGE,2025-09-16,2025-10-22,36,800,1000,True,++,False,True,False,0.125,2,13,0.15384615384615385,0,1,1
CASA OF HONOR,2025-09-16,2025-10-04,18,800,1000,True,++,True,False,False,0.25,4,14,0.2857142857142857,0,0,1
JUBILANT STAR,2025-09-16,2025-10-12,26,800,1200,False,0,False,False,False,0.625,2,12,0.16666666666666666,0,1,1
MOUNT EVEREST,2025-09-16,2025-11-09,54,800,1400,False,+,True,False,False,1.0,12,14,0.8571428571428571,0,0,0
GEORGIAN SIGMA,2025-09-16,2025-10-26,40,800,1200,False,+,False,False,False,0.2222222222222222,2,14,0.14285714285714285,0,1,1
SALON S,2025-09-16,2025-11-15,60,800,1200,False,+,False,False,False,0.4444444444444444,1,14,0.07142857142857142,1,1,1
ZOUPER FELLOW,2025-09-16,2025-10-22,36,800,1000,True,0,False,False,True,0.5555555555555556,11,13,0.8461538461538461,0,0,0
CONCORDE STAR,2025-09-16,2025-10-01,15,800,1200,False,0,False,False,False,0.6666666666666666,14,15,0.9333333333333333,0,0,0
GENTLEMEN LEGACY,2025-09-16,2025-10-04,18,1600,1800,True,++,False,True,True,0.1111111111111111,2,14,0.14285714285714285,0,1,1
YUEN LONG ELITE,2025-09-16,2025-09-28,12,1600,1600,True,+,False,False,True,0.2222222222222222,5,14,0.35714285714285715,0,0,1
BEAUTY BOLT,2025-09-16,2025-09-28,12,1600,1600,True,++,False,False,False,0.3333333333333333,3,14,0.21428571428571427,0,1,1
DOUBLE WIN,2025-09-16,2025-10-01,15,1600,1800,True,+,False,False,True,0.4444444444444444,3,14,0.21428571428571427,0,1,1
CAMBRIDGE,2025-09-16,2025-10-04,18,1600,1800,True,-,False,False,True,0.5555555555555556,9,14,0.6428571428571429,0,0,0
FORTUNATE SON,2025-09-16,2025-10-15,29,1600,1650,True,-,False,False,False,0.6666666666666666,10,12,0.8333333333333334,0,0,0
MIGHTY STRENGTH,2025-09-16,2025-10-04,18,1600,1800,True,-,False,False,False,0.8888888888888888,1,14,0.07142857142857142,1,1,1
LIGHT YEARS CHARM,2025-09-16,2025-09-28,12,1200,1400,True,++,False,True,True,0.125,7,14,0.5,0,0,1
PATCH OF THETA,2025-09-16,2025-09-28,12,1200,1400,True,++,False,False,True,0.25,6,14,0.42857142857142855,0,0,1
CHILL BUDDY,2025-09-16,2025-10-04,18,1200,1000,True,++,False,False,False,0.375,5,14,0.35714285714285715,0,0,1
STAR RISE,2025-09-16,2025-09-28,12,1200,1200,True,+,False,False,False,0.5,2,12,0.16666666666666666,0,1,1
WINNING WING,2025-09-16,2025-09-28,12,1200,1600,False,+,False,False,False,0.625,6,14,0.42857142857142855,0,0,1
SMART AVENUE,2025-09-16,2025-10-19,33,1200,1400,True,0,False,False,False,0.75,7,14,0.5,0,0,1
STUNNING PEACH,2025-09-16,2025-10-26,40,1200,1600,False,-,False,False,False,0.875,3,14,0.21428571428571427,0,1,1
RED LION,2025-09-16,2025-10-19,33,1200,1600,False,-,False,False,False,1.0,10,14,0.7142857142857143,0,0,0
SOUTH STAR,2025-09-16,2025-09-28,12,1200,1400,True,++,False,True,False,0.125,2,14,0.14285714285714285,0,1,1
ETALON OR,2025-09-16,2025-10-04,18,1200,1400,True,++,False,False,False,0.25,1,14,0.07142857142857142,1,1,1
NEVER TOO SOON,2025-09-16,2025-10-08,22,1200,1200,True,+,False,False,False,0.375,2,12,0.16666666666666666,0,1,1
PRESTIGE ALWAYS,2025-09-16,2025-10-01,15,1200,1200,True,+,False,False,True,0.5,8,14,0.5714285714285714,0,0,0
CHARMING BABE,2025-09-16,2025-10-08,22,1200,1200,True,+,False,False,False,0.625,3,12,0.25,0,1,1
ENSUED,2025-09-16,2025-10-19,33,1200,1600,False,0,False,False,False,0.75,13,14,0.9285714285714286,0,0,0
FUN N FUN TOGETHER,2025-09-16,2025-09-28,12,1200,1200,True,++,False,True,False,0.1,1,12,0.08333333333333333,1,1,1
URANUS STAR,2025-09-16,2025-10-12,26,1200,1400,True,+,False,False,False,0.2,8,14,0.5714285714285714,0,0,0
RAINBOW WARRIOR,2025-09-16,2025-10-12,26,1200,1200,True,+,False,False,True,0.3,11,12,0.9166666666666666,0,0,0
BITS SUPERSTAR,2025-09-16,2025-10-12,26,1200,1200,True,+,False,False,False,0.4,7,12,0.5833333333333334,0,0,0
HAPPY ALLIANCE,2025-09-16,2025-10-12,26,1200,1200,True,+,False,False,True,0.5,11,12,0.9166666666666666,0,0,0
HAPPY PARK,2025-09-16,2025-10-08,22,1200,1200,True,0,False,False,False,0.6,4,12,0.3333333333333333,0,0,1
FAMILY KNIGHT,2025-09-16,2025-09-28,12,1200,1400,True,0,False,False,False,0.8,14,14,1.0,0,0,0
ONE LOVE,2025-09-16,2025-10-26,40,1200,1200,True,-,False,False,False,0.9,13,14,0.9285714285714286,0,0,0
AMAZING AWARD,2025-09-16,2025-10-08,22,1200,1650,False,0,False,False,True,,12,12,1.0,0,0,0
PACKING PHOENIX,2025-09-16,2025-09-28,12,1200,1200,True,++,False,True,False,0.1111111111111111,1,12,0.08333333333333333,1,1,1
NINJA DERBY,2025-09-16,2025-09-28,12,1200,1600,False,++,True,False,False,0.2222222222222222,1,14,0.07142857142857142,1,1,1
JOLLY JUMPER,2025-09-16,2025-09-28,12,1200,1400,True,+,False,False,True,0.3333333333333333,13,14,0.9285714285714286,0,0,0
INNO CENTURY,2025-09-16,2025-10-08,22,1200,1200,True,+,False,False,True,0.4444444444444444,8,12,0.6666666666666666,0,0,0
KYRUS TREASURE,2025-09-16,2025-10-04,18,1200,1200,True,+,False,False,False,0.5555555555555556,10,14,0.7142857142857143,0,0,0
YEUX DE LIFELINE,2025-09-16,2025-09-21,5,1200,1200,True,0,False,False,False,0.6666666666666666,10,11,0.9090909090909091,0,0,0
INVICTUS DRAGON,2025-09-16,2025-10-12,26,1200,1200,True,0,False,False,False,0.7777777777777778,5,12,0.4166666666666667,0,0,1
SIGHT HERMOSO,2025-09-16,2025-10-19,33,1200,1000,True,-,False,False,False,0.8888888888888888,6,14,0.42857142857142855,0,0,1
CELESTIAL PATCH,2025-09-16,2025-10-08,22,1200,1650,False,0,False,False,True,,7,12,0.5833333333333334,0,0,0
DAY DAY VICTORY,2025-09-16,2025-10-08,22,1050,1000,True,++,True,True,False,0.25,3,13,0.23076923076923078,0,1,1
HORSEPOWER,2025-09-16,2025-10-22,36,1050,1000,True,++,True,False,False,0.5,5,9,0.5555555555555556,0,0,0
STELLAR EXPRESS,2025-09-16,2025-10-04,18,1050,1000,True,-,False,False,False,0.75,13,14,0.9285714285714286,0,0,0
SHOTGUN,2025-09-16,2025-10-22,36,1050,1200,True,+,False,False,False,1.0,8,12,0.6666666666666666,0,0,0
MOMENTS IN TIME,2025-09-18,2025-09-28,10,1200,1400,True,++,False,True,False,0.125,9,14,0.6428571428571429,0,0,0
CHEAHA,2025-09-18,2025-11-05,48,1200,1200,True,+,False,False,False,0.25,5,12,0.4166666666666667,0,0,1
HAPPY TOGETHER,2025-09-18,2025-09-28,10,1200,1400,True,++,True,False,False,0.375,3,14,0.21428571428571427,0,1,1
SUNLIGHT POWER,2025-09-18,2025-09-28,10,1200,1400,True,+,False,False,True,0.5,11,14,0.7857142857142857,0,0,0
RUBYLOT,2025-09-18,2025-09-28,10,1200,1400,True,+,False,False,False,0.625,5,14,0.35714285714285715,0,0,1
JOHANNES BRAHMS,2025-09-18,2025-09-28,10,1200,1400,True,+,False,False,True,0.75,8,14,0.5714285714285714,0,0,0
STRAIGHT ARRON,2025-09-18,2025-10-19,31,1200,1600,False,-,False,False,False,0.875,4,14,0.2857142857142857,0,0,1
SWORD POINT,2025-09-18,2025-10-19,31,1200,1600,False,-,False,False,False,1.0,14,14,1.0,0,0,0
FORTUNE BOY,2025-09-18,2025-09-28,10,1200,1600,False,++,False,True,True,0.125,4,14,0.2857142857142857,0,0,1
SPEED DRAGON,2025-09-18,2025-10-15,27,1200,1800,False,++,False,False,False,0.25,1,10,0.1,1,1,1
SAGACIOUS LIFE,2025-09-18,2025-10-26,38,1200,1600,False,-,False,False,True,0.5,1,14,0.07142857142857142,1,1,1
HELENE FEELING,2025-09-18,2025-10-04,16,1200,1650,False,+,False,False,False,0.625,11,12,0.9166666666666666,0,0,0
AESTHETICISM,2025-09-18,2025-09-28,10,1200,1600,False,+,False,False,True,0.75,12,14,0.8571428571428571,0,0,0
TALENTS TRUMP,2025-09-18,2025-10-30,42,1200,1650,False,-,False,False,True,0.875,14,14,1.0,0,0,0
CALIFORNIA BLUES,2025-09-18,2025-11-09,52,1200,1200,True,-,False,False,False,1.0,11,12,0.9166666666666666,0,0,0
CALIFORNIA STAR,2025-09-18,2025-10-12,24,1200,1200,True,++,False,True,False,0.1111111111111111,5,12,0.4166666666666667,0,0,1
CHATEAUNEUF,2025-09-18,2025-10-04,16,1200,1200,True,++,False,False,False,0.3333333333333333,9,13,0.6923076923076923,0,0,0
WIN EASE,2025-09-18,2025-11-09,52,1200,1400,True,+,False,False,False,0.4444444444444444,9,14,0.6428571428571429,0,0,0
PRESTIGE GOOD,2025-09-18,2025-10-08,20,1200,1650,False,-,False,False,False,0.5555555555555556,10,11,0.9090909090909091,0,0,0
BRIGHT MORTAR,2025-09-18,2025-09-28,10,1200,1200,True,0,False,False,False,0.6666666666666666,11,12,0.9166666666666666,0,0,0
SPIRIT OF PEACE,2025-09-18,2025-09-28,10,1200,1400,True,+,False,False,False,0.7777777777777778,6,14,0.42857142857142855,0,0,1
SOARING BRONCO,2025-09-18,2025-10-08,20,1200,1650,False,-,False,False,False,0.8888888888888888,10,12,0.8333333333333334,0,0,0
MASTER TRILLION,2025-09-18,2025-09-28,10,1200,1600,False,-,False,False,False,1.0,2,14,0.14285714285714285,0,1,1
VIVA CHALEUR,2025-09-18,2025-10-04,16,1200,1650,False,++,False,True,False,0.1111111111111111,3,13,0.23076923076923078,0,1,1
GALE SAGA,2025-09-18,2025-10-01,13,1200,1400,True,+,False,False,True,0.2222222222222222,6,14,0.42857142857142855,0,0,1
JOLLY BRILLIANT,2025-09-18,2025-11-15,58,1200,1200,True,+,False,False,True,0.3333333333333333,11,14,0.7857142857142857,0,0,0
SOMETHING JONAH,2025-09-18,2025-10-12,24,1200,1200,True,+,False,False,False,0.4444444444444444,6,12,0.5,0,0,1
HINOKAMI KAGURA,2025-09-18,2025-09-28,10,1200,1200,True,0,False,False,False,0.5555555555555556,6,12,0.5,0,0,1
AMAZING GAZE,2025-09-18,2025-10-08,20,1200,1650,False,+,False,False,True,0.6666666666666666,2,12,0.16666666666666666,0,1,1
SO MY FOLKS,2025-09-18,2025-11-09,52,1200,1000,True,-,False,False,True,0.7777777777777778,5,14,0.35714285714285715,0,0,1
SILVER KING,2025-09-18,2025-09-28,10,1200,1600,False,-,False,False,False,1.0,13,14,0.9285714285714286,0,0,0
RIDING TOGETHER,2025-09-18,2025-10-19,31,1050,1400,False,++,False,True,False,0.14285714285714285,14,14,1.0,0,0,0
A AMERIC TE SPECSO,2025-09-18,2025-10-08,20,1050,1200,True,+,False,False,False,0.2857142857142857,6,12,0.5,0,0,1
WATCH THIS ONE,2025-09-18,2025-09-28,10,1050,1000,True,+,False,False,True,0.42857142857142855,12,14,0.8571428571428571,0,0,0
KYRUS DRAGON,2025-09-18,2025-10-08,20,1050,1200,True,+,False,False,False,0.5714285714285714,1,12,0.08333333333333333,1,1,1
REAL GENTLEMAN,2025-09-18,2025-11-09,52,1050,1400,False,-,False,False,False,0.8571428571428571,13,14,0.9285714285714286,0,0,0
MASTEROFMYUNIVERSE,2025-09-18,2025-10-12,24,1050,1200,True,+,False,False,False,1.0,7,12,0.5833333333333334,0,0,0
YEE CHEONG SPIRIT,2025-09-18,2025-09-28,10,1050,1200,True,++,False,True,False,0.16666666666666666,9,12,0.75,0,0,0
SAVVY WARRIOR,2025-09-18,2025-10-19,31,1050,1200,True,+,False,False,False,0.5,10,13,0.7692307692307693,0,0,0
NOT USUAL PICK,2025-09-18,2025-10-22,34,1050,1200,True,0,False,False,False,0.6666666666666666,11,12,0.9166666666666666,0,0,0
SUNNY DARLING,2025-09-18,2025-09-28,10,1050,1200,True,+,False,False,True,0.2857142857142857,9,12,0.75,0,0,0
WORD OF KINDNESS,2025-09-18,2025-11-15,58,1050,1200,True,-,False,False,False,0.8571428571428571,9,14,0.6428571428571429,0,0,0
ROBOT KNIGHT,2025-09-18,2025-10-12,24,1050,1200,True,++,False,True,False,0.16666666666666666,12,12,1.0,0,0,0
PRESTIGE HALL,2025-09-18,2025-10-19,31,1050,1000,True,++,False,False,False,0.3333333333333333,7,14,0.5,0,0,1
HE WAS YOU,2025-09-18,2025-10-12,24,1050,1200,True,+,False,False,False,0.5,1,12,0.08333333333333333,1,1,1
SANTORINI,2025-09-18,2025-11-05,48,1050,1000,True,0,False,False,False,0.6666666666666666,8,12,0.6666666666666666,0,0,0
PODIUM,2025-09-18,2025-10-01,13,1050,1200,True,-,False,False,False,0.8333333333333334,10,15,0.6666666666666666,0,0,0
HYANNIS STAR,2025-09-18,2025-10-26,38,1050,1200,True,-,False,False,False,1.0,11,14,0.7857142857142857,0,0,0
MY WISH,2025-09-19,2025-09-28,9,1200,1400,True,++,False,True,False,0.1111111111111111,1,14,0.07142857142857142,1,1,1
TALENTS AMBITION,2025-09-19,2025-10-04,15,1200,1650,False,++,False,False,False,0.2222222222222222,2,12,0.16666666666666666,0,1,1
TOP DRAGON,2025-09-19,2025-10-01,12,1200,1400,True,+,False,False,False,0.3333333333333333,3,14,0.21428571428571427,0,1,1
AWESOME FLUKE,2025-09-19,2025-10-19,30,1200,1600,False,++,True,False,False,0.4444444444444444,13,14,0.9285714285714286,0,0,0
HONG LOK GOLF,2025-09-19,2025-10-01,12,1200,1400,True,-,False,False,True,0.5555555555555556,3,10,0.3,0,1,1
GALAXY PATCH,2025-09-19,2025-10-19,30,1200,1600,False,0,False,False,False,0.6666666666666666,6,14,0.42857142857142855,0,0,1
HUGE WAVE,2025-09-19,2025-10-01,12,1200,1400,True,-,False,False,False,0.7777777777777778,5,10,0.5,0,0,1
HELIOS EXPRESS,2025-09-19,2025-10-26,37,1200,1200,True,-,False,False,False,1.0,5,14,0.35714285714285715,0,0,1
ONE MORE,2025-09-19,2025-10-01,12,1200,1200,True,++,False,True,False,0.1111111111111111,7,14,0.5,0,0,1
YOUNG ACHIEVER,2025-09-19,2025-09-28,9,1200,1400,True,++,False,False,True,0.2222222222222222,7,14,0.5,0,0,1
ABSOLUTE LUCKY,2025-09-19,2025-09-28,9,1200,1000,True,+,False,False,True,0.3333333333333333,11,14,0.7857142857142857,0,0,0
SUPER JOY N FUN,2025-09-19,2025-10-08,19,1200,1200,True,++,True,False,False,0.4444444444444444,9,12,0.75,0,0,0
SILVERY BREEZE,2025-09-19,2025-10-01,12,1200,1400,True,+,False,False,False,0.5555555555555556,2,14,0.14285714285714285,0,1,1
REFUSETOBEENGLISH,2025-09-19,2025-09-28,9,1200,1400,True,+,False,False,False,0.6666666666666666,13,14,0.9285714285714286,0,0,0
GIDDY UP,2025-09-19,2025-10-12,23,1200,1200,True,-,False,False,False,0.7777777777777778,8,12,0.6666666666666666,0,0,0
PERPETUAL POWER,2025-09-19,2025-10-15,26,1200,1650,False,-,False,False,False,0.8888888888888888,9,12,0.75,0,0,0
FUN TOGETHER,2025-09-19,2025-10-04,15,1200,1400,True,++,False,True,False,0.1,4,14,0.2857142857142857,0,0,1
SILVER UP,2025-09-19,2025-10-01,12,1200,1400,True,++,False,False,True,0.2,3,14,0.21428571428571427,0,1,1
GLORIASTAR,2025-09-19,2025-10-12,23,1200,1400,True,+,False,False,True,0.3,7,15,0.4666666666666667,0,0,1
FLYING LUCK,2025-09-19,2025-09-28,9,1200,1600,False,+,False,False,True,0.4,8,14,0.5714285714285714,0,0,0
FORTUNE KINGO,2025-09-19,2025-10-04,15,1200,1200,True,+,False,False,True,0.5,14,14,1.0,0,0,0
DOUBLE BINGO,2025-09-19,2025-09-28,9,1200,1200,True,+,False,False,True,0.6,2,12,0.16666666666666666,0,1,1
YEE CHEONG RAIDER,2025-09-19,2025-09-28,9,1200,1200,True,0,False,False,False,0.7,6,12,0.5,0,0,1
SPORTIC WARRIOR,2025-09-19,2025-10-04,15,1200,1650,False,-,False,False,False,0.8,12,13,0.9230769230769231,0,0,0
YOUNG BRAVO,2025-09-19,2025-10-04,15,1200,1400,True,+,True,False,False,0.9,2,14,0.14285714285714285,0,1,1
GOLD TACK,2025-09-19,2025-10-15,26,1200,1650,False,-,False,False,False,1.0,5,12,0.4166666666666667,0,0,1
STRAIGHT TO GLORY,2025-09-19,2025-10-19,30,1050,1000,True,++,False,True,False,0.2,3,14,0.21428571428571427,0,1,1
SPARKLING FELLOW,2025-09-19,2025-10-26,37,1050,1000,True,++,True,False,False,0.4,2,14,0.14285714285714285,0,1,1
GOOD CHAP,2025-09-19,2025-10-19,30,1050,1200,True,+,True,False,False,0.6,3,13,0.23076923076923078,0,1,1
WARRIORS DREAM,2025-09-19,2025-10-01,12,1050,1200,True,-,False,False,True,0.8,10,14,0.7142857142857143,0,0,0
TAJ DRAGON,2025-09-23,2025-10-01,8,1200,1400,True,++,False,True,True,0.1111111111111111,8,10,0.8,0,0,0
SKY VINO,2025-09-23,2025-10-01,8,1200,1400,True,++,True,False,False,0.2222222222222222,7,14,0.5,0,0,1
BEAUTY JOY,2025-09-23,2025-10-19,26,1200,1600,False,++,False,False,False,0.3333333333333333,3,14,0.21428571428571427,0,1,1
CAPITAL DELIGHT,2025-09-23,2025-10-04,11,1200,1650,False,+,False,False,True,0.4444444444444444,6,12,0.5,0,0,1
RAGING BLIZZARD,2025-09-23,2025-10-01,8,1200,1000,True,+,False,False,True,0.5555555555555556,2,8,0.25,0,1,1
BULB GENERAL,2025-09-23,2025-10-04,11,1200,1200,True,+,False,False,False,0.6666666666666666,1,13,0.07692307692307693,1,1,1
BUNDLE AWARD,2025-09-23,2025-10-26,33,1200,1600,False,+,False,False,False,0.7777777777777778,11,14,0.7857142857142857,0,0,0
BEAUTY ETERNAL,2025-09-23,2025-10-19,26,1200,1600,False,+,True,False,False,0.8888888888888888,9,14,0.6428571428571429,0,0,0
SUNDAY'S SERENADE,2025-09-23,2025-10-01,8,1200,1400,True,+,True,False,False,1.0,7,14,0.5,0,0,1
CAP FERRAT,2025-09-23,2025-10-19,26,1200,1600,False,++,False,True,False,0.1,8,14,0.5714285714285714,0,0,0
HAYDAY,2025-09-23,2025-10-01,8,1200,1200,True,+,False,False,False,0.2,8,14,0.5714285714285714,0,0,0
LIVEANDLETLIVE,2025-09-23,2025-10-15,22,1200,1800,False,+,False,False,False,0.3,4,12,0.3333333333333333,0,0,1
BRILLIANT EXPRESS,2025-09-23,2025-09-28,5,1200,1200,True,+,False,False,True,0.4,5,11,0.45454545454545453,0,0,1
MASTER RESOLUTE,2025-09-23,2025-10-22,29,1200,1000,True,+,False,False,True,0.5,10,13,0.7692307692307693,0,0,0
KEMPES,2025-09-23,2025-10-01,8,1200,1200,True,0,False,False,True,0.6,1,14,0.07142857142857142,1,1,1
YOUNG CHAMPION,2025-09-23,2025-09-28,5,1200,1200,True,+,True,False,False,0.8,6,11,0.5454545454545454,0,0,0
INFINITE RESOLVE,2025-09-23,2025-10-04,11,1200,1200,True,++,False,True,False,0.1,2,13,0.15384615384615385,0,1,1
IGOR STRAVINSKY,2025-09-23,2025-10-12,19,1200,1400,True,++,False,False,False,0.2,12,14,0.8571428571428571,0,0,0
VICTORY CHAMPION,2025-09-23,2025-10-01,8,1200,1400,True,+,False,False,True,0.3,5,14,0.35714285714285715,0,0,1
INVINCIBLE IBIS,2025-09-23,2025-10-01,8,1200,1400,True,+,False,False,False,0.4,1,14,0.07142857142857142,1,1,1
SHAMUS STORM,2025-09-23,2025-10-01,8,1200,1400,True,+,False,False,False,0.5,6,14,0.42857142857142855,0,0,1
THE BOOM BOX,2025-09-23,2025-10-04,11,1200,1200,True,+,False,False,True,0.6,6,13,0.46153846153846156,0,0,1
PACKING HURRICANE,2025-09-23,2025-10-01,8,1200,1800,False,+,False,False,False,0.7,9,14,0.6428571428571429,0,0,0
SKY PHOENIX,2025-09-23,2025-10-19,26,1200,1000,True,0,False,False,False,0.8,13,14,0.9285714285714286,0,0,0
JUBILATION FOR ALL,2025-09-23,2025-10-01,8,1200,1200,True,-,False,False,False,0.9,11,14,0.7857142857142857,0,0,0
CALIFORNIA MOXIE,2025-09-23,2025-10-19,26,1200,1400,True,-,False,False,False,1.0,9,14,0.6428571428571429,0,0,0
NIGHT PUROSANGUE,2025-09-23,2025-10-04,11,1200,1650,False,++,False,True,False,0.1,2,13,0.15384615384615385,0,1,1
LUCKY MAN,2025-09-23,2025-10-01,8,1200,1200,True,+,False,False,False,0.2,3,14,0.21428571428571427,0,1,1
STRANGE ALERT,2025-09-23,2025-10-01,8,1200,1400,True,+,False,False,True,0.3,2,14,0.14285714285714285,0,1,1
FIT FOR BEAUTY,2025-09-23,2025-10-04,11,1200,1400,True,++,False,False,True,0.4,7,14,0.5,0,0,1
NEZHA,2025-09-23,2025-10-04,11,1200,1200,True,+,False,False,False,0.5,5,13,0.38461538461538464,0,0,1
NORTHERN BEAST,2025-09-23,2025-10-01,8,1200,1800,False,0,False,False,True,0.6,11,14,0.7857142857142857,0,0,0
BILLION TWO,2025-09-23,2025-10-04,11,1200,1650,False,0,False,False,False,0.7,14,14,1.0,0,0,0
SALUTE KING PRAWN,2025-09-23,2025-10-04,11,1200,1400,True,0,False,False,False,0.8,13,14,0.9285714285714286,0,0,0
ALL EYES ON ME,2025-09-23,2025-10-04,11,1200,1650,False,-,False,False,False,0.9,7,13,0.5384615384615384,0,0,0
HAILTOTHEVICTORS,2025-09-23,2025-10-01,8,1200,1800,False,-,False,False,False,1.0,10,14,0.7142857142857143,0,0,0
INVINCIBLE SAGE,2025-09-23,2025-10-01,8,1050,1000,True,++,False,True,True,0.1,5,8,0.625,0,0,0
STELLAR EXPRESS,2025-09-23,2025-10-04,11,1050,1000,True,+,False,False,True,0.2,13,14,0.9285714285714286,0,0,0
WHIZZ KID,2025-09-23,2025-10-04,11,1050,1000,True,+,False,False,True,0.3,9,14,0.6428571428571429,0,0,0
LADY'S CHOICE,2025-09-23,2025-10-12,19,1050,1200,True,++,False,False,False,0.4,2,12,0.16666666666666666,0,1,1
TOURBILLON PRINCE,2025-09-23,2025-10-01,8,1050,1400,False,+,False,False,False,0.5,9,10,0.9,0,0,0
GREAT LEGACY,2025-09-23,2025-10-15,22,1050,1200,True,-,False,False,False,0.8,9,12,0.75,0,0,0
SPORTS LEGEND,2025-09-26,2025-10-08,12,1200,1200,True,++,False,True,False,0.125,7,12,0.5833333333333334,0,0,0
STORMING DRAGON,2025-09-26,2025-10-08,12,1200,1200,True,+,False,False,False,0.25,4,12,0.3333333333333333,0,0,1
CAMBRIDGE,2025-09-26,2025-10-04,8,1200,1800,False,+,False,False,True,0.375,9,14,0.6428571428571429,0,0,0
CHATEAUNEUF,2025-09-26,2025-10-04,8,1200,1200,True,++,False,False,False,0.5,9,13,0.6923076923076923,0,0,0
AMAZING AWARD,2025-09-26,2025-10-08,12,1200,1650,False,+,True,False,False,0.625,12,12,1.0,0,0,0
CHILL BUDDY,2025-09-26,2025-10-04,8,1200,1000,True,+,True,False,False,0.75,5,14,0.35714285714285715,0,0,1
FLOOF,2025-09-26,2025-10-01,5,1200,1800,False,-,False,False,False,0.875,7,14,0.5,0,0,1
CASA ROCHESTER,2025-09-26,2025-10-08,12,1200,1650,False,-,False,False,False,1.0,3,11,0.2727272727272727,0,1,1
YOUNG ARROW,2025-09-26,2025-10-08,12,1200,1200,True,++,False,True,False,0.125,10,12,0.8333333333333334,0,0,0
WITHALLMYFAITH,2025-09-26,2025-10-04,8,1200,1800,False,+,False,False,True,0.25,6,14,0.42857142857142855,0,0,1
SUPER INFINITY,2025-09-26,2025-10-15,19,1200,1200,True,+,False,False,False,0.375,8,12,0.6666666666666666,0,0,0
AMAZING GAZE,2025-09-26,2025-10-08,12,1200,1650,False,++,False,False,False,0.5,2,12,0.16666666666666666,0,1,1
TOY SOLTERO,2025-09-26,2025-10-04,8,1200,1650,False,0,False,False,False,0.625,11,14,0.7857142857142857,0,0,0
SMILING EMPEROR,2025-09-26,2025-10-08,12,1200,1650,False,+,True,False,False,0.75,5,12,0.4166666666666667,0,0,1
SMART TRIO,2025-09-26,2025-10-04,8,1200,1400,True,-,False,False,False,0.875,12,14,0.8571428571428571,0,0,0
BIG STRIDE,2025-09-26,2025-10-12,16,1200,1400,True,0,False,False,True,,10,15,0.6666666666666666,0,0,0
GRAND NOVA,2025-09-26,2025-10-08,12,1200,1200,True,++,False,True,True,0.1111111111111111,9,12,0.75,0,0,0
CELESTIAL PATCH,2025-09-26,2025-10-08,12,1200,1650,False,+,False,False,False,0.2222222222222222,7,12,0.5833333333333334,0,0,0
GENIUS BABY,2025-09-26,2025-10-04,8,1200,1400,True,+,False,False,True,0.3333333333333333,9,14,0.6428571428571429,0,0,0
ETALON OR,2025-09-26,2025-10-04,8,1200,1400,True,++,False,False,False,0.4444444444444444,1,14,0.07142857142857142,1,1,1
SPORTIC WARRIOR,2025-09-26,2025-10-04,8,1200,1650,False,-,False,False,False,0.6666666666666666,12,13,0.9230769230769231,0,0,0
GASTRONOMIQUE,2025-09-26,2025-10-01,5,1200,1200,True,-,False,False,False,0.7777777777777778,6,14,0.42857142857142855,0,0,1
COLONEL,2025-09-26,2025-10-04,8,1200,1400,True,-,False,False,False,0.8888888888888888,6,14,0.42857142857142855,0,0,1
INNO CENTURY,2025-09-26,2025-10-08,12,1200,1200,True,-,False,False,False,1.0,8,12,0.6666666666666666,0,0,0
GEORGIAN SIGMA,2025-09-26,2025-10-26,30,1050,1200,True,++,False,True,False,0.14285714285714285,2,14,0.14285714285714285,0,1,1
THE ALL OUT,2025-09-26,2025-10-04,8,1050,1000,True,+,False,False,True,0.2857142857142857,10,14,0.7142857142857143,0,0,0
ZETA HEDGE,2025-09-26,2025-10-22,26,1050,1000,True,+,False,False,False,0.42857142857142855,2,13,0.15384615384615385,0,1,1
BEAUTY FORMULA,2025-09-26,2025-10-30,34,1050,1200,True,0,False,False,False,0.5714285714285714,10,12,0.8333333333333334,0,0,0
CIRCUIT GOGO,2025-09-26,2025-11-12,47,1050,1200,True,0,False,False,False,0.7142857142857143,7,12,0.5833333333333334,0,0,0
KING VICTOR,2025-09-26,2025-10-22,26,1050,1000,True,-,False,False,False,0.8571428571428571,8,13,0.6153846153846154,0,0,0
RELIABLE DAD,2025-09-26,2025-11-12,47,1050,1200,True,-,False,False,False,1.0,10,13,0.7692307692307693,0,0,0
STAR MAC,2025-09-26,2025-10-12,16,1000,1400,False,++,False,True,False,0.1111111111111111,10,14,0.7142857142857143,0,0,0
WUNDERBAR,2025-09-26,2025-10-01,5,1000,1000,True,+,False,False,False,0.2222222222222222,4,8,0.5,0,0,1
PACKING BOLE,2025-09-26,2025-10-04,8,1000,1000,True,+,False,False,True,0.3333333333333333,11,14,0.7857142857142857,0,0,0
RED ELEGANCE,2025-09-26,2025-10-22,26,1000,1000,True,+,False,False,False,0.4444444444444444,8,9,0.8888888888888888,0,0,0
AURORA LADY,2025-09-26,2025-10-22,26,1000,1000,True,0,False,False,False,0.5555555555555556,4,9,0.4444444444444444,0,0,1
NEARLY FINE,2025-09-26,2025-10-19,23,1000,1400,False,0,False,False,False,0.6666666666666666,11,14,0.7857142857142857,0,0,0
SIX THREE WIN,2025-09-26,2025-11-02,37,1000,1000,True,0,False,False,False,0.7777777777777778,9,12,0.75,0,0,0
TOP PEAK,2025-09-26,2025-10-26,30,1000,1200,True,++,False,True,False,0.09090909090909091,14,14,1.0,0,0,0
LOVE TOGETHER,2025-09-26,2025-11-15,50,1000,1000,True,+,False,False,False,0.18181818181818182,5,14,0.35714285714285715,0,0,1
ALPHA STRIKE,2025-09-26,2025-10-26,30,1000,1000,True,+,False,False,False,0.2727272727272727,1,14,0.07142857142857142,1,1,1
LOOKS OUTSTANDING,2025-09-26,2025-10-22,26,1000,1200,True,++,True,False,False,0.45454545454545453,1,12,0.08333333333333333,1,1,1
RUN RUN SUNRISE,2025-09-26,2025-11-09,44,1000,1000,True,0,False,False,False,0.5454545454545454,10,14,0.7142857142857143,0,0,0
SONIC PURSUIT,2025-09-26,2025-11-02,37,1000,1200,True,0,False,False,False,0.6363636363636364,3,12,0.25,0,1,1
GOLDENTRONICMIGHTY,2025-09-26,2025-10-26,30,1000,1200,True,+,False,False,False,0.7272727272727273,1,14,0.07142857142857142,1,1,1
KA YING ATTACK,2025-09-26,2025-10-26,30,1000,1400,False,0,False,False,True,0.8181818181818182,3,14,0.21428571428571427,0,1,1
MAGIC SUPER,2025-09-26,2025-11-09,44,1000,1000,True,-,False,False,False,0.9090909090909091,13,14,0.9285714285714286,0,0,0
ETERNAL RICHNESS,2025-09-26,2025-11-09,44,1000,1200,True,-,False,False,False,1.0,12,12,1.0,0,0,0
STAR FIGURE,2025-09-26,2025-10-22,26,1000,1200,True,++,False,True,True,0.1111111111111111,2,12,0.16666666666666666,0,1,1
GLORIOUS ST PAUL'S,2025-09-26,2025-11-23,58,1000,1400,False,++,False,False,True,0.2222222222222222,11,14,0.7857142857142857,0,0,0
CONRAD THE GREAT,2025-09-26,2025-10-22,26,1000,1000,True,+,False,False,False,0.3333333333333333,12,13,0.9230769230769231,0,0,0
QUARTZ LEGEND,2025-09-26,2025-11-02,37,1000,1000,True,+,False,False,True,0.4444444444444444,3,12,0.25,0,1,1
THE ALL ROUNDER,2025-09-26,2025-11-05,40,1000,1200,True,+,False,False,False,0.5555555555555556,11,12,0.9166666666666666,0,0,0
WORLD HERO,2025-09-26,2025-10-08,12,1000,1200,True,++,False,True,False,0.09090909090909091,7,12,0.5833333333333334,0,0,0
JUMBO BLESSING,2025-09-26,2025-11-09,44,1000,1000,True,+,False,False,False,0.18181818181818182,4,14,0.2857142857142857,0,0,1
CAP LINER,2025-09-26,2025-11-09,44,1000,1000,True,+,False,False,False,0.2727272727272727,3,14,0.21428571428571427,0,1,1
WINNING NOW,2025-09-26,2025-10-26,30,1000,1200,True,+,False,False,True,0.36363636363636365,10,14,0.7142857142857143,0,0,0
COOL BOY,2025-09-26,2025-11-15,50,1000,1200,True,+,False,False,False,0.45454545454545453,3,14,0.21428571428571427,0,1,1
MASTER OF HUMOR,2025-09-26,2025-10-26,30,1000,1200,True,0,False,False,True,0.5454545454545454,12,14,0.8571428571428571,0,0,0
ISLAND BREEZES,2025-09-26,2025-10-22,26,1000,1200,True,+,False,False,False,0.6363636363636364,9,12,0.75,0,0,0
MEOWTH,2025-09-26,2025-11-02,37,1000,1200,True,0,False,False,False,0.7272727272727273,6,12,0.5,0,0,1
CHILL MASTER,2025-09-26,2025-11-12,47,1000,1200,True,-,False,False,False,0.8181818181818182,5,12,0.4166666666666667,0,0,1
CIRRUS SPEED,2025-09-26,2025-11-09,44,1000,1000,True,-,False,False,False,1.0,7,14,0.5,0,0,1
ON THE LASH,2025-09-26,2025-10-26,30,1600,1800,True,++,False,True,True,0.125,1,13,0.07692307692307693,1,1,1
SPLENDID FORCE,2025-09-26,2025-10-12,16,1600,1600,True,-,False,False,True,0.25,11,14,0.7857142857142857,0,0,0
SOARING BRONCO,2025-09-26,2025-10-08,12,1600,1650,True,++,True,False,True,0.375,10,12,0.8333333333333334,0,0,0
FANTASTIC FUN,2025-09-26,2025-10-15,19,1600,1650,True,+,False,False,True,0.5,1,12,0.08333333333333333,1,1,1
SUPER GOLDENDRAGON,2025-09-26,2025-10-19,23,1600,1800,True,-,False,False,True,0.75,11,14,0.7857142857142857,0,0,0
AGENDA,2025-09-26,2025-10-26,30,1600,2000,False,+,False,False,True,1.0,10,13,0.7692307692307693,0,0,0
LOVERO,2025-09-26,2025-10-22,26,1200,1650,False,++,False,True,True,0.1,11,11,1.0,0,0,0
SKY HEART,2025-09-26,2025-10-12,16,1200,1400,True,+,False,False,True,0.2,1,14,0.07142857142857142,1,1,1
MASSIVE SOVEREIGN,2025-09-26,2025-10-26,30,1200,1600,False,+,False,False,False,0.4,4,14,0.2857142857142857,0,0,1
MICKLEY,2025-09-26,2025-10-01,5,1200,1400,True,++,False,False,True,0.5,7,10,0.7,0,0,0
KARMA,2025-09-26,2025-10-30,34,1200,1650,False,+,False,False,False,0.6,5,14,0.35714285714285715,0,0,1
DROMBEG BANNER,2025-09-26,2025-11-09,44,1200,1400,True,0,False,False,True,0.7,6,14,0.42857142857142855,0,0,1
NOT USUAL PICK,2025-09-26,2025-10-22,26,1200,1200,True,+,True,False,False,0.8,11,12,0.9166666666666666,0,0,0
MR ASCENDENCY,2025-09-26,2025-10-04,8,1200,1650,False,-,False,False,False,0.9,12,12,1.0,0,0,0
ENTHRALLED,2025-09-26,2025-10-04,8,1200,1800,False,-,False,False,False,1.0,12,14,0.8571428571428571,0,0,0
FIND MY LOVE,2025-09-26,2025-10-15,19,1200,1200,True,++,False,True,False,0.09090909090909091,2,12,0.16666666666666666,0,1,1
IVY LEAGUE,2025-09-26,2025-10-22,26,1200,1650,False,++,False,False,False,0.18181818181818182,3,11,0.2727272727272727,0,1,1
GALLANT EPOCH,2025-09-26,2025-10-26,30,1200,1400,True,+,False,False,True,0.2727272727272727,3,14,0.21428571428571427,0,1,1
LUCKY GENERATIONS,2025-09-26,2025-10-04,8,1200,1400,True,+,False,False,False,0.36363636363636365,13,14,0.9285714285714286,0,0,0
VOYAGE BOSS,2025-09-26,2025-10-12,16,1200,1200,True,+,False,False,True,0.45454545454545453,4,12,0.3333333333333333,0,0,1
MISTER DAPPER,2025-09-26,2025-10-19,23,1200,1600,False,+,True,False,False,0.6363636363636364,7,14,0.5,0,0,1
JUNEAU PRIDE,2025-09-26,2025-10-12,16,1200,1400,True,0,False,False,False,0.7272727272727273,6,14,0.42857142857142855,0,0,1
ORIGIN OF FORM,2025-09-26,2025-11-12,47,1200,1200,True,+,False,False,False,0.8181818181818182,11,12,0.9166666666666666,0,0,0
DEFINITIVE,2025-09-26,2025-10-22,26,1200,1650,False,+,False,False,False,1.0,8,11,0.7272727272727273,0,0,0
FOREVER GLORIOUS,2025-09-26,2025-10-15,19,1200,1650,False,++,False,True,True,0.1111111111111111,4,12,0.3333333333333333,0,0,1
POSITIVE SMILE,2025-09-26,2025-10-12,16,1200,1400,True,++,False,False,True,0.2222222222222222,2,15,0.13333333333333333,0,1,1
OLDTOWN,2025-09-26,2025-10-12,16,1200,1200,True,+,False,False,True,0.3333333333333333,1,12,0.08333333333333333,1,1,1
MATTERS MOST,2025-09-26,2025-10-12,16,1200,1200,True,++,True,False,False,0.4444444444444444,1,11,0.09090909090909091,1,1,1
FOREVER FANCY,2025-09-26,2025-10-26,30,1200,1200,True,0,False,False,False,0.6666666666666666,7,14,0.5,0,0,1
SERANGOON,2025-09-26,2025-10-26,30,1200,1600,False,+,False,False,False,0.7777777777777778,7,14,0.5,0,0,1
GOLDEN BRILLIANT,2025-09-26,2025-10-22,26,1200,1200,True,-,False,False,False,0.8888888888888888,11,12,0.9166666666666666,0,0,0
STAR ELEGANCE,2025-09-26,2025-11-15,50,1200,1200,True,-,False,False,False,1.0,10,14,0.7142857142857143,0,0,0
PEJIBAYE,2025-09-26,2025-10-19,23,1200,1200,True,++,True,True,False,0.1111111111111111,1,13,0.07692307692307693,1,1,1
THE GOLDEN KNIGHT,2025-09-26,2025-10-19,23,1200,1400,True,+,False,False,True,0.2222222222222222,3,14,0.21428571428571427,0,1,1
OCEAN IMPACT,2025-09-26,2025-10-04,8,1200,1400,True,+,False,False,False,0.4444444444444444,5,14,0.35714285714285715,0,0,1
SO MY FOLKS,2025-09-26,2025-11-09,44,1200,1000,True,-,False,False,True,0.5555555555555556,5,14,0.35714285714285715,0,0,1
MANAGEMENT FOLKS,2025-09-26,2025-11-02,37,1200,1800,False,-,False,False,False,0.6666666666666666,4,12,0.3333333333333333,0,0,1
ZHOU GONGJIN,2025-09-26,2025-10-26,30,1200,1200,True,-,False,False,False,0.8888888888888888,14,14,1.0,0,0,0
SMART FAT CAT,2025-09-26,2025-10-19,23,1200,1400,True,++,False,True,False,0.1111111111111111,9,14,0.6428571428571429,0,0,0
REZEKI,2025-09-26,2025-10-04,8,1200,1200,True,+,False,False,False,0.2222222222222222,2,14,0.14285714285714285,0,1,1
RUN RUN TIMING,2025-09-26,2025-10-22,26,1200,1200,True,+,False,False,False,0.3333333333333333,2,12,0.16666666666666666,0,1,1
UP WITH CHARM,2025-09-26,2025-10-15,19,1200,1200,True,-,False,False,True,0.5555555555555556,9,12,0.75,0,0,0
SMART ENGINEER,2025-09-26,2025-11-02,37,1200,1200,True,+,False,False,True,0.6666666666666666,11,13,0.8461538461538461,0,0,0
EVERYONE'S GALLOP,2025-09-26,2025-10-30,34,1200,1200,True,-,False,False,True,0.7777777777777778,9,12,0.75,0,0,0
WORD OF KINDNESS,2025-09-26,2025-11-15,50,1200,1200,True,-,False,False,False,0.8888888888888888,9,14,0.6428571428571429,0,0,0
AWESOME FLUKE,2025-09-27,2025-10-19,22,1700,1600,True,++,False,True,True,0.125,13,14,0.9285714285714286,0,0,0
CALL ME TOPSEED,2025-09-27,2025-10-08,11,1700,1650,True,+,False,False,True,0.25,8,11,0.7272727272727273,0,0,0
ROMANTIC THOR,2025-09-27,2025-10-26,29,1700,2000,False,+,False,False,False,0.375,6,13,0.46153846153846156,0,0,1
ROMANTIC WARRIOR,2025-09-27,2025-11-23,57,1700,2000,False,+,False,False,False,0.5,1,9,0.1111111111111111,1,1,1
CHILL CHIBI,2025-09-27,2025-10-04,7,1700,1650,True,0,False,False,False,0.625,10,12,0.8333333333333334,0,0,0
FLAMINGO TRILLION,2025-09-27,2025-10-15,18,1700,1800,True,-,False,False,True,0.75,11,12,0.9166666666666666,0,0,0
SEWARD,2025-09-27,2025-11-23,57,1700,1400,False,-,False,False,True,0.875,12,14,0.8571428571428571,0,0,0
CHARITY TOGETHER,2025-09-27,2025-10-19,22,1700,1800,True,-,False,False,True,1.0,4,14,0.2857142857142857,0,0,1
THE AZURE,2025-09-27,2025-10-08,11,1700,1650,True,++,False,True,True,0.1111111111111111,8,12,0.6666666666666666,0,0,0
METAL KING,2025-09-27,2025-10-15,18,1700,1650,True,++,False,False,True,0.2222222222222222,8,12,0.6666666666666666,0,0,0
LOADED WITH FLUKE,2025-09-27,2025-10-04,7,1700,1650,True,++,False,False,True,0.3333333333333333,6,13,0.46153846153846156,0,0,1
SMART AVENUE,2025-09-27,2025-10-19,22,1700,1400,False,+,False,False,True,0.4444444444444444,7,14,0.5,0,0,1
SUPER PACE,2025-09-27,2025-10-08,11,1700,1650,True,+,False,False,True,0.5555555555555556,9,12,0.75,0,0,0
LIGHTNING ARROW,2025-09-27,2025-11-05,39,1700,1650,True,0,False,False,False,0.6666666666666666,9,12,0.75,0,0,0
SMILING ONE,2025-09-27,2025-11-23,57,1700,1400,False,-,False,False,True,0.7777777777777778,14,14,1.0,0,0,0
VECU,2025-09-27,2025-11-23,57,1700,1400,False,-,False,False,False,0.8888888888888888,11,14,0.7857142857142857,0,0,0
AERIS NOVA,2025-09-27,2025-10-12,15,1200,1200,True,++,False,True,False,0.1111111111111111,4,12,0.3333333333333333,0,0,1
KING MILES,2025-09-27,2025-10-15,18,1200,1200,True,+,False,False,True,0.3333333333333333,1,12,0.08333333333333333,1,1,1
REGAL GEM,2025-09-27,2025-10-08,11,1200,1200,True,++,False,False,False,0.4444444444444444,1,12,0.08333333333333333,1,1,1
GOLDEN EMPIRE,2025-09-27,2025-10-12,15,1200,1200,True,+,True,False,False,0.5555555555555556,7,11,0.6363636363636364,0,0,0
CHEAHA,2025-09-27,2025-11-05,39,1200,1200,True,0,False,False,False,0.6666666666666666,5,12,0.4166666666666667,0,0,1
LOCH TAY,2025-09-27,2025-10-15,18,1200,1200,True,0,False,False,True,0.7777777777777778,11,12,0.9166666666666666,0,0,0
LEGENDARY YEARS,2025-09-27,2025-10-12,15,1200,1400,True,-,False,False,False,0.8888888888888888,9,14,0.6428571428571429,0,0,0
NOVA KNIGHT,2025-09-27,2025-10-12,15,1200,1200,True,+,True,False,False,1.0,10,11,0.9090909090909091,0,0,0
URANUS STAR,2025-09-27,2025-10-12,15,1200,1400,True,++,False,True,True,0.1111111111111111,8,14,0.5714285714285714,0,0,0
KA YING GLORY,2025-09-27,2025-10-19,22,1200,1200,True,++,False,False,False,0.2222222222222222,8,13,0.6153846153846154,0,0,0
ANOTHER WORLD,2025-09-27,2025-10-12,15,1200,1400,True,+,False,False,True,0.3333333333333333,11,14,0.7857142857142857,0,0,0
BLUE ILLUSION,2025-09-27,2025-11-02,36,1200,1000,True,+,False,False,True,0.4444444444444444,6,12,0.5,0,0,1
NEVER TOO SOON,2025-09-27,2025-10-08,11,1200,1200,True,+,False,False,False,0.6666666666666666,2,12,0.16666666666666666,0,1,1
LUCKY XANDER,2025-09-27,2025-10-15,18,1200,1200,True,-,False,False,False,0.7777777777777778,10,12,0.8333333333333334,0,0,0
DIVINE MOONLIGHT,2025-09-27,2025-11-05,39,1200,1000,True,-,False,False,False,0.8888888888888888,12,12,1.0,0,0,0
YEE CHEONG GLORY,2025-09-27,2025-10-12,15,1200,1200,True,++,False,True,True,0.1111111111111111,8,11,0.7272727272727273,0,0,0
DAN ATTACK,2025-09-27,2025-10-08,11,1200,1200,True,+,False,False,False,0.2222222222222222,4,12,0.3333333333333333,0,0,1
GOLDEN DREAM,2025-09-27,2025-11-05,39,1200,1200,True,++,True,False,False,0.3333333333333333,7,12,0.5833333333333334,0,0,0
RUNJEET,2025-09-27,2025-10-15,18,1200,1200,True,+,False,False,True,0.4444444444444444,10,12,0.8333333333333334,0,0,0
JUSTIFY YOURSELF,2025-09-27,2025-11-12,46,1200,1650,False,0,False,False,True,0.5555555555555556,10,12,0.8333333333333334,0,0,0
GIANT BALLON,2025-09-27,2025-10-19,22,1200,1000,True,0,False,False,False,0.6666666666666666,4,14,0.2857142857142857,0,0,1
AMO ERGO SUM,2025-09-27,2025-11-23,57,1200,1200,True,+,False,False,True,0.7777777777777778,14,14,1.0,0,0,0
MATSU VICTOR,2025-09-27,2025-10-12,15,1200,1600,False,-,False,False,False,0.8888888888888888,13,14,0.9285714285714286,0,0,0
MY DAY MY WAY,2025-09-27,2025-11-19,53,1200,1200,True,-,False,False,False,1.0,8,12,0.6666666666666666,0,0,0
ROBOT LUCKY STAR,2025-09-27,2025-10-19,22,1200,1000,True,++,False,True,True,0.1,1,14,0.07142857142857142,1,1,1
GLACIATED,2025-09-27,2025-10-04,7,1200,1200,True,+,False,False,False,0.2,5,14,0.35714285714285715,0,0,1
STERLING WONGCHOY,2025-09-27,2025-10-08,11,1200,1650,False,+,False,False,False,0.3,4,12,0.3333333333333333,0,0,1
COURIER MAGIC,2025-09-27,2025-10-15,18,1200,1650,False,++,True,False,False,0.4,2,12,0.16666666666666666,0,1,1
GLORIOUS KINGDOM,2025-09-27,2025-10-04,7,1200,1200,True,-,False,False,False,0.5,9,14,0.6428571428571429,0,0,0
SUPER ELITE,2025-09-27,2025-10-12,15,1200,1200,True,0,False,False,False,0.6,8,12,0.6666666666666666,0,0,0
COME FAST FAY FAY,2025-09-27,2025-10-19,22,1200,1400,True,-,False,False,True,0.7,12,14,0.8571428571428571,0,0,0
FLYING TING LOK,2025-09-27,2025-10-22,25,1200,1200,True,-,False,False,False,0.8,7,12,0.5833333333333334,0,0,0
NEVER SETTLE,2025-09-27,2025-11-05,39,1200,1200,True,-,False,False,False,0.9,3,12,0.25,0,1,1
MASSIVE FIRE,2025-09-27,2025-10-15,18,1200,1650,False,-,False,False,True,1.0,12,12,1.0,0,0,0
COLOURFUL KING,2025-09-27,2025-10-22,25,1000,1000,True,++,False,True,False,0.1111111111111111,2,9,0.2222222222222222,0,1,1
ZOUPER FELLOW,2025-09-27,2025-10-22,25,1000,1000,True,++,False,False,True,0.3333333333333333,11,13,0.8461538461538461,0,0,0
QUICK MONEY,2025-09-27,2025-10-04,7,1000,1000,True,+,False,False,False,0.4444444444444444,7,14,0.5,0,0,1
ALL'S WELL,2025-09-27,2025-10-12,15,1000,1200,True,+,False,False,True,0.5555555555555556,3,12,0.25,0,1,1
MABUBU,2025-09-27,2025-11-23,57,1000,1200,True,+,False,False,False,0.6666666666666666,1,14,0.07142857142857142,1,1,1
WITH A SMILE,2025-09-27,2025-11-02,36,1000,1200,True,0,False,False,False,0.7777777777777778,5,12,0.4166666666666667,0,0,1
CAMP LAND,2025-09-27,2025-10-12,15,1000,1200,True,-,False,False,True,1.0,11,12,0.9166666666666666,0,0,0
WINNING CIGAR,2025-09-27,2025-11-02,36,1000,1200,True,+,False,False,True,0.2222222222222222,12,13,0.9230769230769231,0,0,0
CIRCUIT HAPPY,2025-09-27,2025-11-02,36,1000,1000,True,+,False,False,True,0.3333333333333333,11,12,0.9166666666666666,0,0,0
JUBILANT STAR,2025-09-27,2025-10-12,15,1000,1200,True,++,True,False,True,0.4444444444444444,2,12,0.16666666666666666,0,1,1
SUPER MASTERMIND,2025-09-27,2025-10-26,29,1000,1200,True,+,False,False,True,0.5555555555555556,12,14,0.8571428571428571,0,0,0
ELITE GOLF,2025-09-27,2025-11-15,49,1000,1200,True,+,False,False,False,0.6666666666666666,5,14,0.35714285714285715,0,0,1
KYRUS DRAGON,2025-09-29,2025-10-08,9,1000,1200,True,++,False,True,True,0.1111111111111111,1,12,0.08333333333333333,1,1,1
PUBLIC ATTENTION,2025-09-29,2025-11-23,55,1000,1200,True,+,False,False,False,0.2222222222222222,2,14,0.14285714285714285,0,1,1
GOKO WIN,2025-09-29,2025-10-22,23,1000,1200,True,+,False,False,False,0.4444444444444444,9,12,0.75,0,0,0
MR BOLT,2025-09-29,2025-11-23,55,1000,1400,False,0,False,False,False,0.5555555555555556,4,14,0.2857142857142857,0,0,1
GREATER BAE,2025-09-29,2025-11-26,58,1000,1200,True,0,False,False,False,0.6666666666666666,9,12,0.75,0,0,0
WINNING DIAMOND,2025-09-29,2025-11-09,41,1000,1000,True,++,True,False,False,0.25,11,14,0.7857142857142857,0,0,0
DUKE OF ORANGE,2025-09-29,2025-10-26,27,1000,1200,True,+,False,False,False,0.375,8,14,0.5714285714285714,0,0,0
CIRCUIT MARSHAL,2025-09-29,2025-11-23,55,1000,1400,False,0,False,False,False,0.625,6,14,0.42857142857142855,0,0,1
THE PROMISE,2025-09-29,2025-10-19,20,1000,1000,True,0,False,False,True,,12,14,0.8571428571428571,0,0,0
SHINE BRIGHT,2025-09-29,2025-10-12,13,1000,1200,True,++,False,True,False,0.125,9,12,0.75,0,0,0
HYANNIS STAR,2025-09-29,2025-10-26,27,1000,1200,True,+,False,False,True,0.25,11,14,0.7857142857142857,0,0,0
FUNG,2025-09-29,2025-10-12,13,1000,1200,True,++,False,False,False,0.375,12,12,1.0,0,0,0
EVER LUCK,2025-09-29,2025-10-26,27,1000,1200,True,+,False,False,False,0.5,1,14,0.07142857142857142,1,1,1
QUICK CONTRIBUTION,2025-09-29,2025-11-02,34,1000,1200,True,+,False,False,False,0.625,2,12,0.16666666666666666,0,1,1
FOREST KING,2025-09-29,2025-10-26,27,1000,1200,True,-,False,False,False,0.75,10,14,0.7142857142857143,0,0,0
WINNING MONEY,2025-09-29,2025-11-09,41,1000,1000,True,-,False,False,False,0.875,11,14,0.7857142857142857,0,0,0
SZERYNG,2025-09-29,2025-11-09,41,800,1200,False,++,False,True,False,0.125,1,12,0.08333333333333333,1,1,1
ALWAYS AHEAD,2025-09-29,2025-11-23,55,800,1200,False,++,False,False,False,0.25,10,14,0.7142857142857143,0,0,0
LUCK SMILES,2025-09-29,2025-11-26,58,800,1200,False,0,False,False,False,0.625,12,12,1.0,0,0,0
EXCELLENT BOY,2025-09-29,2025-11-15,47,800,1200,False,-,False,False,False,1.0,13,14,0.9285714285714286,0,0,0
BROWNNEEDSFURTHER,2025-09-29,2025-11-02,34,800,1200,False,+,False,False,False,0.5714285714285714,3,13,0.23076923076923078,0,1,1
WATCH THE FORT,2025-09-29,2025-11-15,47,800,1400,False,+,False,False,False,0.7142857142857143,11,14,0.7857142857142857,0,0,0
COLOURFUL GAN,2025-09-29,2025-11-09,41,800,1400,False,-,False,False,False,0.8571428571428571,10,14,0.7142857142857143,0,0,0
HONG KONG HALL,2025-09-29,2025-10-30,31,800,1200,False,++,False,True,False,0.125,12,12,1.0,0,0,0
TURIN CHAMPIONS,2025-09-29,2025-11-15,47,800,1200,False,+,False,False,False,0.25,6,14,0.42857142857142855,0,0,1
GO GENERAL,2025-09-29,2025-11-05,37,800,1200,False,-,False,False,True,0.625,10,12,0.8333333333333334,0,0,0
SAGACIOUS LIFE,2025-09-29,2025-10-26,27,1200,1600,False,++,False,True,True,0.09090909090909091,1,14,0.07142857142857142,1,1,1
EVERYONE'S STAR,2025-09-29,2025-10-19,20,1200,1400,True,+,False,False,False,0.18181818181818182,2,14,0.14285714285714285,0,1,1
CALIFORNIA BLUES,2025-09-29,2025-11-09,41,1200,1200,True,++,True,False,True,0.2727272727272727,11,12,0.9166666666666666,0,0,0
KEEN MOLLY,2025-09-29,2025-10-08,9,1200,1650,False,++,True,False,True,0.36363636363636365,2,11,0.18181818181818182,0,1,1
SYMBOL OF STRENGTH,2025-09-29,2025-10-12,13,1200,1200,True,+,False,False,False,0.45454545454545453,12,12,1.0,0,0,0
A AMERIC TE SPECSO,2025-09-29,2025-10-08,9,1200,1200,True,+,False,False,False,0.5454545454545454,6,12,0.5,0,0,1
MASTEROFMYUNIVERSE,2025-09-29,2025-10-12,13,1200,1200,True,+,False,False,True,0.6363636363636364,7,12,0.5833333333333334,0,0,0
SKY JOY,2025-09-29,2025-10-19,20,1200,1200,True,+,True,False,True,0.7272727272727273,2,12,0.16666666666666666,0,1,1
TAKE ACTION,2025-09-29,2025-10-08,9,1200,1650,False,-,False,False,False,0.8181818181818182,6,12,0.5,0,0,1
PRESTIGE GOOD,2025-09-29,2025-10-08,9,1200,1650,False,-,False,False,False,0.9090909090909091,10,11,0.9090909090909091,0,0,0
BIGTIME GENERATION,2025-09-29,2025-10-12,13,1200,1200,True,-,False,False,False,1.0,9,11,0.8181818181818182,0,0,0
LIM'S SHAVANO,2025-09-29,2025-10-12,13,1200,1400,True,++,False,True,True,0.1111111111111111,13,14,0.9285714285714286,0,0,0
CHEVAL VICTORIOUS,2025-09-29,2025-10-12,13,1200,1200,True,+,False,False,False,0.2222222222222222,5,12,0.4166666666666667,0,0,1
BUCEPHALAS,2025-09-29,2025-11-15,47,1200,1400,True,+,False,False,False,0.3333333333333333,1,14,0.07142857142857142,1,1,1
JOLLY BRILLIANT,2025-09-29,2025-11-15,47,1200,1200,True,-,False,False,False,0.6666666666666666,11,14,0.7857142857142857,0,0,0
LEATHER GOODS,2025-09-29,2025-11-12,44,1200,1200,True,-,False,False,False,0.8888888888888888,7,13,0.5384615384615384,0,0,0
PING HAI COMET,2025-09-29,2025-11-26,58,1200,1800,False,-,False,False,False,1.0,10,12,0.8333333333333334,0,0,0
APPEALING CITY,2025-09-29,2025-10-26,27,1200,1400,True,+,False,False,True,0.18181818181818182,14,14,1.0,0,0,0
GOOD FORTUNE,2025-09-29,2025-10-12,13,1200,1200,True,+,False,False,True,0.2727272727272727,6,12,0.5,0,0,1
PRESTIGE HALL,2025-09-29,2025-10-19,20,1200,1000,True,++,True,False,False,0.36363636363636365,7,14,0.5,0,0,1
GOR GOR,2025-09-29,2025-10-19,20,1200,1400,True,+,False,False,False,0.45454545454545453,14,14,1.0,0,0,0
CAPTAIN LINK,2025-09-29,2025-11-19,51,1200,1200,True,+,False,False,True,0.6363636363636364,12,12,1.0,0,0,0
SOMETHING JONAH,2025-09-29,2025-10-12,13,1200,1200,True,0,False,False,False,0.8181818181818182,6,12,0.5,0,0,1
LEGENDARY IMPACT,2025-09-29,2025-10-15,16,1200,1200,True,-,False,False,False,0.9090909090909091,6,12,0.5,0,0,1
INVINCIBLE SHIELD,2025-09-30,2025-10-26,26,1200,1200,True,++,False,True,False,0.125,12,14,0.8571428571428571,0,0,0
MONARCH COUNTY,2025-09-30,2025-10-08,8,1200,1200,True,++,False,False,True,0.25,7,12,0.5833333333333334,0,0,0
GALAXY PATCH,2025-09-30,2025-10-19,19,1200,1600,False,++,False,False,True,0.375,6,14,0.42857142857142855,0,0,1
VOYAGE BUBBLE,2025-09-30,2025-10-19,19,1200,1600,False,+,False,False,False,0.5,12,14,0.8571428571428571,0,0,0
ENSUED,2025-09-30,2025-10-19,19,1200,1600,False,0,False,False,False,0.625,13,14,0.9285714285714286,0,0,0
GRACIOUS EXPRESS,2025-09-30,2025-10-08,8,1200,1200,True,-,False,False,False,0.75,5,12,0.4166666666666667,0,0,1
RED LION,2025-09-30,2025-10-19,19,1200,1600,False,-,False,False,True,0.875,10,14,0.7142857142857143,0,0,0
STORMY GROVE,2025-09-30,2025-10-26,26,1200,1000,True,-,False,False,False,1.0,6,14,0.42857142857142855,0,0,1
SUPER SICARIO,2025-09-30,2025-10-08,8,1200,1650,False,++,True,True,True,0.1111111111111111,3,12,0.25,0,1,1
AEROINVINCIBLE,2025-09-30,2025-10-19,19,1200,1400,True,+,False,False,True,0.2222222222222222,5,14,0.35714285714285715,0,0,1
QUANTUM PATCH,2025-09-30,2025-10-08,8,1200,1650,False,++,False,False,True,0.3333333333333333,3,12,0.25,0,1,1
PRAY FOR JUSTICE,2025-09-30,2025-11-09,40,1200,1400,True,++,False,False,False,0.4444444444444444,5,14,0.35714285714285715,0,0,1
CHARITY GAIN,2025-09-30,2025-10-15,15,1200,1800,False,+,False,False,False,0.5555555555555556,3,12,0.25,0,1,1
FLASH CURRENT,2025-09-30,2025-11-23,54,1200,1400,True,+,False,False,False,0.6666666666666666,12,14,0.8571428571428571,0,0,0
DASHING DRAGON,2025-09-30,2025-10-12,12,1200,1600,False,+,False,False,False,0.7777777777777778,14,14,1.0,0,0,0
WUKONG JEWELLERY,2025-09-30,2025-11-19,50,1200,1650,False,+,True,False,False,1.0,6,12,0.5,0,0,1
GIDDY UP,2025-09-30,2025-10-12,12,1200,1200,True,++,False,True,True,0.1111111111111111,8,12,0.6666666666666666,0,0,0
LUNAR DASH,2025-09-30,2025-10-08,8,1200,1200,True,+,False,False,False,0.2222222222222222,1,12,0.08333333333333333,1,1,1
FORTUNE WHISKEY,2025-09-30,2025-10-15,15,1200,1200,True,+,False,False,True,0.3333333333333333,10,12,0.8333333333333334,0,0,0
MOTOMAN,2025-09-30,2025-10-08,8,1200,1200,True,+,False,False,True,0.4444444444444444,12,12,1.0,0,0,0
SIGHT HERMOSO,2025-09-30,2025-10-19,19,1200,1000,True,0,False,False,True,0.5555555555555556,6,14,0.42857142857142855,0,0,1
KA YING GENERATION,2025-09-30,2025-11-23,54,1200,2000,False,+,False,False,True,0.6666666666666666,3,9,0.3333333333333333,0,1,1
HAPPY ALLIANCE,2025-09-30,2025-10-12,12,1200,1200,True,0,False,False,True,0.7777777777777778,11,12,0.9166666666666666,0,0,0
FORTUNE STAR,2025-09-30,2025-10-08,8,1200,1650,False,+,False,False,False,0.8888888888888888,2,12,0.16666666666666666,0,1,1
TO INFINITY,2025-09-30,2025-10-08,8,1200,1650,False,+,True,False,False,1.0,11,12,0.9166666666666666,0,0,0
BOWSER,2025-09-30,2025-10-12,12,1200,1200,True,++,False,True,False,0.1,8,12,0.6666666666666666,0,0,0
BITS SUPERSTAR,2025-09-30,2025-10-12,12,1200,1200,True,+,False,False,True,0.2,7,12,0.5833333333333334,0,0,0
JUBILANT WINNER,2025-09-30,2025-10-12,12,1200,1200,True,+,False,False,False,0.3,1,12,0.08333333333333333,1,1,1
TURIN WARRIOR,2025-09-30,2025-10-22,22,1200,1650,False,+,False,False,False,0.5,6,12,0.5,0,0,1
YOUTH POWER,2025-09-30,2025-10-15,15,1200,1650,False,+,False,False,False,0.6,8,12,0.6666666666666666,0,0,0
WRITTEN CASA,2025-09-30,2025-10-08,8,1200,1200,True,+,True,False,False,0.7,12,12,1.0,0,0,0
ONE LOVE,2025-09-30,2025-10-26,26,1200,1200,True,-,False,False,True,0.8,13,14,0.9285714285714286,0,0,0
GOLD TACK,2025-09-30,2025-10-15,15,1200,1650,False,-,False,False,False,1.0,5,12,0.4166666666666667,0,0,1
MARVEL AND GOLD,2025-09-30,2025-10-30,30,1050,1200,True,++,False,True,False,0.1,10,12,0.8333333333333334,0,0,0
ALABAMA SONG,2025-09-30,2025-10-26,26,1050,1200,True,++,False,False,False,0.3,5,14,0.35714285714285715,0,0,1
MOUNT EVEREST,2025-09-30,2025-11-09,40,1050,1400,False,++,False,False,True,0.5,12,14,0.8571428571428571,0,0,0
TEAM TEAM FOLKS,2025-09-30,2025-11-12,43,1050,1200,True,0,False,False,False,0.6,1,12,0.08333333333333333,1,1,1
LEAN MASTER,2025-09-30,2025-10-08,8,1050,1000,True,0,False,False,False,,5,13,0.38461538461538464,0,0,1
GOOD CHAP,2025-09-30,2025-10-19,19,1050,1200,True,++,False,True,True,0.1,3,13,0.23076923076923078,0,1,1
IMPENDING LEGACY,2025-09-30,2025-10-15,15,1050,1200,True,+,False,False,True,0.2,7,12,0.5833333333333334,0,0,0
HAPPY BOYS,2025-09-30,2025-10-08,8,1050,1000,True,+,False,False,True,0.3,6,13,0.46153846153846156,0,0,1
SHOTGUN,2025-09-30,2025-10-22,22,1050,1200,True,+,False,False,True,0.4,8,12,0.6666666666666666,0,0,0
HAPPY UNITED,2025-09-30,2025-10-08,8,1050,1000,True,+,False,False,False,0.5,12,13,0.9230769230769231,0,0,0
MAJESTIC DELIGHT,2025-09-30,2025-10-22,22,1050,1200,True,0,False,False,True,0.6,5,12,0.4166666666666667,0,0,1
ADORABLE SMILE,2025-09-30,2025-11-23,54,1050,1200,True,-,False,False,True,0.9,12,14,0.8571428571428571,0,0,0
ZETTA FORCE,2025-09-30,2025-10-15,15,1050,1200,True,+,False,False,False,1.0,5,12,0.4166666666666667,0,0,1
SPEED DRAGON,2025-10-03,2025-10-15,12,1200,1800,False,++,False,True,False,0.1111111111111111,1,10,0.1,1,1,1
LADY'S CHOICE,2025-10-03,2025-10-12,9,1200,1200,True,+,False,False,True,0.2222222222222222,2,12,0.16666666666666666,0,1,1
HELIOS EXPRESS,2025-10-03,2025-10-26,23,1200,1200,True,+,False,False,True,0.3333333333333333,5,14,0.35714285714285715,0,0,1
BUNDLE AWARD,2025-10-03,2025-10-26,23,1200,1600,False,+,False,False,True,0.4444444444444444,11,14,0.7857142857142857,0,0,0
CALIFORNIATOTALITY,2025-10-03,2025-10-15,12,1200,1800,False,0,False,False,True,0.5555555555555556,2,10,0.2,0,1,1
TIN FOOK,2025-10-03,2025-10-12,9,1200,1400,True,0,False,False,True,0.6666666666666666,3,14,0.21428571428571427,0,1,1
LA FORZA,2025-10-03,2025-10-15,12,1200,1200,True,+,False,False,False,0.8888888888888888,12,12,1.0,0,0,0
BEAUTY ETERNAL,2025-10-03,2025-10-19,16,1200,1600,False,-,False,False,True,1.0,9,14,0.6428571428571429,0,0,0
BLAZING WIND,2025-10-03,2025-10-12,9,1200,1200,True,++,False,True,False,0.1111111111111111,2,12,0.16666666666666666,0,1,1
POWER KOEPP,2025-10-03,2025-10-12,9,1200,1200,True,+,False,False,True,0.2222222222222222,6,11,0.5454545454545454,0,0,0
SUPER STRONG KID,2025-10-03,2025-10-12,9,1200,1200,True,++,True,False,False,0.3333333333333333,2,11,0.18181818181818182,0,1,1
TAOGETHER,2025-10-03,2025-11-09,37,1200,1200,True,+,False,False,True,0.4444444444444444,5,12,0.4166666666666667,0,0,1
COLOURFUL KNIGHT,2025-10-03,2025-10-12,9,1200,1400,True,0,False,False,False,0.5555555555555556,14,14,1.0,0,0,0
SMART CITY,2025-10-03,2025-10-15,12,1200,1650,False,0,False,False,False,0.6666666666666666,7,12,0.5833333333333334,0,0,0
STRAIGHT TO GLORY,2025-10-03,2025-10-19,16,1200,1000,True,0,False,False,False,0.7777777777777778,3,14,0.21428571428571427,0,1,1
SAVVY WARRIOR,2025-10-03,2025-10-19,16,1200,1200,True,-,False,False,False,0.8888888888888888,10,13,0.7692307692307693,0,0,0
RAINBOW WARRIOR,2025-10-03,2025-10-12,9,1200,1200,True,-,False,False,False,1.0,11,12,0.9166666666666666,0,0,0
FATAL BLOW,2025-10-03,2025-10-12,9,1200,1200,True,++,False,True,True,0.1111111111111111,4,12,0.3333333333333333,0,0,1
ORIENTAL SURPRISE,2025-10-03,2025-10-12,9,1200,1200,True,++,True,False,False,0.2222222222222222,4,12,0.3333333333333333,0,0,1
REWARDING BUDDY,2025-10-03,2025-10-15,12,1200,1200,True,+,False,False,True,0.3333333333333333,2,12,0.16666666666666666,0,1,1
STAR BROSE,2025-10-03,2025-10-19,16,1200,1800,False,+,False,False,False,0.4444444444444444,8,14,0.5714285714285714,0,0,0
WISEMAN,2025-10-03,2025-10-12,9,1200,1200,True,-,False,False,True,0.5555555555555556,3,12,0.25,0,1,1
FOREMOST TEDDY,2025-10-03,2025-10-15,12,1200,1650,False,+,True,False,True,0.6666666666666666,8,12,0.6666666666666666,0,0,0
BLAZING BEAM,2025-10-03,2025-10-19,16,1200,1400,True,-,False,False,False,0.7777777777777778,12,14,0.8571428571428571,0,0,0
DIVINE MOONLIGHT,2025-10-03,2025-11-05,33,1200,1000,True,-,False,False,False,0.8888888888888888,12,12,1.0,0,0,0
CIRCUIT DUFFY,2025-10-03,2025-10-15,12,1200,1200,True,-,False,False,False,1.0,11,12,0.9166666666666666,0,0,0
SALON S,2025-10-03,2025-11-15,43,1050,1200,True,++,False,True,True,0.25,1,14,0.07142857142857142,1,1,1
THESIS,2025-10-03,2025-11-02,30,1050,1650,False,++,True,False,False,0.5,11,12,0.9166666666666666,0,0,0
HAPPY TANGO,2025-10-03,2025-10-12,9,1050,1200,True,+,True,False,False,0.75,7,12,0.5833333333333334,0,0,0
BEAUTY JOY,2025-10-06,2025-10-19,13,1200,1600,False,++,False,True,True,0.125,3,14,0.21428571428571427,0,1,1
PATCH OF STARS,2025-10-06,2025-10-19,13,1200,1200,True,+,False,False,False,0.25,1,12,0.08333333333333333,1,1,1
ETERNAL RICHNESS,2025-10-06,2025-11-09,34,1200,1200,True,++,False,False,True,0.375,12,12,1.0,0,0,0
CAMP LAND,2025-10-06,2025-10-12,6,1200,1200,True,++,True,False,True,0.5,11,12,0.9166666666666666,0,0,0
AGENDA,2025-10-06,2025-10-26,20,1200,2000,False,-,False,False,True,0.625,10,13,0.7692307692307693,0,0,0
RIDING TOGETHER,2025-10-06,2025-10-19,13,1200,1400,True,0,False,False,False,,14,14,1.0,0,0,0
YEE CHEONG GLORY,2025-10-06,2025-10-12,6,1200,1200,True,++,False,True,False,0.125,8,11,0.7272727272727273,0,0,0
TOURBILLON GOLFER,2025-10-06,2025-10-15,9,1200,1200,True,+,False,False,False,0.25,3,12,0.25,0,1,1
SAMARKAND,2025-10-06,2025-10-15,9,1200,1650,False,++,True,False,False,0.375,3,12,0.25,0,1,1
MORGAN SUCCESS,2025-10-06,2025-10-19,13,1200,1600,False,+,False,False,False,0.5,12,14,0.8571428571428571,0,0,0
GEORGIAN SIGMA,2025-10-06,2025-10-26,20,1200,1200,True,+,True,False,False,0.625,2,14,0.14285714285714285,0,1,1
BIG STRIDE,2025-10-06,2025-10-12,6,1200,1400,True,0,False,False,False,0.75,10,15,0.6666666666666666,0,0,0
SONIC PURSUIT,2025-10-06,2025-11-02,27,1200,1200,True,-,False,False,False,0.875,3,12,0.25,0,1,1
GREAT LEGACY,2025-10-06,2025-10-15,9,1200,1200,True,-,False,False,False,1.0,9,12,0.75,0,0,0
GOLDEN LUCK,2025-10-06,2025-10-22,16,1200,1200,True,++,False,True,True,0.1,2,12,0.16666666666666666,0,1,1
THUNDER PRINCE,2025-10-06,2025-10-15,9,1200,1200,True,++,True,False,True,0.2,2,12,0.16666666666666666,0,1,1
CALIFORNIA MOXIE,2025-10-06,2025-10-19,13,1200,1400,True,+,False,False,True,0.3,9,14,0.6428571428571429,0,0,0
GLORIOUS RYDER,2025-10-06,2025-10-15,9,1200,1650,False,+,False,False,True,0.4,3,12,0.25,0,1,1
WITHOUT DELAY,2025-10-06,2025-10-15,9,1200,1650,False,-,False,False,True,0.5,11,12,0.9166666666666666,0,0,0
PACKING GLORY,2025-10-06,2025-11-30,55,1200,1000,True,0,False,False,False,0.6,1,14,0.07142857142857142,1,1,1
PERIDOT,2025-10-06,2025-10-15,9,1200,1200,True,+,True,False,False,0.7,5,12,0.4166666666666667,0,0,1
SUPER MASTERMIND,2025-10-06,2025-10-26,20,1200,1200,True,+,True,False,False,0.8,12,14,0.8571428571428571,0,0,0
RELIABLE DAD,2025-10-06,2025-11-12,37,1200,1200,True,-,False,False,False,0.9,10,13,0.7692307692307693,0,0,0
SPARKLING FELLOW,2025-10-06,2025-10-26,20,1050,1000,True,++,False,True,False,0.3333333333333333,2,14,0.14285714285714285,0,1,1
ACE CHAMPION,2025-10-06,2025-10-26,20,1050,1000,True,0,False,False,True,0.6666666666666666,13,14,0.9285714285714286,0,0,0
MUGEN,2025-10-06,2025-10-26,20,1050,1200,True,+,True,False,False,1.0,10,14,0.7142857142857143,0,0,0
MY WISH,2025-10-09,2025-10-19,10,1200,1600,False,++,True,True,False,0.1111111111111111,1,14,0.07142857142857142,1,1,1
GALAXY PATCH,2025-10-09,2025-10-19,10,1200,1600,False,+,False,False,True,0.2222222222222222,6,14,0.42857142857142855,0,0,1
RED LION,2025-10-09,2025-10-19,10,1200,1600,False,++,False,False,True,0.3333333333333333,10,14,0.7142857142857143,0,0,0
CAP FERRAT,2025-10-09,2025-10-19,10,1200,1600,False,++,False,False,False,0.4444444444444444,8,14,0.5714285714285714,0,0,0
BUNDLE AWARD,2025-10-09,2025-10-26,17,1200,1600,False,+,False,False,False,0.5555555555555556,11,14,0.7857142857142857,0,0,0
YOUNG FIGHTER,2025-10-09,2025-10-15,6,1200,1650,False,-,False,False,False,0.6666666666666666,5,12,0.4166666666666667,0,0,1
ENSUED,2025-10-09,2025-10-19,10,1200,1600,False,+,True,False,False,0.7777777777777778,13,14,0.9285714285714286,0,0,0
SUNNY DA BEST,2025-10-09,2025-10-26,17,1200,1000,True,-,False,False,False,0.8888888888888888,4,14,0.2857142857142857,0,0,1
BEAUTY ETERNAL,2025-10-09,2025-10-19,10,1200,1600,False,-,False,False,False,1.0,9,14,0.6428571428571429,0,0,0
THE REVOLUTION,2025-10-09,2025-10-15,6,1200,1200,True,++,False,True,False,0.1111111111111111,4,12,0.3333333333333333,0,0,1
KA YING ATTACK,2025-10-09,2025-10-26,17,1200,1400,True,+,False,False,True,0.2222222222222222,3,14,0.21428571428571427,0,1,1
MASK RIDER,2025-10-09,2025-10-19,10,1200,1400,True,+,False,False,False,0.3333333333333333,12,14,0.8571428571428571,0,0,0
AEROINVINCIBLE,2025-10-09,2025-10-19,10,1200,1400,True,+,False,False,False,0.4444444444444444,5,14,0.35714285714285715,0,0,1
CALIFORNIA WAVES,2025-10-09,2025-10-19,10,1200,1600,False,+,False,False,False,0.6666666666666666,9,14,0.6428571428571429,0,0,0
MISTER DAPPER,2025-10-09,2025-10-19,10,1200,1600,False,0,False,False,False,0.7777777777777778,7,14,0.5,0,0,1
SAVVY BRILLIANT,2025-10-09,2025-10-19,10,1200,1200,True,-,False,False,False,0.8888888888888888,11,12,0.9166666666666666,0,0,0
GREAT STATE,2025-10-09,2025-12-03,55,1200,1200,True,-,False,False,True,1.0,10,12,0.8333333333333334,0,0,0
WITH A SMILE,2025-10-09,2025-11-02,24,1200,1200,True,++,False,True,True,0.1,5,12,0.4166666666666667,0,0,1
BLAZING WUKONG,2025-10-09,2025-10-19,10,1200,1400,True,++,False,False,False,0.2,3,14,0.21428571428571427,0,1,1
FLASH STAR,2025-10-09,2025-10-19,10,1200,1000,True,+,False,False,True,0.3,11,14,0.7857142857142857,0,0,0
KINGLY DEMEANOR,2025-10-09,2025-11-02,24,1200,1800,False,++,False,False,True,0.4,7,12,0.5833333333333334,0,0,0
STAR FIGURE,2025-10-09,2025-10-22,13,1200,1200,True,-,False,False,False,0.5,2,12,0.16666666666666666,0,1,1
LIGHTNING ARROW,2025-10-09,2025-11-05,27,1200,1650,False,0,False,False,False,0.7,9,12,0.75,0,0,0
CROSSBORDERDUDE,2025-10-09,2025-11-30,52,1200,1200,True,-,False,False,False,0.8,10,12,0.8333333333333334,0,0,0
ZHOU GONGJIN,2025-10-09,2025-10-26,17,1200,1200,True,-,False,False,False,1.0,14,14,1.0,0,0,0
RIDING TOGETHER,2025-10-09,2025-10-19,10,1200,1400,True,++,False,True,True,0.1,14,14,1.0,0,0,0
KING VICTOR,2025-10-09,2025-10-22,13,1200,1000,True,+,False,False,True,0.2,8,13,0.6153846153846154,0,0,0
FLOW WATER FLOW,2025-10-09,2025-11-26,48,1200,1200,True,+,False,False,True,0.3,2,12,0.16666666666666666,0,1,1
SHOTGUN,2025-10-09,2025-10-22,13,1200,1200,True,+,False,False,False,0.4,8,12,0.6666666666666666,0,0,0
CARRYON SMILING,2025-10-09,2025-10-19,10,1200,1400,True,++,False,False,False,0.5,13,14,0.9285714285714286,0,0,0
IRON LEGION,2025-10-09,2025-11-09,31,1200,1400,True,0,False,False,True,0.6,6,15,0.4,0,0,1
CAMP FIRE,2025-10-09,2025-10-22,13,1200,1200,True,-,False,False,False,0.7,11,12,0.9166666666666666,0,0,0
GOR GOR,2025-10-09,2025-10-19,10,1200,1400,True,+,False,False,False,0.8,14,14,1.0,0,0,0
COLOURFUL KING,2025-10-09,2025-10-22,13,1050,1000,True,++,False,True,False,0.125,2,9,0.2222222222222222,0,1,1
HORSEPOWER,2025-10-09,2025-10-22,13,1050,1000,True,++,False,False,True,0.25,5,9,0.5555555555555556,0,0,0
JOY CAPITAL,2025-10-09,2025-11-30,52,1050,1200,True,-,False,False,False,0.5,11,12,0.9166666666666666,0,0,0
LUCKY XANDER,2025-10-09,2025-10-15,6,1050,1200,True,+,False,False,True,0.625,10,12,0.8333333333333334,0,0,0
CIRCUIT HAPPY,2025-10-09,2025-11-02,24,1050,1000,True,0,False,False,False,0.75,11,12,0.9166666666666666,0,0,0
THE PROMISE,2025-10-09,2025-10-19,10,1050,1000,True,-,False,False,False,0.875,12,14,0.8571428571428571,0,0,0
LIFELINE EXPRESS,2025-10-09,2025-11-09,31,1050,1200,True,-,False,False,False,1.0,7,12,0.5833333333333334,0,0,0
WINNING CIGAR,2025-10-09,2025-11-02,24,1050,1200,True,++,False,True,True,0.125,12,13,0.9230769230769231,0,0,0
MABUBU,2025-10-09,2025-11-23,45,1050,1200,True,+,False,False,True,0.25,1,14,0.07142857142857142,1,1,1
KA YING WARRIOR,2025-10-09,2025-11-09,31,1050,1000,True,++,True,False,False,0.375,6,14,0.42857142857142855,0,0,1
CIRRUS SPEED,2025-10-09,2025-11-09,31,1050,1000,True,+,False,False,True,0.625,7,14,0.5,0,0,1
CITY THUNDER,2025-10-09,2025-12-07,59,1050,1400,False,+,False,False,False,0.75,5,14,0.35714285714285715,0,0,1
SKY PHOENIX,2025-10-09,2025-10-19,10,1050,1000,True,-,False,False,True,0.875,13,14,0.9285714285714286,0,0,0
PUBLIC ATTENTION,2025-10-10,2025-11-23,44,1000,1200,True,++,False,True,False,0.1,2,14,0.14285714285714285,0,1,1
ETERNAL FORTUNE,2025-10-10,2025-11-02,23,1000,1000,True,+,False,False,False,0.2,2,12,0.16666666666666666,0,1,1
SUPERB CAPITALIST,2025-10-10,2025-10-22,12,1000,1000,True,+,False,False,False,0.3,3,9,0.3333333333333333,0,1,1
RED ELEGANCE,2025-10-10,2025-10-22,12,1000,1000,True,+,False,False,True,0.4,8,9,0.8888888888888888,0,0,0
FORZA TORO,2025-10-10,2025-11-05,26,1000,1200,True,+,False,False,False,0.5,6,12,0.5,0,0,1
CIRCUIT GRAND SLAM,2025-10-10,2025-11-09,30,1000,1200,True,-,False,False,False,0.5,1,12,0.08333333333333333,1,1,1
CONSPIRATOR,2025-10-10,2025-11-26,47,1000,1200,True,0,False,False,True,0.7,11,12,0.9166666666666666,0,0,0
TACTICAL VICTORY,2025-10-10,2025-12-07,58,1000,1000,True,-,False,False,False,1.0,13,14,0.9285714285714286,0,0,0
LOOKING BRIGHT,2025-10-10,2025-11-02,23,1000,1000,True,++,False,True,False,0.125,12,12,1.0,0,0,0
PERFECT GENERAL,2025-10-10,2025-12-03,54,1000,1200,True,+,False,False,False,0.375,1,12,0.08333333333333333,1,1,1
GLORY B,2025-10-10,2025-11-05,26,1000,1200,True,+,False,False,False,0.5,11,12,0.9166666666666666,0,0,0
BIG RETURN,2025-10-10,2025-11-05,26,1000,1200,True,+,False,False,False,0.625,6,12,0.5,0,0,1
CORLEONE,2025-10-10,2025-11-05,26,1000,1650,False,++,False,True,False,0.1,1,12,0.08333333333333333,1,1,1
TURIN CHAMPIONS,2025-10-10,2025-11-15,36,1000,1200,True,+,False,False,True,0.4,6,14,0.42857142857142855,0,0,1
PRESTIGE HALL,2025-10-10,2025-10-19,9,1000,1000,True,++,True,False,False,0.5,7,14,0.5,0,0,1
VIGOR EYE,2025-10-10,2025-12-07,58,1000,1200,True,+,True,False,False,0.6,3,12,0.25,0,1,1
MASTER OF HUMOR,2025-10-10,2025-10-26,16,1000,1200,True,-,False,False,False,0.7,12,14,0.8571428571428571,0,0,0
NOBLE GO,2025-10-10,2025-10-30,20,1000,1200,True,-,False,False,False,0.9,11,12,0.9166666666666666,0,0,0
HONG KONG HALL,2025-10-10,2025-10-30,20,1000,1200,True,++,False,True,False,0.1111111111111111,12,12,1.0,0,0,0
PEJIBAYE,2025-10-10,2025-10-19,9,1000,1200,True,++,False,False,False,0.2222222222222222,1,13,0.07692307692307693,1,1,1
CAP LINER,2025-10-10,2025-11-09,30,1000,1000,True,+,False,False,False,0.3333333333333333,3,14,0.21428571428571427,0,1,1
SOLO LEVELLING,2025-10-10,2025-12-07,58,1000,1200,True,++,False,False,False,0.4444444444444444,12,12,1.0,0,0,0
SANTORINI,2025-10-10,2025-11-05,26,1000,1000,True,0,False,False,True,0.5555555555555556,8,12,0.6666666666666666,0,0,0
WATCH THE FORT,2025-10-10,2025-11-15,36,1000,1400,False,0,False,False,False,0.6666666666666666,11,14,0.7857142857142857,0,0,0
BROWNNEEDSFURTHER,2025-10-10,2025-11-02,23,1000,1200,True,0,False,False,False,0.7777777777777778,3,13,0.23076923076923078,0,1,1
WINNING HEART,2025-10-10,2025-10-22,12,1000,1200,True,-,False,False,True,0.8888888888888888,10,12,0.8333333333333334,0,0,0
SAGACIOUS LIFE,2025-10-10,2025-10-26,16,1600,1600,True,++,False,True,False,0.14285714285714285,1,14,0.07142857142857142,1,1,1
SWORD POINT,2025-10-10,2025-10-19,9,1600,1600,True,++,False,False,True,0.2857142857142857,14,14,1.0,0,0,0
GOLDEN BRILLIANT,2025-10-10,2025-10-22,12,1600,1200,False,+,False,False,True,0.42857142857142855,11,12,0.9166666666666666,0,0,0
ROSEWOOD FLEETFOOT,2025-10-10,2025-10-26,16,1600,1600,True,0,False,False,False,0.5714285714285714,9,14,0.6428571428571429,0,0,0
PING HAI COMET,2025-10-10,2025-11-26,47,1600,1800,True,0,False,False,True,0.7142857142857143,10,12,0.8333333333333334,0,0,0
TALENTS TRUMP,2025-10-10,2025-10-30,20,1600,1650,True,-,False,False,True,0.8571428571428571,14,14,1.0,0,0,0
KA YING GENERATION,2025-10-10,2025-11-23,44,1600,2000,False,+,False,False,True,1.0,3,9,0.3333333333333333,0,1,1
LOYAL BRIGHT,2025-10-10,2025-11-19,40,1200,1200,True,++,False,True,True,0.09090909090909091,5,12,0.4166666666666667,0,0,1
KINGDOM OF RICHES,2025-10-10,2025-10-19,9,1200,1400,True,+,False,False,True,0.18181818181818182,13,14,0.9285714285714286,0,0,0
AURORA LADY,2025-10-10,2025-10-22,12,1200,1000,True,++,False,False,True,0.2727272727272727,4,9,0.4444444444444444,0,0,1
WOLF COMING,2025-10-10,2025-10-19,9,1200,1200,True,++,False,False,False,0.36363636363636365,10,12,0.8333333333333334,0,0,0
SKY JOY,2025-10-10,2025-10-19,9,1200,1200,True,+,False,False,True,0.45454545454545453,2,12,0.16666666666666666,0,1,1
SPIRIT OF PEACE,2025-10-10,2025-10-19,9,1200,1600,False,+,True,False,True,0.5454545454545454,6,14,0.42857142857142855,0,0,1
DEFINITIVE,2025-10-10,2025-10-22,12,1200,1650,False,0,False,False,True,0.6363636363636364,8,11,0.7272727272727273,0,0,0
BRILLIANT EXPRESS,2025-10-10,2025-10-19,9,1200,1400,True,+,False,False,False,0.7272727272727273,6,14,0.42857142857142855,0,0,1
STRAIGHT ARRON,2025-10-10,2025-10-19,9,1200,1600,False,0,False,False,False,0.8181818181818182,4,14,0.2857142857142857,0,0,1
MONDIAL,2025-10-10,2025-12-03,54,1200,1800,False,+,True,False,False,0.9090909090909091,6,12,0.5,0,0,1
IVY LEAGUE,2025-10-10,2025-10-22,12,1200,1650,False,++,False,True,True,0.09090909090909091,3,11,0.2727272727272727,0,1,1
NOT USUAL PICK,2025-10-10,2025-10-22,12,1200,1200,True,++,False,False,True,0.18181818181818182,11,12,0.9166666666666666,0,0,0
I CAN,2025-10-10,2025-10-19,9,1200,1600,False,+,False,False,True,0.2727272727272727,11,14,0.7857142857142857,0,0,0
ORIGIN OF FORM,2025-10-10,2025-11-12,33,1200,1200,True,++,False,False,True,0.36363636363636365,11,12,0.9166666666666666,0,0,0
WIN EASE,2025-10-10,2025-11-09,30,1200,1400,True,0,False,False,True,0.5454545454545454,9,14,0.6428571428571429,0,0,0
MEGA BONUS,2025-10-10,2025-10-22,12,1200,1200,True,+,True,False,True,0.6363636363636364,6,12,0.5,0,0,1
NEARLY FINE,2025-10-10,2025-10-19,9,1200,1400,True,0,False,False,True,0.8181818181818182,11,14,0.7857142857142857,0,0,0
REAL GENTLEMAN,2025-10-10,2025-11-09,30,1200,1400,True,-,False,False,False,1.0,13,14,0.9285714285714286,0,0,0
AEROVOLANIC,2025-10-10,2025-10-19,9,1200,1200,True,++,False,True,True,0.09090909090909091,4,13,0.3076923076923077,0,0,1
KING LOTUS,2025-10-10,2025-10-22,12,1200,1200,True,+,False,False,False,0.18181818181818182,3,12,0.25,0,1,1
GOLDENTRONICMIGHTY,2025-10-10,2025-10-26,16,1200,1200,True,+,False,False,True,0.2727272727272727,1,14,0.07142857142857142,1,1,1
MOTOR,2025-10-10,2025-10-26,16,1200,1200,True,+,False,False,False,0.36363636363636365,3,14,0.21428571428571427,0,1,1
VOLCANIC SPARK,2025-10-10,2025-10-26,16,1200,1400,True,++,False,False,False,0.45454545454545453,11,14,0.7857142857142857,0,0,0
CALIFORNIA BLUES,2025-10-10,2025-11-09,30,1200,1200,True,-,False,False,False,0.6363636363636364,11,12,0.9166666666666666,0,0,0
ALL ROUND WINNER,2025-10-10,2025-10-19,9,1200,1400,True,0,False,False,False,0.7272727272727273,2,14,0.14285714285714285,0,1,1
ALLCASH,2025-10-10,2025-11-26,47,1200,1650,False,-,False,False,False,1.0,1,12,0.08333333333333333,1,1,1
RUN RUN TIMING,2025-10-10,2025-10-22,12,1200,1200,True,++,False,True,True,0.09090909090909091,2,12,0.16666666666666666,0,1,1
ROBOT STAR,2025-10-10,2025-11-30,51,1200,1200,True,++,True,False,False,0.18181818181818182,4,12,0.3333333333333333,0,0,1
HAPPY BOSS,2025-10-10,2025-11-23,44,1200,1400,True,+,False,False,True,0.2727272727272727,6,14,0.42857142857142855,0,0,1
CIRCUIT MARSHAL,2025-10-10,2025-11-23,44,1200,1400,True,+,False,False,True,0.36363636363636365,6,14,0.42857142857142855,0,0,1
GALLANT EPOCH,2025-10-10,2025-10-26,16,1200,1400,True,+,False,False,True,0.45454545454545453,3,14,0.21428571428571427,0,1,1
WORD OF KINDNESS,2025-10-10,2025-11-15,36,1200,1200,True,-,False,False,False,0.9090909090909091,9,14,0.6428571428571429,0,0,0
SO MY FOLKS,2025-10-10,2025-11-09,30,1200,1000,True,-,False,False,False,1.0,5,14,0.35714285714285715,0,0,1
EVER LUCK,2025-10-10,2025-10-26,16,1200,1200,True,++,True,True,True,0.09090909090909091,1,14,0.07142857142857142,1,1,1
LOOKS OUTSTANDING,2025-10-10,2025-10-22,12,1200,1200,True,+,False,False,True,0.18181818181818182,1,12,0.08333333333333333,1,1,1
EVERYONE'S GALLOP,2025-10-10,2025-10-30,20,1200,1200,True,+,False,False,True,0.2727272727272727,9,12,0.75,0,0,0
FORTUNE BOY,2025-10-10,2025-10-19,9,1200,1600,False,+,False,False,False,0.36363636363636365,1,14,0.07142857142857142,1,1,1
QUICK CONTRIBUTION,2025-10-10,2025-11-02,23,1200,1200,True,+,False,False,True,0.45454545454545453,2,12,0.16666666666666666,0,1,1
STAR ELEGANCE,2025-10-10,2025-11-15,36,1200,1200,True,0,False,False,True,0.5454545454545454,10,14,0.7142857142857143,0,0,0
BRIGHT MORTAR,2025-10-10,2025-11-05,26,1200,1650,False,-,False,False,False,0.6363636363636364,10,12,0.8333333333333334,0,0,0
DASH,2025-10-10,2025-10-30,20,1200,1200,True,0,False,False,False,0.7272727272727273,8,12,0.6666666666666666,0,0,0
MANAGEMENT FOLKS,2025-10-10,2025-11-02,23,1200,1800,False,-,False,False,False,0.9090909090909091,4,12,0.3333333333333333,0,0,1
STANLEY EXPRESS,2025-10-13,2025-11-23,41,1000,1200,True,++,False,True,True,0.125,11,14,0.7857142857142857,0,0,0
LOVE TOGETHER,2025-10-13,2025-11-15,33,1000,1000,True,+,False,False,False,0.25,5,14,0.35714285714285715,0,0,1
GREATER BAE,2025-10-13,2025-11-26,44,1000,1200,True,+,False,False,True,0.375,9,12,0.75,0,0,0
SILO,2025-10-13,2025-11-19,37,1000,1200,True,+,False,False,False,0.625,3,12,0.25,0,1,1
COLOURFUL GAN,2025-10-13,2025-11-09,27,1000,1400,False,+,False,False,True,0.75,10,14,0.7142857142857143,0,0,0
SHAMZ,2025-10-13,2025-11-26,44,1000,1650,False,-,False,False,False,0.875,11,12,0.9166666666666666,0,0,0
LUCKY PLUS,2025-10-13,2025-11-30,48,1000,1000,True,-,False,False,True,1.0,14,14,1.0,0,0,0
SZERYNG,2025-10-13,2025-11-09,27,1000,1200,True,++,False,True,False,0.1111111111111111,1,12,0.08333333333333333,1,1,1
MAJESTIC VALOUR,2025-10-13,2025-11-30,48,1000,1200,True,+,False,False,False,0.2222222222222222,1,12,0.08333333333333333,1,1,1
DANICA'S CHOICE,2025-10-13,2025-11-15,33,1000,1000,True,+,False,False,False,0.3333333333333333,13,14,0.9285714285714286,0,0,0
HONORARY,2025-10-13,2025-11-30,48,1000,1000,True,-,False,False,False,0.5555555555555556,8,14,0.5714285714285714,0,0,0
TOP PEAK,2025-10-13,2025-10-26,13,1000,1200,True,++,False,True,False,0.14285714285714285,14,14,1.0,0,0,0
GET FRIENDLY,2025-10-13,2025-11-30,48,1000,1000,True,+,False,False,True,0.2857142857142857,3,14,0.21428571428571427,0,1,1
VIVA FIRECRACKER,2025-10-13,2025-11-30,48,1000,1000,True,+,False,False,False,0.42857142857142855,7,14,0.5,0,0,1
VERMILION TEMPEST,2025-10-13,2025-11-23,41,1000,1200,True,+,False,False,False,0.5714285714285714,14,14,1.0,0,0,0
LUCK SMILES,2025-10-13,2025-11-26,44,1000,1200,True,0,False,False,False,0.7142857142857143,12,12,1.0,0,0,0
GO GENERAL,2025-10-13,2025-11-05,23,1000,1200,True,-,False,False,False,1.0,10,12,0.8333333333333334,0,0,0
SMART GOLF,2025-10-13,2025-11-30,48,1000,1000,True,++,False,True,False,0.1111111111111111,5,14,0.35714285714285715,0,0,1
DUKE OF ORANGE,2025-10-13,2025-10-26,13,1000,1200,True,++,False,False,True,0.2222222222222222,8,14,0.5714285714285714,0,0,0
CONRAD THE GREAT,2025-10-13,2025-10-22,9,1000,1000,True,+,False,False,False,0.3333333333333333,12,13,0.9230769230769231,0,0,0
FALCON HUNTER,2025-10-13,2025-11-15,33,1000,1200,True,+,False,False,False,0.4444444444444444,7,14,0.5,0,0,1
LEADING AGILITY,2025-10-13,2025-11-30,48,800,1200,False,++,False,True,True,0.1111111111111111,3,12,0.25,0,1,1
CHICKEN DINNER,2025-10-13,2025-11-15,33,800,1000,True,+,False,False,False,0.2222222222222222,9,14,0.6428571428571429,0,0,0
ALWAYS MY FOLKS,2025-10-13,2025-11-05,23,800,1000,True,+,False,False,False,0.3333333333333333,4,12,0.3333333333333333,0,0,1
PRECISION HOPE,2025-10-13,2025-11-23,41,800,1200,False,+,False,False,False,0.4444444444444444,9,14,0.6428571428571429,0,0,0
STARRY SHOW,2025-10-13,2025-12-07,55,800,1000,True,0,False,False,False,0.7777777777777778,11,14,0.7857142857142857,0,0,0
EXCELLENT BOY,2025-10-13,2025-11-15,33,800,1200,False,-,False,False,True,0.8888888888888888,13,14,0.9285714285714286,0,0,0
I AM BACK,2025-10-13,2025-12-03,51,800,1200,False,++,False,True,False,0.125,8,12,0.6666666666666666,0,0,0
LAKESHORE HERO,2025-10-13,2025-11-19,37,800,1200,False,++,False,False,False,0.375,1,12,0.08333333333333333,1,1,1
CHATER FLASH,2025-10-13,2025-11-30,48,800,1000,True,++,True,False,False,0.5,13,14,0.9285714285714286,0,0,0
WUNDERBAR,2025-10-13,2025-10-26,13,1200,1200,True,++,False,True,False,0.125,4,14,0.2857142857142857,0,0,1
LUCKY WITH YOU,2025-10-13,2025-10-26,13,1200,1200,True,+,False,False,True,0.25,7,14,0.5,0,0,1
MICKLEY,2025-10-13,2025-10-26,13,1200,1600,False,++,False,False,False,0.375,5,14,0.35714285714285715,0,0,1
HEAVING,2025-10-13,2025-11-30,48,1200,1200,True,++,False,False,True,0.5,5,13,0.38461538461538464,0,0,1
MEOWTH,2025-10-13,2025-11-02,20,1200,1200,True,0,False,False,True,0.625,6,12,0.5,0,0,1
DIVINE MOONLIGHT,2025-10-13,2025-11-05,23,1200,1000,True,0,False,False,True,0.75,12,12,1.0,0,0,0
ENDEARED,2025-10-13,2025-10-26,13,1200,1400,True,+,False,False,False,0.875,8,14,0.5714285714285714,0,0,0
TURIN MASCOT,2025-10-13,2025-10-30,17,1200,1650,False,-,False,False,True,1.0,4,14,0.2857142857142857,0,0,1
BUCEPHALAS,2025-10-13,2025-11-15,33,1200,1400,True,++,False,True,True,0.1,1,14,0.07142857142857142,1,1,1
VOYAGE SAMURAI,2025-10-13,2025-10-26,13,1200,1600,False,+,False,False,True,0.2,13,14,0.9285714285714286,0,0,0
FOREST KING,2025-10-13,2025-10-26,13,1200,1200,True,++,False,False,True,0.3,10,14,0.7142857142857143,0,0,0
SUPER UNICORN,2025-10-13,2025-10-22,9,1200,1650,False,++,False,False,False,0.4,1,12,0.08333333333333333,1,1,1
ENTHRALLED,2025-10-13,2025-10-26,13,1200,2000,False,++,True,False,True,0.5,12,13,0.9230769230769231,0,0,0
JOLLY BRILLIANT,2025-10-13,2025-11-15,33,1200,1200,True,+,False,False,True,0.6,11,14,0.7857142857142857,0,0,0
NOBLE PURSUIT,2025-10-13,2025-10-22,9,1200,1650,False,0,False,False,False,0.7,7,11,0.6363636363636364,0,0,0
AKERMANIS GOLD,2025-10-13,2025-12-07,55,1200,1000,True,0,False,False,False,0.8,9,14,0.6428571428571429,0,0,0
THE ALL ROUNDER,2025-10-13,2025-11-05,23,1200,1200,True,-,False,False,True,0.9,11,12,0.9166666666666666,0,0,0
CAPTAIN LINK,2025-10-13,2025-11-19,37,1200,1200,True,-,False,False,True,1.0,12,12,1.0,0,0,0
SPARKLE AND GOLD,2025-10-13,2025-10-26,13,1200,1200,True,++,False,True,True,0.1111111111111111,4,14,0.2857142857142857,0,0,1
STRONGEST BOY,2025-10-13,2025-10-26,13,1200,1800,False,+,False,False,True,0.2222222222222222,9,13,0.6923076923076923,0,0,0
WINNING NOW,2025-10-13,2025-10-26,13,1200,1200,True,++,True,False,False,0.3333333333333333,10,14,0.7142857142857143,0,0,0
GLORIOUS ST PAUL'S,2025-10-13,2025-11-23,41,1200,1400,True,+,False,False,False,0.4444444444444444,11,14,0.7857142857142857,0,0,0
BRIGHT INHERITANCE,2025-10-13,2025-10-26,13,1200,1600,False,+,False,False,True,0.5555555555555556,2,14,0.14285714285714285,0,1,1
ISLAND BREEZES,2025-10-13,2025-10-22,9,1200,1200,True,+,False,False,False,0.6666666666666666,9,12,0.75,0,0,0
VIVACIOUS WIN,2025-10-13,2025-11-05,23,1200,1650,False,0,False,False,False,0.7777777777777778,4,12,0.3333333333333333,0,0,1
DASHING MAURISON,2025-10-13,2025-10-26,13,1200,1200,True,-,False,False,False,1.0,13,14,0.9285714285714286,0,0,0
WINNING DIAMOND,2025-10-13,2025-11-09,27,1200,1000,True,++,False,True,True,0.1111111111111111,11,14,0.7857142857142857,0,0,0
BEAUTY CRESCENT,2025-10-13,2025-11-09,27,1200,1400,True,+,False,False,True,0.3333333333333333,4,14,0.2857142857142857,0,0,1
BRIGHT DAY,2025-10-13,2025-10-26,13,1200,1400,True,++,False,False,False,0.4444444444444444,1,14,0.07142857142857142,1,1,1
GOLDEN TRIUMPH,2025-10-13,2025-11-30,48,1200,1200,True,0,False,False,True,0.5555555555555556,9,12,0.75,0,0,0
SMASHING EXPRESS,2025-10-13,2025-10-26,13,1200,1800,False,+,False,False,True,0.7777777777777778,6,13,0.46153846153846156,0,0,1
MAGIC SUPER,2025-10-13,2025-11-09,27,1200,1000,True,-,False,False,False,1.0,13,14,0.9285714285714286,0,0,0
DIVANO,2025-10-14,2025-10-26,12,1000,1200,True,++,False,True,True,0.08333333333333333,8,14,0.5714285714285714,0,0,0
AKASHVANI,2025-10-14,2025-10-22,8,1000,1200,True,+,False,False,False,0.16666666666666666,1,12,0.08333333333333333,1,1,1
ANODE,2025-10-14,2025-10-26,12,1000,1400,False,+,False,False,False,0.25,2,14,0.14285714285714285,0,1,1
PACKING HERMOD,2025-10-14,2025-10-26,12,1000,1200,True,++,False,False,False,0.3333333333333333,3,14,0.21428571428571427,0,1,1
LUCY IN THE SKY,2025-10-14,2025-10-30,16,1000,1200,True,-,False,False,False,0.5833333333333334,8,12,0.6666666666666666,0,0,0
SHANWAH,2025-10-14,2025-11-09,26,1000,1400,False,-,False,False,False,0.6666666666666666,11,14,0.7857142857142857,0,0,0
NUMBERS,2025-10-14,2025-12-10,57,1000,1800,False,0,False,False,False,0.75,3,12,0.25,0,1,1
QUARTZ LEGEND,2025-10-14,2025-11-02,19,1000,1000,True,-,False,False,False,0.8333333333333334,3,12,0.25,0,1,1
HONG LOK GOLF,2025-10-14,2025-10-26,12,1000,1600,False,-,False,False,False,0.9166666666666666,6,14,0.42857142857142855,0,0,1
ALPHA STRIKE,2025-10-14,2025-10-26,12,1000,1000,True,++,False,True,False,0.08333333333333333,1,14,0.07142857142857142,1,1,1
LIGHTNESS OF MUSIC,2025-10-14,2025-11-30,47,1000,1200,True,+,False,False,True,0.16666666666666666,11,13,0.8461538461538461,0,0,0
MADE FOR LIFE,2025-10-14,2025-11-23,40,1000,1200,True,+,False,False,False,0.25,4,14,0.2857142857142857,0,0,1
CHEAHA,2025-10-14,2025-11-05,22,1000,1200,True,++,False,False,True,0.3333333333333333,5,12,0.4166666666666667,0,0,1
GOLDEN DREAM,2025-10-14,2025-11-05,22,1000,1200,True,+,False,False,False,0.3333333333333333,7,12,0.5833333333333334,0,0,0
WINNING CHAMPION,2025-10-14,2025-10-26,12,1000,1200,True,++,True,False,False,0.5,6,14,0.42857142857142855,0,0,1
AMAZING FUN,2025-10-14,2025-10-26,12,1000,1400,False,+,False,False,False,0.5833333333333334,12,14,0.8571428571428571,0,0,0
THESIS,2025-10-14,2025-11-02,19,1000,1650,False,+,False,False,False,0.6666666666666666,11,12,0.9166666666666666,0,0,0
LUCKY TOGETHER,2025-10-14,2025-12-07,54,1000,1400,False,-,False,False,False,0.9166666666666666,14,14,1.0,0,0,0
RUN RUN SUNRISE,2025-10-14,2025-11-09,26,1000,1000,True,++,False,True,True,0.08333333333333333,10,14,0.7142857142857143,0,0,0
JUMBO BLESSING,2025-10-14,2025-11-09,26,1000,1000,True,+,False,False,False,0.16666666666666666,4,14,0.2857142857142857,0,0,1
STORMY GROVE,2025-10-14,2025-10-26,12,1000,1000,True,+,False,False,True,0.25,6,14,0.42857142857142855,0,0,1
FRANTANCK,2025-10-14,2025-11-02,19,1000,1800,False,++,True,False,False,0.3333333333333333,12,12,1.0,0,0,0
VIGOR ELLEEGANT,2025-10-14,2025-11-09,26,1000,1200,True,++,True,False,True,0.4166666666666667,11,12,0.9166666666666666,0,0,0
GRATIFIDE,2025-10-14,2025-12-07,54,1000,1400,False,++,True,False,True,0.5,10,14,0.7142857142857143,0,0,0
CIRCUIT GOGO,2025-10-14,2025-11-12,29,1000,1200,True,+,False,False,False,0.5833333333333334,7,12,0.5833333333333334,0,0,0
FAMILY KNIGHT,2025-10-14,2025-11-02,19,1000,1650,False,-,False,False,True,0.6666666666666666,12,12,1.0,0,0,0
BEAUTY FORMULA,2025-10-14,2025-10-30,16,1000,1200,True,-,False,False,False,0.75,10,12,0.8333333333333334,0,0,0
AMAZING DUCK,2025-10-14,2025-11-30,47,1000,1600,False,-,False,False,False,0.9166666666666666,3,14,0.21428571428571427,0,1,1
TALENTS SUPREMO,2025-10-14,2025-10-22,8,1000,1200,True,++,False,True,True,0.08333333333333333,1,12,0.08333333333333333,1,1,1
SUPER DRAGON,2025-10-14,2025-11-15,32,1000,1200,True,+,False,False,False,0.16666666666666666,2,14,0.14285714285714285,0,1,1
HYANNIS STAR,2025-10-14,2025-10-26,12,1000,1200,True,+,False,False,False,0.25,11,14,0.7857142857142857,0,0,0
HOLMES A COURT,2025-10-14,2025-10-26,12,1000,1000,True,+,False,False,False,0.3333333333333333,11,14,0.7857142857142857,0,0,0
JUST FOLLOW ME,2025-10-14,2025-10-26,12,1000,1200,True,+,False,False,True,0.4166666666666667,8,14,0.5714285714285714,0,0,0
MAGIC COSMOS,2025-10-14,2025-10-19,5,1000,1000,True,+,False,False,True,0.5,14,14,1.0,0,0,0
FLYING BOOM,2025-10-14,2025-10-26,12,1000,1200,True,+,False,False,False,0.5833333333333334,7,14,0.5,0,0,1
JOYFUL TREASURE,2025-10-14,2025-10-22,8,1000,1200,True,0,False,False,True,0.6666666666666666,7,12,0.5833333333333334,0,0,0
PRIDE BELIEVER,2025-10-14,2025-11-05,22,1000,1200,True,-,False,False,False,0.75,8,12,0.6666666666666666,0,0,0
RISING PHOENIX,2025-10-14,2025-10-22,8,1000,1200,True,+,True,False,False,0.8333333333333334,10,12,0.8333333333333334,0,0,0
SWEET BRIAR,2025-10-14,2025-11-26,43,1000,1200,True,-,False,False,False,0.9166666666666666,6,12,0.5,0,0,1
MAZING GRACE,2025-10-14,2025-10-26,12,1000,1200,True,-,False,False,False,1.0,9,14,0.6428571428571429,0,0,0
FREE PONY,2025-10-14,2025-11-05,22,800,1200,False,++,False,True,False,0.08333333333333333,4,12,0.3333333333333333,0,0,1
PEGAS,2025-10-14,2025-11-15,32,800,1000,True,+,False,False,False,0.16666666666666666,10,14,0.7142857142857143,0,0,0
FUN ELITE,2025-10-14,2025-11-12,29,800,1200,False,++,True,False,False,0.3333333333333333,7,12,0.5833333333333334,0,0,0
HERBAL STAR,2025-10-14,2025-11-30,47,800,1200,False,0,False,False,False,0.5833333333333334,9,12,0.75,0,0,0
STUNNING PEACH,2025-10-14,2025-10-26,12,1600,1600,True,++,False,True,True,0.125,3,14,0.21428571428571427,0,1,1
ROMANTIC WARRIOR,2025-10-14,2025-11-23,40,1600,2000,False,++,True,False,True,0.25,1,9,0.1111111111111111,1,1,1
ROMANTIC THOR,2025-10-14,2025-10-26,12,1600,2000,False,+,False,False,False,0.375,6,13,0.46153846153846156,0,0,1
CONSPIRACY WITNESS,2025-10-14,2025-10-22,8,1600,1650,True,++,True,False,False,0.5,2,12,0.16666666666666666,0,1,1
SEA CHARIOT,2025-10-14,2025-10-30,16,1600,1650,True,0,False,False,True,0.625,11,14,0.7857142857142857,0,0,0
SUPREME WINNER,2025-10-14,2025-11-09,26,1600,1600,True,-,False,False,False,0.75,8,15,0.5333333333333333,0,0,0
SEWARD,2025-10-14,2025-11-23,40,1600,1400,True,-,False,False,False,0.875,12,14,0.8571428571428571,0,0,0
JUSTIFY YOURSELF,2025-10-14,2025-11-12,29,1600,1650,True,-,False,False,False,1.0,10,12,0.8333333333333334,0,0,0
WINNING WING,2025-10-14,2025-10-26,12,1200,2000,False,++,False,True,True,0.1111111111111111,1,13,0.07692307692307693,1,1,1
INVINCIBLE SHIELD,2025-10-14,2025-10-26,12,1200,1200,True,++,False,False,False,0.2222222222222222,12,14,0.8571428571428571,0,0,0
SWIFT ASCEND,2025-10-14,2025-11-15,32,1200,1200,True,+,False,False,False,0.3333333333333333,5,14,0.35714285714285715,0,0,1
PRAY FOR JUSTICE,2025-10-14,2025-11-09,26,1200,1400,True,+,False,False,True,0.4444444444444444,5,14,0.35714285714285715,0,0,1
WUKONG JEWELLERY,2025-10-14,2025-11-19,36,1200,1650,False,+,False,False,True,0.5555555555555556,6,12,0.5,0,0,1
ALABAMA SONG,2025-10-14,2025-10-26,12,1200,1200,True,+,True,False,False,0.6666666666666666,5,14,0.35714285714285715,0,0,1
SIGHT HERMOSO,2025-10-14,2025-10-19,5,1200,1000,True,-,False,False,False,0.7777777777777778,6,14,0.42857142857142855,0,0,1
VECU,2025-10-14,2025-11-23,40,1200,1400,True,-,False,False,False,0.8888888888888888,11,14,0.7857142857142857,0,0,0
MR COOL,2025-10-14,2025-10-26,12,1200,1400,True,++,False,True,False,0.125,5,14,0.35714285714285715,0,0,1
JOLLY JUMPER,2025-10-14,2025-10-26,12,1200,1600,False,+,False,False,False,0.375,13,14,0.9285714285714286,0,0,0
FOREVER FANCY,2025-10-14,2025-10-26,12,1200,1200,True,+,False,False,False,0.5,7,14,0.5,0,0,1
ONE LOVE,2025-10-14,2025-10-26,12,1200,1200,True,-,False,False,True,0.625,13,14,0.9285714285714286,0,0,0
MAJESTIC DELIGHT,2025-10-14,2025-10-22,8,1200,1200,True,-,False,False,False,0.75,5,12,0.4166666666666667,0,0,1
FLYING CHRISTIE,2025-10-14,2025-12-07,54,1200,1200,True,-,False,False,False,0.875,11,12,0.9166666666666666,0,0,0
BEAUTY WAVES,2025-10-14,2025-10-26,12,1050,1200,True,++,False,True,False,0.14285714285714285,11,14,0.7857142857142857,0,0,0
CHARMING STEED,2025-10-14,2025-10-30,16,1050,1650,False,++,False,False,True,0.2857142857142857,9,14,0.6428571428571429,0,0,0
DOUBLE BINGO,2025-10-14,2025-10-30,16,1050,1200,True,+,False,False,False,0.42857142857142855,3,12,0.25,0,1,1
SAVVY TWINKLE,2025-10-14,2025-10-22,8,1050,1000,True,+,False,False,False,0.5714285714285714,6,13,0.46153846153846156,0,0,1
ELITE GOLF,2025-10-14,2025-11-15,32,1050,1200,True,-,False,False,False,0.7142857142857143,5,14,0.35714285714285715,0,0,1
ZOUPER FELLOW,2025-10-14,2025-10-22,8,1050,1000,True,-,False,False,False,0.8571428571428571,11,13,0.8461538461538461,0,0,0
DROMBEG BANNER,2025-10-16,2025-11-09,24,1200,1400,True,++,True,True,True,0.16666666666666666,6,14,0.42857142857142855,0,0,1
RUBYLOT,2025-10-16,2025-10-26,10,1200,1600,False,+,False,False,True,0.3333333333333333,9,14,0.6428571428571429,0,0,0
DRAGON AIR FORCE,2025-10-16,2025-11-02,17,1200,1650,False,+,False,False,False,0.5,5,12,0.4166666666666667,0,0,1
NEVER PETER OUT,2025-10-16,2025-10-30,14,1200,1650,False,+,True,False,False,0.6666666666666666,13,14,0.9285714285714286,0,0,0
JOHANNES BRAHMS,2025-10-16,2025-10-26,10,1200,1600,False,-,False,False,False,0.8333333333333334,12,14,0.8571428571428571,0,0,0
CHILL KAKA,2025-10-16,2025-10-30,14,1200,1650,False,-,False,False,False,1.0,9,14,0.6428571428571429,0,0,0
WATCH THIS ONE,2025-10-16,2025-10-30,14,1200,1200,True,++,False,True,True,0.25,12,12,1.0,0,0,0
EMBRACE ABERDEEN,2025-10-16,2025-12-07,52,1200,1200,True,-,False,False,False,0.5,1,12,0.08333333333333333,1,1,1
ON THE LASH,2025-10-16,2025-10-26,10,1200,1800,False,-,False,False,False,0.75,1,13,0.07692307692307693,1,1,1
HEROIC MASTER,2025-10-16,2025-11-02,17,1050,1000,True,++,False,True,True,0.16666666666666666,6,12,0.5,0,0,1
ALWAYS AHEAD,2025-10-16,2025-11-23,38,1050,1200,True,+,False,False,False,0.5,10,14,0.7142857142857143,0,0,0
RUBY THRIVE,2025-10-16,2025-11-15,30,1050,1200,True,0,False,False,False,0.6666666666666666,14,14,1.0,0,0,0
DAZZLING FIT,2025-10-17,2025-10-26,9,1200,1400,True,++,False,True,False,0.14285714285714285,6,14,0.42857142857142855,0,0,1
KARMA,2025-10-17,2025-10-30,13,1200,1650,False,+,False,False,True,0.2857142857142857,5,14,0.35714285714285715,0,0,1
LIGHT YEARS CHARM,2025-10-17,2025-11-09,23,1200,1400,True,+,False,False,False,0.42857142857142855,1,14,0.07142857142857142,1,1,1
HELIOS EXPRESS,2025-10-17,2025-10-26,9,1200,1200,True,0,False,False,True,0.5714285714285714,5,14,0.35714285714285715,0,0,1
MUGEN,2025-10-17,2025-10-26,9,1200,1200,True,0,False,False,True,0.7142857142857143,10,14,0.7142857142857143,0,0,0
RAGING BLIZZARD,2025-10-17,2025-10-26,9,1200,1200,True,-,False,False,True,0.8571428571428571,2,14,0.14285714285714285,0,1,1
INVINCIBLE SAGE,2025-10-17,2025-10-26,9,1200,1200,True,-,False,False,False,1.0,14,14,1.0,0,0,0
FUN N FUN TOGETHER,2025-10-17,2025-10-30,13,1200,1200,True,++,False,True,False,0.125,3,12,0.25,0,1,1
YOUNG ACHIEVER,2025-10-17,2025-10-30,13,1200,1650,False,+,False,False,False,0.25,11,14,0.7857142857142857,0,0,0
ARMOUR WAR EAGLE,2025-10-17,2025-10-26,9,1200,1400,True,+,False,False,True,0.375,9,14,0.6428571428571429,0,0,0
SNOWFIELD,2025-10-17,2025-10-26,9,1200,2000,False,+,False,False,True,0.5,5,13,0.38461538461538464,0,0,1
ETERNAL RICHNESS,2025-10-17,2025-11-09,23,1200,1200,True,+,False,False,True,0.625,12,12,1.0,0,0,0
MASSIVE SOVEREIGN,2025-10-17,2025-10-26,9,1200,1600,False,0,False,False,False,0.75,4,14,0.2857142857142857,0,0,1
GEORGIAN SIGMA,2025-10-17,2025-10-26,9,1200,1200,True,+,True,False,True,0.875,2,14,0.14285714285714285,0,1,1
ADORABLE SMILE,2025-10-17,2025-11-23,37,1200,1200,True,-,False,False,False,1.0,12,14,0.8571428571428571,0,0,0
GLACIATED,2025-10-17,2025-10-30,13,1200,1200,True,++,True,True,True,0.125,3,12,0.25,0,1,1
SILVER KING,2025-10-17,2025-10-30,13,1200,1650,False,+,False,False,True,0.25,11,13,0.8461538461538461,0,0,0
LEGEND STAR,2025-10-17,2025-10-30,13,1200,1200,True,+,False,False,False,0.375,9,12,0.75,0,0,0
BINGO BABE,2025-10-17,2025-11-09,23,1200,1400,True,++,True,False,True,0.5,11,15,0.7333333333333333,0,0,0
HAILTOTHEVICTORS,2025-10-17,2025-12-07,51,1200,1650,False,-,False,False,True,0.625,2,14,0.14285714285714285,0,1,1
YEE CHEONG RAIDER,2025-10-17,2025-10-30,13,1200,1650,False,0,False,False,False,0.75,6,13,0.46153846153846156,0,0,1
GROOVY FEELING,2025-10-17,2025-10-26,9,1200,1400,True,+,True,False,False,0.875,13,14,0.9285714285714286,0,0,0
SPARKLING FELLOW,2025-10-17,2025-10-26,9,1050,1000,True,++,False,True,False,0.25,2,14,0.14285714285714285,0,1,1
WARRIORS DREAM,2025-10-17,2025-10-22,5,1050,1000,True,+,False,False,True,0.5,5,13,0.38461538461538464,0,0,1
ACE CHAMPION,2025-10-17,2025-10-26,9,1050,1000,True,-,False,False,False,0.75,13,14,0.9285714285714286,0,0,0
CHEER FOR SOUTH,2025-10-17,2025-10-30,13,1050,1200,True,+,False,False,True,1.0,2,12,0.16666666666666666,0,1,1
THUNDER BLINK,2025-10-18,2025-11-05,18,1700,1650,True,++,False,True,True,0.1,5,12,0.4166666666666667,0,0,1
TOP GUN,2025-10-18,2025-11-05,18,1700,1650,True,++,False,False,True,0.2,12,12,1.0,0,0,0
FALLON,2025-10-18,2025-11-12,25,1700,1650,True,+,False,False,True,0.3,5,12,0.4166666666666667,0,0,1
GREY CHARGER,2025-10-18,2025-11-23,36,1700,2000,False,+,False,False,True,0.4,14,14,1.0,0,0,0
GUSTOSISIMO,2025-10-18,2025-11-02,15,1700,1200,False,+,False,False,True,0.5,5,13,0.38461538461538464,0,0,1
PRAY FOR MIR,2025-10-18,2025-11-09,22,1700,1800,True,0,False,False,False,0.6,5,14,0.35714285714285715,0,0,1
AGENDA,2025-10-18,2025-10-26,8,1700,2000,False,0,False,False,True,0.7,10,13,0.7692307692307693,0,0,0
ROSEWOOD FLEETFOOT,2025-10-18,2025-10-26,8,1700,1600,True,+,True,False,False,0.8,9,14,0.6428571428571429,0,0,0
ALLCASH,2025-10-18,2025-11-26,39,1700,1650,True,-,False,False,False,0.9,1,12,0.08333333333333333,1,1,1
TAOGETHER,2025-10-18,2025-11-09,22,1200,1200,True,++,False,True,True,0.1111111111111111,5,12,0.4166666666666667,0,0,1
PUBLIC ATTENTION,2025-10-18,2025-11-23,36,1200,1200,True,+,False,False,False,0.2222222222222222,2,14,0.14285714285714285,0,1,1
SUNNY DA BEST,2025-10-18,2025-10-26,8,1200,1000,True,+,False,False,True,0.3333333333333333,4,14,0.2857142857142857,0,0,1
REFUSETOBEENGLISH,2025-10-18,2025-11-02,15,1200,1200,True,++,True,False,True,0.4444444444444444,6,12,0.5,0,0,1
LUCKY MY WAY,2025-10-18,2025-11-23,36,1200,1400,True,+,False,False,True,0.6666666666666666,10,14,0.7142857142857143,0,0,0
LEGEND WINNER,2025-10-18,2025-11-30,43,1200,1600,False,-,False,False,True,0.8888888888888888,8,15,0.5333333333333333,0,0,0
SIX THREE WIN,2025-10-18,2025-11-02,15,1200,1000,True,-,False,False,True,1.0,9,12,0.75,0,0,0
MOUNT EVEREST,2025-10-18,2025-11-09,22,1200,1400,True,++,False,True,True,0.1,12,14,0.8571428571428571,0,0,0
SALON S,2025-10-18,2025-11-15,28,1200,1200,True,+,False,False,False,0.2,1,14,0.07142857142857142,1,1,1
CALIFORNIA BLUES,2025-10-18,2025-11-09,22,1200,1200,True,+,False,False,True,0.3,11,12,0.9166666666666666,0,0,0
FLASH CURRENT,2025-10-18,2025-11-23,36,1200,1400,True,+,False,False,True,0.4,12,14,0.8571428571428571,0,0,0
LEATHER GOODS,2025-10-18,2025-11-12,25,1200,1200,True,++,True,False,True,0.5,7,13,0.5384615384615384,0,0,0
CIRCUIT HAPPY,2025-10-18,2025-11-02,15,1200,1000,True,0,False,False,True,0.6,11,12,0.9166666666666666,0,0,0
ARMOR GOLDEN EAGLE,2025-10-18,2025-11-30,43,1200,1200,True,0,False,False,False,0.7,6,13,0.46153846153846156,0,0,1
NEZHA,2025-10-18,2025-11-02,15,1200,1650,False,+,True,False,True,0.9,9,12,0.75,0,0,0
RELIABLE DAD,2025-10-18,2025-11-12,25,1200,1200,True,-,False,False,True,1.0,10,13,0.7692307692307693,0,0,0
JUICY DRAGON,2025-10-18,2025-11-02,15,1200,1200,True,++,False,True,True,0.1111111111111111,10,12,0.8333333333333334,0,0,0
GOLDENTRONICMIGHTY,2025-10-18,2025-10-26,8,1200,1200,True,++,False,False,False,0.2222222222222222,1,14,0.07142857142857142,1,1,1
BROWNNEEDSFURTHER,2025-10-18,2025-11-02,15,1200,1200,True,+,False,False,True,0.3333333333333333,3,13,0.23076923076923078,0,1,1
DIRIYA,2025-10-18,2025-12-07,50,1200,1200,True,++,True,False,False,0.4444444444444444,4,12,0.3333333333333333,0,0,1
TEAM TEAM FOLKS,2025-10-18,2025-11-12,25,1200,1200,True,+,False,False,False,0.5555555555555556,1,12,0.08333333333333333,1,1,1
CALIFORNIA SUN,2025-10-18,2025-11-26,39,1200,1800,False,+,False,False,False,0.6666666666666666,12,12,1.0,0,0,0
SUPER MASTERMIND,2025-10-18,2025-10-26,8,1200,1200,True,0,False,False,True,0.7777777777777778,12,14,0.8571428571428571,0,0,0
KYRUS TREASURE,2025-10-18,2025-11-09,22,1200,1400,True,-,False,False,True,0.8888888888888888,8,14,0.5714285714285714,0,0,0
SONIC PURSUIT,2025-10-18,2025-11-02,15,1200,1200,True,+,False,False,True,0.2,3,12,0.25,0,1,1
IRON LEGION,2025-10-18,2025-11-09,22,1200,1400,True,++,False,False,True,0.3,6,15,0.4,0,0,1
CHILL MASTER,2025-10-18,2025-11-12,25,1200,1200,True,+,False,False,True,0.5,5,12,0.4166666666666667,0,0,1
ISLAND BUDDY,2025-10-18,2025-11-12,25,1200,1200,True,0,False,False,True,0.6,12,13,0.9230769230769231,0,0,0
NEWBORN MIRACLE,2025-10-18,2025-11-05,18,1200,1200,True,-,False,False,True,0.7,4,12,0.3333333333333333,0,0,1
VIVA TASTE,2025-10-18,2025-10-30,12,1200,1800,False,-,False,False,False,1.0,2,13,0.15384615384615385,0,1,1
ETERNAL FORTUNE,2025-10-18,2025-11-02,15,1000,1000,True,++,True,True,False,0.125,2,12,0.16666666666666666,0,1,1
CRIMSON FLASH,2025-10-18,2025-11-15,28,1000,1000,True,++,True,False,False,0.25,1,14,0.07142857142857142,1,1,1
BLUE ILLUSION,2025-10-18,2025-11-02,15,1000,1000,True,+,False,False,False,0.375,6,12,0.5,0,0,1
VIGOR EYE,2025-10-18,2025-12-07,50,1000,1200,True,-,False,False,False,0.5,3,12,0.25,0,1,1
COOL BOY,2025-10-18,2025-11-15,28,1000,1200,True,+,False,False,False,0.625,3,14,0.21428571428571427,0,1,1
CIRRUS SPEED,2025-10-18,2025-11-09,22,1000,1000,True,-,False,False,False,0.875,7,14,0.5,0,0,1
SIR CHARGE,2025-10-18,2025-11-02,15,1000,1000,True,++,False,True,True,0.14285714285714285,7,12,0.5833333333333334,0,0,0
TURIN CHAMPIONS,2025-10-18,2025-11-15,28,1000,1200,True,+,False,False,True,0.2857142857142857,6,14,0.42857142857142855,0,0,1
EVER SMART,2025-10-18,2025-11-05,18,1000,1000,True,+,False,False,True,0.42857142857142855,7,12,0.5833333333333334,0,0,0
SPORTS LEGEND,2025-10-21,2025-11-02,12,1200,1200,True,++,False,True,False,0.1,3,12,0.25,0,1,1
KAHOLO ANGEL,2025-10-21,2025-11-02,12,1200,1200,True,+,False,False,True,0.2,6,13,0.46153846153846156,0,0,1
MUST GO,2025-10-21,2025-10-30,9,1200,1200,True,+,False,False,True,0.3,4,12,0.3333333333333333,0,0,1
THE ALL OUT,2025-10-21,2025-11-02,12,1200,1200,True,+,False,False,False,0.4,11,12,0.9166666666666666,0,0,0
WITH A SMILE,2025-10-21,2025-11-02,12,1200,1200,True,++,False,False,False,0.5,5,12,0.4166666666666667,0,0,1
CHANCHENG GLORY,2025-10-21,2025-11-09,19,1200,1800,False,0,False,False,True,0.7,12,14,0.8571428571428571,0,0,0
SO MY FOLKS,2025-10-21,2025-11-09,19,1200,1000,True,0,False,False,True,0.8,5,14,0.35714285714285715,0,0,1
BUNDLE AWARD,2025-10-21,2025-10-26,5,1200,1600,False,-,False,False,False,0.9,11,14,0.7857142857142857,0,0,0
CAN'T GO WONG,2025-10-21,2025-11-02,12,1200,1800,False,-,False,False,False,1.0,8,12,0.6666666666666666,0,0,0
SHANGHAI STYLE,2025-10-21,2025-10-30,9,1200,1650,False,++,False,True,False,0.1,2,14,0.14285714285714285,0,1,1
LIGHTNING ARROW,2025-10-21,2025-11-05,15,1200,1650,False,+,False,False,True,0.2,9,12,0.75,0,0,0
KINGLY DEMEANOR,2025-10-21,2025-11-02,12,1200,1800,False,+,False,False,False,0.3,7,12,0.5833333333333334,0,0,0
MARVEL AND GOLD,2025-10-21,2025-10-30,9,1200,1200,True,+,False,False,False,0.4,10,12,0.8333333333333334,0,0,0
LUCKY GENERATIONS,2025-10-21,2025-11-19,29,1200,1200,True,+,False,False,False,0.5,4,12,0.3333333333333333,0,0,1
FASHION LEGEND,2025-10-21,2025-10-30,9,1200,1650,False,+,False,False,False,0.6,8,14,0.5714285714285714,0,0,0
KA YING GENERATION,2025-10-21,2025-11-23,33,1200,2000,False,+,False,False,True,0.7,3,9,0.3333333333333333,0,1,1
WINNING CIGAR,2025-10-21,2025-11-02,12,1200,1200,True,-,False,False,False,0.8,12,13,0.9230769230769231,0,0,0
CITY THUNDER,2025-10-21,2025-12-07,47,1200,1400,True,-,False,False,False,1.0,5,14,0.35714285714285715,0,0,1
SELF IMPROVEMENT,2025-10-23,2025-11-02,10,1200,1200,True,++,False,True,False,0.1111111111111111,9,13,0.6923076923076923,0,0,0
REGAL GEM,2025-10-23,2025-11-05,13,1200,1200,True,++,True,False,True,0.2222222222222222,1,12,0.08333333333333333,1,1,1
TURIN MASCOT,2025-10-23,2025-10-30,7,1200,1650,False,+,False,False,True,0.5555555555555556,4,14,0.2857142857142857,0,0,1
FLOW WATER FLOW,2025-10-23,2025-11-26,34,1200,1200,True,0,False,False,False,0.6666666666666666,2,12,0.16666666666666666,0,1,1
LIFELINE EXPRESS,2025-10-23,2025-11-09,17,1200,1200,True,-,False,False,True,0.7777777777777778,7,12,0.5833333333333334,0,0,0
BRAVE WIN,2025-10-23,2025-11-09,17,1200,1200,True,-,False,False,False,0.8888888888888888,10,12,0.8333333333333334,0,0,0
AMAZING AWARD,2025-10-23,2025-11-02,10,1200,1650,False,-,False,False,False,1.0,4,12,0.3333333333333333,0,0,1
CELESTIAL PATCH,2025-10-23,2025-11-02,10,1200,1800,False,++,False,True,False,0.1,6,12,0.5,0,0,1
SUPREME AGILITY,2025-10-23,2025-10-30,7,1200,1800,False,+,False,False,False,0.2,3,13,0.23076923076923078,0,1,1
ELITE GOLF,2025-10-23,2025-11-15,23,1200,1200,True,+,False,False,True,0.3,5,14,0.35714285714285715,0,0,1
DASH,2025-10-23,2025-10-30,7,1200,1200,True,++,False,False,True,0.4,8,12,0.6666666666666666,0,0,0
BIG STRIDE,2025-10-23,2025-11-02,10,1200,1650,False,-,False,False,True,0.5,10,12,0.8333333333333334,0,0,0
SUPER CHARIZZARD,2025-10-23,2025-11-02,10,1200,1200,True,+,True,False,True,0.6,9,12,0.75,0,0,0
FLYING CHRISTIE,2025-10-23,2025-12-07,45,1200,1200,True,0,False,False,True,0.7,11,12,0.9166666666666666,0,0,0
CROSSBORDERDUDE,2025-10-23,2025-11-30,38,1200,1200,True,0,False,False,True,0.8,10,12,0.8333333333333334,0,0,0
NEVER SETTLE,2025-10-23,2025-11-05,13,1200,1200,True,-,False,False,True,0.9,3,12,0.25,0,1,1
KOLACHI,2025-10-23,2025-11-05,13,1200,1650,False,-,False,False,False,1.0,11,12,0.9166666666666666,0,0,0
CANDLELIGHT DINNER,2025-10-23,2025-11-02,10,1050,1000,True,++,False,True,True,0.25,5,12,0.4166666666666667,0,0,1
EVERSTAR,2025-10-23,2025-11-02,10,1050,1200,True,++,True,False,False,0.5,6,13,0.46153846153846156,0,0,1
DOUBLE BINGO,2025-10-23,2025-10-30,7,1050,1200,True,-,False,False,True,0.75,3,12,0.25,0,1,1
FORZA LEADER,2025-10-23,2025-12-14,52,1050,1200,True,-,False,False,False,1.0,10,14,0.7142857142857143,0,0,0
SPEEDY SMARTIE,2025-10-24,2025-11-02,9,1000,1200,True,++,False,True,False,0.125,2,12,0.16666666666666666,0,1,1
LOOKING BRIGHT,2025-10-24,2025-11-02,9,1000,1000,True,+,False,False,False,0.25,12,12,1.0,0,0,0
PERFECT GENERAL,2025-10-24,2025-12-03,40,1000,1200,True,+,False,False,False,0.375,1,12,0.08333333333333333,1,1,1
STARRY SHOW,2025-10-24,2025-12-07,44,1000,1000,True,-,False,False,True,0.5,11,14,0.7857142857142857,0,0,0
JOKER ORBIT,2025-10-24,2025-12-07,44,1000,1000,True,0,False,False,False,0.625,10,14,0.7142857142857143,0,0,0
E HO HO,2025-10-24,2025-11-15,22,1000,1000,True,0,False,False,False,0.75,12,14,0.8571428571428571,0,0,0
TACTICAL VICTORY,2025-10-24,2025-12-07,44,1000,1000,True,-,False,False,True,1.0,13,14,0.9285714285714286,0,0,0
VIVA FIRECRACKER,2025-10-24,2025-11-30,37,1000,1000,True,+,False,False,True,0.2,7,14,0.5,0,0,1
PRECISION HOPE,2025-10-24,2025-11-23,30,1000,1200,True,+,False,False,True,0.3,9,14,0.6428571428571429,0,0,0
JOY CAPITAL,2025-10-24,2025-11-30,37,1000,1200,True,+,False,False,True,0.5,11,12,0.9166666666666666,0,0,0
ICONICAL,2025-10-24,2025-11-26,33,1000,1200,True,++,False,True,False,0.1,8,12,0.6666666666666666,0,0,0
STORMY KNIGHT,2025-10-24,2025-12-14,51,1000,1200,True,+,False,False,True,0.2,11,15,0.7333333333333333,0,0,0
WIN SPEED,2025-10-24,2025-12-07,44,1000,1400,False,+,False,False,False,0.4,13,14,0.9285714285714286,0,0,0
WORD OF KINDNESS,2025-10-24,2025-11-15,22,1000,1200,True,+,False,False,True,0.5,9,14,0.6428571428571429,0,0,0
CHATER FLASH,2025-10-24,2025-11-30,37,1000,1000,True,0,False,False,False,0.6,13,14,0.9285714285714286,0,0,0
I AM BACK,2025-10-24,2025-12-03,40,1000,1200,True,-,False,False,False,0.9,8,12,0.6666666666666666,0,0,0
YOUNG HORIZON,2025-10-24,2025-11-30,37,1000,1400,False,++,False,True,True,0.1,1,14,0.07142857142857142,1,1,1
YODA'S CHOICE,2025-10-24,2025-10-30,6,1000,1650,False,++,False,False,False,0.3,6,14,0.42857142857142855,0,0,1
SKY CAP,2025-10-24,2025-12-10,47,1000,1200,True,+,False,False,False,0.4,10,12,0.8333333333333334,0,0,0
ZEPHYR,2025-10-24,2025-12-14,51,1000,1200,True,++,False,False,False,0.5,12,15,0.8,0,0,0
GOLDEN DARCI,2025-10-24,2025-11-05,12,1000,1200,True,0,False,False,True,0.6,8,12,0.6666666666666666,0,0,0
AMAZING PARTNERS,2025-10-24,2025-12-20,57,1000,1200,True,+,False,False,True,0.7,3,12,0.25,0,1,1
RICH HORSE,2025-10-24,2025-11-12,19,1000,1200,True,-,False,False,False,1.0,9,12,0.75,0,0,0
CHIU CHOW SPIRIT,2025-10-24,2025-11-09,16,1600,1400,True,++,False,True,False,0.16666666666666666,8,14,0.5714285714285714,0,0,0
LUCKY SWEYNESSE,2025-10-24,2025-11-23,30,1600,1200,False,+,False,False,False,0.3333333333333333,4,10,0.4,0,0,1
MONDIAL,2025-10-24,2025-12-03,40,1600,1800,True,+,False,False,True,0.5,6,12,0.5,0,0,1
MEGA FORCE,2025-10-24,2025-10-30,6,1600,1800,True,-,False,False,True,0.8333333333333334,5,13,0.38461538461538464,0,0,1
PING HAI COMET,2025-10-24,2025-11-26,33,1600,1800,True,-,False,False,False,1.0,10,12,0.8333333333333334,0,0,0
KEEN MOLLY,2025-10-24,2025-11-02,9,1200,1650,False,++,False,True,True,0.2,6,12,0.5,0,0,1
FORZA TORO,2025-10-24,2025-11-05,12,1200,1200,True,+,False,False,True,0.4,6,12,0.5,0,0,1
GALACTIC VOYAGE,2025-10-24,2025-12-20,57,1200,1200,True,0,False,False,True,0.6,4,12,0.3333333333333333,0,0,1
SHAMZ,2025-10-24,2025-11-26,33,1200,1650,False,-,False,False,False,1.0,11,12,0.9166666666666666,0,0,0
POWER SUMMIT,2025-10-24,2025-11-15,22,1200,1400,True,++,False,True,True,0.1,12,14,0.8571428571428571,0,0,0
BIG RETURN,2025-10-24,2025-11-05,12,1200,1200,True,+,False,False,True,0.2,6,12,0.5,0,0,1
FRANTANCK,2025-10-24,2025-11-02,9,1200,1800,False,+,False,False,False,0.4,12,12,1.0,0,0,0
MASTER PHOENIX,2025-10-24,2025-11-12,19,1200,1200,True,++,True,False,False,0.5,8,12,0.6666666666666666,0,0,0
VERMILION TEMPEST,2025-10-24,2025-11-23,30,1200,1200,True,+,False,False,False,0.8,14,14,1.0,0,0,0
KEMPES,2025-10-24,2025-10-30,6,1200,1200,True,+,False,False,False,0.9,2,12,0.16666666666666666,0,1,1
A TIME FOR US,2025-10-24,2025-12-14,51,1200,1200,True,-,False,False,False,1.0,4,14,0.2857142857142857,0,0,1
MAJESTIC VALOUR,2025-10-24,2025-11-30,37,1200,1200,True,++,False,True,False,0.1111111111111111,1,12,0.08333333333333333,1,1,1
SOLO LEVELLING,2025-10-24,2025-12-07,44,1200,1200,True,+,False,False,True,0.2222222222222222,12,12,1.0,0,0,0
CORLEONE,2025-10-24,2025-11-05,12,1200,1650,False,++,True,False,False,0.3333333333333333,1,12,0.08333333333333333,1,1,1
MABUBU,2025-10-24,2025-11-23,30,1200,1200,True,+,False,False,True,0.4444444444444444,1,14,0.07142857142857142,1,1,1
CIRCUIT MARSHAL,2025-10-24,2025-11-23,30,1200,1400,True,+,False,False,False,0.5555555555555556,6,14,0.42857142857142855,0,0,1
HAPPY BOSS,2025-10-24,2025-11-23,30,1200,1400,True,0,False,False,False,0.6666666666666666,6,14,0.42857142857142855,0,0,1
THE ALL ROUNDER,2025-10-24,2025-11-05,12,1200,1200,True,-,False,False,False,0.8888888888888888,11,12,0.9166666666666666,0,0,0
BLUE BARON,2025-10-24,2025-11-09,16,1200,1400,True,++,False,True,True,0.1111111111111111,9,15,0.6,0,0,0
DIVINE MOONLIGHT,2025-10-24,2025-11-05,12,1200,1000,True,++,False,False,True,0.2222222222222222,12,12,1.0,0,0,0
WINNING MONEY,2025-10-24,2025-11-09,16,1200,1000,True,++,True,False,True,0.3333333333333333,11,14,0.7857142857142857,0,0,0
FIT FOR BEAUTY,2025-10-24,2025-11-23,30,1200,1400,True,++,False,False,True,0.4444444444444444,1,14,0.07142857142857142,1,1,1
WATCH THE FORT,2025-10-24,2025-11-15,22,1200,1400,True,+,False,False,True,0.5555555555555556,11,14,0.7857142857142857,0,0,0
NOBLE GO,2025-10-24,2025-10-30,6,1200,1200,True,-,False,False,True,0.6666666666666666,11,12,0.9166666666666666,0,0,0
SETANTA,2025-10-24,2025-11-02,9,1200,1650,False,0,False,False,False,0.7777777777777778,6,12,0.5,0,0,1
LUCKY PLUS,2025-10-24,2025-11-30,37,1200,1000,True,-,False,False,True,1.0,14,14,1.0,0,0,0
LITTLE PARADISE,2025-10-27,2025-11-09,13,1200,1400,True,++,False,True,False,0.125,3,14,0.21428571428571427,0,1,1
AERIS NOVA,2025-10-27,2025-11-09,13,1200,1400,True,+,False,False,False,0.25,2,14,0.14285714285714285,0,1,1
SWIFT ASCEND,2025-10-27,2025-11-15,19,1200,1200,True,+,False,False,False,0.375,5,14,0.35714285714285715,0,0,1
SUNLIGHT POWER,2025-10-27,2025-11-09,13,1200,1800,False,+,False,False,False,0.5,4,14,0.2857142857142857,0,0,1
PRESTIGE ALWAYS,2025-10-27,2025-11-05,9,1200,1200,True,+,True,False,False,0.625,3,12,0.25,0,1,1
THE BOOM BOX,2025-10-27,2025-11-09,13,1200,1400,True,-,False,False,False,0.875,8,14,0.5714285714285714,0,0,0
HEAVING,2025-10-27,2025-11-30,34,1200,1200,True,-,False,False,False,1.0,5,13,0.38461538461538464,0,0,1
LOYAL BRIGHT,2025-10-27,2025-11-19,23,1200,1200,True,++,False,True,False,0.125,5,12,0.4166666666666667,0,0,1
VICTORY SKY,2025-10-27,2025-11-05,9,1200,1650,False,++,False,False,True,0.25,6,12,0.5,0,0,1
LOCH TAY,2025-10-27,2025-11-15,19,1200,1650,False,+,False,False,True,0.375,1,14,0.07142857142857142,1,1,1
NOVA KNIGHT,2025-10-27,2025-11-09,13,1200,1400,True,-,False,False,True,0.5,11,14,0.7857142857142857,0,0,0
URANUS STAR,2025-10-27,2025-11-05,9,1200,1650,False,0,False,False,False,0.625,1,12,0.08333333333333333,1,1,1
PEGAS,2025-10-27,2025-11-15,19,1200,1000,True,0,False,False,False,0.75,10,14,0.7142857142857143,0,0,0
VECU,2025-10-27,2025-11-23,27,1200,1400,True,-,False,False,False,0.875,11,14,0.7857142857142857,0,0,0
HERBAL STAR,2025-10-27,2025-11-30,34,1200,1200,True,-,False,False,False,1.0,9,12,0.75,0,0,0
TIN FOOK,2025-10-27,2025-11-09,13,1200,1400,True,++,False,True,True,0.1111111111111111,4,14,0.2857142857142857,0,0,1
BETTER AND BETTER,2025-10-27,2025-11-09,13,1200,1400,True,+,False,False,False,0.2222222222222222,5,14,0.35714285714285715,0,0,1
BRIGHT MORTAR,2025-10-27,2025-11-05,9,1200,1650,False,++,False,False,True,0.3333333333333333,10,12,0.8333333333333334,0,0,0
LIGHTNESS OF MUSIC,2025-10-27,2025-11-30,34,1200,1200,True,+,False,False,False,0.4444444444444444,11,13,0.8461538461538461,0,0,0
CHARMING BABE,2025-10-27,2025-11-05,9,1200,1200,True,+,True,False,True,0.5555555555555556,1,12,0.08333333333333333,1,1,1
GLORIASTAR,2025-10-27,2025-11-09,13,1200,1600,False,+,False,False,False,0.6666666666666666,3,15,0.2,0,1,1
CIRCUIT GOGO,2025-10-27,2025-11-12,16,1200,1200,True,0,False,False,False,0.7777777777777778,7,12,0.5833333333333334,0,0,0
MADE FOR LIFE,2025-10-27,2025-11-23,27,1200,1200,True,++,False,True,False,0.1111111111111111,4,14,0.2857142857142857,0,0,1
WUKONG JEWELLERY,2025-10-27,2025-11-19,23,1200,1650,False,++,False,False,True,0.2222222222222222,6,12,0.5,0,0,1
PACKING KING,2025-10-27,2025-12-20,54,1200,1400,True,++,False,False,True,0.3333333333333333,6,14,0.42857142857142855,0,0,1
BOWSER,2025-10-27,2025-11-09,13,1200,1400,True,+,False,False,False,0.4444444444444444,6,14,0.42857142857142855,0,0,1
LAHORE,2025-10-27,2025-11-15,19,1200,1400,True,+,False,False,False,0.5555555555555556,8,14,0.5714285714285714,0,0,0
STORM RUNNER,2025-10-27,2025-11-05,9,1200,2200,False,+,False,False,True,0.6666666666666666,2,7,0.2857142857142857,0,1,1
VIGOR ELLEEGANT,2025-10-27,2025-11-09,13,1200,1200,True,+,False,False,False,0.7777777777777778,11,12,0.9166666666666666,0,0,0
AKERMANIS GOLD,2025-10-27,2025-12-07,41,1200,1000,True,-,False,False,False,0.8888888888888888,9,14,0.6428571428571429,0,0,0
PRIDE BELIEVER,2025-10-27,2025-11-05,9,1200,1200,True,-,False,False,False,0.8888888888888888,8,12,0.6666666666666666,0,0,0
THUNDER PRINCE,2025-10-27,2025-11-05,9,1200,1200,True,++,False,True,False,0.1111111111111111,3,12,0.25,0,1,1
SUPER DRAGON,2025-10-27,2025-11-15,19,1200,1200,True,+,False,False,False,0.2222222222222222,2,14,0.14285714285714285,0,1,1
SIGHT DREAMER,2025-10-27,2025-11-02,6,1200,1200,True,+,False,False,True,0.3333333333333333,9,13,0.6923076923076923,0,0,0
MY FLYING ANGEL,2025-10-27,2025-11-09,13,1200,1400,True,+,False,False,True,0.4444444444444444,3,15,0.2,0,1,1
TURF PHOENIX,2025-10-27,2025-11-09,13,1200,1600,False,0,False,False,True,0.5555555555555556,13,15,0.8666666666666667,0,0,0
PANDA LEGEND,2025-10-27,2025-11-09,13,1200,1600,False,+,False,False,True,0.6666666666666666,2,15,0.13333333333333333,0,1,1
LOADED WITH FLUKE,2025-10-27,2025-11-19,23,1200,1650,False,-,False,False,False,0.7777777777777778,11,12,0.9166666666666666,0,0,0
CAP LINER,2025-10-27,2025-11-09,13,1050,1000,True,++,False,True,True,0.1,3,14,0.21428571428571427,0,1,1
MALPENSA,2025-10-27,2025-12-20,54,1050,1200,True,+,False,False,True,0.2,12,12,1.0,0,0,0
GREATER BAE,2025-10-27,2025-11-26,30,1050,1200,True,+,False,False,False,0.3,9,12,0.75,0,0,0
KA YING WARRIOR,2025-10-27,2025-11-09,13,1050,1000,True,++,False,False,True,0.4,6,14,0.42857142857142855,0,0,1
SWAGGER BRO,2025-10-27,2025-12-03,37,1050,1200,True,+,False,False,False,0.5,4,12,0.3333333333333333,0,0,1
FUN ELITE,2025-10-27,2025-11-12,16,1050,1200,True,0,False,False,False,0.6,7,12,0.5833333333333334,0,0,0
FREE PONY,2025-10-27,2025-11-05,9,1050,1200,True,0,False,False,False,0.7,4,12,0.3333333333333333,0,0,1
SERGEANT PEPPER,2025-10-27,2025-11-02,6,1050,1000,True,+,True,False,False,0.8,10,12,0.8333333333333334,0,0,0
GOOD LUCK HAPPY,2025-10-27,2025-12-23,57,1050,1200,True,-,False,False,False,0.9,2,12,0.16666666666666666,0,1,1
CHICKEN DINNER,2025-10-28,2025-11-15,18,1000,1000,True,+,False,False,False,0.2222222222222222,9,14,0.6428571428571429,0,0,0
LIGHTNESS OF BEING,2025-10-28,2025-12-23,56,1000,1200,True,+,False,False,False,0.3333333333333333,11,12,0.9166666666666666,0,0,0
PAKISTAN LEGACY,2025-10-28,2025-11-23,26,1000,1200,True,+,False,False,False,0.4444444444444444,6,14,0.42857142857142855,0,0,1
STANLEY EXPRESS,2025-10-28,2025-11-23,26,1000,1200,True,0,False,False,False,0.5555555555555556,11,14,0.7857142857142857,0,0,0
CIRCUIT GRAND SLAM,2025-10-28,2025-11-09,12,1000,1200,True,+,False,False,True,0.6666666666666666,1,12,0.08333333333333333,1,1,1
KYRUS DRAGON,2025-10-28,2025-11-26,29,1000,1200,True,+,False,False,False,0.7777777777777778,3,12,0.25,0,1,1
EXCELLENT BOY,2025-10-28,2025-11-15,18,1000,1200,True,-,False,False,True,1.0,13,14,0.9285714285714286,0,0,0
TURQUOISE VELOCITY,2025-10-28,2025-12-20,53,1000,1000,True,++,False,True,False,0.1,1,14,0.07142857142857142,1,1,1
NORTHERN FIRE BALL,2025-10-28,2025-11-26,29,1000,1200,True,++,False,False,False,0.2,12,12,1.0,0,0,0
HONORARY,2025-10-28,2025-11-30,33,1000,1000,True,-,False,False,True,0.3,8,14,0.5714285714285714,0,0,0
STRATHPEFFER,2025-10-28,2025-11-09,12,1000,1400,False,++,False,False,True,0.4,2,14,0.14285714285714285,0,1,1
FULL OF LAUGHTER,2025-10-28,2025-12-20,53,1000,1000,True,-,False,False,True,0.4,6,14,0.42857142857142855,0,0,1
MOTOMAN,2025-10-28,2025-11-09,12,1000,1200,True,-,False,False,False,0.6,9,12,0.75,0,0,0
REAL GENTLEMAN,2025-10-28,2025-11-09,12,1000,1400,False,0,False,False,True,0.7,13,14,0.9285714285714286,0,0,0
LUCK SMILES,2025-10-28,2025-11-26,29,1000,1200,True,++,False,True,True,0.09090909090909091,12,12,1.0,0,0,0
ALL ARE MINE,2025-10-28,2025-12-07,40,1000,1200,True,+,False,False,True,0.18181818181818182,10,12,0.8333333333333334,0,0,0
WINNING DIAMOND,2025-10-28,2025-11-09,12,1000,1000,True,++,True,False,False,0.2727272727272727,11,14,0.7857142857142857,0,0,0
CONSPIRATOR,2025-10-28,2025-11-26,29,1000,1200,True,+,False,False,True,0.36363636363636365,11,12,0.9166666666666666,0,0,0
LAKESHORE HERO,2025-10-28,2025-11-19,22,1000,1200,True,+,False,False,False,0.5454545454545454,1,12,0.08333333333333333,1,1,1
ACE,2025-10-28,2025-12-20,53,1000,1400,False,+,False,False,False,0.6363636363636364,5,14,0.35714285714285715,0,0,1
NAMJONG KINGDOM,2025-10-28,2025-12-20,53,1000,1600,False,+,False,False,False,0.7272727272727273,8,14,0.5714285714285714,0,0,0
SEA SAPPHIRE,2025-10-28,2025-12-07,40,1000,1200,True,-,False,False,False,1.0,8,12,0.6666666666666666,0,0,0
LET'S HAVE FUN,2025-10-28,2025-12-14,47,800,1200,False,++,True,True,False,0.1111111111111111,11,14,0.7857142857142857,0,0,0
RYUI KOKOROE,2025-10-28,2025-12-03,36,800,1000,True,+,False,False,False,0.2222222222222222,7,12,0.5833333333333334,0,0,0
RISING ELITE,2025-10-28,2025-12-27,60,800,1650,False,-,False,False,True,1.0,9,14,0.6428571428571429,0,0,0
LEADING AGILITY,2025-10-28,2025-11-30,33,800,1200,False,++,False,True,False,0.09090909090909091,3,12,0.25,0,1,1
BEAUTY CRESCENT,2025-10-28,2025-11-09,12,1200,1400,True,++,False,True,True,0.1111111111111111,4,14,0.2857142857142857,0,0,1
YOUNG CHAMPION,2025-10-28,2025-11-09,12,1200,1400,True,+,False,False,True,0.2222222222222222,10,14,0.7142857142857143,0,0,0
CAPTAIN LINK,2025-10-28,2025-11-19,22,1200,1200,True,+,False,False,True,0.3333333333333333,12,12,1.0,0,0,0
HEALTHY HAPPY,2025-10-28,2025-11-09,12,1200,1400,True,+,False,False,False,0.4444444444444444,9,14,0.6428571428571429,0,0,0
KEEFY,2025-10-28,2025-11-12,15,1200,1650,False,0,False,False,False,0.5555555555555556,4,12,0.3333333333333333,0,0,1
GORGEOUS WIN,2025-10-28,2025-11-15,18,1200,1200,True,+,False,False,False,0.7777777777777778,10,14,0.7142857142857143,0,0,0
JUNEAU PRIDE,2025-10-28,2025-11-09,12,1200,1400,True,+,False,False,True,0.8888888888888888,7,14,0.5,0,0,1
MR ASCENDENCY,2025-10-28,2025-11-12,15,1200,1650,False,-,False,False,False,1.0,10,12,0.8333333333333334,0,0,0
ENDUED,2025-10-28,2025-12-14,47,1200,1400,True,++,False,True,True,0.1,2,14,0.14285714285714285,0,1,1
SOLEIL FIGHTER,2025-10-28,2025-11-12,15,1200,1650,False,++,True,False,False,0.2,3,12,0.25,0,1,1
AURIO,2025-10-28,2025-12-07,40,1200,1200,True,+,False,False,False,0.3,2,12,0.16666666666666666,0,1,1
ORIGIN OF FORM,2025-10-28,2025-11-12,15,1200,1200,True,+,False,False,False,0.4,11,12,0.9166666666666666,0,0,0
MONARCH COUNTY,2025-10-28,2025-11-23,26,1200,1400,True,++,False,False,False,0.5,7,14,0.5,0,0,1
SHANWAH,2025-10-28,2025-11-09,12,1200,1400,True,0,False,False,True,0.6,11,14,0.7857142857142857,0,0,0
YOUNG EMPEROR,2025-10-28,2025-11-12,15,1200,1200,True,+,False,False,False,0.7,6,12,0.5,0,0,1
ETALON OR,2025-10-28,2025-11-09,12,1200,1400,True,+,False,False,False,0.8,4,14,0.2857142857142857,0,0,1
SILVERY BREEZE,2025-10-28,2025-11-05,8,1200,1650,False,+,True,False,False,1.0,2,12,0.16666666666666666,0,1,1
EIGHTY LIGHT YEARS,2025-10-28,2025-11-23,26,1200,1400,True,++,False,True,False,0.1111111111111111,2,14,0.14285714285714285,0,1,1
VOYAGE BOSS,2025-10-28,2025-11-09,12,1200,1200,True,+,False,False,True,0.2222222222222222,4,12,0.3333333333333333,0,0,1
SILO,2025-10-28,2025-11-19,22,1200,1200,True,+,False,False,True,0.3333333333333333,3,12,0.25,0,1,1
COLOURFUL GAN,2025-10-28,2025-11-09,12,1200,1400,True,+,False,False,True,0.4444444444444444,10,14,0.7142857142857143,0,0,0
SEWARD,2025-10-28,2025-11-23,26,1200,1400,True,0,False,False,True,0.5555555555555556,12,14,0.8571428571428571,0,0,0
FIVEFORTWO,2025-10-28,2025-12-10,43,1200,1650,False,0,False,False,True,0.6666666666666666,1,12,0.08333333333333333,1,1,1
JOYFUL PROSPERITY,2025-10-28,2025-11-30,33,1200,1600,False,+,False,False,True,0.7777777777777778,12,14,0.8571428571428571,0,0,0
PACKING GLORY,2025-10-28,2025-11-30,33,1200,1000,True,-,False,False,True,0.8888888888888888,1,14,0.07142857142857142,1,1,1
BUCEPHALAS,2025-10-28,2025-11-15,18,1200,1400,True,++,False,True,False,0.1111111111111111,1,14,0.07142857142857142,1,1,1
ROBOT STAR,2025-10-28,2025-11-30,33,1200,1200,True,+,False,False,False,0.2222222222222222,4,12,0.3333333333333333,0,0,1
SZERYNG,2025-10-28,2025-11-09,12,1200,1200,True,++,False,False,False,0.3333333333333333,1,12,0.08333333333333333,1,1,1
MR BOLT,2025-10-28,2025-11-23,26,1200,1400,True,0,False,False,True,0.5555555555555556,4,14,0.2857142857142857,0,0,1
RED BRICK WARRIOR,2025-10-28,2025-12-14,47,1200,1400,True,-,False,False,True,0.6666666666666666,10,14,0.7142857142857143,0,0,0
CHINA WIN,2025-10-28,2025-11-09,12,1200,1600,False,0,False,False,True,0.7777777777777778,4,15,0.26666666666666666,0,0,1
BLAZING WIND,2025-10-28,2025-11-30,33,1200,1200,True,+,True,False,False,1.0,4,12,0.3333333333333333,0,0,1
SMART GOLF,2025-10-28,2025-11-30,33,1200,1000,True,++,False,True,False,0.1,5,14,0.35714285714285715,0,0,1
GET FRIENDLY,2025-10-28,2025-11-30,33,1200,1000,True,++,False,False,False,0.2,3,14,0.21428571428571427,0,1,1
VERBIER,2025-10-28,2025-11-12,15,1200,1650,False,+,False,False,True,0.3,8,12,0.6666666666666666,0,0,0
VIVACIOUS WIN,2025-10-28,2025-11-05,8,1200,1650,False,+,False,False,True,0.4,4,12,0.3333333333333333,0,0,1
GOLDEN TRIUMPH,2025-10-28,2025-11-30,33,1200,1200,True,+,False,False,True,0.5,9,12,0.75,0,0,0
CIRCUIT FIERY,2025-10-28,2025-11-09,12,1200,1400,True,0,False,False,True,0.6,4,15,0.26666666666666666,0,0,1
YOUNG BRAVO,2025-10-28,2025-11-09,12,1200,1400,True,+,False,False,True,0.7,9,14,0.6428571428571429,0,0,0
COLOURFUL KNIGHT,2025-10-28,2025-11-12,15,1200,1650,False,0,False,False,False,0.8,12,12,1.0,0,0,0
DECRELOT,2025-10-28,2025-11-09,12,1200,1400,True,-,False,False,False,0.9,12,15,0.8,0,0,0
DROMBEG BANNER,2025-10-30,2025-11-09,10,1200,1400,True,++,False,True,False,0.2,6,14,0.42857142857142855,0,0,1
LIVEANDLETLIVE,2025-10-30,2025-11-12,13,1200,1800,False,+,False,False,False,0.4,3,13,0.23076923076923078,0,1,1
BRILLIANT EXPRESS,2025-10-30,2025-11-23,24,1200,1400,True,+,False,False,True,0.6,8,14,0.5714285714285714,0,0,0
GLORIOUS SUCCESS,2025-10-30,2025-12-20,51,1200,1600,False,-,False,False,False,0.8,12,14,0.8571428571428571,0,0,0
FIGHTING MACHINE,2025-10-30,2025-11-09,10,1200,1600,False,++,False,True,False,0.16666666666666666,9,15,0.6,0,0,0
SAVVY WARRIOR,2025-10-30,2025-11-19,20,1200,1650,False,++,True,False,True,0.3333333333333333,5,12,0.4166666666666667,0,0,1
EXCEL WONGCHOY,2025-10-30,2025-11-09,10,1200,1400,True,+,False,False,False,0.5,11,14,0.7857142857142857,0,0,0
AMAZING GAZE,2025-10-30,2025-11-12,13,1200,1650,False,0,False,False,True,0.6666666666666666,4,12,0.3333333333333333,0,0,1
LUCKY FIELD,2025-10-30,2025-12-20,51,1200,1200,True,-,False,False,True,1.0,10,12,0.8333333333333334,0,0,0
ROMAN CROWN,2025-10-30,2025-11-05,6,1200,1200,True,++,False,True,True,0.2,2,12,0.16666666666666666,0,1,1
APOLAR FIGHTER,2025-10-30,2025-11-12,13,1200,1650,False,+,False,False,False,0.4,2,12,0.16666666666666666,0,1,1
GLORIOUS RYDER,2025-10-30,2025-11-12,13,1200,1650,False,+,False,False,True,0.6,12,12,1.0,0,0,0
TEAM HAPPY,2025-10-30,2025-11-09,10,1200,1400,True,+,True,False,False,0.8,2,15,0.13333333333333333,0,1,1
GANGNAM STAR,2025-10-30,2025-11-09,10,1200,1600,False,-,False,False,False,1.0,3,15,0.2,0,1,1
ROMANTIC WARRIOR,2025-10-31,2025-11-23,23,1200,2000,False,++,False,True,False,0.125,1,9,0.1111111111111111,1,1,1
MOMENTS IN TIME,2025-10-31,2025-11-09,9,1200,1800,False,+,False,False,False,0.25,3,14,0.21428571428571427,0,1,1
GALAXY PATCH,2025-10-31,2025-11-23,23,1200,1600,False,+,False,False,False,0.375,1,13,0.07692307692307693,1,1,1
PATCH OF THETA,2025-10-31,2025-11-23,23,1200,1600,False,+,False,False,False,0.5,5,13,0.38461538461538464,0,0,1
LIGHT YEARS CHARM,2025-10-31,2025-11-09,9,1200,1400,True,+,True,False,False,0.75,1,14,0.07142857142857142,1,1,1
CHANCHENG GLORY,2025-10-31,2025-11-09,9,1200,1800,False,-,False,False,True,0.875,12,14,0.8571428571428571,0,0,0
ENSUED,2025-10-31,2025-11-09,9,1200,1800,False,-,False,False,False,1.0,11,14,0.7857142857142857,0,0,0
PUBLIC ATTENTION,2025-10-31,2025-11-23,23,1200,1200,True,++,False,True,False,0.1111111111111111,2,14,0.14285714285714285,0,1,1
MATTERS MOST,2025-10-31,2025-11-09,9,1200,1200,True,++,False,False,True,0.2222222222222222,4,12,0.3333333333333333,0,0,1
HELENE FEELING,2025-10-31,2025-12-10,40,1200,1800,False,+,False,False,False,0.4444444444444444,1,12,0.08333333333333333,1,1,1
NUMBERS,2025-10-31,2025-12-10,40,1200,1800,False,+,False,False,True,0.6666666666666666,3,12,0.25,0,1,1
LEGEND WINNER,2025-10-31,2025-11-30,30,1200,1600,False,-,False,False,False,0.7777777777777778,8,15,0.5333333333333333,0,0,0
KA YING GENERATION,2025-10-31,2025-11-23,23,1200,2000,False,-,False,False,True,1.0,3,9,0.3333333333333333,0,1,1
YEE CHEONG GLORY,2025-10-31,2025-11-23,23,1200,1200,True,++,False,True,False,0.1111111111111111,8,14,0.5714285714285714,0,0,0
ETERNAL RICHNESS,2025-10-31,2025-11-09,9,1200,1200,True,+,False,False,True,0.2222222222222222,12,12,1.0,0,0,0
HELENE SUPAFEELING,2025-10-31,2025-12-14,44,1200,1200,True,+,False,False,True,0.3333333333333333,1,14,0.07142857142857142,1,1,1
ARMOR GOLDEN EAGLE,2025-10-31,2025-11-30,30,1200,1200,True,+,False,False,True,0.4444444444444444,6,13,0.46153846153846156,0,0,1
PRAY FOR JUSTICE,2025-10-31,2025-11-09,9,1200,1400,True,+,False,False,False,0.5555555555555556,5,14,0.35714285714285715,0,0,1
THE RED HARE,2025-10-31,2025-11-23,23,1200,1400,True,+,False,False,False,0.6666666666666666,3,14,0.21428571428571427,0,1,1
FORERUNNER,2025-10-31,2025-11-12,12,1200,1650,False,-,False,False,True,0.7777777777777778,10,12,0.8333333333333334,0,0,0
ALL TOO BRAVE,2025-10-31,2025-11-09,9,1200,1200,True,-,False,False,True,0.8888888888888888,9,12,0.75,0,0,0
WIN EASE,2025-10-31,2025-11-09,9,1200,1400,True,-,False,False,False,1.0,9,14,0.6428571428571429,0,0,0
MEGA MASTERMIND,2025-10-31,2025-12-20,50,1200,1200,True,++,False,True,True,0.1,7,12,0.5833333333333334,0,0,0
JUBILANT WINNER,2025-10-31,2025-11-09,9,1200,1200,True,++,False,False,False,0.2,8,12,0.6666666666666666,0,0,0
LUCKY TWIN STARS,2025-10-31,2025-12-07,37,1200,1400,True,+,False,False,True,0.3,13,14,0.9285714285714286,0,0,0
MY DAY MY WAY,2025-10-31,2025-11-19,19,1200,1200,True,++,True,False,True,0.4,8,12,0.6666666666666666,0,0,0
JUBILATION FOR ALL,2025-10-31,2025-11-23,23,1200,1200,True,+,False,False,True,0.5,7,14,0.5,0,0,1
LEATHER GOODS,2025-10-31,2025-11-12,12,1200,1200,True,-,False,False,False,0.6,7,13,0.5384615384615384,0,0,0
LUCKY TOGETHER,2025-10-31,2025-12-07,37,1200,1400,True,-,False,False,True,0.7,14,14,1.0,0,0,0
THE LION KING,2025-10-31,2025-11-09,9,1200,1600,False,0,False,False,False,0.8,12,15,0.8,0,0,0
KYRUS TREASURE,2025-10-31,2025-11-09,9,1200,1400,True,-,False,False,True,0.9,8,14,0.5714285714285714,0,0,0
RELIABLE DAD,2025-10-31,2025-11-12,12,1200,1200,True,-,False,False,False,1.0,10,13,0.7692307692307693,0,0,0
SO MY FOLKS,2025-10-31,2025-11-09,9,1200,1000,True,++,False,True,True,0.1,5,14,0.35714285714285715,0,0,1
GOOD CHAP,2025-10-31,2025-11-09,9,1200,1200,True,+,False,False,False,0.2,12,12,1.0,0,0,0
CALIFORNIA SUN,2025-10-31,2025-11-26,26,1200,1800,False,+,False,False,True,0.3,12,12,1.0,0,0,0
COOL BOY,2025-10-31,2025-11-15,15,1200,1200,True,+,False,False,True,0.4,3,14,0.21428571428571427,0,1,1
CALL ME SUCCESS,2025-10-31,2025-12-20,50,1200,1200,True,0,False,False,True,0.6,7,12,0.5833333333333334,0,0,0
VIGOR EYE,2025-10-31,2025-12-07,37,1200,1200,True,-,False,False,False,0.7,3,12,0.25,0,1,1
INVICTUS DRAGON,2025-10-31,2025-12-07,37,1200,1200,True,-,False,False,True,0.8,5,12,0.4166666666666667,0,0,1
MASSIVE FIRE,2025-10-31,2025-11-09,9,1200,1400,True,-,False,False,False,1.0,14,14,1.0,0,0,0
SUPERB GUY,2025-10-31,2025-11-09,9,1200,1400,True,++,False,True,True,0.1,3,14,0.21428571428571427,0,1,1
ISLAND BUDDY,2025-10-31,2025-11-12,12,1200,1200,True,+,False,False,True,0.2,12,13,0.9230769230769231,0,0,0
TURIN CHAMPIONS,2025-10-31,2025-11-15,15,1200,1200,True,+,False,False,False,0.3,6,14,0.42857142857142855,0,0,1
GOR GOR,2025-10-31,2025-11-09,9,1200,1600,False,-,False,False,True,0.4,14,15,0.9333333333333333,0,0,0
COSMO LIGHT,2025-10-31,2025-11-09,9,1200,1600,False,-,False,False,True,0.5,6,15,0.4,0,0,1
SOMETHING JONAH,2025-10-31,2025-11-09,9,1200,1400,True,+,False,False,True,0.6,7,15,0.4666666666666667,0,0,1
ABSOLUTE AWAKENED,2025-10-31,2025-11-05,5,1200,1650,False,+,True,False,False,0.7,3,12,0.25,0,1,1
THE WAY WE WIN,2025-10-31,2025-11-09,9,1200,1600,False,-,False,False,True,0.8,10,15,0.6666666666666666,0,0,0
ATOMIC BEAUTY,2025-10-31,2025-11-12,12,1200,1650,False,-,False,False,False,0.9,10,12,0.8333333333333334,0,0,0
TORVEIN,2025-10-31,2025-12-20,50,1200,1200,True,-,False,False,False,1.0,10,12,0.8333333333333334,0,0,0
JUMBO BLESSING,2025-10-31,2025-11-09,9,1050,1000,True,++,False,True,False,0.1111111111111111,4,14,0.2857142857142857,0,0,1
RUN RUN SUNRISE,2025-10-31,2025-11-09,9,1050,1000,True,++,False,False,False,0.2222222222222222,10,14,0.7142857142857143,0,0,0
DRACO,2025-10-31,2025-11-12,12,1050,1650,False,+,False,False,False,0.3333333333333333,3,12,0.25,0,1,1
HAPPY TANGO,2025-10-31,2025-11-05,5,1050,1000,True,++,False,False,True,0.4444444444444444,11,12,0.9166666666666666,0,0,0
ADORABLE SMILE,2025-10-31,2025-11-23,23,1050,1200,True,0,False,False,True,0.7777777777777778,12,14,0.8571428571428571,0,0,0
GOOD PROSPECT,2025-10-31,2025-11-12,12,1050,1200,True,-,False,False,False,0.8888888888888888,4,12,0.3333333333333333,0,0,1
BEAUTY BOLT,2025-11-04,2025-11-15,11,1200,1600,False,++,False,True,True,0.125,1,15,0.06666666666666667,1,1,1
SING DRAGON,2025-11-04,2025-11-12,8,1200,1650,False,+,False,False,False,0.25,7,12,0.5833333333333334,0,0,0
LADY'S CHOICE,2025-11-04,2025-11-15,11,1200,1200,True,+,False,False,False,0.375,6,14,0.42857142857142855,0,0,1
SKY TRUST,2025-11-04,2025-12-07,33,1200,1000,True,++,False,False,False,0.5,7,14,0.5,0,0,1
RED LION,2025-11-04,2025-11-23,19,1200,1600,False,-,False,False,False,0.625,12,13,0.9230769230769231,0,0,0
CRIMSON FLASH,2025-11-04,2025-11-15,11,1200,1000,True,+,False,False,False,0.75,1,14,0.07142857142857142,1,1,1
FORZA LEADER,2025-11-04,2025-12-14,40,1200,1200,True,-,False,False,False,0.875,10,14,0.7142857142857143,0,0,0
BEAUTY ETERNAL,2025-11-04,2025-11-23,19,1200,1600,False,+,True,False,True,1.0,13,13,1.0,0,0,0
WOLF COMING,2025-11-04,2025-11-23,19,1200,1200,True,++,False,True,True,0.1,7,14,0.5,0,0,1
SALON S,2025-11-04,2025-11-15,11,1200,1200,True,++,True,False,False,0.2,1,14,0.07142857142857142,1,1,1
INVINCIBLE IBIS,2025-11-04,2025-11-23,19,1200,1400,True,+,False,False,False,0.3,1,14,0.07142857142857142,1,1,1
LOVE TOGETHER,2025-11-04,2025-11-15,11,1200,1000,True,+,False,False,False,0.4,5,14,0.35714285714285715,0,0,1
PRESTIGE GOOD,2025-11-04,2025-11-15,11,1200,1600,False,0,False,False,True,0.6,7,15,0.4666666666666667,0,0,1
LUCKY MY WAY,2025-11-04,2025-11-23,19,1200,1400,True,+,False,False,False,0.7,10,14,0.7142857142857143,0,0,0
CHILL BUDDY,2025-11-04,2025-11-15,11,1200,1000,True,0,False,False,True,0.8,4,14,0.2857142857142857,0,0,1
EXCEPTIONAL SANTOS,2025-11-04,2025-12-27,53,1200,1200,True,-,False,False,False,1.0,14,14,1.0,0,0,0
CALIFORNIA BAY,2025-11-04,2025-11-12,8,1200,1200,True,++,False,True,True,0.1111111111111111,3,13,0.23076923076923078,0,1,1
DOUBLE WIN,2025-11-04,2025-11-15,11,1200,2000,False,+,False,False,False,0.3333333333333333,1,14,0.07142857142857142,1,1,1
GLORIOUS ST PAUL'S,2025-11-04,2025-11-23,19,1200,1400,True,+,False,False,False,0.4444444444444444,11,14,0.7857142857142857,0,0,0
SOMELOVEFROMABOVE,2025-11-04,2025-11-26,22,1200,1200,True,+,False,False,False,0.5555555555555556,1,12,0.08333333333333333,1,1,1
BLING BLING GENIUS,2025-11-04,2025-11-15,11,1200,1400,True,0,False,False,False,0.6666666666666666,7,14,0.5,0,0,1
I AM BACK,2025-11-04,2025-12-03,29,1200,1200,True,-,False,False,False,0.7777777777777778,8,12,0.6666666666666666,0,0,0
STAR ELEGANCE,2025-11-04,2025-11-15,11,1200,1200,True,-,False,False,False,0.8888888888888888,10,14,0.7142857142857143,0,0,0
GREAT LEGACY,2025-11-04,2025-12-23,49,1200,1650,False,-,False,False,False,1.0,12,12,1.0,0,0,0
VIVA CHALEUR,2025-11-04,2025-11-19,15,1200,1650,False,++,False,False,False,0.2222222222222222,10,12,0.8333333333333334,0,0,0
ELITE GOLF,2025-11-04,2025-11-15,11,1200,1200,True,+,False,False,False,0.3333333333333333,5,14,0.35714285714285715,0,0,1
FORTUNE KINGO,2025-11-04,2025-11-15,11,1200,1650,False,+,False,False,False,0.4444444444444444,6,14,0.42857142857142855,0,0,1
THE GOLDEN KNIGHT,2025-11-04,2025-11-15,11,1200,1400,True,+,False,False,False,0.5555555555555556,2,14,0.14285714285714285,0,1,1
NINJA DERBY,2025-11-04,2025-11-15,11,1200,1800,False,+,False,False,False,0.6666666666666666,3,14,0.21428571428571427,0,1,1
COSMO NAVIGATOR,2025-11-04,2025-11-19,15,1200,1200,True,-,False,False,False,0.7777777777777778,12,12,1.0,0,0,0
BILLION TWO,2025-11-04,2025-11-30,26,1200,1200,True,-,False,False,False,0.8888888888888888,12,12,1.0,0,0,0
NOBLE DELUXE,2025-11-04,2025-11-12,8,1200,1200,True,-,False,False,False,1.0,12,12,1.0,0,0,0
FUN ELITE,2025-11-04,2025-11-12,8,1050,1200,True,++,False,True,True,0.1,7,12,0.5833333333333334,0,0,0
SHINYU KOKOROE,2025-11-04,2025-11-30,26,1050,1200,True,+,False,False,True,0.2,8,12,0.6666666666666666,0,0,0
CALL TO COMMAND,2025-11-04,2025-11-19,15,1050,1000,True,+,False,False,True,0.3,5,12,0.4166666666666667,0,0,1
SPICY SPEEDY,2025-11-04,2025-12-20,46,1050,1000,True,+,False,False,True,0.4,2,14,0.14285714285714285,0,1,1
PERFECTDAY,2025-11-04,2025-12-17,43,1050,1200,True,+,False,False,False,0.5,1,12,0.08333333333333333,1,1,1
FRANCIS MEYNELL,2025-11-04,2025-11-26,22,1050,1200,True,0,False,False,False,0.8,12,12,1.0,0,0,0
LOVEISINTHEAIR,2025-11-04,2025-12-27,53,1050,1200,True,-,False,False,False,0.9,13,14,0.9285714285714286,0,0,0
POWER KOEPP,2025-11-06,2025-11-12,6,1200,1200,True,++,False,True,False,0.16666666666666666,4,12,0.3333333333333333,0,0,1
SOLID WIN,2025-11-06,2025-11-19,13,1200,1650,False,+,False,False,True,0.3333333333333333,6,12,0.5,0,0,1
BEAUTY ALLIANCE,2025-11-06,2026-01-01,56,1200,1400,True,+,False,False,True,0.5,5,14,0.35714285714285715,0,0,1
FORTUNE BOY,2025-11-06,2025-11-15,9,1200,1600,False,0,False,False,True,0.6666666666666666,4,15,0.26666666666666666,0,0,1
DEFINITIVE,2025-11-06,2025-11-19,13,1200,1650,False,-,False,False,True,0.8333333333333334,8,12,0.6666666666666666,0,0,0
SHAMZ,2025-11-06,2025-11-26,20,1200,1650,False,-,False,False,True,1.0,11,12,0.9166666666666666,0,0,0
EXCELLENCE VALUE,2025-11-06,2025-11-12,6,1200,1800,False,++,False,True,True,0.125,7,13,0.5384615384615384,0,0,0
ALWAYS AHEAD,2025-11-06,2025-11-23,17,1200,1200,True,++,True,False,False,0.375,10,14,0.7142857142857143,0,0,0
RYUI KOKOROE,2025-11-06,2025-12-03,27,1200,1000,True,++,True,False,False,0.5,7,12,0.5833333333333334,0,0,0
LIGHTNESS OF BEING,2025-11-06,2025-12-23,47,1200,1200,True,0,False,False,False,0.625,11,12,0.9166666666666666,0,0,0
DANICA'S CHOICE,2025-11-06,2025-11-15,9,1200,1000,True,0,False,False,False,0.75,13,14,0.9285714285714286,0,0,0
MISTER DAPPER,2025-11-06,2025-11-15,9,1200,1600,False,-,False,False,False,0.875,2,15,0.13333333333333333,0,1,1
STARRY SHOW,2025-11-06,2025-12-07,31,1200,1000,True,++,False,True,True,0.14285714285714285,11,14,0.7857142857142857,0,0,0
GOOD GOOD,2025-11-06,2025-11-15,9,1200,2000,False,+,False,False,True,0.2857142857142857,6,14,0.42857142857142855,0,0,1
CORNERSTONE,2025-11-06,2025-11-30,24,1200,1200,True,+,False,False,True,0.42857142857142855,7,13,0.5384615384615384,0,0,0
STORMY KNIGHT,2025-11-06,2025-12-14,38,1200,1200,True,0,False,False,False,0.5714285714285714,11,15,0.7333333333333333,0,0,0
OLDTOWN,2025-11-06,2025-11-15,9,1200,1400,True,+,False,False,False,0.7142857142857143,4,14,0.2857142857142857,0,0,1
JOKER ORBIT,2025-11-06,2025-12-07,31,1200,1000,True,-,False,False,True,0.8571428571428571,10,14,0.7142857142857143,0,0,0
RUBY THRIVE,2025-11-06,2025-11-15,9,1200,1200,True,++,False,True,True,0.14285714285714285,14,14,1.0,0,0,0
JOLLY BRILLIANT,2025-11-06,2025-11-15,9,1200,1200,True,+,False,False,True,0.42857142857142855,11,14,0.7857142857142857,0,0,0
FALCON HUNTER,2025-11-06,2025-11-15,9,1200,1200,True,+,True,False,True,0.5714285714285714,7,14,0.5,0,0,1
SPEEDY PATCH,2025-11-06,2026-01-01,56,1200,1200,True,-,False,False,False,0.8571428571428571,9,14,0.6428571428571429,0,0,0
POWER PATCH,2025-11-06,2026-01-01,56,1200,1200,True,-,False,False,False,1.0,11,14,0.7857142857142857,0,0,0
JOY CAPITAL,2025-11-06,2025-11-30,24,1200,1200,True,++,False,True,True,0.14285714285714285,11,12,0.9166666666666666,0,0,0
ICONICAL,2025-11-06,2025-11-26,20,1200,1200,True,+,False,False,False,0.2857142857142857,8,12,0.6666666666666666,0,0,0
ALL ROUND WINNER,2025-11-06,2025-11-15,9,1200,1400,True,+,False,False,True,0.42857142857142855,6,14,0.42857142857142855,0,0,1
WORD OF KINDNESS,2025-11-06,2025-11-15,9,1200,1200,True,-,False,False,False,0.5714285714285714,9,14,0.6428571428571429,0,0,0
PACKING HURRICANE,2025-11-06,2025-11-15,9,1200,2000,False,0,False,False,False,0.7142857142857143,12,14,0.8571428571428571,0,0,0
FOREVER FOLKS,2025-11-06,2025-11-15,9,1200,2000,False,++,False,True,True,0.14285714285714285,8,14,0.5714285714285714,0,0,0
EMBRACE ABERDEEN,2025-11-06,2025-12-07,31,1200,1200,True,+,False,False,True,0.42857142857142855,1,12,0.08333333333333333,1,1,1
CHATER FLASH,2025-11-06,2025-11-30,24,1200,1000,True,0,False,False,False,0.5714285714285714,13,14,0.9285714285714286,0,0,0
DERRYNBLUE,2025-11-06,2025-12-20,44,1200,1000,True,-,False,False,False,0.8571428571428571,13,14,0.9285714285714286,0,0,0
MONTA FRUTTA,2025-11-06,2025-12-14,38,1200,1200,True,++,True,True,False,0.14285714285714285,7,15,0.4666666666666667,0,0,1
RAINBOW SEVEN,2025-11-06,2025-11-23,17,1200,1400,True,++,False,False,True,0.2857142857142857,7,14,0.5,0,0,1
CIRCUIT MARSHAL,2025-11-06,2025-11-23,17,1200,1400,True,+,False,False,False,0.42857142857142855,6,14,0.42857142857142855,0,0,1
PING HAI COMET,2025-11-06,2025-11-26,20,1200,1800,False,+,False,False,True,0.5714285714285714,10,12,0.8333333333333334,0,0,0
ON THE LASH,2025-11-06,2025-11-15,9,1200,1800,False,-,False,False,False,0.8571428571428571,1,14,0.07142857142857142,1,1,1
ISLAND BREEZES,2025-11-06,2025-11-26,20,1200,1650,False,0,False,False,True,,12,12,1.0,0,0,0
WHIZZ KID,2025-11-06,2025-11-15,9,1050,1200,True,++,False,True,True,0.125,14,14,1.0,0,0,0
VIVA FIRECRACKER,2025-11-06,2025-11-30,24,1050,1000,True,+,False,False,False,0.25,7,14,0.5,0,0,1
TACTICAL VICTORY,2025-11-06,2025-12-07,31,1050,1000,True,+,False,False,True,0.375,13,14,0.9285714285714286,0,0,0
STAR GLOW,2025-11-06,2025-12-07,31,1050,1400,False,+,False,False,False,0.75,12,14,0.8571428571428571,0,0,0
ROBOT KNIGHT,2025-11-06,2025-11-30,24,1050,1200,True,++,False,True,False,0.125,7,12,0.5833333333333334,0,0,0
LUCKY PLUS,2025-11-06,2025-11-30,24,1050,1000,True,++,False,False,True,0.25,14,14,1.0,0,0,0
BEAUTY GEMINI,2025-11-06,2026-01-01,56,1050,1200,True,0,False,False,False,0.625,14,14,1.0,0,0,0
COMET RADIANCE,2025-11-06,2026-01-04,59,1050,1000,True,0,False,False,False,0.75,4,14,0.2857142857142857,0,0,1
LOYAL BRIGHT,2025-11-07,2025-11-19,12,1200,1200,True,++,False,True,False,0.1111111111111111,5,12,0.4166666666666667,0,0,1
LOCH TAY,2025-11-07,2025-11-15,8,1200,1650,False,+,False,False,False,0.2222222222222222,1,14,0.07142857142857142,1,1,1
SOUTH STAR,2025-11-07,2025-11-19,12,1200,1650,False,+,False,False,False,0.3333333333333333,7,12,0.5833333333333334,0,0,0
FLYING FORTRESS,2025-11-07,2025-11-19,12,1200,1650,False,+,False,False,False,0.4444444444444444,2,12,0.16666666666666666,0,1,1
STANLEY EXPRESS,2025-11-07,2025-11-23,16,1200,1200,True,+,False,False,False,0.5555555555555556,11,14,0.7857142857142857,0,0,0
MORGAN SUCCESS,2025-11-07,2025-11-15,8,1200,1600,False,0,False,False,False,0.6666666666666666,11,15,0.7333333333333333,0,0,0
INVINCIBLE SHIELD,2025-11-07,2025-11-15,8,1200,1200,True,+,True,False,False,0.7777777777777778,2,14,0.14285714285714285,0,1,1
MONDIAL,2025-11-07,2025-12-03,26,1200,1800,False,-,False,False,False,0.8888888888888888,6,12,0.5,0,0,1
OUTGATE,2025-11-07,2025-11-19,12,1200,1650,False,0,False,False,False,,10,12,0.8333333333333334,0,0,0
GEORGIAN SIGMA,2025-11-07,2025-11-15,8,1200,1200,True,++,False,True,True,0.1111111111111111,4,14,0.2857142857142857,0,0,1
I EXCELLE,2025-11-07,2025-12-27,50,1200,1200,True,+,False,False,True,0.2222222222222222,6,14,0.42857142857142855,0,0,1
PRESTIGE HALL,2025-11-07,2025-12-10,33,1200,1200,True,++,False,False,True,0.3333333333333333,4,12,0.3333333333333333,0,0,1
MY TRIUMPH,2025-11-07,2026-01-04,58,1200,1200,True,-,False,False,True,0.4444444444444444,9,13,0.6923076923076923,0,0,0
WUKONG JEWELLERY,2025-11-07,2025-11-19,12,1200,1650,False,-,False,False,False,0.5555555555555556,6,12,0.5,0,0,1
SMILING ONE,2025-11-07,2025-11-23,16,1200,1400,True,-,False,False,False,0.6666666666666666,14,14,1.0,0,0,0
UP WITH CHARM,2025-11-07,2025-11-19,12,1200,1200,True,0,False,False,False,0.7777777777777778,6,12,0.5,0,0,1
SWEET BRIAR,2025-11-07,2025-11-26,19,1200,1200,True,-,False,False,True,1.0,6,12,0.5,0,0,1
KA YING GLORY,2025-11-07,2025-12-14,37,1200,1400,True,++,False,True,False,0.1111111111111111,11,14,0.7857142857142857,0,0,0
BUNTA BABY,2025-11-07,2025-11-19,12,1200,1000,True,+,False,False,False,0.2222222222222222,2,12,0.16666666666666666,0,1,1
AMAZING DUCK,2025-11-07,2025-11-30,23,1200,1600,False,+,False,False,True,0.3333333333333333,3,14,0.21428571428571427,0,1,1
PACKING KING,2025-11-07,2025-12-20,43,1200,1400,True,++,True,False,False,0.4444444444444444,6,14,0.42857142857142855,0,0,1
CROSSBORDERDUDE,2025-11-07,2025-11-30,23,1200,1200,True,0,False,False,False,0.6666666666666666,10,12,0.8333333333333334,0,0,0
LAHORE,2025-11-07,2025-11-15,8,1200,1400,True,0,False,False,False,0.7777777777777778,8,14,0.5714285714285714,0,0,0
FLOW WATER FLOW,2025-11-07,2025-11-26,19,1200,1200,True,-,False,False,False,0.8888888888888888,2,12,0.16666666666666666,0,1,1
HORSEPOWER,2025-11-07,2025-11-15,8,1050,1200,True,++,False,True,True,0.14285714285714285,13,14,0.9285714285714286,0,0,0
HOLMES A COURT,2025-11-07,2025-12-14,37,1050,1200,True,++,False,False,False,0.2857142857142857,13,14,0.9285714285714286,0,0,0
CHICKEN DINNER,2025-11-07,2025-11-15,8,1050,1000,True,+,False,False,False,0.42857142857142855,9,14,0.6428571428571429,0,0,0
ZOUPER FELLOW,2025-11-07,2026-01-04,58,1050,1000,True,0,False,False,True,0.5714285714285714,7,14,0.5,0,0,1
LUCKY SECRET,2025-11-07,2026-01-04,58,1050,1000,True,-,False,False,True,0.7142857142857143,12,14,0.8571428571428571,0,0,0
CLOUD NINE,2025-11-07,2025-12-27,50,1050,1200,True,-,False,False,False,0.8571428571428571,3,14,0.21428571428571427,0,1,1
LET'S HAVE FUN,2025-11-07,2025-12-14,37,1050,1200,True,-,False,False,False,1.0,11,14,0.7857142857142857,0,0,0
SUPREME SEA,2025-11-07,2026-01-04,58,1050,1200,True,++,False,True,False,0.14285714285714285,1,12,0.08333333333333333,1,1,1
THOUSAND CUPS,2025-11-07,2025-11-19,12,1050,1000,True,-,False,False,False,0.2857142857142857,12,12,1.0,0,0,0
CONCORDE STAR,2025-11-07,2025-12-23,46,1050,1200,True,+,False,False,True,0.42857142857142855,1,12,0.08333333333333333,1,1,1
GENIUS BABY,2025-11-07,2025-11-19,12,1050,1200,True,0,False,False,False,,5,12,0.4166666666666667,0,0,1
GRAND MASTERMIND,2025-11-07,2025-12-27,50,1050,1200,True,0,False,False,True,,14,14,1.0,0,0,0
SUPREME FEELING,2025-11-07,2026-01-01,55,1050,1200,True,0,False,False,True,,8,14,0.5714285714285714,0,0,0
BEAUTY WAVES,2025-11-11,2025-11-23,12,1200,1200,True,++,False,True,False,0.1111111111111111,10,10,1.0,0,0,0
LUCKY SWEYNESSE,2025-11-11,2025-11-23,12,1200,1200,True,++,True,False,True,0.2222222222222222,4,10,0.4,0,0,1
VOYAGE BUBBLE,2025-11-11,2025-11-23,12,1200,2000,False,++,False,False,False,0.3333333333333333,2,9,0.2222222222222222,0,1,1
HEAVING,2025-11-11,2025-11-30,19,1200,1200,True,+,False,False,True,0.4444444444444444,5,13,0.38461538461538464,0,0,1
WINNING WING,2025-11-11,2025-11-23,12,1200,2000,False,+,False,False,False,0.5555555555555556,1,14,0.07142857142857142,1,1,1
STRAIGHT ARRON,2025-11-11,2025-11-23,12,1200,2000,False,+,True,False,False,0.6666666666666666,4,9,0.4444444444444444,0,0,1
MUST GO,2025-11-11,2025-11-30,19,1200,1200,True,-,False,False,False,0.7777777777777778,5,12,0.4166666666666667,0,0,1
LA CITY BLANCHE,2025-11-11,2025-11-23,12,1200,2000,False,-,False,False,False,0.8888888888888888,9,9,1.0,0,0,0
JUMBO LEGEND,2025-11-11,2025-11-23,12,1200,2000,False,-,False,False,False,1.0,10,14,0.7142857142857143,0,0,0
IGOR STRAVINSKY,2025-11-11,2025-11-23,12,1200,1200,True,++,False,True,True,0.1111111111111111,12,14,0.8571428571428571,0,0,0
KA YING ATTACK,2025-11-11,2025-12-07,26,1200,1400,True,+,False,False,False,0.3333333333333333,8,14,0.5714285714285714,0,0,0
FLASH CURRENT,2025-11-11,2025-11-23,12,1200,1400,True,+,False,False,False,0.4444444444444444,12,14,0.8571428571428571,0,0,0
S J TOURBILLON,2025-11-11,2025-12-03,22,1200,1800,False,+,False,False,False,0.5555555555555556,12,12,1.0,0,0,0
BLAZING WUKONG,2025-11-11,2025-11-23,12,1200,1400,True,0,False,False,False,0.6666666666666666,6,14,0.42857142857142855,0,0,1
STUNNING PEACH,2025-11-11,2025-11-23,12,1200,2000,False,+,False,False,False,0.7777777777777778,11,14,0.7857142857142857,0,0,0
HERBAL STAR,2025-11-11,2025-11-30,19,1200,1200,True,-,False,False,True,0.8888888888888888,9,12,0.75,0,0,0
GRATIFIDE,2025-11-11,2025-12-07,26,1200,1400,True,-,False,False,False,1.0,10,14,0.7142857142857143,0,0,0
SUPER STRONG KID,2025-11-11,2025-11-30,19,1200,1200,True,++,False,True,True,0.1111111111111111,3,13,0.23076923076923078,0,1,1
SILO,2025-11-11,2025-11-19,8,1200,1200,True,++,False,False,False,0.2222222222222222,3,12,0.25,0,1,1
GREATER BAE,2025-11-11,2025-11-26,15,1200,1200,True,++,False,False,False,0.4444444444444444,9,12,0.75,0,0,0
STORMY GROVE,2025-11-11,2025-11-23,12,1200,1200,True,+,False,False,False,0.5555555555555556,3,14,0.21428571428571427,0,1,1
ONE MAN SHOW,2025-11-11,2025-11-23,12,1200,1200,True,+,False,False,False,0.6666666666666666,5,14,0.35714285714285715,0,0,1
VECU,2025-11-11,2025-11-23,12,1200,1400,True,-,False,False,True,0.7777777777777778,11,14,0.7857142857142857,0,0,0
RAGING RAPIDS,2025-11-11,2025-11-23,12,1200,1400,True,+,False,False,True,0.8888888888888888,9,14,0.6428571428571429,0,0,0
AKERMANIS GOLD,2025-11-11,2025-12-07,26,1200,1000,True,-,False,False,False,1.0,9,14,0.6428571428571429,0,0,0
VIGOR EYE,2025-11-11,2025-12-07,26,1200,1200,True,++,False,True,True,0.1111111111111111,3,12,0.25,0,1,1
VICTORY CHAMPION,2025-11-11,2025-11-23,12,1200,1400,True,+,False,False,False,0.2222222222222222,11,14,0.7857142857142857,0,0,0
STAR SATYR,2025-11-11,2025-11-23,12,1200,1400,True,+,False,False,False,0.3333333333333333,5,14,0.35714285714285715,0,0,1
SMART AVENUE,2025-11-11,2025-11-23,12,1200,1400,True,++,False,False,False,0.4444444444444444,4,14,0.2857142857142857,0,0,1
PACKING PHOENIX,2025-11-11,2025-12-14,33,1200,1200,True,+,False,False,False,0.5555555555555556,3,15,0.2,0,1,1
VICTOR SUPREME,2025-11-11,2026-01-01,51,1200,1200,True,0,False,False,True,0.6666666666666666,11,14,0.7857142857142857,0,0,0
MABUBU,2025-11-11,2025-11-23,12,1200,1200,True,-,False,False,False,0.7777777777777778,1,14,0.07142857142857142,1,1,1
ONE LOVE,2025-11-11,2025-11-19,8,1200,1000,True,-,True,False,False,0.8888888888888888,7,12,0.5833333333333334,0,0,0
VIRTUOUS PHANTOM,2025-11-11,2026-01-04,54,1200,1200,True,++,False,True,True,0.1111111111111111,9,12,0.75,0,0,0
MALPENSA,2025-11-11,2025-12-20,39,1200,1200,True,++,False,False,False,0.2222222222222222,12,12,1.0,0,0,0
SWAGGER BRO,2025-11-11,2025-12-03,22,1200,1200,True,+,False,False,False,0.3333333333333333,4,12,0.3333333333333333,0,0,1
HAPPY BOSS,2025-11-11,2025-11-23,12,1200,1400,True,++,True,False,True,0.4444444444444444,6,14,0.42857142857142855,0,0,1
GORGEOUS VICTORY,2025-11-11,2025-12-27,46,1200,1400,True,0,False,False,True,0.5555555555555556,13,14,0.9285714285714286,0,0,0
BLAZING BEAM,2025-11-11,2025-11-26,15,1200,1200,True,0,False,False,True,0.6666666666666666,11,12,0.9166666666666666,0,0,0
FURY AND GOLD,2025-11-11,2025-12-03,22,1200,1800,False,+,True,False,False,0.7777777777777778,8,12,0.6666666666666666,0,0,0
THE COSMIC POWER,2025-11-11,2025-12-27,46,1200,1200,True,-,False,False,False,0.8888888888888888,13,14,0.9285714285714286,0,0,0
METRO POWER,2025-11-11,2025-11-30,19,1050,1200,True,++,False,True,False,0.16666666666666666,12,12,1.0,0,0,0
GENIUS BABY,2025-11-11,2025-11-19,8,1050,1200,True,++,True,False,True,0.3333333333333333,5,12,0.4166666666666667,0,0,1
GRAND MASTERMIND,2025-11-11,2025-12-27,46,1050,1200,True,+,False,False,False,0.5,14,14,1.0,0,0,0
FLYING CHRISTIE,2025-11-11,2025-12-07,26,1050,1200,True,0,False,False,False,0.6666666666666666,11,12,0.9166666666666666,0,0,0
SUPREME FEELING,2025-11-11,2026-01-01,51,1050,1200,True,-,True,False,False,0.8333333333333334,8,14,0.5714285714285714,0,0,0
SKY JOY,2025-11-13,2025-11-23,10,1200,1200,True,++,False,True,True,0.14285714285714285,1,14,0.07142857142857142,1,1,1
LUCKY WITH YOU,2025-11-13,2025-11-23,10,1200,1200,True,++,True,False,False,0.2857142857142857,6,10,0.6,0,0,0
RIDING TOGETHER,2025-11-13,2025-11-23,10,1200,1400,True,+,False,False,False,0.42857142857142855,1,14,0.07142857142857142,1,1,1
MASTER OF ALL,2025-11-13,2025-11-23,10,1200,1400,True,0,False,False,False,0.5714285714285714,2,14,0.14285714285714285,0,1,1
FIVEFORTWO,2025-11-13,2025-12-10,27,1200,1650,False,-,False,False,False,0.7142857142857143,1,12,0.08333333333333333,1,1,1
CAPITAL DELIGHT,2025-11-13,2025-12-07,24,1200,1200,True,-,False,False,False,0.8571428571428571,7,12,0.5833333333333334,0,0,0
SERAPH GABRIEL,2025-11-13,2026-01-04,52,1200,1600,False,-,False,False,False,1.0,11,14,0.7857142857142857,0,0,0
PAKISTAN LEGACY,2025-11-13,2025-11-23,10,1200,1200,True,++,False,True,True,0.125,6,14,0.42857142857142855,0,0,1
AKASHVANI,2025-11-13,2025-11-26,13,1200,1200,True,+,False,False,False,0.25,4,12,0.3333333333333333,0,0,1
EIGHTY LIGHT YEARS,2025-11-13,2025-11-23,10,1200,1400,True,+,False,False,False,0.375,2,14,0.14285714285714285,0,1,1
ENTHRALLED,2025-11-13,2025-11-23,10,1200,2000,False,0,False,False,False,0.625,5,14,0.35714285714285715,0,0,1
SEWARD,2025-11-13,2025-11-23,10,1200,1400,True,-,False,False,False,0.75,12,14,0.8571428571428571,0,0,0
SAVVY BRILLIANT,2025-11-13,2025-12-14,31,1200,1200,True,-,False,False,False,0.875,6,14,0.42857142857142855,0,0,1
VERY GRATEFUL,2025-11-13,2026-01-01,49,1200,1400,True,-,False,False,False,1.0,11,14,0.7857142857142857,0,0,0
EVERYONE'S STAR,2025-11-13,2025-11-23,10,1200,1400,True,++,False,True,True,0.125,3,14,0.21428571428571427,0,1,1
DAZZLING FIT,2025-11-13,2025-11-30,17,1200,1600,False,+,False,False,False,0.375,1,15,0.06666666666666667,1,1,1
BLAZING WIND,2025-11-13,2025-11-30,17,1200,1200,True,+,False,False,True,0.5,4,12,0.3333333333333333,0,0,1
DRAGON JOY,2025-11-13,2025-12-14,31,1200,1400,True,+,False,False,False,0.625,6,15,0.4,0,0,1
CONSPIRATOR,2025-11-13,2025-11-26,13,1200,1200,True,-,False,False,False,0.875,11,12,0.9166666666666666,0,0,0
MOTOR,2025-11-13,2025-11-23,10,1200,1400,True,-,False,False,False,1.0,10,14,0.7142857142857143,0,0,0
MONEY CATCHER,2025-11-13,2025-11-23,10,1200,2000,False,++,False,True,True,0.125,12,14,0.8571428571428571,0,0,0
GRACIOUS EXPRESS,2025-11-13,2025-11-23,10,1200,1400,True,+,False,False,True,0.25,6,14,0.42857142857142855,0,0,1
CHILL PARTNERS,2025-11-13,2025-12-27,44,1200,1400,True,-,False,False,False,0.375,5,14,0.35714285714285715,0,0,1
WORLD HERO,2025-11-13,2025-11-23,10,1200,1400,True,+,False,False,False,0.5,8,14,0.5714285714285714,0,0,0
ACE,2025-11-13,2025-12-20,37,1200,1400,True,-,False,False,False,0.75,5,14,0.35714285714285715,0,0,1
NORTHERN BEAST,2025-11-13,2025-11-19,6,1200,1650,False,+,False,False,False,0.875,4,12,0.3333333333333333,0,0,1
NYX GLUCK,2025-11-13,2025-11-23,10,1200,1400,True,++,False,True,True,0.125,3,14,0.21428571428571427,0,1,1
SEA SAPPHIRE,2025-11-13,2025-12-07,24,1200,1200,True,+,False,False,True,0.25,8,12,0.6666666666666666,0,0,0
NEBRASKAN,2025-11-13,2025-11-19,6,1200,1200,True,++,False,False,True,0.375,7,12,0.5833333333333334,0,0,0
WIN SPEED,2025-11-13,2025-12-07,24,1200,1400,True,+,False,False,False,0.5,13,14,0.9285714285714286,0,0,0
FIT FOR BEAUTY,2025-11-13,2025-11-23,10,1200,1400,True,+,False,False,False,0.75,1,14,0.07142857142857142,1,1,1
SPORTIC WARRIOR,2025-11-13,2025-12-17,34,1200,1000,True,-,False,False,False,0.875,10,13,0.7692307692307693,0,0,0
KA YING RESILIENCE,2025-11-13,2025-12-07,24,1050,1200,True,++,True,True,False,0.2,6,12,0.5,0,0,1
HAPPY INDEX,2025-11-13,2026-01-01,49,1050,1200,True,+,False,False,False,0.4,3,14,0.21428571428571427,0,1,1
KA YING RISING,2025-11-14,2025-11-23,9,1200,1200,True,++,False,True,False,0.14285714285714285,1,10,0.1,1,1,1
MY WISH,2025-11-14,2025-11-23,9,1200,1600,False,++,False,False,False,0.2857142857142857,4,13,0.3076923076923077,0,0,1
DIVANO,2025-11-14,2025-11-23,9,1200,1200,True,++,False,False,False,0.42857142857142855,9,10,0.9,0,0,0
COPARTNER PRANCE,2025-11-14,2025-11-23,9,1200,1600,False,0,False,False,False,0.5714285714285714,6,13,0.46153846153846156,0,0,1
GALAXY PATCH,2025-11-14,2025-11-23,9,1200,1600,False,+,False,False,False,0.7142857142857143,1,13,0.07692307692307693,1,1,1
RAGING BLIZZARD,2025-11-14,2025-11-23,9,1200,1200,True,+,True,False,True,0.8571428571428571,5,10,0.5,0,0,1
HELIOS EXPRESS,2025-11-14,2025-11-23,9,1200,1200,True,-,False,False,False,1.0,3,10,0.3,0,1,1
PACKING HERMOD,2025-11-14,2026-01-01,48,1200,1400,True,++,False,True,True,0.125,9,12,0.75,0,0,0
ALPHA STRIKE,2025-11-14,2025-11-30,16,1200,1200,True,+,False,False,False,0.25,12,13,0.9230769230769231,0,0,0
HELENE SUPAFEELING,2025-11-14,2025-12-14,30,1200,1200,True,+,False,False,False,0.375,1,14,0.07142857142857142,1,1,1
RED LION,2025-11-14,2025-11-23,9,1200,1600,False,+,False,False,True,0.625,12,13,0.9230769230769231,0,0,0
BEAUTY ETERNAL,2025-11-14,2025-11-23,9,1200,1600,False,+,True,False,True,0.75,13,13,1.0,0,0,0
KA YING GENERATION,2025-11-14,2025-11-23,9,1200,2000,False,-,False,False,False,1.0,3,9,0.3333333333333333,0,1,1
MAJESTIC VALOUR,2025-11-14,2025-11-30,16,1200,1200,True,++,False,True,False,0.125,1,12,0.08333333333333333,1,1,1
MADE FOR LIFE,2025-11-14,2025-11-23,9,1200,1200,True,++,False,False,False,0.25,4,14,0.2857142857142857,0,0,1
NEZHA,2025-11-14,2025-11-23,9,1200,1400,True,+,False,False,True,0.375,2,14,0.14285714285714285,0,1,1
REZEKI,2025-11-14,2025-11-30,16,1200,1200,True,++,False,False,False,0.5,6,12,0.5,0,0,1
MONARCH COUNTY,2025-11-14,2025-11-23,9,1200,1400,True,+,False,False,False,0.625,7,14,0.5,0,0,1
LUCKY TWIN STARS,2025-11-14,2025-12-07,23,1200,1400,True,0,False,False,False,0.75,13,14,0.9285714285714286,0,0,0
BUNDLE OF CHARM,2025-11-14,2025-11-19,5,1200,1200,True,+,False,False,False,0.875,2,12,0.16666666666666666,0,1,1
GOOD LUCK HAPPY,2025-11-14,2025-12-23,39,1200,1200,True,-,False,False,False,1.0,2,12,0.16666666666666666,0,1,1
TAI VICTORY,2025-11-14,2025-12-20,36,1200,1200,True,++,False,True,False,0.1111111111111111,11,12,0.9166666666666666,0,0,0
LUCKY MAN,2025-11-14,2025-11-23,9,1200,1400,True,++,True,False,False,0.2222222222222222,2,14,0.14285714285714285,0,1,1
YEE CHEONG GLORY,2025-11-14,2025-11-23,9,1200,1200,True,+,False,False,False,0.3333333333333333,8,14,0.5714285714285714,0,0,0
FRANTANCK,2025-11-14,2025-11-23,9,1200,1400,True,-,False,False,False,0.4444444444444444,10,14,0.7142857142857143,0,0,0
PRECISION HOPE,2025-11-14,2025-11-23,9,1200,1200,True,0,False,False,False,0.5555555555555556,9,14,0.6428571428571429,0,0,0
JUBILANT STAR,2025-11-14,2025-11-23,9,1200,1200,True,0,False,False,False,0.6666666666666666,3,14,0.21428571428571427,0,1,1
FLOOF,2025-11-14,2025-12-17,33,1200,1800,False,-,False,False,True,0.7777777777777778,11,12,0.9166666666666666,0,0,0
RED BRICK WARRIOR,2025-11-14,2025-12-14,30,1200,1400,True,-,False,False,False,0.8888888888888888,10,14,0.7142857142857143,0,0,0
ADORABLE SMILE,2025-11-14,2025-11-23,9,1200,1200,True,-,False,False,False,1.0,12,14,0.8571428571428571,0,0,0
GLACIATED,2025-11-14,2025-11-23,9,1200,1400,True,++,True,True,False,0.1111111111111111,4,14,0.2857142857142857,0,0,1
GET FRIENDLY,2025-11-14,2025-11-30,16,1200,1000,True,+,False,False,False,0.2222222222222222,3,14,0.21428571428571427,0,1,1
KING DANCE,2025-11-14,2025-11-30,16,1200,1200,True,+,False,False,True,0.3333333333333333,5,12,0.4166666666666667,0,0,1
CHEVAL VICTORIOUS,2025-11-14,2025-11-23,9,1200,1400,True,+,False,False,False,0.4444444444444444,8,14,0.5714285714285714,0,0,0
KASA PAPA,2025-11-14,2025-11-26,12,1200,1800,False,0,False,False,True,0.5555555555555556,2,12,0.16666666666666666,0,1,1
TIME TO FIRE,2025-11-14,2025-11-30,16,1200,1600,False,+,False,False,False,0.6666666666666666,10,14,0.7142857142857143,0,0,0
MEEPMEEP,2025-11-14,2025-12-07,23,1200,1650,False,0,False,False,True,0.7777777777777778,12,14,0.8571428571428571,0,0,0
WISDOM STAR,2025-11-14,2025-12-20,36,1200,1400,True,-,False,False,False,0.8888888888888888,12,14,0.8571428571428571,0,0,0
CONRAD THE GREAT,2025-11-14,2025-11-30,16,1200,1200,True,-,False,False,False,1.0,12,12,1.0,0,0,0
CROSSBORDERPEGASUS,2025-11-17,2026-01-01,45,1000,1200,True,+,False,False,False,0.3333333333333333,2,14,0.14285714285714285,0,1,1
FAST NETWORK,2025-11-17,2025-11-23,6,1000,1200,True,++,False,False,False,0.5,2,10,0.2,0,1,1
QUARTZ LEGEND,2025-11-17,2025-11-30,13,1000,1200,True,-,False,False,True,0.8333333333333334,10,12,0.8333333333333334,0,0,0
LIVE WIRE,2025-11-17,2026-01-04,48,1000,1000,True,+,False,False,True,0.25,3,14,0.21428571428571427,0,1,1
HONORARY,2025-11-17,2025-11-30,13,1000,1000,True,+,False,False,True,0.375,8,14,0.5714285714285714,0,0,0
SKY CAP,2025-11-17,2025-12-10,23,1000,1200,True,+,False,False,False,0.5,10,12,0.8333333333333334,0,0,0
ZEPHYR,2025-11-17,2025-12-14,27,1000,1200,True,0,False,False,False,0.625,12,15,0.8,0,0,0
BEAUTY GEMINI,2025-11-17,2026-01-01,45,1000,1200,True,0,False,False,True,0.75,14,14,1.0,0,0,0
SHINE BRIGHT,2025-11-17,2025-12-10,23,1000,1200,True,++,False,True,False,0.1111111111111111,9,12,0.75,0,0,0
ARMOUR WAR EAGLE,2025-11-17,2025-12-14,27,1000,1200,True,+,False,False,False,0.2222222222222222,5,14,0.35714285714285715,0,0,1
INCANTO STAR,2025-11-17,2025-12-10,23,1000,1650,False,+,False,False,True,0.3333333333333333,3,12,0.25,0,1,1
RISING PHOENIX,2025-11-17,2025-11-26,9,1000,1200,True,+,False,False,True,0.4444444444444444,9,12,0.75,0,0,0
YOUNG HORIZON,2025-11-17,2025-11-30,13,1000,1400,False,+,False,False,False,0.5555555555555556,1,14,0.07142857142857142,1,1,1
SANDMAN,2025-11-17,2026-01-01,45,1000,1600,False,+,False,False,False,0.7777777777777778,13,15,0.8666666666666667,0,0,0
COUNTRY DANCER,2025-11-17,2026-01-07,51,1000,1200,True,-,False,False,True,1.0,12,12,1.0,0,0,0
LUCKY RANGER,2025-11-17,2026-01-11,55,800,1200,False,++,False,True,False,0.09090909090909091,2,12,0.16666666666666666,0,1,1
MAGNIFIQUE,2025-11-17,2025-12-27,40,800,1000,True,+,False,False,False,0.2727272727272727,1,14,0.07142857142857142,1,1,1
MATZDEN,2025-11-17,2026-01-11,55,800,1200,False,+,False,False,False,0.36363636363636365,6,12,0.5,0,0,1
INVINCIBLE STARR,2025-11-17,2026-01-07,51,800,1000,True,+,False,False,False,0.45454545454545453,10,12,0.8333333333333334,0,0,0
MAJESTIC LIFE,2025-11-17,2026-01-11,55,800,1200,False,+,False,False,False,0.5454545454545454,10,12,0.8333333333333334,0,0,0
PRESTIGE SUPERIOR,2025-11-17,2025-12-23,36,800,1200,False,0,False,False,False,0.6363636363636364,12,12,1.0,0,0,0
SUPREME VOYAGER,2025-11-17,2026-01-04,48,800,1000,True,+,False,False,False,0.3,9,14,0.6428571428571429,0,0,0
WHOWROTETHATSONG,2025-11-17,2025-12-27,40,800,1200,False,++,False,False,False,0.4,10,14,0.7142857142857143,0,0,0
SUPER SICARIO,2025-11-17,2025-11-23,6,800,1400,False,0,False,False,False,0.8,4,14,0.2857142857142857,0,0,1
BEAUTY ALLIANCE,2025-11-17,2026-01-01,45,1200,1400,True,++,False,True,True,0.16666666666666666,5,14,0.35714285714285715,0,0,1
WUNDERBAR,2025-11-17,2025-11-23,6,1200,1200,True,++,False,False,False,0.3333333333333333,8,10,0.8,0,0,0
VOYAGE SAMURAI,2025-11-17,2025-11-30,13,1200,1600,False,++,False,False,False,0.5,11,14,0.7857142857142857,0,0,0
SHAMZ,2025-11-17,2025-11-26,9,1200,1650,False,+,False,False,True,0.6666666666666666,11,12,0.9166666666666666,0,0,0
BRILLIANT EXPRESS,2025-11-17,2025-11-23,6,1200,1400,True,++,False,True,True,0.125,8,14,0.5714285714285714,0,0,0
GALACTIC VOYAGE,2025-11-17,2025-12-20,33,1200,1200,True,+,False,False,True,0.25,4,12,0.3333333333333333,0,0,1
LUCKY CANDY,2025-11-17,2026-01-01,45,1200,1200,True,+,False,False,True,0.375,12,14,0.8571428571428571,0,0,0
ONE MORE,2025-11-17,2025-12-14,27,1200,1400,True,++,True,False,False,0.5,3,15,0.2,0,1,1
GOLDENTRONICMIGHTY,2025-11-17,2025-11-30,13,1200,1200,True,0,False,False,True,0.625,8,13,0.6153846153846154,0,0,0
BRIGHT INHERITANCE,2025-11-17,2025-11-30,13,1200,1600,False,+,True,False,False,0.75,6,14,0.42857142857142855,0,0,1
A TIME FOR US,2025-11-17,2025-12-14,27,1200,1200,True,-,False,False,False,1.0,4,14,0.2857142857142857,0,0,1
TURQUOISE VELOCITY,2025-11-17,2025-12-20,33,1200,1000,True,++,False,True,False,0.1,1,14,0.07142857142857142,1,1,1
AMAZING PARTNERS,2025-11-17,2025-12-20,33,1200,1200,True,+,False,False,True,0.2,3,12,0.25,0,1,1
ISLAND BREEZES,2025-11-17,2025-11-26,9,1200,1650,False,+,False,False,False,0.3,12,12,1.0,0,0,0
LIGHTNESS OF BEING,2025-11-17,2025-12-23,36,1200,1200,True,+,False,False,True,0.4,11,12,0.9166666666666666,0,0,0
CORNERSTONE,2025-11-17,2025-11-30,13,1200,1200,True,+,False,False,False,0.6,7,13,0.5384615384615384,0,0,0
FULL OF LAUGHTER,2025-11-17,2025-12-20,33,1200,1000,True,0,False,False,False,0.7,6,14,0.42857142857142855,0,0,1
DERRYNBLUE,2025-11-17,2025-12-20,33,1200,1000,True,0,False,False,True,0.8,13,14,0.9285714285714286,0,0,0
NORTHERN FIRE BALL,2025-11-17,2025-11-26,9,1200,1200,True,++,False,True,False,0.125,12,12,1.0,0,0,0
ENJOY GOLF,2025-11-17,2025-11-30,13,1200,1200,True,+,False,False,True,0.25,5,12,0.4166666666666667,0,0,1
LUCK SMILES,2025-11-17,2025-11-26,9,1200,1200,True,+,False,False,False,0.5,12,12,1.0,0,0,0
ACE POWER,2025-11-17,2025-12-03,16,1200,1200,True,0,False,False,False,0.625,3,12,0.25,0,1,1
CELESTIAL STRIDER,2025-11-17,2026-01-07,51,1200,1200,True,-,False,False,False,0.875,11,12,0.9166666666666666,0,0,0
TSUEN WAN GLORY,2025-11-17,2025-11-26,9,1200,1650,False,++,False,True,False,0.1,2,12,0.16666666666666666,0,1,1
GIMME FIVE,2025-11-17,2025-11-30,13,1200,1200,True,+,False,False,False,0.2,10,12,0.8333333333333334,0,0,0
SHINKANSEN,2025-11-17,2025-12-23,36,1200,1650,False,++,True,False,False,0.3,2,12,0.16666666666666666,0,1,1
HE WAS ME,2025-11-17,2025-11-30,13,1200,1400,True,+,False,False,True,0.4,9,14,0.6428571428571429,0,0,0
MANAPHY,2025-11-17,2025-12-27,40,1200,1400,True,+,False,False,False,0.5,12,14,0.8571428571428571,0,0,0
LUCKY FIELD,2025-11-17,2025-12-20,33,1200,1200,True,+,False,False,True,0.6,10,12,0.8333333333333334,0,0,0
SPORTIC WARRIOR,2025-11-17,2025-12-17,30,1200,1000,True,0,False,False,False,0.7,10,13,0.7692307692307693,0,0,0
WINDICATOR FAMILY,2025-11-17,2025-11-26,9,1200,1650,False,0,False,False,False,0.8,4,12,0.3333333333333333,0,0,1
ALL ARE MINE,2025-11-17,2025-12-07,20,1200,1200,True,-,False,False,False,0.9,10,12,0.8333333333333334,0,0,0
MONEY TYCOON,2025-11-17,2026-01-11,55,1200,1200,True,0,False,False,True,,11,12,0.9166666666666666,0,0,0
BABY CRYSTAL,2025-11-18,2025-11-30,12,1000,1000,True,++,False,True,False,0.1111111111111111,3,14,0.21428571428571427,0,1,1
ETERNAL FORTUNE,2025-11-18,2025-12-03,15,1000,1000,True,++,False,False,False,0.2222222222222222,5,12,0.4166666666666667,0,0,1
WONDER KIT,2025-11-18,2025-11-30,12,1000,1000,True,+,False,False,True,0.3333333333333333,8,14,0.5714285714285714,0,0,0
MAGIC CONTROL,2025-11-18,2025-11-30,12,1000,1000,True,++,True,False,False,0.4444444444444444,7,14,0.5,0,0,1
CELESTIAL HERO,2025-11-18,2025-12-03,15,1000,1000,True,-,False,False,False,0.6666666666666666,6,12,0.5,0,0,1
TRIUMPHANT MORE,2025-11-18,2025-11-30,12,1000,1200,True,+,True,False,True,0.7777777777777778,4,13,0.3076923076923077,0,0,1
FORZA LEADER,2025-11-18,2025-12-14,26,1000,1200,True,-,False,False,True,0.8888888888888888,10,14,0.7142857142857143,0,0,0
PI LEGEND,2025-11-18,2026-01-01,44,1000,1200,True,++,False,True,True,0.09090909090909091,5,14,0.35714285714285715,0,0,1
FRIENDS OF SHAJING,2025-11-18,2025-12-23,35,1000,1200,True,++,False,False,True,0.2727272727272727,2,12,0.16666666666666666,0,1,1
LET'S HAVE FUN,2025-11-18,2025-12-14,26,1000,1200,True,+,False,False,True,0.36363636363636365,11,14,0.7857142857142857,0,0,0
SIX PACK,2025-11-18,2025-11-30,12,1000,1600,False,++,True,False,False,0.45454545454545453,6,15,0.4,0,0,1
HONG LOK GOLF,2025-11-18,2025-11-30,12,1000,1600,False,+,False,False,True,0.5454545454545454,1,14,0.07142857142857142,1,1,1
FIERY STEED,2025-11-18,2026-01-07,50,1000,1000,True,+,False,False,True,0.6363636363636364,12,12,1.0,0,0,0
SUPER INFINITY,2025-11-18,2025-12-27,39,1000,1200,True,0,False,False,True,0.7272727272727273,13,14,0.9285714285714286,0,0,0
FLYING FORTUNE,2025-11-18,2026-01-04,47,1000,1200,True,-,False,False,False,0.9090909090909091,12,12,1.0,0,0,0
CLASS,2025-11-18,2026-01-01,44,1000,1400,False,-,False,False,False,1.0,12,14,0.8571428571428571,0,0,0
SMART GOLF,2025-11-18,2025-11-30,12,1000,1000,True,++,False,True,False,0.09090909090909091,5,14,0.35714285714285715,0,0,1
PERFECT GENERAL,2025-11-18,2025-12-03,15,1000,1200,True,++,False,False,True,0.18181818181818182,1,12,0.08333333333333333,1,1,1
VIVA FIRECRACKER,2025-11-18,2025-11-30,12,1000,1000,True,++,False,False,False,0.2727272727272727,7,14,0.5,0,0,1
CITY THUNDER,2025-11-18,2025-12-07,19,1000,1400,False,+,False,False,True,0.36363636363636365,5,14,0.35714285714285715,0,0,1
CROSSBORDERDUDE,2025-11-18,2025-11-30,12,1000,1200,True,++,False,False,True,0.45454545454545453,10,12,0.8333333333333334,0,0,0
FRANCIS MEYNELL,2025-11-18,2025-11-26,8,1000,1200,True,+,False,False,True,0.6363636363636364,12,12,1.0,0,0,0
LUCKY SECRET,2025-11-18,2026-01-04,47,1000,1000,True,-,False,False,False,0.7272727272727273,12,14,0.8571428571428571,0,0,0
SWEET BRIAR,2025-11-18,2025-11-26,8,1000,1200,True,-,False,False,False,0.8181818181818182,6,12,0.5,0,0,1
FLYING WROTE,2025-11-18,2025-12-10,22,1000,1200,True,-,False,False,False,1.0,2,12,0.16666666666666666,0,1,1
PACKING GLORY,2025-11-18,2025-11-30,12,1000,1000,True,++,False,True,True,0.09090909090909091,1,14,0.07142857142857142,1,1,1
CLOUD NINE,2025-11-18,2025-12-27,39,1000,1200,True,++,True,False,True,0.18181818181818182,3,14,0.21428571428571427,0,1,1
MEGA MASTERMIND,2025-11-18,2025-12-20,32,1000,1200,True,+,False,False,False,0.2727272727272727,7,12,0.5833333333333334,0,0,0
YOUNG ACHIEVER,2025-11-18,2025-12-07,19,1000,1400,False,+,False,False,False,0.45454545454545453,12,14,0.8571428571428571,0,0,0
SEA CHARIOT,2025-11-18,2026-01-01,44,1000,1400,False,+,False,False,True,0.5454545454545454,9,14,0.6428571428571429,0,0,0
COMET RADIANCE,2025-11-18,2026-01-04,47,1000,1000,True,-,False,False,True,0.6363636363636364,4,14,0.2857142857142857,0,0,1
BROWNNEEDSFURTHER,2025-11-18,2025-12-07,19,1000,1200,True,+,True,False,False,0.7272727272727273,7,12,0.5833333333333334,0,0,0
I AM BACK,2025-11-18,2025-12-03,15,1000,1200,True,0,False,False,True,0.8181818181818182,8,12,0.6666666666666666,0,0,0
TORVEIN,2025-11-18,2025-12-20,32,1000,1200,True,-,False,False,False,0.9090909090909091,10,12,0.8333333333333334,0,0,0
ZOUPER FELLOW,2025-11-18,2026-01-04,47,1000,1000,True,-,False,False,False,1.0,7,14,0.5,0,0,1
CHATER FLASH,2025-11-18,2025-11-30,12,1000,1000,True,++,False,True,True,0.09090909090909091,13,14,0.9285714285714286,0,0,0
HYANNIS STAR,2025-11-18,2025-11-30,12,1000,1000,True,+,False,False,False,0.2727272727272727,11,14,0.7857142857142857,0,0,0
FLOW WATER FLOW,2025-11-18,2025-11-26,8,1000,1200,True,+,False,False,True,0.45454545454545453,2,12,0.16666666666666666,0,1,1
SMILING FALCON,2025-11-18,2025-12-14,26,1000,1400,False,+,True,False,False,0.5454545454545454,3,14,0.21428571428571427,0,1,1
BLASTED TALENT,2025-11-18,2025-12-27,39,1000,1400,False,+,False,False,False,0.6363636363636364,9,14,0.6428571428571429,0,0,0
EXCEPTIONAL SANTOS,2025-11-18,2025-12-27,39,1000,1200,True,-,False,False,True,0.7272727272727273,14,14,1.0,0,0,0
GREAT LEGACY,2025-11-18,2025-12-23,35,1000,1650,False,-,False,False,True,0.9090909090909091,12,12,1.0,0,0,0
AQUAMAN,2025-11-18,2025-11-30,12,1000,1000,True,++,False,True,True,0.09090909090909091,12,14,0.8571428571428571,0,0,0
CONCORDE STAR,2025-11-18,2025-12-23,35,1000,1200,True,++,True,False,True,0.18181818181818182,1,12,0.08333333333333333,1,1,1
MAGIC COSMOS,2025-11-18,2025-12-03,15,1000,1200,True,+,False,False,True,0.2727272727272727,12,12,1.0,0,0,0
SO MY FOLKS,2025-11-18,2025-12-20,32,1000,1000,True,+,False,False,False,0.36363636363636365,12,14,0.8571428571428571,0,0,0
BRILLIANT FIRE,2025-11-18,2025-11-26,8,1000,1200,True,-,False,False,True,0.45454545454545453,9,12,0.75,0,0,0
CIRCUIT CENTURY,2025-11-18,2025-12-27,39,1000,1400,False,-,False,False,True,0.6363636363636364,9,14,0.6428571428571429,0,0,0
SPEEDY TRIDENT,2025-11-18,2025-12-03,15,1000,1200,True,+,False,False,False,0.7272727272727273,9,12,0.75,0,0,0
GASTRONOMIQUE,2025-11-18,2025-12-07,19,1000,1200,True,0,False,False,True,0.8181818181818182,6,12,0.5,0,0,1
THUNDER KIT,2025-11-18,2025-12-27,39,800,1000,True,++,False,True,False,0.125,9,14,0.6428571428571429,0,0,0
FLYING AMANI,2025-11-18,2025-12-27,39,800,1200,False,0,False,False,False,0.75,11,14,0.7857142857142857,0,0,0
NUMBERS,2025-11-18,2025-12-10,22,1600,1800,True,++,False,True,True,0.08333333333333333,3,12,0.25,0,1,1
PEARL OF PANG'S,2025-11-18,2025-11-30,12,1600,1600,True,+,False,False,True,0.16666666666666666,13,14,0.9285714285714286,0,0,0
SOMELOVEFROMABOVE,2025-11-18,2025-11-26,8,1600,1200,False,+,False,False,True,0.25,1,12,0.08333333333333333,1,1,1
GHORGAN,2025-11-18,2025-12-07,19,1600,1400,True,+,False,False,False,0.4166666666666667,4,14,0.2857142857142857,0,0,1
AERODYNAMICS,2025-11-18,2026-01-01,44,1600,1200,False,0,False,False,False,0.5833333333333334,5,14,0.35714285714285715,0,0,1
JOYFUL PROSPERITY,2025-11-18,2025-11-30,12,1600,1600,True,+,False,False,False,0.6666666666666666,12,14,0.8571428571428571,0,0,0
SILVER UP,2025-11-18,2025-11-30,12,1600,1600,True,0,False,False,False,0.75,9,14,0.6428571428571429,0,0,0
LUCKY TOGETHER,2025-11-18,2025-12-07,19,1600,1400,True,0,False,False,False,0.8333333333333334,14,14,1.0,0,0,0
FURY AND GOLD,2025-11-18,2025-12-03,15,1600,1800,True,-,False,False,False,0.9166666666666666,8,12,0.6666666666666666,0,0,0
MEGA FORCE,2025-11-18,2025-12-03,15,1600,2200,False,-,False,False,False,1.0,12,12,1.0,0,0,0
FUN N FUN TOGETHER,2025-11-18,2025-11-30,12,1200,1200,True,++,False,True,False,0.1,8,12,0.6666666666666666,0,0,0
MASTER TRILLION,2025-11-18,2025-11-30,12,1200,1600,False,+,False,False,True,0.2,14,15,0.9333333333333333,0,0,0
LIGHTNESS OF MUSIC,2025-11-18,2025-11-30,12,1200,1200,True,++,True,False,False,0.3,11,13,0.8461538461538461,0,0,0
ICONICAL,2025-11-18,2025-11-26,8,1200,1200,True,++,False,False,False,0.4,8,12,0.6666666666666666,0,0,0
I EXCELLE,2025-11-18,2025-12-27,39,1200,1200,True,-,False,False,False,0.6,6,14,0.42857142857142855,0,0,1
PERFECTDAY,2025-11-18,2025-12-17,29,1200,1200,True,0,False,False,False,0.8,1,12,0.08333333333333333,1,1,1
RAGING RAPIDS,2025-11-18,2025-11-23,5,1200,1400,True,+,False,False,False,0.9,9,14,0.6428571428571429,0,0,0
MACANESE MASTER,2025-11-18,2025-12-17,29,1200,1000,True,++,False,True,False,0.1,1,13,0.07692307692307693,1,1,1
COLOURFUL WINNER,2025-11-18,2025-11-30,12,1200,1400,True,+,False,False,False,0.2,4,14,0.2857142857142857,0,0,1
ALLCASH,2025-11-18,2025-11-26,8,1200,1650,False,+,False,False,True,0.3,1,12,0.08333333333333333,1,1,1
SONIC PURSUIT,2025-11-18,2025-11-26,8,1200,1200,True,+,False,False,False,0.4,4,12,0.3333333333333333,0,0,1
GOLDEN TRIUMPH,2025-11-18,2025-11-30,12,1200,1200,True,++,False,False,False,0.5,9,12,0.75,0,0,0
RAINBOW WARRIOR,2025-11-18,2026-01-11,54,1200,1400,True,0,False,False,True,0.7,13,14,0.9285714285714286,0,0,0
COLONEL,2025-11-18,2025-11-30,12,1200,1400,True,0,False,False,False,0.8,14,14,1.0,0,0,0
LOVEISINTHEAIR,2025-11-18,2025-12-27,39,1200,1200,True,-,False,False,True,1.0,13,14,0.9285714285714286,0,0,0
SUPERB CAPITALIST,2025-11-18,2025-11-30,12,1050,1000,True,++,False,True,False,0.2,14,14,1.0,0,0,0
THE ALL ROUNDER,2025-11-18,2025-12-07,19,1050,1200,True,+,False,False,True,0.4,11,12,0.9166666666666666,0,0,0
MIGHTY MASTS,2025-11-18,2026-01-01,44,1050,1200,True,0,False,False,False,0.6,2,14,0.14285714285714285,0,1,1
INVINCIBLE SAGE,2025-11-18,2025-11-30,12,1050,1000,True,-,False,False,False,0.8,12,14,0.8571428571428571,0,0,0
SPICY SPEEDY,2025-11-18,2025-12-20,32,1050,1000,True,-,False,False,True,1.0,2,14,0.14285714285714285,0,1,1
BOTTOMUPTOGETHER,2025-11-20,2025-12-07,17,1200,1200,True,++,False,True,False,0.16666666666666666,6,12,0.5,0,0,1
TALENTS AMBITION,2025-11-20,2025-11-30,10,1200,1600,False,+,False,False,True,0.3333333333333333,10,14,0.7142857142857143,0,0,0
MUST GO,2025-11-20,2025-11-30,10,1200,1200,True,+,False,False,True,0.5,5,12,0.4166666666666667,0,0,1
LO RIDER,2025-11-20,2025-11-30,10,1200,1600,False,+,False,False,False,0.6666666666666666,9,14,0.6428571428571429,0,0,0
JOKER ORBIT,2025-11-20,2025-12-07,17,1200,1000,True,-,False,False,True,0.8333333333333334,10,14,0.7142857142857143,0,0,0
LUCKY XANDER,2025-11-20,2025-12-03,13,1200,1000,True,-,False,False,True,1.0,9,12,0.75,0,0,0
EVER LUCK,2025-11-20,2025-11-30,10,1200,1200,True,++,False,True,False,0.1111111111111111,2,12,0.16666666666666666,0,1,1
SUPER JOY N FUN,2025-11-20,2025-11-30,10,1200,1200,True,++,True,False,True,0.2222222222222222,3,12,0.25,0,1,1
MONTA FRUTTA,2025-11-20,2025-12-14,24,1200,1200,True,+,False,False,False,0.3333333333333333,7,15,0.4666666666666667,0,0,1
GRAND MASTERMIND,2025-11-20,2025-12-27,37,1200,1200,True,0,False,False,False,0.5555555555555556,14,14,1.0,0,0,0
SIX THREE WIN,2025-11-20,2025-12-03,13,1200,1000,True,-,False,False,True,0.6666666666666666,12,12,1.0,0,0,0
ZETA HEDGE,2025-11-20,2025-12-10,20,1200,1000,True,-,False,False,False,0.7777777777777778,12,12,1.0,0,0,0
SUPREME FEELING,2025-11-20,2026-01-01,42,1200,1200,True,0,False,False,True,,8,14,0.5714285714285714,0,0,0
SUPREME SEA,2025-11-20,2026-01-04,45,1200,1200,True,++,False,True,False,0.125,1,12,0.08333333333333333,1,1,1
DAY DAY VICTORY,2025-11-20,2025-11-30,10,1200,1200,True,+,False,False,False,0.25,1,12,0.08333333333333333,1,1,1
GOOD CHAP,2025-11-20,2025-12-20,30,1200,1200,True,-,False,False,False,0.375,4,12,0.3333333333333333,0,0,1
CHEER FOR SOUTH,2025-11-20,2025-12-03,13,1200,1000,True,++,False,False,True,0.5,9,12,0.75,0,0,0
DASHING MAURISON,2025-11-20,2025-11-26,6,1200,1200,True,0,False,False,True,0.625,9,12,0.75,0,0,0
SMART BEAUTY,2025-11-20,2025-12-27,37,1200,1800,False,+,False,False,True,0.75,11,14,0.7857142857142857,0,0,0
SOMETHING JONAH,2025-11-20,2025-12-20,30,1200,1400,True,-,False,False,False,1.0,5,14,0.35714285714285715,0,0,1
YOUNG CHAMPION,2025-11-21,2025-11-30,9,1200,1600,False,++,False,True,False,0.16666666666666666,7,14,0.5,0,0,1
NEW FOREST,2025-11-21,2025-12-07,16,1200,1650,False,+,False,False,True,0.3333333333333333,4,14,0.2857142857142857,0,0,1
TACTICAL VICTORY,2025-11-21,2025-12-07,16,1200,1000,True,+,False,False,False,0.5,13,14,0.9285714285714286,0,0,0
SON PAK FU,2025-11-21,2025-12-20,29,1200,1200,True,+,False,False,False,0.6666666666666666,8,12,0.6666666666666666,0,0,0
CHARITY GAIN,2025-11-21,2025-12-03,12,1200,1800,False,-,False,False,False,0.8333333333333334,5,12,0.4166666666666667,0,0,1
WIN BEAUTY VIVA,2025-11-21,2026-01-11,51,1200,1600,False,-,False,False,False,1.0,7,14,0.5,0,0,1
JOY OF SPRING,2025-11-21,2025-12-03,12,1200,1800,False,++,False,True,True,0.125,1,12,0.08333333333333333,1,1,1
LIM'S SHAVANO,2025-11-21,2025-12-23,32,1200,1200,True,+,False,False,False,0.25,7,12,0.5833333333333334,0,0,0
M M CONCORD,2025-11-21,2026-01-01,41,1200,1200,True,++,False,False,True,0.375,14,14,1.0,0,0,0
STARRY SHOW,2025-11-21,2025-12-07,16,1200,1000,True,+,False,False,False,0.5,11,14,0.7857142857142857,0,0,0
RYUI KOKOROE,2025-11-21,2025-12-03,12,1200,1000,True,+,False,False,False,0.625,7,12,0.5833333333333334,0,0,0
HOTT SHOTT,2025-11-21,2026-01-11,51,1200,1600,False,0,False,False,False,0.75,14,14,1.0,0,0,0
MICKLEY,2025-11-21,2025-11-30,9,1200,1600,False,+,False,False,False,0.875,8,14,0.5714285714285714,0,0,0
KING OF SELECTION,2025-11-21,2026-01-11,51,1200,1400,True,-,False,False,True,1.0,13,14,0.9285714285714286,0,0,0
WITHALLMYFAITH,2025-11-21,2025-11-30,9,1200,1600,False,++,True,True,True,0.125,3,15,0.2,0,1,1
SOLO LEVELLING,2025-11-21,2025-12-07,16,1200,1200,True,+,False,False,False,0.25,12,12,1.0,0,0,0
JOY CAPITAL,2025-11-21,2025-11-30,9,1200,1200,True,+,False,False,False,0.375,11,12,0.9166666666666666,0,0,0
ETERNAL RICHNESS,2025-11-21,2025-12-20,29,1200,1200,True,+,False,False,False,0.5,11,12,0.9166666666666666,0,0,0
SPEEDY PATCH,2025-11-21,2026-01-01,41,1200,1200,True,0,False,False,True,0.75,9,14,0.6428571428571429,0,0,0
SALUTE KING PRAWN,2025-11-21,2025-12-07,16,1200,1400,True,-,False,False,True,0.875,12,14,0.8571428571428571,0,0,0
DAILY TROPHY,2025-11-21,2025-12-07,16,1200,1200,True,+,False,False,False,1.0,5,12,0.4166666666666667,0,0,1
JOLLY COMPANION,2025-11-21,2025-12-07,16,1200,1200,True,++,False,True,False,0.1111111111111111,8,12,0.6666666666666666,0,0,0
NAMJONG KINGDOM,2025-11-21,2025-12-20,29,1200,1600,False,+,False,False,True,0.2222222222222222,8,14,0.5714285714285714,0,0,0
STORMY KNIGHT,2025-11-21,2025-12-14,23,1200,1200,True,+,False,False,True,0.3333333333333333,11,15,0.7333333333333333,0,0,0
YEUX DE LIFELINE,2025-11-21,2026-01-11,51,1200,1200,True,+,False,False,False,0.4444444444444444,7,12,0.5833333333333334,0,0,0
POWER PATCH,2025-11-21,2026-01-01,41,1200,1200,True,0,False,False,True,0.5555555555555556,11,14,0.7857142857142857,0,0,0
RISING ELITE,2025-11-21,2025-12-27,36,1200,1650,False,0,False,False,True,0.7777777777777778,9,14,0.6428571428571429,0,0,0
ONE AND ONLY,2025-11-21,2025-12-17,26,1200,1200,True,++,False,True,True,0.125,10,12,0.8333333333333334,0,0,0
FIGHT TIME,2025-11-21,2025-12-20,29,1200,1400,True,+,False,False,False,0.25,13,14,0.9285714285714286,0,0,0
BLOSSOMY,2025-11-21,2026-01-18,58,1200,1600,False,+,False,False,True,0.375,13,14,0.9285714285714286,0,0,0
REWARDING BUDDY,2025-11-21,2025-12-03,12,1200,1200,True,+,False,False,True,0.5,2,12,0.16666666666666666,0,1,1
APPEALING CITY,2025-11-21,2025-12-07,16,1200,1400,True,0,False,False,False,0.75,13,14,0.9285714285714286,0,0,0
TEAM HAPPY,2025-11-21,2025-11-30,9,1200,1400,True,+,False,False,True,0.875,8,14,0.5714285714285714,0,0,0
CONSPIRACY WITNESS,2025-11-21,2025-11-30,9,1200,1600,False,-,False,False,True,1.0,11,14,0.7857142857142857,0,0,0
WINNING CIGAR,2025-11-21,2025-11-30,9,1000,1200,True,+,False,False,True,0.3,9,12,0.75,0,0,0
SOLID CAR,2025-11-21,2025-12-20,29,1000,1200,True,++,False,False,False,0.4,3,12,0.25,0,1,1
GREAT STATE,2025-11-21,2025-12-03,12,1000,1200,True,+,False,False,True,0.5,10,12,0.8333333333333334,0,0,0
TACTICAL COMMAND,2025-11-21,2025-11-26,5,1000,1200,True,0,False,False,False,0.6,6,12,0.5,0,0,1
PERFECT TEAM,2025-11-21,2025-12-27,36,1000,1650,False,+,False,False,False,0.7,12,14,0.8571428571428571,0,0,0
WITHOUT COMPARE,2025-11-21,2026-01-11,51,1000,1400,False,-,False,False,True,0.8,3,14,0.21428571428571427,0,1,1
GENERAL REDWOOD,2025-11-21,2025-12-27,36,1000,1200,True,-,False,False,True,1.0,10,14,0.7142857142857143,0,0,0
LUCKY PLUS,2025-11-21,2025-11-30,9,1000,1000,True,++,False,True,True,0.1,14,14,1.0,0,0,0
SAME TO YOU,2025-11-21,2025-12-03,12,1000,1200,True,++,False,False,False,0.2,4,12,0.3333333333333333,0,0,1
SEA DIAMOND,2025-11-21,2026-01-11,51,1000,1200,True,+,False,False,True,0.3,4,12,0.3333333333333333,0,0,1
SUPER MASTERMIND,2025-11-21,2026-01-18,58,1000,1400,False,+,False,False,True,0.4,13,15,0.8666666666666667,0,0,0
YEE CHEONG RAIDER,2025-11-21,2025-12-07,16,1000,1200,True,0,False,False,False,0.6,5,12,0.4166666666666667,0,0,1
NO OTHER CHOICE,2025-11-21,2025-12-27,36,1000,1650,False,0,False,False,False,0.7,10,14,0.7142857142857143,0,0,0
GENERAL SMART,2025-11-21,2025-12-03,12,1000,1000,True,0,False,False,False,0.8,6,12,0.5,0,0,1
ALL EYES ON ME,2025-11-21,2025-11-26,5,1000,1650,False,-,False,False,False,0.9,10,12,0.8333333333333334,0,0,0
FAMILY FORTUNE,2025-11-21,2025-12-10,19,1000,1650,False,-,False,False,False,1.0,1,12,0.08333333333333333,1,1,1
SAGACIOUS LIFE,2025-11-21,2025-11-30,9,1600,1600,True,++,False,True,False,0.14285714285714285,6,14,0.42857142857142855,0,0,1
MONDIAL,2025-11-21,2025-12-03,12,1600,1800,True,+,False,False,True,0.2857142857142857,6,12,0.5,0,0,1
PACKING FIGHTER,2025-11-21,2026-01-11,51,1600,1800,True,+,False,False,True,0.5714285714285714,4,14,0.2857142857142857,0,0,1
PING HAI COMET,2025-11-21,2025-11-26,5,1600,1800,True,+,True,False,True,0.7142857142857143,10,12,0.8333333333333334,0,0,0
ZHOU GONGJIN,2025-11-21,2025-12-23,32,1600,1200,False,-,False,False,True,0.8571428571428571,12,12,1.0,0,0,0
TOP DRAGON,2025-11-25,2025-12-07,12,1200,1400,True,++,False,True,True,0.1111111111111111,2,14,0.14285714285714285,0,1,1
SELF IMPROVEMENT,2025-11-25,2025-12-07,12,1200,1200,True,+,False,False,False,0.2222222222222222,8,12,0.6666666666666666,0,0,0
KA YING ATTACK,2025-11-25,2025-12-07,12,1200,1400,True,++,False,False,True,0.4444444444444444,8,14,0.5714285714285714,0,0,0
WITH A SMILE,2025-11-25,2025-12-07,12,1200,1400,True,+,False,False,True,0.5555555555555556,1,14,0.07142857142857142,1,1,1
GIDDY UP,2025-11-25,2025-12-03,8,1200,1200,True,+,True,False,False,0.6666666666666666,3,12,0.25,0,1,1
ARGENTO OCEAN,2025-11-25,2025-12-10,15,1200,1200,True,0,False,False,False,0.7777777777777778,5,12,0.4166666666666667,0,0,1
MY TRIUMPH,2025-11-25,2026-01-04,40,1200,1200,True,-,False,False,True,0.8888888888888888,9,13,0.6923076923076923,0,0,0
LUCKY TWENTY,2025-11-25,2026-01-07,43,1200,1200,True,-,False,False,False,1.0,12,12,1.0,0,0,0
VIGOR EYE,2025-11-25,2025-12-07,12,1200,1200,True,++,False,True,False,0.1111111111111111,3,12,0.25,0,1,1
POSITIVE SMILE,2025-11-25,2025-12-07,12,1200,1400,True,+,False,False,False,0.2222222222222222,3,14,0.21428571428571427,0,1,1
JUBILANT WINNER,2025-11-25,2025-12-07,12,1200,1400,True,+,False,False,True,0.2222222222222222,10,14,0.7142857142857143,0,0,0
MALPENSA,2025-11-25,2025-12-20,25,1200,1200,True,+,False,False,False,0.4444444444444444,12,12,1.0,0,0,0
WARRIORS DREAM,2025-11-25,2025-12-17,22,1200,1200,True,0,False,False,False,0.5555555555555556,5,12,0.4166666666666667,0,0,1
STORMI,2025-11-25,2025-12-10,15,1200,1650,False,0,False,False,True,0.6666666666666666,8,12,0.6666666666666666,0,0,0
EMBRACE ABERDEEN,2025-11-25,2025-12-07,12,1200,1200,True,0,False,False,False,0.7777777777777778,1,12,0.08333333333333333,1,1,1
YOUNG BRAVO,2025-11-25,2025-12-17,22,1200,1800,False,-,False,False,False,0.8888888888888888,1,12,0.08333333333333333,1,1,1
SKY SONG,2025-11-25,2025-12-03,8,1200,1000,True,-,False,False,False,1.0,2,12,0.16666666666666666,0,1,1
KA YING GLORY,2025-11-25,2025-12-14,19,1200,1400,True,++,False,True,False,0.1111111111111111,11,14,0.7857142857142857,0,0,0
BETTER AND BETTER,2025-11-25,2025-12-07,12,1200,1400,True,+,False,False,False,0.2222222222222222,4,14,0.2857142857142857,0,0,1
STORM RUNNER,2025-11-25,2025-12-03,8,1200,1800,False,+,False,False,True,0.3333333333333333,2,12,0.16666666666666666,0,1,1
FLYING TING LOK,2025-11-25,2025-12-07,12,1200,1400,True,-,False,False,True,0.4444444444444444,14,14,1.0,0,0,0
ACE,2025-11-25,2025-12-20,25,1200,1400,True,0,False,False,False,0.5555555555555556,5,14,0.35714285714285715,0,0,1
QUICK CONTRIBUTION,2025-11-25,2025-12-07,12,1200,1400,True,0,False,False,False,0.6666666666666666,8,14,0.5714285714285714,0,0,0
PERIDOT,2025-11-25,2025-12-17,22,1200,1200,True,0,False,False,False,0.7777777777777778,4,12,0.3333333333333333,0,0,1
PHANTOM CYCLONE,2025-11-25,2025-12-07,12,1200,1650,False,-,False,False,False,0.8888888888888888,3,14,0.21428571428571427,0,1,1
HAILTOTHEVICTORS,2025-11-25,2025-12-07,12,1200,1650,False,-,False,False,False,1.0,2,14,0.14285714285714285,0,1,1
KA YING RESILIENCE,2025-11-25,2025-12-07,12,1200,1200,True,++,False,True,False,0.125,6,12,0.5,0,0,1
SWAGGER BRO,2025-11-25,2025-12-03,8,1200,1200,True,++,False,False,False,0.25,4,12,0.3333333333333333,0,0,1
HAPPY TANGO,2025-11-25,2025-12-03,8,1200,1000,True,+,False,False,True,0.375,12,12,1.0,0,0,0
GO GO GO,2025-11-25,2025-12-07,12,1200,1650,False,+,False,False,False,0.5,6,14,0.42857142857142855,0,0,1
SUPREME FEELING,2025-11-25,2026-01-01,37,1200,1200,True,+,True,False,False,0.75,8,14,0.5714285714285714,0,0,0
COSMO LIGHT,2025-11-25,2025-12-07,12,1200,1650,False,-,False,False,False,0.875,7,14,0.5,0,0,1
GOLDEN FRIENDSHIP,2025-11-25,2025-12-03,8,1050,1000,True,++,False,True,False,0.25,1,12,0.08333333333333333,1,1,1
AKERMANIS GOLD,2025-11-25,2025-12-07,12,1050,1000,True,+,False,False,True,0.5,9,14,0.6428571428571429,0,0,0
WISDOM STAR,2025-11-25,2025-12-20,25,1050,1400,False,-,False,False,True,0.75,12,14,0.8571428571428571,0,0,0
HELENE FEELING,2025-11-27,2025-12-10,13,1200,1800,False,++,False,True,True,0.16666666666666666,1,12,0.08333333333333333,1,1,1
CORLEONE,2025-11-27,2025-12-10,13,1200,1650,False,++,False,False,False,0.3333333333333333,1,12,0.08333333333333333,1,1,1
KEEFY,2025-11-27,2025-12-10,13,1200,1800,False,+,False,False,True,0.5,7,12,0.5833333333333334,0,0,0
SILVERY BREEZE,2025-11-27,2025-12-10,13,1200,1650,False,+,True,False,True,0.6666666666666666,1,12,0.08333333333333333,1,1,1
STAR GLOW,2025-11-27,2025-12-07,10,1200,1400,True,-,False,False,True,1.0,12,14,0.8571428571428571,0,0,0
SUPER LEGENDS,2025-11-27,2025-12-20,23,1200,1200,True,++,False,True,True,0.14285714285714285,7,12,0.5833333333333334,0,0,0
IVY LEAGUE,2025-11-27,2025-12-10,13,1200,1650,False,++,False,False,False,0.42857142857142855,10,12,0.8333333333333334,0,0,0
ATOMIC BEAUTY,2025-11-27,2025-12-07,10,1200,1650,False,0,False,False,True,0.5714285714285714,5,14,0.35714285714285715,0,0,1
ENDUED,2025-11-27,2025-12-14,17,1200,1400,True,+,False,False,False,0.8571428571428571,2,14,0.14285714285714285,0,1,1
MULTIDUTCH,2025-11-27,2025-12-20,23,1200,1600,False,-,False,False,False,1.0,14,14,1.0,0,0,0
GOOD FORTUNE,2025-11-27,2025-12-07,10,1200,1400,True,++,False,True,False,0.125,14,14,1.0,0,0,0
CHILL PARTNERS,2025-11-27,2025-12-27,30,1200,1400,True,+,False,False,True,0.25,5,14,0.35714285714285715,0,0,1
FULL OF LAUGHTER,2025-11-27,2025-12-20,23,1200,1000,True,+,False,False,True,0.5,6,14,0.42857142857142855,0,0,1
KYRUS TREASURE,2025-11-27,2025-12-07,10,1200,1400,True,+,False,False,True,0.625,6,14,0.42857142857142855,0,0,1
HERE COMES PLUTUS,2025-11-27,2026-01-18,52,1200,1200,True,0,False,False,True,0.75,7,14,0.5,0,0,1
TALENTS SUPREMO,2025-11-27,2025-12-10,13,1200,1200,True,-,False,False,False,0.875,7,12,0.5833333333333334,0,0,0
INNO SUPER,2025-11-27,2025-12-20,23,1200,1400,True,-,False,False,False,1.0,11,14,0.7857142857142857,0,0,0
HAPPY SHOOTER,2025-11-27,2025-12-20,23,1050,1200,True,++,False,True,False,0.25,9,12,0.75,0,0,0
NOBLE DELUXE,2025-11-27,2025-12-10,13,1050,1200,True,-,False,False,True,0.75,3,12,0.25,0,1,1
CIRCUIT CHAMPION,2025-11-27,2026-01-18,52,1050,1200,True,-,False,False,False,1.0,2,14,0.14285714285714285,0,1,1
PI LEGEND,2025-11-28,2026-01-01,34,1200,1200,True,++,True,True,False,0.1111111111111111,5,14,0.35714285714285715,0,0,1
HOLMES A COURT,2025-11-28,2025-12-14,16,1200,1200,True,-,False,False,False,0.2222222222222222,13,14,0.9285714285714286,0,0,0
KARMA,2025-11-28,2025-12-14,16,1200,1400,True,++,False,False,False,0.3333333333333333,8,14,0.5714285714285714,0,0,0
GUMMY GUMMY,2025-11-28,2025-12-07,9,1200,1400,True,+,False,False,False,0.4444444444444444,9,14,0.6428571428571429,0,0,0
CLASS,2025-11-28,2026-01-01,34,1200,1400,True,0,False,False,True,0.5555555555555556,12,14,0.8571428571428571,0,0,0
HELENE SUPAFEELING,2025-11-28,2025-12-14,16,1200,1200,True,+,False,False,False,0.6666666666666666,1,14,0.07142857142857142,1,1,1
YOUNG ACHIEVER,2025-11-28,2025-12-07,9,1200,1400,True,-,False,False,False,0.7777777777777778,12,14,0.8571428571428571,0,0,0
GRATIFIDE,2025-11-28,2025-12-07,9,1200,1400,True,-,False,False,False,0.8888888888888888,10,14,0.7142857142857143,0,0,0
MARVEL AND GOLD,2025-11-28,2025-12-10,12,1200,1200,True,++,False,True,True,0.1,8,12,0.6666666666666666,0,0,0
FLYING WROTE,2025-11-28,2025-12-10,12,1200,1200,True,+,False,False,True,0.2,2,12,0.16666666666666666,0,1,1
VICTOR SUPREME,2025-11-28,2026-01-01,34,1200,1200,True,+,False,False,True,0.3,11,14,0.7857142857142857,0,0,0
BIG RETURN,2025-11-28,2025-12-17,19,1200,1200,True,+,False,False,True,0.4,9,12,0.75,0,0,0
MONTA FRUTTA,2025-11-28,2025-12-14,16,1200,1200,True,+,False,False,False,0.5,7,15,0.4666666666666667,0,0,1
VIRTUOUS PHANTOM,2025-11-28,2026-01-04,37,1200,1200,True,+,False,False,False,0.6,9,12,0.75,0,0,0
I EXCELLE,2025-11-28,2025-12-27,29,1200,1200,True,+,False,False,True,0.7,6,14,0.42857142857142855,0,0,1
LUCKY SECRET,2025-11-28,2026-01-04,37,1200,1000,True,-,False,False,True,0.8,12,14,0.8571428571428571,0,0,0
ZEPHYR,2025-11-28,2025-12-14,16,1200,1200,True,-,False,False,False,0.9,12,15,0.8,0,0,0
DECRELOT,2025-11-28,2025-12-20,22,1200,1400,True,++,False,True,True,0.1,4,14,0.2857142857142857,0,0,1
LUCKY MCQUEEN,2025-11-28,2025-12-14,16,1200,1200,True,++,False,False,False,0.2,2,15,0.13333333333333333,0,1,1
THE ALL ROUNDER,2025-11-28,2025-12-07,9,1200,1200,True,+,False,False,False,0.3,11,12,0.9166666666666666,0,0,0
MEEPMEEP,2025-11-28,2025-12-07,9,1200,1650,False,+,False,False,True,0.5,12,14,0.8571428571428571,0,0,0
RED BRICK WARRIOR,2025-11-28,2025-12-14,16,1200,1400,True,+,False,False,True,0.6,10,14,0.7142857142857143,0,0,0
FLYING AMANI,2025-11-28,2025-12-27,29,1200,1200,True,+,False,False,False,0.7,11,14,0.7857142857142857,0,0,0
SUPER PACE,2025-11-28,2025-12-07,9,1200,1650,False,-,False,False,False,0.9,14,14,1.0,0,0,0
IRON LEGION,2025-11-28,2025-12-10,12,1200,1650,False,-,False,False,False,1.0,8,12,0.6666666666666666,0,0,0
MODEST GENTLEMAN,2025-11-28,2025-12-07,9,1050,1200,True,++,True,True,False,0.2,3,12,0.25,0,1,1
SPARKLING FELLOW,2025-11-28,2025-12-07,9,1050,1000,True,++,False,False,False,0.4,5,14,0.35714285714285715,0,0,1
STELLAR EXPRESS,2025-11-28,2025-12-07,9,1050,1000,True,+,True,False,True,0.6,1,14,0.07142857142857142,1,1,1
BEAUTY THUNDER,2025-11-28,2025-12-10,12,1050,1000,True,-,False,False,False,0.8,2,12,0.16666666666666666,0,1,1
FLYING CHRISTIE,2025-11-28,2025-12-07,9,1050,1200,True,-,False,False,True,1.0,11,12,0.9166666666666666,0,0,0
GUSTOSISIMO,2025-12-01,2025-12-14,13,1200,1400,True,++,False,True,True,0.1111111111111111,7,14,0.5,0,0,1
HEALTHY HAPPY,2025-12-01,2025-12-14,13,1200,1400,True,+,False,False,True,0.2222222222222222,6,14,0.42857142857142855,0,0,1
CIRCUIT GRAND SLAM,2025-12-01,2025-12-14,13,1200,1200,True,++,False,False,True,0.3333333333333333,3,14,0.21428571428571427,0,1,1
MASTEROFMYUNIVERSE,2025-12-01,2025-12-20,19,1200,1200,True,+,False,False,True,0.4444444444444444,6,12,0.5,0,0,1
POWER KOEPP,2025-12-01,2025-12-10,9,1200,1200,True,0,False,False,False,0.5555555555555556,7,12,0.5833333333333334,0,0,0
HOTT SHOTT,2025-12-01,2026-01-11,41,1200,1600,False,0,False,False,False,0.6666666666666666,14,14,1.0,0,0,0
FLAMING RABBIT,2025-12-01,2026-01-18,48,1200,1400,True,-,False,False,True,0.7777777777777778,14,14,1.0,0,0,0
VERY GRATEFUL,2025-12-01,2026-01-01,31,1200,1400,True,-,False,False,True,0.8888888888888888,11,14,0.7857142857142857,0,0,0
YOUNG EMPEROR,2025-12-01,2025-12-17,16,1200,1650,False,0,False,False,True,,11,12,0.9166666666666666,0,0,0
JUMBO TREASURE,2025-12-01,2025-12-27,26,1200,1200,True,++,False,True,True,0.1,1,14,0.07142857142857142,1,1,1
BEAUTY CRESCENT,2025-12-01,2025-12-14,13,1200,1400,True,+,False,False,False,0.2,13,14,0.9285714285714286,0,0,0
DRAGON FOUR SEAS,2025-12-01,2025-12-17,16,1200,1000,True,++,True,False,False,0.3,10,13,0.7692307692307693,0,0,0
HAPPY INDEX,2025-12-01,2026-01-01,31,1200,1200,True,+,False,False,False,0.4,3,14,0.21428571428571427,0,1,1
ENDEARED,2025-12-01,2025-12-07,6,1200,1650,False,+,False,False,True,0.5,5,14,0.35714285714285715,0,0,1
ALL ROUND WINNER,2025-12-01,2025-12-20,19,1200,1600,False,+,False,False,False,0.6,4,14,0.2857142857142857,0,0,1
PACKING FIGHTER,2025-12-01,2026-01-11,41,1200,1800,False,-,False,False,False,0.7,4,14,0.2857142857142857,0,0,1
PANACEA,2025-12-01,2025-12-14,13,1200,1800,False,+,False,False,False,0.8,14,14,1.0,0,0,0
NEVER TOO SOON,2025-12-01,2025-12-10,9,1200,1200,True,+,True,False,False,0.9,6,12,0.5,0,0,1
MEANINGFUL DRAGON,2025-12-01,2026-01-25,55,1200,1400,True,-,False,False,True,1.0,12,14,0.8571428571428571,0,0,0
VOYAGE BOSS,2025-12-01,2025-12-14,13,1200,1200,True,++,False,True,False,0.1111111111111111,5,15,0.3333333333333333,0,0,1
TOURBILLON GOLFER,2025-12-01,2025-12-10,9,1200,1200,True,++,False,False,True,0.2222222222222222,2,12,0.16666666666666666,0,1,1
DERRYNBLUE,2025-12-01,2025-12-20,19,1200,1000,True,+,False,False,True,0.3333333333333333,13,14,0.9285714285714286,0,0,0
DO YOU JUST,2025-12-01,2026-01-25,55,1200,1600,False,+,False,False,True,0.4444444444444444,13,14,0.9285714285714286,0,0,0
SHINKANSEN,2025-12-01,2025-12-23,22,1200,1650,False,+,False,False,False,0.5555555555555556,2,12,0.16666666666666666,0,1,1
YOUNG LEGACY,2025-12-01,2026-01-18,48,1200,1200,True,+,False,False,False,0.6666666666666666,10,14,0.7142857142857143,0,0,0
WITHOUT COMPARE,2025-12-01,2026-01-11,41,1200,1400,True,0,False,False,False,0.7777777777777778,3,14,0.21428571428571427,0,1,1
DR GOLDEN GENERAL,2025-12-01,2025-12-10,9,1200,1650,False,-,False,False,False,0.8888888888888888,11,12,0.9166666666666666,0,0,0
PACKING KING,2025-12-01,2025-12-20,19,1200,1400,True,++,False,True,True,0.09090909090909091,6,14,0.42857142857142855,0,0,1
CLOUD NINE,2025-12-01,2025-12-27,26,1200,1200,True,+,False,False,True,0.18181818181818182,3,14,0.21428571428571427,0,1,1
SUPREME SEA,2025-12-01,2026-01-04,34,1200,1200,True,+,False,False,False,0.2727272727272727,1,12,0.08333333333333333,1,1,1
GENERAL REDWOOD,2025-12-01,2025-12-27,26,1200,1200,True,+,False,False,True,0.36363636363636365,10,14,0.7142857142857143,0,0,0
ORIGIN OF FORM,2025-12-01,2026-01-25,55,1200,1200,True,+,False,False,False,0.45454545454545453,12,14,0.8571428571428571,0,0,0
SANDMAN,2025-12-01,2026-01-01,31,1200,1600,False,0,False,False,True,0.6363636363636364,13,15,0.8666666666666667,0,0,0
HAPPY ACTION,2025-12-01,2025-12-17,16,1200,1650,False,-,False,False,False,0.7272727272727273,11,12,0.9166666666666666,0,0,0
FOREVER FOLKS,2025-12-01,2025-12-27,26,1200,1650,False,++,False,True,False,0.09090909090909091,4,14,0.2857142857142857,0,0,1
MONEY TYCOON,2025-12-01,2026-01-11,41,1200,1200,True,-,False,False,False,0.2727272727272727,11,12,0.9166666666666666,0,0,0
FALCON HUNTER,2025-12-01,2025-12-27,26,1200,1400,True,+,False,False,True,0.36363636363636365,7,14,0.5,0,0,1
COLOURFUL KNIGHT,2025-12-01,2025-12-17,16,1200,1650,False,+,False,False,True,0.45454545454545453,12,12,1.0,0,0,0
WINNING DIAMOND,2025-12-01,2025-12-14,13,1200,1200,True,+,False,False,False,0.5454545454545454,10,15,0.6666666666666666,0,0,0
NO OTHER CHOICE,2025-12-01,2025-12-27,26,1200,1650,False,0,False,False,True,0.6363636363636364,10,14,0.7142857142857143,0,0,0
FOREMOST TEDDY,2025-12-01,2025-12-07,6,1200,1650,False,0,False,False,True,0.7272727272727273,1,14,0.07142857142857142,1,1,1
MR GOOD VIBES,2025-12-01,2025-12-10,9,1200,1200,True,-,False,False,False,0.9090909090909091,11,12,0.9166666666666666,0,0,0
MR ALADDIN,2025-12-01,2025-12-27,26,1200,1800,False,-,False,False,False,1.0,13,14,0.9285714285714286,0,0,0
MAGNIFIQUE,2025-12-01,2025-12-27,26,1000,1000,True,++,False,True,False,0.1111111111111111,1,14,0.07142857142857142,1,1,1
LUCKY RANGER,2025-12-01,2026-01-11,41,1000,1200,True,+,False,False,False,0.2222222222222222,2,12,0.16666666666666666,0,1,1
CITY GOLD BANNER,2025-12-01,2026-01-18,48,1000,1000,True,+,False,False,False,0.3333333333333333,1,11,0.09090909090909091,1,1,1
MATZDEN,2025-12-01,2026-01-11,41,1000,1200,True,+,False,False,False,0.4444444444444444,6,12,0.5,0,0,1
INVINCIBLE STARR,2025-12-01,2026-01-07,37,1000,1000,True,0,False,False,False,0.5555555555555556,10,12,0.8333333333333334,0,0,0
WHOWROTETHATSONG,2025-12-01,2025-12-27,26,1000,1200,True,+,True,False,False,0.6666666666666666,10,14,0.7142857142857143,0,0,0
TYCOON EXPRESS,2025-12-01,2026-01-18,48,1000,1200,True,-,False,False,False,0.7777777777777778,6,14,0.42857142857142855,0,0,1
CONRAD PATCH,2025-12-01,2026-01-18,48,1000,1200,True,-,False,False,False,0.8888888888888888,2,14,0.14285714285714285,0,1,1
BEAUTY GEMINI,2025-12-01,2026-01-01,31,1000,1200,True,++,False,True,True,0.1,14,14,1.0,0,0,0
COUNTRY DANCER,2025-12-01,2026-01-07,37,1000,1200,True,+,False,False,True,0.2,12,12,1.0,0,0,0
MULTISUPERSTAR,2025-12-01,2026-01-25,55,1000,1200,True,+,False,False,True,0.3,12,14,0.8571428571428571,0,0,0
SUPREME VOYAGER,2025-12-01,2026-01-04,34,1000,1000,True,++,False,False,False,0.4,9,14,0.6428571428571429,0,0,0
COMET RADIANCE,2025-12-01,2026-01-04,34,1000,1000,True,+,False,False,True,0.5,4,14,0.2857142857142857,0,0,1
RUSSET GLOW,2025-12-01,2026-01-25,55,1000,1200,True,+,False,False,False,0.5,8,14,0.5714285714285714,0,0,0
REGROWTH WINNER,2025-12-01,2026-01-28,58,1000,1200,True,0,False,False,True,0.8,12,12,1.0,0,0,0
CIRCUIT HAPPY,2025-12-01,2026-01-21,51,1000,1200,True,-,False,False,False,0.9,10,12,0.8333333333333334,0,0,0
WOODFIRE CHAMP,2025-12-01,2025-12-23,22,800,1200,False,++,False,True,False,0.1111111111111111,12,12,1.0,0,0,0
HAPPY TERCENTENARY,2025-12-01,2026-01-18,48,800,1400,False,0,False,False,False,0.5555555555555556,13,14,0.9285714285714286,0,0,0
LEAPING STAR,2025-12-01,2026-01-07,37,800,1200,False,-,False,False,False,0.7777777777777778,11,12,0.9166666666666666,0,0,0
HONEST WITNESS,2025-12-01,2025-12-10,9,800,1000,True,++,False,True,False,0.1111111111111111,11,12,0.9166666666666666,0,0,0
SPEEDY SMARTIE,2025-12-01,2025-12-14,13,800,1200,False,++,False,False,False,0.2222222222222222,4,15,0.26666666666666666,0,0,1
VIVA BOSS,2025-12-01,2026-01-25,55,800,1000,True,0,False,False,True,0.5555555555555556,9,14,0.6428571428571429,0,0,0
SPORTIC WARRIOR,2025-12-01,2025-12-17,16,800,1000,True,-,False,False,True,1.0,10,13,0.7692307692307693,0,0,0
DROMBEG BANNER,2025-12-02,2025-12-14,12,1200,1400,True,++,False,True,False,0.125,2,14,0.14285714285714285,0,1,1
AERIS NOVA,2025-12-02,2025-12-14,12,1200,1400,True,+,False,False,False,0.25,1,14,0.07142857142857142,1,1,1
MIGHTY MASTS,2025-12-02,2026-01-01,30,1200,1200,True,+,False,False,True,0.375,2,14,0.14285714285714285,0,1,1
JOHANNES BRAHMS,2025-12-02,2025-12-10,8,1200,1800,False,++,False,False,True,0.5,11,12,0.9166666666666666,0,0,0
CROSSBORDERPEGASUS,2025-12-02,2026-01-01,30,1200,1200,True,+,False,False,False,0.625,2,14,0.14285714285714285,0,1,1
WINFIELD,2025-12-02,2026-01-04,33,1200,1600,False,-,False,False,False,0.75,9,11,0.8181818181818182,0,0,0
PACKING ANGEL,2025-12-02,2026-01-25,54,1200,1200,True,-,False,False,False,0.875,10,11,0.9090909090909091,0,0,0
LIFELINE EXPRESS,2025-12-02,2025-12-20,18,1200,1200,True,+,True,False,True,1.0,9,12,0.75,0,0,0
SAVVY BRILLIANT,2025-12-02,2025-12-14,12,1200,1200,True,++,False,True,True,0.125,6,14,0.42857142857142855,0,0,1
CHARMING LEGEND,2025-12-02,2025-12-14,12,1200,1400,True,+,False,False,True,0.25,12,15,0.8,0,0,0
PACKING PHOENIX,2025-12-02,2025-12-14,12,1200,1200,True,+,False,False,True,0.375,3,15,0.2,0,1,1
LIGHTNESS OF BEING,2025-12-02,2025-12-23,21,1200,1200,True,+,False,False,True,0.5,11,12,0.9166666666666666,0,0,0
YOUNG ARROW,2025-12-02,2025-12-14,12,1200,1200,True,0,False,False,False,0.625,2,14,0.14285714285714285,0,1,1
AWESOME FLUKE,2025-12-02,2025-12-10,8,1200,1800,False,0,False,False,False,0.75,2,12,0.16666666666666666,0,1,1
LE ZONDA,2025-12-02,2026-01-25,54,1200,2000,False,-,False,False,True,0.875,6,10,0.6,0,0,0
A TIME FOR US,2025-12-02,2025-12-14,12,1200,1200,True,-,False,False,False,1.0,4,14,0.2857142857142857,0,0,1
FRIENDS OF SHAJING,2025-12-02,2025-12-23,21,1200,1200,True,++,False,True,True,0.125,2,12,0.16666666666666666,0,1,1
REFUSETOBEENGLISH,2025-12-02,2025-12-14,12,1200,1200,True,++,False,False,False,0.375,9,14,0.6428571428571429,0,0,0
THE HEIR,2025-12-02,2025-12-17,15,1200,1200,True,+,False,False,False,0.5,6,12,0.5,0,0,1
FORZA LEADER,2025-12-02,2025-12-14,12,1200,1200,True,-,False,False,False,0.75,10,14,0.7142857142857143,0,0,0
SMART FIGHTER,2025-12-02,2025-12-17,15,1200,1200,True,+,True,False,False,0.875,12,12,1.0,0,0,0
FLYING FORTUNE,2025-12-02,2026-01-04,33,1200,1200,True,-,False,False,True,1.0,12,12,1.0,0,0,0
PEJIBAYE,2025-12-02,2025-12-20,18,1200,1200,True,++,False,True,True,0.125,2,12,0.16666666666666666,0,1,1
FIGHTING MACHINE,2025-12-02,2025-12-17,15,1200,1650,False,+,False,False,False,0.25,4,12,0.3333333333333333,0,0,1
EXCEPTIONAL SANTOS,2025-12-02,2025-12-27,25,1200,1200,True,+,False,False,True,0.375,14,14,1.0,0,0,0
MEGA MASTERMIND,2025-12-02,2025-12-20,18,1200,1200,True,+,False,False,False,0.5,7,12,0.5833333333333334,0,0,0
QUANTUM PATCH,2025-12-02,2025-12-10,8,1200,1650,False,+,False,False,False,0.625,5,12,0.4166666666666667,0,0,1
TORVEIN,2025-12-02,2025-12-20,18,1200,1200,True,-,False,False,False,0.75,10,12,0.8333333333333334,0,0,0
HAPPY ALLIANCE,2025-12-02,2025-12-17,15,1200,1200,True,-,False,False,False,0.875,9,12,0.75,0,0,0
PATCH OF TIME,2025-12-02,2025-12-20,18,1200,1200,True,++,False,True,True,0.1111111111111111,8,12,0.6666666666666666,0,0,0
COOL BOY,2025-12-02,2025-12-14,12,1200,1200,True,++,False,False,True,0.2222222222222222,1,15,0.06666666666666667,1,1,1
BLASTED TALENT,2025-12-02,2025-12-27,25,1200,1400,True,+,False,False,True,0.3333333333333333,9,14,0.6428571428571429,0,0,0
LOVEISINTHEAIR,2025-12-02,2025-12-27,25,1200,1200,True,+,False,False,True,0.4444444444444444,13,14,0.9285714285714286,0,0,0
FAMILY FORTUNE,2025-12-02,2025-12-10,8,1200,1650,False,+,False,False,True,0.5555555555555556,1,12,0.08333333333333333,1,1,1
CIRCUIT CENTURY,2025-12-02,2025-12-27,25,1200,1400,True,0,False,False,False,0.6666666666666666,9,14,0.6428571428571429,0,0,0
ROMANTIC FANTASY,2025-12-02,2025-12-17,15,1200,2200,False,-,False,False,False,0.8888888888888888,8,12,0.6666666666666666,0,0,0
GREAT LEGACY,2025-12-02,2025-12-23,21,1200,1650,False,-,False,False,False,1.0,12,12,1.0,0,0,0
FIERY STEED,2025-12-02,2026-01-07,36,1050,1000,True,++,False,True,True,0.2,12,12,1.0,0,0,0
THUNDER KIT,2025-12-02,2025-12-27,25,1050,1000,True,++,False,False,False,0.4,9,14,0.6428571428571429,0,0,0
GALLANT DESIGN,2025-12-02,2026-01-25,54,1050,1200,True,+,False,False,False,0.6,2,14,0.14285714285714285,0,1,1
PACKING HERMOD,2025-12-04,2026-01-01,28,1200,1400,True,++,False,True,False,0.14285714285714285,9,12,0.75,0,0,0
HELIOS EXPRESS,2025-12-04,2025-12-14,10,1200,1200,True,+,False,False,True,0.2857142857142857,5,13,0.38461538461538464,0,0,1
CAMBRIDGE,2025-12-04,2025-12-14,10,1200,1800,False,++,True,False,False,0.42857142857142855,9,14,0.6428571428571429,0,0,0
RAGING BLIZZARD,2025-12-04,2025-12-14,10,1200,1200,True,+,False,False,True,0.5714285714285714,2,13,0.15384615384615385,0,1,1
GALAXY PATCH,2025-12-04,2025-12-14,10,1200,1600,False,+,True,False,True,0.7142857142857143,5,15,0.3333333333333333,0,0,1
VOYAGE BUBBLE,2025-12-04,2025-12-14,10,1200,1600,False,-,False,False,False,0.8571428571428571,1,15,0.06666666666666667,1,1,1
KA YING GENERATION,2025-12-04,2025-12-14,10,1200,2400,False,+,True,False,True,1.0,8,11,0.7272727272727273,0,0,0
BEAUTY ETERNAL,2025-12-04,2025-12-14,10,1200,1400,True,++,False,True,True,0.1111111111111111,14,14,1.0,0,0,0
LET'S HAVE FUN,2025-12-04,2025-12-14,10,1200,1200,True,+,False,False,False,0.2222222222222222,11,14,0.7857142857142857,0,0,0
BUNDLE OF CHARM,2025-12-04,2025-12-10,6,1200,1200,True,++,True,False,True,0.3333333333333333,11,12,0.9166666666666666,0,0,0
PATCH OF STARS,2025-12-04,2025-12-20,16,1200,1200,True,++,False,False,False,0.4444444444444444,4,12,0.3333333333333333,0,0,1
SUPER MASTERMIND,2025-12-04,2026-01-18,45,1200,1400,True,0,False,False,False,0.5555555555555556,13,15,0.8666666666666667,0,0,0
BUNDLE AWARD,2025-12-04,2025-12-14,10,1200,2400,False,+,False,False,True,0.6666666666666666,6,11,0.5454545454545454,0,0,0
CHILL EASY,2025-12-04,2026-01-18,45,1200,1400,True,0,False,False,False,0.7777777777777778,8,14,0.5714285714285714,0,0,0
RED LION,2025-12-04,2025-12-14,10,1200,1600,False,-,False,False,True,0.8888888888888888,3,15,0.2,0,1,1
VECU,2025-12-04,2025-12-20,16,1200,1600,False,-,False,False,False,1.0,11,14,0.7857142857142857,0,0,0
PUBLIC ATTENTION,2025-12-04,2025-12-14,10,1200,1400,True,++,True,True,False,0.1111111111111111,3,14,0.21428571428571427,0,1,1
AEROVOLANIC,2025-12-04,2025-12-14,10,1200,1400,True,++,False,False,False,0.2222222222222222,4,14,0.2857142857142857,0,0,1
SO MY FOLKS,2025-12-04,2025-12-20,16,1200,1000,True,+,False,False,False,0.3333333333333333,12,14,0.8571428571428571,0,0,0
STELLAR SWIFT,2025-12-04,2025-12-20,16,1200,1400,True,++,False,False,False,0.4444444444444444,8,14,0.5714285714285714,0,0,0
SUPREME MASTERMIND,2025-12-04,2025-12-14,10,1200,1800,False,+,False,False,True,0.6666666666666666,13,14,0.9285714285714286,0,0,0
PERFECTDAY,2025-12-04,2025-12-17,13,1200,1200,True,0,False,False,True,0.7777777777777778,1,12,0.08333333333333333,1,1,1
ENSUED,2025-12-04,2025-12-14,10,1200,2400,False,-,False,False,True,0.8888888888888888,9,11,0.8181818181818182,0,0,0
SOUTH STAR,2025-12-04,2025-12-17,13,1200,1650,False,++,False,True,True,0.1,10,12,0.8333333333333334,0,0,0
GOOD CHAP,2025-12-04,2025-12-20,16,1200,1200,True,+,False,False,True,0.3,4,12,0.3333333333333333,0,0,1
CALL ME SUCCESS,2025-12-04,2025-12-20,16,1200,1200,True,+,False,False,True,0.4,7,12,0.5833333333333334,0,0,0
GLORIOUS JOURNEY,2025-12-04,2025-12-17,13,1200,1650,False,++,False,False,False,0.5,2,12,0.16666666666666666,0,1,1
GORGEOUS VICTORY,2025-12-04,2025-12-27,23,1200,1400,True,0,False,False,False,0.6,13,14,0.9285714285714286,0,0,0
EXCELLENT BOY,2025-12-04,2025-12-20,16,1200,1400,True,-,False,False,True,0.7,12,14,0.8571428571428571,0,0,0
RUBY SAILING,2025-12-04,2025-12-20,16,1200,1200,True,+,False,False,False,0.8,5,12,0.4166666666666667,0,0,1
CIRRUS SPEED,2025-12-04,2025-12-17,13,1200,1200,True,-,False,False,False,0.9,12,12,1.0,0,0,0
JUBILATION FOR ALL,2025-12-04,2025-12-14,10,1200,1400,True,++,False,True,True,0.1,14,14,1.0,0,0,0
RATTAN GALAXY,2025-12-04,2025-12-20,16,1200,1400,True,++,True,False,False,0.2,2,14,0.14285714285714285,0,1,1
KING OBERON,2025-12-04,2025-12-17,13,1200,1200,True,++,False,False,True,0.3,7,12,0.5833333333333334,0,0,0
ACE,2025-12-04,2025-12-20,16,1200,1400,True,++,False,False,True,0.4,5,14,0.35714285714285715,0,0,1
FIREFOOT,2025-12-04,2025-12-17,13,1200,1800,False,++,False,False,False,0.5,8,12,0.6666666666666666,0,0,0
DOUBLE SHOW,2025-12-04,2025-12-20,16,1200,1400,True,+,True,False,True,0.6,2,14,0.14285714285714285,0,1,1
EVERYONE'S GALLOP,2025-12-04,2025-12-17,13,1200,1200,True,+,False,False,False,0.7,11,12,0.9166666666666666,0,0,0
GRAND MASTERMIND,2025-12-04,2025-12-27,23,1200,1200,True,0,False,False,False,0.8,14,14,1.0,0,0,0
LEATHER MASTER,2025-12-04,2025-12-17,13,1200,2200,False,-,False,False,False,0.9,4,12,0.3333333333333333,0,0,1
RISING FORCE,2025-12-04,2026-01-01,28,1050,1200,True,++,False,True,False,0.25,1,14,0.07142857142857142,1,1,1
CASA OF HONOR,2025-12-04,2025-12-17,13,1050,1000,True,+,False,False,False,0.5,7,13,0.5384615384615384,0,0,0
WISDOM STAR,2025-12-04,2025-12-20,16,1050,1400,False,-,False,False,False,0.75,12,14,0.8571428571428571,0,0,0
STORM RIDER,2025-12-05,2026-01-01,27,1200,1400,True,++,False,True,False,0.125,1,12,0.08333333333333333,1,1,1
MID WINTER WIND,2025-12-05,2025-12-14,9,1200,1400,True,+,False,False,True,0.25,4,14,0.2857142857142857,0,0,1
DANCING CODE,2025-12-05,2025-12-14,9,1200,1400,True,++,True,False,False,0.375,5,14,0.35714285714285715,0,0,1
SON PAK FU,2025-12-05,2025-12-20,15,1200,1200,True,+,False,False,True,0.5,8,12,0.6666666666666666,0,0,0
WUNDERBAR,2025-12-05,2025-12-14,9,1200,1200,True,0,False,False,False,0.625,8,13,0.6153846153846154,0,0,0
JUNEAU PRIDE,2025-12-05,2025-12-14,9,1200,1400,True,0,False,False,True,0.75,5,15,0.3333333333333333,0,0,1
YOUNG EMPEROR,2025-12-05,2025-12-17,12,1200,1650,False,-,False,False,False,0.875,11,12,0.9166666666666666,0,0,0
ENTHRALLED,2025-12-05,2025-12-14,9,1200,1800,False,-,False,False,True,1.0,4,14,0.2857142857142857,0,0,1
FORTUNE BOY,2025-12-05,2025-12-20,15,1200,1600,False,++,False,True,True,0.125,3,14,0.21428571428571427,0,1,1
BEAUTY ALLIANCE,2025-12-05,2026-01-01,27,1200,1400,True,+,False,False,False,0.25,5,14,0.35714285714285715,0,0,1
SOLID CAR,2025-12-05,2025-12-20,15,1200,1200,True,+,False,False,False,0.375,3,12,0.25,0,1,1
PERFECT TEAM,2025-12-05,2025-12-27,22,1200,1650,False,++,False,False,True,0.5,12,14,0.8571428571428571,0,0,0
M M CONCORD,2025-12-05,2026-01-01,27,1200,1200,True,+,False,False,False,0.625,14,14,1.0,0,0,0
GLITTERING LEGEND,2025-12-05,2026-01-18,44,1200,1400,True,+,False,False,False,0.75,10,14,0.7142857142857143,0,0,0
BRILLIANT EXPRESS,2025-12-05,2025-12-20,15,1200,1600,False,+,False,False,False,0.875,4,14,0.2857142857142857,0,0,1
LUCKY CANDY,2025-12-05,2026-01-01,27,1200,1200,True,++,False,True,True,0.1111111111111111,12,14,0.8571428571428571,0,0,0
ANODE,2025-12-05,2025-12-20,15,1200,1600,False,++,True,False,False,0.2222222222222222,9,14,0.6428571428571429,0,0,0
SUPER INFINITY,2025-12-05,2025-12-27,22,1200,1200,True,++,False,False,True,0.3333333333333333,13,14,0.9285714285714286,0,0,0
STANLEY EXPRESS,2025-12-05,2025-12-14,9,1200,1400,True,++,False,False,True,0.4444444444444444,14,15,0.9333333333333333,0,0,0
ETERNAL RICHNESS,2025-12-05,2025-12-20,15,1200,1200,True,0,False,False,False,0.5555555555555556,11,12,0.9166666666666666,0,0,0
SO YOU WILL,2025-12-05,2026-01-18,44,1200,1400,True,+,True,False,False,0.6666666666666666,14,14,1.0,0,0,0
DRAGON JOY,2025-12-05,2025-12-14,9,1200,1400,True,0,False,False,True,0.7777777777777778,6,15,0.4,0,0,1
WIN BEAUTY VIVA,2025-12-05,2026-01-11,37,1200,1600,False,-,False,False,True,1.0,7,14,0.5,0,0,1
LOVERO,2025-12-05,2025-12-20,15,1200,1600,False,++,False,True,False,0.1,2,14,0.14285714285714285,0,1,1
EXTRAORDINARY GALL,2025-12-05,2026-01-18,44,1200,1200,True,++,False,False,True,0.2,14,14,1.0,0,0,0
GOLDEN WIN,2025-12-05,2026-01-25,51,1200,1200,True,+,False,False,True,0.3,10,14,0.7142857142857143,0,0,0
BLOSSOMY,2025-12-05,2026-01-18,44,1200,1600,False,+,False,False,False,0.4,13,14,0.9285714285714286,0,0,0
KEMPES,2025-12-05,2025-12-20,15,1200,1400,True,++,True,False,True,0.5,10,14,0.7142857142857143,0,0,0
MORGAN SUCCESS,2025-12-05,2026-01-04,30,1200,1600,False,++,True,False,True,0.6,10,14,0.7142857142857143,0,0,0
GOOD GOOD,2025-12-05,2025-12-23,18,1200,1650,False,0,False,False,False,0.7,11,12,0.9166666666666666,0,0,0
CELESTIAL STRIDER,2025-12-05,2026-01-07,33,1200,1200,True,-,False,False,True,1.0,11,12,0.9166666666666666,0,0,0
SZERYNG,2025-12-05,2025-12-27,22,1200,1200,True,++,False,True,True,0.1,2,14,0.14285714285714285,0,1,1
GALLANT EPOCH,2025-12-05,2025-12-20,15,1200,1400,True,++,False,False,True,0.2,2,14,0.14285714285714285,0,1,1
ABSOLUTE LUCKY,2025-12-05,2025-12-23,18,1200,1200,True,+,False,False,False,0.4,6,12,0.5,0,0,1
JOLLY BRILLIANT,2025-12-05,2025-12-27,22,1200,1400,True,++,False,False,False,0.5,8,14,0.5714285714285714,0,0,0
POWER PATCH,2025-12-05,2026-01-01,27,1200,1200,True,0,False,False,True,0.6,11,14,0.7857142857142857,0,0,0
CHARITY TOGETHER,2025-12-05,2026-01-11,37,1200,1800,False,+,False,False,True,0.7,4,14,0.2857142857142857,0,0,1
SPEEDY PATCH,2025-12-05,2026-01-01,27,1200,1200,True,+,True,False,False,0.8,9,14,0.6428571428571429,0,0,0
YEUX DE LIFELINE,2025-12-05,2026-01-11,37,1200,1200,True,-,False,False,False,0.9,7,12,0.5833333333333334,0,0,0
ABSOLUTE AWAKENED,2025-12-05,2025-12-23,18,1200,1650,False,-,False,False,False,1.0,1,12,0.08333333333333333,1,1,1
ONE AND ONLY,2025-12-05,2025-12-17,12,1200,1200,True,++,False,True,False,0.1111111111111111,10,12,0.8333333333333334,0,0,0
FIGHT TIME,2025-12-05,2025-12-20,15,1200,1400,True,+,False,False,False,0.2222222222222222,13,14,0.9285714285714286,0,0,0
ENDUED,2025-12-05,2025-12-14,9,1200,1400,True,+,False,False,True,0.3333333333333333,2,14,0.14285714285714285,0,1,1
CIRCUIT FIERY,2025-12-05,2025-12-20,15,1200,1400,True,++,False,False,True,0.4444444444444444,1,14,0.07142857142857142,1,1,1
WINNING NOW,2025-12-05,2025-12-23,18,1200,1200,True,+,True,False,False,0.5555555555555556,7,12,0.5833333333333334,0,0,0
KINGDOM OF RICHES,2025-12-05,2026-01-21,47,1200,1200,True,+,False,False,False,0.6666666666666666,9,12,0.75,0,0,0
THE WAY WE WIN,2025-12-05,2025-12-20,15,1200,1400,True,-,False,False,False,0.7777777777777778,10,14,0.7142857142857143,0,0,0
SUPER GOLDENDRAGON,2025-12-05,2026-01-11,37,1200,1800,False,-,False,False,False,0.8888888888888888,6,14,0.42857142857142855,0,0,1
GANGNAM STAR,2025-12-05,2026-01-01,27,1200,1600,False,-,False,False,True,1.0,11,14,0.7857142857142857,0,0,0
HAYDAY,2025-12-05,2025-12-17,12,1000,1000,True,+,False,False,False,0.2857142857142857,9,13,0.6923076923076923,0,0,0
THE COSMIC POWER,2025-12-05,2025-12-27,22,1000,1200,True,0,False,False,True,0.5714285714285714,13,14,0.9285714285714286,0,0,0
PRESTIGE SUPERIOR,2025-12-05,2025-12-23,18,1000,1200,True,0,False,False,False,0.7142857142857143,12,12,1.0,0,0,0
BEST FARM,2025-12-05,2026-02-01,58,1000,1000,True,-,False,False,True,0.8571428571428571,11,14,0.7857142857142857,0,0,0
POET'S REIGN,2025-12-05,2026-02-01,58,1000,1000,True,++,False,True,True,0.14285714285714285,2,14,0.14285714285714285,0,1,1
KWAI CHUNG TALENTS,2025-12-05,2026-01-25,51,1000,1000,True,+,False,False,True,0.2857142857142857,14,14,1.0,0,0,0
HAPPY SHOOTER,2025-12-05,2025-12-20,15,1000,1200,True,+,False,False,False,0.42857142857142855,9,12,0.75,0,0,0
STRATHPEFFER,2025-12-05,2026-01-11,37,1000,1400,False,+,False,False,False,0.5714285714285714,2,15,0.13333333333333333,0,1,1
RISING ELITE,2025-12-05,2025-12-27,22,1000,1650,False,0,False,False,True,0.7142857142857143,9,14,0.6428571428571429,0,0,0
PING HAI COMET,2025-12-05,2025-12-23,18,1600,1650,True,++,False,True,True,0.1111111111111111,6,12,0.5,0,0,1
SERAPH GABRIEL,2025-12-05,2026-01-04,30,1600,1600,True,+,False,False,True,0.2222222222222222,11,14,0.7857142857142857,0,0,0
MISTER DAPPER,2025-12-05,2025-12-14,9,1600,1800,True,++,True,False,True,0.3333333333333333,2,14,0.14285714285714285,0,1,1
AGENDA,2025-12-05,2025-12-23,18,1600,2200,False,+,False,False,True,0.4444444444444444,6,12,0.5,0,0,1
MAZING GRACE,2025-12-05,2025-12-27,22,1600,1400,True,-,False,False,True,0.6666666666666666,10,14,0.7142857142857143,0,0,0
GOLDEN FAIRY,2025-12-05,2025-12-17,12,1600,2200,False,+,True,False,False,0.7777777777777778,9,12,0.75,0,0,0
ZHOU GONGJIN,2025-12-05,2025-12-23,18,1600,1200,False,-,False,False,True,0.8888888888888888,12,12,1.0,0,0,0
ON THE LASH,2025-12-05,2026-01-18,44,1600,2000,False,-,False,False,True,1.0,10,14,0.7142857142857143,0,0,0
JUSTIFYING,2025-12-09,2026-01-04,26,1200,1000,True,++,False,True,True,0.1,8,14,0.5714285714285714,0,0,0
REGAL GEM,2025-12-09,2025-12-23,14,1200,1650,False,++,True,False,True,0.2,6,12,0.5,0,0,1
SILO,2025-12-09,2025-12-20,11,1200,1400,True,+,False,False,False,0.3,7,14,0.5,0,0,1
DEFINITIVE,2025-12-09,2025-12-27,18,1200,1650,False,+,False,False,True,0.4,2,14,0.14285714285714285,0,1,1
LIM'S SHAVANO,2025-12-09,2025-12-23,14,1200,1200,True,-,False,False,False,0.5,7,12,0.5833333333333334,0,0,0
CHEAHA,2025-12-09,2025-12-20,11,1200,1400,True,0,False,False,False,0.6,12,14,0.8571428571428571,0,0,0
INVINCIBLE IBIS,2025-12-09,2025-12-20,11,1200,1600,False,++,True,False,False,0.7,1,14,0.07142857142857142,1,1,1
GALACTIC VOYAGE,2025-12-09,2025-12-20,11,1200,1200,True,-,False,False,False,0.8,4,12,0.3333333333333333,0,0,1
LIFELINE EXPRESS,2025-12-09,2025-12-20,11,1200,1200,True,+,True,False,True,0.9,9,12,0.75,0,0,0
LOYAL BRIGHT,2025-12-09,2025-12-20,11,1200,1200,True,++,False,True,False,0.1,3,12,0.25,0,1,1
NYX GLUCK,2025-12-09,2025-12-20,11,1200,1400,True,+,False,False,False,0.3,1,14,0.07142857142857142,1,1,1
THE RED HARE,2025-12-09,2025-12-20,11,1200,1400,True,+,False,False,True,0.4,1,14,0.07142857142857142,1,1,1
MONARCH COUNTY,2025-12-09,2025-12-20,11,1200,1400,True,++,False,False,True,0.5,9,14,0.6428571428571429,0,0,0
NATURAL NUMBERS,2025-12-09,2026-01-01,23,1200,1400,True,+,False,False,False,0.6,14,14,1.0,0,0,0
NEZHA,2025-12-09,2025-12-20,11,1200,1600,False,+,True,False,False,0.7,11,14,0.7857142857142857,0,0,0
REAL GENTLEMAN,2025-12-09,2025-12-20,11,1200,1600,False,-,False,False,True,0.8,12,14,0.8571428571428571,0,0,0
PERIDOT,2025-12-09,2025-12-17,8,1200,1200,True,-,False,False,False,0.9,4,12,0.3333333333333333,0,0,1
ACE CHAMPION,2025-12-09,2026-02-04,57,1200,1000,True,+,True,False,False,1.0,6,13,0.46153846153846156,0,0,1
MALPENSA,2025-12-09,2025-12-20,11,1200,1200,True,++,False,True,True,0.1,12,12,1.0,0,0,0
CALIFORNIA WAVES,2025-12-09,2025-12-20,11,1200,1400,True,++,False,False,True,0.2,2,14,0.14285714285714285,0,1,1
SPICY SPEEDY,2025-12-09,2025-12-20,11,1200,1000,True,+,False,False,True,0.3,2,14,0.14285714285714285,0,1,1
PRINCE ALEX,2025-12-09,2025-12-23,14,1200,1650,False,+,False,False,True,0.4,8,12,0.6666666666666666,0,0,0
I EXCELLE,2025-12-09,2025-12-27,18,1200,1200,True,++,False,False,False,0.5,6,14,0.42857142857142855,0,0,1
BIG RETURN,2025-12-09,2025-12-17,8,1200,1200,True,+,False,False,False,0.6,9,12,0.75,0,0,0
AMAZING PARTNERS,2025-12-09,2025-12-20,11,1200,1200,True,0,False,False,False,0.7,3,12,0.25,0,1,1
WINNING BUDDIES,2025-12-09,2026-01-25,47,1200,1200,True,0,False,False,False,0.8,11,14,0.7857142857142857,0,0,0
MAGIC SUPER,2025-12-09,2025-12-20,11,1200,1000,True,-,False,False,True,0.9,10,14,0.7142857142857143,0,0,0
SUPER ELITE,2025-12-09,2025-12-17,8,1200,1000,True,+,True,False,False,1.0,9,13,0.6923076923076923,0,0,0
TURQUOISE VELOCITY,2025-12-09,2025-12-20,11,1200,1000,True,++,False,True,False,0.1,1,14,0.07142857142857142,1,1,1
CIRCUIT VICTORY,2025-12-09,2026-01-01,23,1200,1200,True,+,False,False,True,0.2,7,14,0.5,0,0,1
NIGHT PUROSANGUE,2025-12-09,2025-12-27,18,1200,1650,False,+,False,False,False,0.3,6,14,0.42857142857142855,0,0,1
LUCKY SECRET,2025-12-09,2026-01-04,26,1200,1000,True,-,False,False,True,0.4,12,14,0.8571428571428571,0,0,0
MACANESE MASTER,2025-12-09,2025-12-17,8,1200,1000,True,+,False,False,False,0.5,1,13,0.07692307692307693,1,1,1
CONCORDE STAR,2025-12-09,2025-12-23,14,1200,1200,True,+,True,False,False,0.6,1,12,0.08333333333333333,1,1,1
SPICY BONUS,2025-12-09,2026-02-01,54,1200,1000,True,-,False,False,False,0.8,12,14,0.8571428571428571,0,0,0
RAGING RAPIDS,2025-12-09,2025-12-20,11,1200,1400,True,-,False,False,True,0.9,4,14,0.2857142857142857,0,0,1
ONE MAN SHOW,2025-12-11,2026-01-04,24,1200,1200,True,++,False,True,True,0.25,2,13,0.15384615384615385,0,1,1
RIDING TOGETHER,2025-12-11,2025-12-20,9,1200,1400,True,++,True,False,False,0.5,4,14,0.2857142857142857,0,0,1
GAZELEY,2025-12-11,2026-01-28,48,1200,1200,True,-,False,False,True,0.75,10,13,0.7692307692307693,0,0,0
SHAMZ,2025-12-11,2025-12-27,16,1200,1650,False,-,False,False,False,1.0,13,14,0.9285714285714286,0,0,0
LEATHER GOODS,2025-12-11,2026-01-14,34,1200,1200,True,++,False,True,True,0.16666666666666666,10,12,0.8333333333333334,0,0,0
FASHION LEGEND,2025-12-11,2025-12-27,16,1200,1650,False,+,False,False,True,0.3333333333333333,2,14,0.14285714285714285,0,1,1
ALL ROUND WINNER,2025-12-11,2025-12-20,9,1200,1600,False,+,False,False,True,0.5,4,14,0.2857142857142857,0,0,1
MATSU VICTOR,2025-12-11,2026-01-07,27,1200,1650,False,-,False,False,True,0.6666666666666666,9,12,0.75,0,0,0
HAPPY BUDDIES,2025-12-11,2026-01-04,24,1200,1400,True,+,True,False,False,0.8333333333333334,12,15,0.8,0,0,0
HEROIC MASTER,2025-12-11,2025-12-23,12,1200,1200,True,-,False,False,False,1.0,10,12,0.8333333333333334,0,0,0
CRYSTAL POWERFUL,2025-12-11,2026-01-07,27,1200,1200,True,++,False,True,True,0.2,11,12,0.9166666666666666,0,0,0
BIG STRIDE,2025-12-11,2025-12-20,9,1200,1600,False,+,False,False,True,0.4,13,14,0.9285714285714286,0,0,0
CIRCUIT HAPPY,2025-12-11,2026-01-21,41,1200,1200,True,+,False,False,True,0.6,10,12,0.8333333333333334,0,0,0
LUCKY PLUS,2025-12-11,2026-01-04,24,1200,1000,True,-,False,False,False,0.8,10,14,0.7142857142857143,0,0,0
ALWAYS FLUKE,2025-12-11,2026-02-01,52,1200,1200,True,-,False,False,False,1.0,2,14,0.14285714285714285,0,1,1
YOUNG STRIKER,2025-12-11,2026-01-21,41,1200,1200,True,++,False,True,True,0.16666666666666666,8,12,0.6666666666666666,0,0,0
MANYTHANKS FOREVER,2025-12-11,2025-12-20,9,1200,1400,True,+,False,False,True,0.3333333333333333,1,14,0.07142857142857142,1,1,1
RAGGA BOMB,2025-12-11,2025-12-23,12,1200,1650,False,+,False,False,True,0.5,8,12,0.6666666666666666,0,0,0
ONLY U,2025-12-11,2025-12-20,9,1200,1400,True,+,False,False,True,0.6666666666666666,8,14,0.5714285714285714,0,0,0
PACKING KING,2025-12-11,2025-12-20,9,1200,1400,True,-,False,False,False,0.8333333333333334,6,14,0.42857142857142855,0,0,1
GALE SAGA,2025-12-11,2025-12-20,9,1200,1400,True,-,False,False,False,1.0,10,14,0.7142857142857143,0,0,0
HAPPY INDEX,2025-12-15,2026-01-01,17,1200,1200,True,++,False,True,True,0.1111111111111111,3,14,0.21428571428571427,0,1,1
BEAUTY ALLIANCE,2025-12-15,2026-01-01,17,1200,1400,True,++,False,False,False,0.2222222222222222,5,14,0.35714285714285715,0,0,1
INFINITE RESOLVE,2025-12-15,2026-01-01,17,1200,1200,True,++,False,False,False,0.3333333333333333,1,14,0.07142857142857142,1,1,1
CHILL BUDDY,2025-12-15,2025-12-27,12,1200,1000,True,++,True,False,True,0.4444444444444444,3,14,0.21428571428571427,0,1,1
CHILL EASY,2025-12-15,2026-01-18,34,1200,1400,True,0,False,False,True,0.5555555555555556,8,14,0.5714285714285714,0,0,0
VERY GRATEFUL,2025-12-15,2026-01-01,17,1200,1400,True,+,True,False,True,0.6666666666666666,11,14,0.7857142857142857,0,0,0
MASTEROFMYUNIVERSE,2025-12-15,2025-12-20,5,1200,1200,True,+,False,False,False,0.7777777777777778,6,12,0.5,0,0,1
FLUORESCENCE,2025-12-15,2026-02-01,48,1200,1400,True,-,False,False,True,1.0,11,14,0.7857142857142857,0,0,0
GOLDENTRONICMIGHTY,2025-12-15,2025-12-27,12,1200,1200,True,++,False,True,True,0.1111111111111111,9,14,0.6428571428571429,0,0,0
MATZDEN,2025-12-15,2026-01-11,27,1200,1200,True,+,False,False,True,0.2222222222222222,6,12,0.5,0,0,1
BRILLIANT EXPRESS,2025-12-15,2025-12-20,5,1200,1600,False,++,False,False,True,0.3333333333333333,4,14,0.2857142857142857,0,0,1
LEADING DRAGON,2025-12-15,2026-01-25,41,1200,1000,True,+,False,False,True,0.4444444444444444,5,14,0.35714285714285715,0,0,1
MOTOR,2025-12-15,2025-12-27,12,1200,1400,True,+,False,False,True,0.5555555555555556,11,14,0.7857142857142857,0,0,0
VIOLET STAR,2025-12-15,2026-01-18,34,1200,1600,False,0,False,False,True,0.6666666666666666,5,14,0.35714285714285715,0,0,1
WHOWROTETHATSONG,2025-12-15,2025-12-27,12,1200,1200,True,-,False,False,True,0.7777777777777778,10,14,0.7142857142857143,0,0,0
FAMILY KNIGHT,2025-12-15,2026-02-08,55,1200,1400,True,-,False,False,False,0.8888888888888888,12,14,0.8571428571428571,0,0,0
MEANINGFUL DRAGON,2025-12-15,2026-01-25,41,1200,1400,True,-,False,False,False,1.0,12,14,0.8571428571428571,0,0,0
LUCKY RANGER,2025-12-15,2026-01-11,27,1200,1200,True,++,False,True,False,0.125,2,12,0.16666666666666666,0,1,1
PING HAI COMET,2025-12-15,2025-12-23,8,1200,1650,False,+,False,False,False,0.25,6,12,0.5,0,0,1
FOREST KING,2025-12-15,2026-02-01,48,1200,1200,True,++,True,False,False,0.375,7,14,0.5,0,0,1
LUCKY BALERION,2025-12-15,2026-01-25,41,1200,1400,True,-,False,False,True,0.5,6,14,0.42857142857142855,0,0,1
TURIN MASCOT,2025-12-15,2025-12-23,8,1200,2200,False,0,False,False,False,0.75,10,12,0.8333333333333334,0,0,0
RUSSET GLOW,2025-12-15,2026-01-25,41,1200,1200,True,++,False,True,True,0.1,8,14,0.5714285714285714,0,0,0
DERRYNBLUE,2025-12-15,2025-12-20,5,1200,1000,True,++,False,False,True,0.2,13,14,0.9285714285714286,0,0,0
YOUNG LEGACY,2025-12-15,2026-01-18,34,1200,1200,True,++,False,False,True,0.3,10,14,0.7142857142857143,0,0,0
GOOD GOOD,2025-12-15,2025-12-23,8,1200,1650,False,+,False,False,True,0.4,11,12,0.9166666666666666,0,0,0
DASHING MAURISON,2025-12-15,2026-01-04,20,1200,1400,True,+,False,False,True,0.5,8,14,0.5714285714285714,0,0,0
RUN RUN TIMING,2025-12-15,2026-01-01,17,1200,1200,True,+,False,False,False,0.6,4,14,0.2857142857142857,0,0,1
MANAPHY,2025-12-15,2025-12-27,12,1200,1400,True,0,False,False,False,0.7,12,14,0.8571428571428571,0,0,0
CELESTIAL STRIDER,2025-12-15,2026-01-07,23,1200,1200,True,-,False,False,False,0.8,11,12,0.9166666666666666,0,0,0
GANGNAM STAR,2025-12-15,2026-01-01,17,1200,1600,False,++,False,True,True,0.1,11,14,0.7857142857142857,0,0,0
GROOVY FEELING,2025-12-15,2025-12-27,12,1200,1200,True,+,False,False,True,0.2,12,14,0.8571428571428571,0,0,0
FALCON HUNTER,2025-12-15,2025-12-27,12,1200,1400,True,+,False,False,True,0.3,7,14,0.5,0,0,1
POET'S REIGN,2025-12-15,2026-02-01,48,1200,1000,True,++,False,False,False,0.4,2,14,0.14285714285714285,0,1,1
FOREVER FANCY,2025-12-15,2025-12-27,12,1200,1400,True,0,False,False,False,0.6,14,14,1.0,0,0,0
GENERAL SMART,2025-12-15,2025-12-23,8,1200,1200,True,+,False,False,True,0.7,7,12,0.5833333333333334,0,0,0
GREEN FIELD PEARL,2025-12-15,2026-02-01,48,1200,1000,True,-,False,False,False,0.8,10,14,0.7142857142857143,0,0,0
WINGS OF WAR,2025-12-15,2026-01-07,23,1000,1200,True,++,False,True,True,0.14285714285714285,6,12,0.5,0,0,1
HAPPY TERCENTENARY,2025-12-15,2026-01-18,34,1000,1400,False,+,False,False,True,0.2857142857142857,13,14,0.9285714285714286,0,0,0
VIVA BOSS,2025-12-15,2026-01-25,41,1000,1000,True,++,False,False,True,0.42857142857142855,9,14,0.6428571428571429,0,0,0
LEAPING STAR,2025-12-15,2026-01-07,23,1000,1200,True,0,False,False,True,0.5714285714285714,11,12,0.9166666666666666,0,0,0
SKY JOY,2025-12-15,2025-12-20,5,1000,1400,False,+,False,False,False,0.8571428571428571,5,14,0.35714285714285715,0,0,1
CITY GOLD BANNER,2025-12-15,2026-01-18,34,1000,1000,True,++,False,True,True,0.125,1,11,0.09090909090909091,1,1,1
CONRAD PATCH,2025-12-15,2026-01-18,34,1000,1200,True,+,False,False,True,0.25,2,14,0.14285714285714285,0,1,1
SKY PHOENIX,2025-12-15,2026-01-14,30,1000,1200,True,++,True,False,True,0.375,11,12,0.9166666666666666,0,0,0
FIND MY LOVE,2025-12-15,2025-12-27,12,1000,1200,True,++,False,False,False,0.5,7,14,0.5,0,0,1
LAKESHORE HERO,2025-12-15,2025-12-23,8,1000,1200,True,+,True,False,False,0.625,5,12,0.4166666666666667,0,0,1
RISING ELITE,2025-12-15,2025-12-27,12,1000,1650,False,-,False,False,False,0.75,9,14,0.6428571428571429,0,0,0
REGROWTH WINNER,2025-12-15,2026-01-28,44,1000,1200,True,-,False,False,False,0.875,12,12,1.0,0,0,0
COMET RADIANCE,2025-12-15,2026-01-04,20,1000,1000,True,++,False,True,True,0.14285714285714285,4,14,0.2857142857142857,0,0,1
E HO HO,2025-12-15,2026-01-04,20,1000,1200,True,++,False,False,True,0.2857142857142857,10,12,0.8333333333333334,0,0,0
ADORABLE SMILE,2025-12-15,2026-01-01,17,1000,1200,True,+,False,False,True,0.42857142857142855,6,14,0.42857142857142855,0,0,1
MERLION,2025-12-15,2026-02-01,48,1000,1200,True,+,True,False,False,0.5714285714285714,12,14,0.8571428571428571,0,0,0
NEBRASKAN,2025-12-15,2025-12-23,8,1000,1200,True,0,False,False,False,0.7142857142857143,2,12,0.16666666666666666,0,1,1
COUNTRY DANCER,2025-12-15,2026-01-07,23,1000,1200,True,-,False,False,False,0.8571428571428571,12,12,1.0,0,0,0
MASTER OF HUMOR,2025-12-15,2026-01-18,34,1000,1200,True,-,False,False,True,1.0,11,14,0.7857142857142857,0,0,0
BUSTLING CITY,2025-12-15,2026-02-01,48,800,1000,True,++,False,True,False,0.16666666666666666,9,14,0.6428571428571429,0,0,0
THUNDER BLAZE,2025-12-15,2026-01-21,37,800,1200,False,++,False,False,False,0.5,5,12,0.4166666666666667,0,0,1
AUTOMATED,2025-12-15,2026-01-18,34,800,1200,False,+,True,False,True,1.0,14,14,1.0,0,0,0
HEY BROS,2025-12-15,2026-02-04,51,800,1000,True,++,False,True,True,0.14285714285714285,5,13,0.38461538461538464,0,0,1
CASA LEGEND,2025-12-15,2026-01-04,20,800,1400,False,+,False,False,False,0.2857142857142857,10,14,0.7142857142857143,0,0,0
NOBLE FANS,2025-12-15,2026-01-25,41,800,1200,False,+,False,False,False,0.42857142857142855,6,14,0.42857142857142855,0,0,1
MAGNIFIQUE,2025-12-16,2025-12-27,11,1000,1000,True,++,False,True,False,0.08333333333333333,1,14,0.07142857142857142,1,1,1
THE UNIQUE STAR,2025-12-16,2026-01-18,33,1000,1000,True,++,False,False,False,0.16666666666666666,2,11,0.18181818181818182,0,1,1
PATCH OF COSMO,2025-12-16,2026-01-18,33,1000,1600,False,+,False,False,False,0.25,1,14,0.07142857142857142,1,1,1
ALPHA STRIKE,2025-12-16,2026-01-11,26,1000,1200,True,+,False,False,False,0.3333333333333333,10,12,0.8333333333333334,0,0,0
STORMY GROVE,2025-12-16,2025-12-27,11,1000,1200,True,+,False,False,True,0.4166666666666667,6,14,0.42857142857142855,0,0,1
MIGHTY MASTS,2025-12-16,2026-01-01,16,1000,1200,True,++,False,False,True,0.5,2,14,0.14285714285714285,0,1,1
DARYL FLASH,2025-12-16,2026-01-04,19,1000,1600,False,0,False,False,False,0.5833333333333334,7,11,0.6363636363636364,0,0,0
ALWAYS AHEAD,2025-12-16,2026-01-14,29,1000,1200,True,-,False,False,False,0.6666666666666666,11,12,0.9166666666666666,0,0,0
LIGHT YEARS GLORY,2025-12-16,2026-01-01,16,1000,1200,True,-,False,False,True,0.8333333333333334,4,14,0.2857142857142857,0,0,1
YEE CHEONG GLORY,2025-12-16,2025-12-27,11,1000,1400,False,++,False,True,True,0.08333333333333333,14,14,1.0,0,0,0
GREATER BAE,2025-12-16,2025-12-27,11,1000,1200,True,-,False,False,True,0.16666666666666666,8,14,0.5714285714285714,0,0,0
LUCKY TWENTY,2025-12-16,2026-01-07,22,1000,1200,True,+,False,False,True,0.25,12,12,1.0,0,0,0
HOT DELIGHT,2025-12-16,2026-01-18,33,1000,1200,True,++,True,False,False,0.3333333333333333,1,14,0.07142857142857142,1,1,1
TEAM TEAM FOLKS,2025-12-16,2025-12-27,11,1000,1200,True,+,False,False,True,0.4166666666666667,9,14,0.6428571428571429,0,0,0
GOOD LUCK HAPPY,2025-12-16,2025-12-23,7,1000,1200,True,+,False,False,True,0.5,2,12,0.16666666666666666,0,1,1
TURIN CHAMPIONS,2025-12-16,2025-12-27,11,1000,1400,False,0,False,False,False,0.5833333333333334,2,14,0.14285714285714285,0,1,1
MY DAY MY WAY,2025-12-16,2026-01-07,22,1000,1200,True,-,False,False,False,0.6666666666666666,2,12,0.16666666666666666,0,1,1
FLYING FORTUNE,2025-12-16,2026-01-04,19,1000,1200,True,0,False,False,False,0.8333333333333334,12,12,1.0,0,0,0
FOREVER BEAR,2025-12-16,2026-01-25,40,1000,1600,False,-,False,False,False,0.9166666666666666,10,14,0.7142857142857143,0,0,0
GOLD PATCH,2025-12-16,2026-01-25,40,1000,1000,True,++,False,True,False,0.08333333333333333,1,14,0.07142857142857142,1,1,1
ZOUPER FELLOW,2025-12-16,2026-01-04,19,1000,1000,True,+,False,False,True,0.16666666666666666,7,14,0.5,0,0,1
ROBOT STAR,2025-12-16,2025-12-27,11,1000,1400,False,++,False,False,False,0.25,8,14,0.5714285714285714,0,0,0
THE ALL OUT,2025-12-16,2025-12-23,7,1000,1200,True,+,False,False,True,0.3333333333333333,12,12,1.0,0,0,0
SEA DIAMOND,2025-12-16,2026-01-11,26,1000,1200,True,+,False,False,False,0.4166666666666667,4,12,0.3333333333333333,0,0,1
SUPREME VOYAGER,2025-12-16,2026-01-04,19,1000,1000,True,+,False,False,False,0.5,9,14,0.6428571428571429,0,0,0
MAJESTIC LIFE,2025-12-16,2026-01-11,26,1000,1200,True,0,False,False,False,0.6666666666666666,10,12,0.8333333333333334,0,0,0
FORTUNE GOLDSADDLE,2025-12-16,2026-02-01,47,1000,1000,True,-,False,False,False,0.75,14,14,1.0,0,0,0
LESLIE,2025-12-16,2025-12-27,11,1000,1650,False,+,False,False,False,0.8333333333333334,7,14,0.5,0,0,1
DASHING PEACH,2025-12-16,2026-02-01,47,1000,1200,True,-,False,False,False,1.0,11,14,0.7857142857142857,0,0,0
LIVE WIRE,2025-12-16,2026-01-04,19,1000,1000,True,++,False,True,False,0.08333333333333333,3,14,0.21428571428571427,0,1,1
MY TRIUMPH,2025-12-16,2026-01-04,19,1000,1200,True,++,False,False,True,0.16666666666666666,9,13,0.6923076923076923,0,0,0
SUPREME WINNER,2025-12-16,2026-01-21,36,1000,1650,False,+,False,False,True,0.25,11,14,0.7857142857142857,0,0,0
GALLANT DESIGN,2025-12-16,2026-01-25,40,1000,1200,True,+,False,False,True,0.3333333333333333,2,14,0.14285714285714285,0,1,1
VICTORY CHAMPION,2025-12-16,2025-12-27,11,1000,1200,True,++,True,False,False,0.4166666666666667,3,14,0.21428571428571427,0,1,1
SPEEDY TRIDENT,2025-12-16,2025-12-23,7,1000,1200,True,++,False,False,True,0.5,7,12,0.5833333333333334,0,0,0
SUPREME FEELING,2025-12-16,2026-01-01,16,1000,1200,True,0,False,False,True,0.6666666666666666,8,14,0.5714285714285714,0,0,0
DUKE OF ORANGE,2025-12-16,2025-12-27,11,1000,1200,True,+,False,False,False,0.75,7,14,0.5,0,0,1
INNO CENTURY,2025-12-16,2026-01-11,26,1000,1200,True,+,False,False,True,0.8333333333333334,7,12,0.5833333333333334,0,0,0
IRON SECURITY,2025-12-16,2026-02-04,50,800,1000,True,++,False,False,False,0.18181818181818182,9,13,0.6923076923076923,0,0,0
BULLISH PRIDE,2025-12-16,2026-01-25,40,800,1000,True,+,False,False,False,0.2727272727272727,10,14,0.7142857142857143,0,0,0
TOGETHER WE VALUE,2025-12-16,2026-02-01,47,800,1000,True,+,False,False,False,0.36363636363636365,2,12,0.16666666666666666,0,1,1
JACKSON HABIT,2025-12-16,2026-02-11,57,800,1000,True,+,False,False,False,0.6363636363636364,12,12,1.0,0,0,0
LIGHTNING ACE,2025-12-16,2026-02-11,57,800,1200,False,0,False,False,False,0.7272727272727273,9,12,0.75,0,0,0
CHIU CHOW SPIRIT,2025-12-16,2026-01-04,19,1600,1600,True,++,False,True,False,0.1111111111111111,4,11,0.36363636363636365,0,0,1
LO RIDER,2025-12-16,2025-12-27,11,1600,2000,False,+,False,False,True,0.2222222222222222,8,9,0.8888888888888888,0,0,0
HOTT SHOTT,2025-12-16,2026-01-11,26,1600,1600,True,++,False,False,True,0.3333333333333333,14,14,1.0,0,0,0
DO YOU JUST,2025-12-16,2026-01-25,40,1600,1600,True,+,False,False,True,0.4444444444444444,13,14,0.9285714285714286,0,0,0
WINFIELD,2025-12-16,2026-01-04,19,1600,1600,True,0,False,False,True,0.5555555555555556,9,11,0.8181818181818182,0,0,0
KAHOLO ANGEL,2025-12-16,2025-12-23,7,1600,1650,True,0,False,False,True,0.6666666666666666,1,12,0.08333333333333333,1,1,1
WINDLORD,2025-12-16,2026-01-04,19,1600,1600,True,+,False,False,False,0.7777777777777778,5,11,0.45454545454545453,0,0,1
LE ZONDA,2025-12-16,2026-01-25,40,1600,2000,False,-,False,False,True,0.8888888888888888,6,10,0.6,0,0,0
SERAPH GABRIEL,2025-12-16,2026-01-04,19,1600,1600,True,++,False,True,False,0.1111111111111111,11,14,0.7857142857142857,0,0,0
PACKING FIGHTER,2025-12-16,2026-01-11,26,1600,1800,True,++,False,False,True,0.2222222222222222,4,14,0.2857142857142857,0,0,1
GLORIASTAR,2025-12-16,2026-01-01,16,1600,1600,True,+,False,False,True,0.3333333333333333,11,15,0.7333333333333333,0,0,0
STUNNING PEACH,2025-12-16,2026-01-11,26,1600,1800,True,+,False,False,True,0.4444444444444444,2,14,0.14285714285714285,0,1,1
VICTOR SUPREME,2025-12-16,2026-01-01,16,1600,1200,False,+,False,False,False,0.5555555555555556,11,14,0.7857142857142857,0,0,0
DILBAGH,2025-12-16,2026-02-14,60,1600,1800,True,-,False,False,True,0.6666666666666666,8,14,0.5714285714285714,0,0,0
GOLDEN BRILLIANT,2025-12-16,2025-12-23,7,1600,1200,False,-,False,False,False,0.8888888888888888,4,12,0.3333333333333333,0,0,1
FLAMING RABBIT,2025-12-16,2026-01-18,33,1600,1400,True,-,False,False,False,1.0,14,14,1.0,0,0,0
HAROLD WIN,2025-12-16,2025-12-27,11,1200,1200,True,++,False,True,True,0.1111111111111111,4,14,0.2857142857142857,0,0,1
BEAUTY BOLT,2025-12-16,2026-01-11,26,1200,1600,False,+,False,False,False,0.2222222222222222,2,14,0.14285714285714285,0,1,1
CROSSBORDERPEGASUS,2025-12-16,2026-01-01,16,1200,1200,True,++,False,False,True,0.3333333333333333,2,14,0.14285714285714285,0,1,1
WINNING WING,2025-12-16,2025-12-27,11,1200,2000,False,++,False,False,True,0.4444444444444444,2,9,0.2222222222222222,0,1,1
THUNDER KIT,2025-12-16,2025-12-27,11,1200,1000,True,-,False,False,False,0.5555555555555556,9,14,0.6428571428571429,0,0,0
PERFECT TEAM,2025-12-16,2025-12-27,11,1200,1650,False,+,True,False,False,0.6666666666666666,12,14,0.8571428571428571,0,0,0
SUPER EXPRESS,2025-12-16,2026-01-18,33,1200,1400,True,0,False,False,False,0.7777777777777778,2,14,0.14285714285714285,0,1,1
LO PAN SPIRIT,2025-12-16,2026-01-07,22,1200,1650,False,+,False,False,False,0.8888888888888888,7,12,0.5833333333333334,0,0,0
INVINCIBLE STARR,2025-12-16,2026-01-07,22,1200,1000,True,-,False,False,False,1.0,10,12,0.8333333333333334,0,0,0
SALON S,2025-12-16,2025-12-27,11,1200,1400,True,++,False,True,True,0.125,1,14,0.07142857142857142,1,1,1
VIRTUOUS PHANTOM,2025-12-16,2026-01-04,19,1200,1200,True,+,False,False,True,0.25,9,12,0.75,0,0,0
BEAUTY VIVA,2025-12-16,2026-01-01,16,1200,1400,True,+,False,False,False,0.375,2,14,0.14285714285714285,0,1,1
HAPPY BOSS,2025-12-16,2025-12-27,11,1200,1400,True,+,False,False,False,0.5,1,14,0.07142857142857142,1,1,1
BEAUTY GEMINI,2025-12-16,2026-01-01,16,1200,1200,True,0,False,False,False,0.625,14,14,1.0,0,0,0
TYCOON EXPRESS,2025-12-16,2026-01-18,33,1200,1200,True,+,False,False,True,0.75,6,14,0.42857142857142855,0,0,1
LOVEISINTHEAIR,2025-12-16,2025-12-27,11,1200,1200,True,-,False,False,False,0.875,13,14,0.9285714285714286,0,0,0
GREAT LEGACY,2025-12-16,2025-12-23,7,1200,1650,False,-,False,False,True,1.0,12,12,1.0,0,0,0
BRIGHT MORTAR,2025-12-16,2026-01-04,19,1200,1200,True,++,False,True,True,0.1111111111111111,1,13,0.07692307692307693,1,1,1
SONIC PURSUIT,2025-12-16,2025-12-23,7,1200,1200,True,+,False,False,True,0.2222222222222222,11,12,0.9166666666666666,0,0,0
SUPER DRAGON,2025-12-16,2025-12-27,11,1200,1400,True,+,False,False,False,0.3333333333333333,6,14,0.42857142857142855,0,0,1
DRACO,2025-12-16,2026-01-01,16,1200,1600,False,+,False,False,True,0.4444444444444444,3,14,0.21428571428571427,0,1,1
ELITE GOLF,2025-12-16,2026-01-11,26,1200,1200,True,0,False,False,False,0.5555555555555556,1,12,0.08333333333333333,1,1,1
MULTISUPERSTAR,2025-12-16,2026-01-25,40,1200,1200,True,0,False,False,False,0.6666666666666666,12,14,0.8571428571428571,0,0,0
RACINGRACE,2025-12-16,2026-02-11,57,1200,1000,True,0,False,False,False,0.7777777777777778,11,13,0.8461538461538461,0,0,0
FLYING AMANI,2025-12-16,2025-12-27,11,1200,1200,True,-,False,False,False,0.8888888888888888,11,14,0.7857142857142857,0,0,0
SANDMAN,2025-12-16,2026-01-01,16,1200,1600,False,-,False,False,False,1.0,13,15,0.8666666666666667,0,0,0
BLAZING WIND,2025-12-18,2026-01-04,17,1200,1200,True,++,False,True,True,0.16666666666666666,3,12,0.25,0,1,1
JOKER ORBIT,2025-12-18,2025-12-27,9,1200,1200,True,+,False,False,True,0.3333333333333333,10,14,0.7142857142857143,0,0,0
SWORD POINT,2025-12-18,2025-12-27,9,1200,2000,False,+,False,False,False,0.5,9,9,1.0,0,0,0
SO YOU WILL,2025-12-18,2026-01-18,31,1200,1400,True,0,False,False,False,0.6666666666666666,14,14,1.0,0,0,0
GLITTERING LEGEND,2025-12-18,2026-01-18,31,1200,1400,True,-,False,False,False,0.8333333333333334,10,14,0.7142857142857143,0,0,0
DRAGON AIR FORCE,2025-12-18,2025-12-27,9,1200,1650,False,+,False,False,False,1.0,5,14,0.35714285714285715,0,0,1
RELIABLE PROFIT,2025-12-18,2025-12-27,9,1200,1650,False,++,False,True,True,0.16666666666666666,7,14,0.5,0,0,1
SPIRIT OF PEACE,2025-12-18,2026-01-07,20,1200,1200,True,+,False,False,True,0.3333333333333333,4,12,0.3333333333333333,0,0,1
WITHOUT COMPARE,2025-12-18,2026-01-11,24,1200,1400,True,+,False,False,True,0.5,3,14,0.21428571428571427,0,1,1
SZERYNG,2025-12-18,2025-12-27,9,1200,1200,True,+,True,False,False,0.6666666666666666,2,14,0.14285714285714285,0,1,1
FOREVER FOLKS,2025-12-18,2025-12-27,9,1200,1650,False,-,False,False,False,0.8333333333333334,4,14,0.2857142857142857,0,0,1
KEEN MOLLY,2025-12-18,2026-01-01,14,1200,1400,True,-,False,False,False,1.0,8,14,0.5714285714285714,0,0,0
FOREMOST TEDDY,2025-12-18,2025-12-27,9,1200,1800,False,++,False,True,True,0.14285714285714285,1,14,0.07142857142857142,1,1,1
WIN BEAUTY VIVA,2025-12-18,2026-01-11,24,1200,1600,False,+,False,False,True,0.2857142857142857,7,14,0.5,0,0,1
LEGEND STAR,2025-12-18,2026-01-01,14,1200,1200,True,++,False,False,False,0.42857142857142855,14,14,1.0,0,0,0
YEUX DE LIFELINE,2025-12-18,2026-01-11,24,1200,1200,True,+,False,False,True,0.5714285714285714,7,12,0.5833333333333334,0,0,0
JUICY DRAGON,2025-12-18,2026-01-04,17,1200,1200,True,++,False,True,False,0.16666666666666666,3,12,0.25,0,1,1
YODA'S CHOICE,2025-12-18,2025-12-27,9,1200,1650,False,+,False,False,False,0.3333333333333333,3,14,0.21428571428571427,0,1,1
GOOD FORTUNE,2025-12-18,2026-01-01,14,1200,1200,True,-,False,False,False,0.5,12,14,0.8571428571428571,0,0,0
VIVACIOUS WIN,2025-12-18,2026-01-07,20,1200,1650,False,0,False,False,False,0.6666666666666666,2,12,0.16666666666666666,0,1,1
THE COSMIC POWER,2025-12-18,2025-12-27,9,1200,1200,True,-,False,False,False,1.0,13,14,0.9285714285714286,0,0,0
SILVER KING,2025-12-18,2026-01-01,14,1200,1600,False,++,False,True,False,0.16666666666666666,14,14,1.0,0,0,0
WINNING MACHINE,2025-12-18,2026-02-08,52,1200,1400,True,++,True,False,True,0.3333333333333333,2,14,0.14285714285714285,0,1,1
WISEMAN,2025-12-18,2026-01-04,17,1200,1400,True,+,False,False,True,0.5,7,14,0.5,0,0,1
HARRY'S HERO,2025-12-18,2026-01-01,14,1200,1600,False,+,False,False,True,0.6666666666666666,2,14,0.14285714285714285,0,1,1
KINGDOM OF RICHES,2025-12-18,2026-01-21,34,1200,1200,True,+,False,False,True,0.8333333333333334,9,12,0.75,0,0,0
MR ALADDIN,2025-12-18,2025-12-27,9,1200,1800,False,-,False,False,True,1.0,13,14,0.9285714285714286,0,0,0
PACKING HERMOD,2025-12-19,2026-01-01,13,1200,1400,True,++,False,True,False,0.1111111111111111,9,12,0.75,0,0,0
RISING FORCE,2025-12-19,2026-01-01,13,1200,1200,True,++,False,False,False,0.2222222222222222,1,14,0.07142857142857142,1,1,1
MATTERS MOST,2025-12-19,2026-01-01,13,1200,1200,True,++,False,False,False,0.3333333333333333,11,14,0.7857142857142857,0,0,0
ALL'S WELL,2025-12-19,2025-12-27,8,1200,1400,True,++,True,False,False,0.4444444444444444,4,14,0.2857142857142857,0,0,1
HEAVING,2025-12-19,2026-01-01,13,1200,1200,True,+,True,False,True,0.5555555555555556,12,14,0.8571428571428571,0,0,0
CLASS,2025-12-19,2026-01-01,13,1200,1400,True,+,False,False,True,0.6666666666666666,12,14,0.8571428571428571,0,0,0
SUPREME SEA,2025-12-19,2026-01-04,16,1200,1200,True,+,False,False,False,0.7777777777777778,1,12,0.08333333333333333,1,1,1
CALL ME GLORIOUS,2025-12-19,2026-01-01,13,1200,1200,True,-,False,False,False,0.8888888888888888,13,14,0.9285714285714286,0,0,0
HONG LOK GOLF,2025-12-19,2026-01-14,26,1200,1800,False,-,False,False,False,1.0,6,12,0.5,0,0,1
SMART GOLF,2025-12-19,2026-01-01,13,1200,1200,True,++,False,True,False,0.1,1,14,0.07142857142857142,1,1,1
HAPPY UNIVERSE,2025-12-19,2026-01-01,13,1200,1600,False,+,False,False,True,0.2,2,15,0.13333333333333333,0,1,1
ARMOR GOLDEN EAGLE,2025-12-19,2026-01-01,13,1200,1400,True,+,False,False,False,0.3,9,14,0.6428571428571429,0,0,0
NO OTHER CHOICE,2025-12-19,2025-12-27,8,1200,1650,False,-,False,False,True,0.4,10,14,0.7142857142857143,0,0,0
SIGHT HERMOSO,2025-12-19,2026-01-04,16,1200,1000,True,+,False,False,True,0.5,1,14,0.07142857142857142,1,1,1
BLASTED TALENT,2025-12-19,2025-12-27,8,1200,1400,True,+,False,False,True,0.6,9,14,0.6428571428571429,0,0,0
HAKKA RADIANCE,2025-12-19,2026-01-01,13,1200,2000,False,+,True,False,False,0.7,5,14,0.35714285714285715,0,0,1
ALLCASH,2025-12-19,2025-12-27,8,1200,1650,False,+,True,False,False,0.8,6,14,0.42857142857142855,0,0,1
HARMONY GALAXY,2025-12-19,2026-01-04,16,1200,1600,False,-,False,False,False,0.9,9,14,0.6428571428571429,0,0,0
JOLLY JUMPER,2025-12-19,2026-01-01,13,1200,1600,False,++,False,True,True,0.1111111111111111,5,14,0.35714285714285715,0,0,1
THE LION KING,2025-12-19,2026-01-01,13,1200,1600,False,++,False,False,True,0.2222222222222222,6,15,0.4,0,0,1
PROUD BOX,2025-12-19,2026-01-01,13,1200,1400,True,+,False,False,True,0.3333333333333333,6,14,0.42857142857142855,0,0,1
FORERUNNER,2025-12-19,2026-01-14,26,1200,1650,False,+,False,False,True,0.4444444444444444,12,14,0.8571428571428571,0,0,0
DASH,2025-12-19,2025-12-27,8,1200,1200,True,0,False,False,False,0.5555555555555556,4,14,0.2857142857142857,0,0,1
SMART BEAUTY,2025-12-19,2025-12-27,8,1200,1800,False,+,False,False,True,0.6666666666666666,11,14,0.7857142857142857,0,0,0
GO GO GO,2025-12-19,2025-12-27,8,1200,1800,False,-,False,False,True,0.7777777777777778,4,14,0.2857142857142857,0,0,1
KINGLY DEMEANOR,2025-12-19,2026-01-01,13,1200,1600,False,-,False,False,False,0.8888888888888888,12,15,0.8,0,0,0
GLORIOUS RYDER,2025-12-19,2026-01-01,13,1200,2000,False,-,False,False,False,1.0,12,14,0.8571428571428571,0,0,0
STORM RIDER,2025-12-22,2026-01-01,10,1200,1400,True,++,False,True,False,0.125,1,12,0.08333333333333333,1,1,1
LIGHT YEARS CHARM,2025-12-22,2026-01-01,10,1200,1400,True,+,False,False,True,0.25,8,12,0.6666666666666666,0,0,0
WINFIELD,2025-12-22,2026-01-04,13,1200,1600,False,++,False,False,True,0.375,9,11,0.8181818181818182,0,0,0
SUPER JOY N FUN,2025-12-22,2026-01-04,13,1200,1200,True,+,False,False,False,0.625,7,12,0.5833333333333334,0,0,0
MUST GO,2025-12-22,2026-01-04,13,1200,1200,True,-,False,False,False,0.75,5,12,0.4166666666666667,0,0,1
NATURAL NUMBERS,2025-12-22,2026-01-01,10,1200,1400,True,-,False,False,False,0.875,14,14,1.0,0,0,0
JOHANNES BRAHMS,2025-12-22,2026-01-01,10,1200,1400,True,-,False,False,True,1.0,11,12,0.9166666666666666,0,0,0
SAGACIOUS LIFE,2025-12-22,2026-01-04,13,1200,1600,False,++,False,True,False,0.125,1,11,0.09090909090909091,1,1,1
KA YING ATTACK,2025-12-22,2026-01-01,10,1200,1400,True,+,False,False,True,0.25,2,14,0.14285714285714285,0,1,1
LEGEND WINNER,2025-12-22,2026-01-04,13,1200,1600,False,+,False,False,True,0.375,3,14,0.21428571428571427,0,1,1
WUKONG JEWELLERY,2025-12-22,2026-01-04,13,1200,1600,False,+,False,False,True,0.5,12,14,0.8571428571428571,0,0,0
LUCKY TOGETHER,2025-12-22,2026-01-01,10,1200,1400,True,+,True,False,True,0.625,12,14,0.8571428571428571,0,0,0
MORGAN SUCCESS,2025-12-22,2026-01-04,13,1200,1600,False,+,False,False,False,0.75,10,14,0.7142857142857143,0,0,0
ACE CHAMPION,2025-12-22,2026-02-04,44,1200,1000,True,-,False,False,True,0.875,6,13,0.46153846153846156,0,0,1
PEGAS,2025-12-22,2026-01-01,10,1200,1200,True,0,False,False,True,,4,14,0.2857142857142857,0,0,1
MR COOL,2025-12-22,2026-01-04,13,1200,1400,True,++,False,True,False,0.1111111111111111,3,14,0.21428571428571427,0,1,1
GOOD LUCK BABE,2025-12-22,2026-01-04,13,1200,1200,True,+,False,False,False,0.2222222222222222,8,12,0.6666666666666666,0,0,0
BUCEPHALAS,2025-12-22,2026-01-04,13,1200,1600,False,++,False,False,False,0.3333333333333333,8,14,0.5714285714285714,0,0,0
ETALON OR,2025-12-22,2026-01-01,10,1200,1600,False,+,False,False,True,0.4444444444444444,7,15,0.4666666666666667,0,0,1
TAOGETHER,2025-12-22,2026-01-04,13,1200,1200,True,0,False,False,False,0.5555555555555556,8,12,0.6666666666666666,0,0,0
GREAT STATE,2025-12-22,2026-01-07,16,1200,1200,True,0,False,False,False,0.6666666666666666,12,12,1.0,0,0,0
CHARITY TOGETHER,2025-12-22,2026-01-11,20,1200,1800,False,-,False,False,False,0.8888888888888888,4,14,0.2857142857142857,0,0,1
ORIGIN OF FORM,2025-12-22,2026-01-25,34,1200,1200,True,0,False,False,True,,12,14,0.8571428571428571,0,0,0
BETTER AND BETTER,2025-12-22,2026-01-01,10,1200,1400,True,++,False,True,True,0.1111111111111111,12,14,0.8571428571428571,0,0,0
KWAI CHUNG TALENTS,2025-12-22,2026-01-25,34,1200,1000,True,+,False,False,False,0.2222222222222222,14,14,1.0,0,0,0
FUN N FUN TOGETHER,2025-12-22,2026-01-04,13,1200,1200,True,++,False,False,False,0.3333333333333333,10,12,0.8333333333333334,0,0,0
SWAGGER BRO,2025-12-22,2026-01-04,13,1200,1200,True,++,False,False,False,0.4444444444444444,6,13,0.46153846153846156,0,0,1
GOLDEN DREAM,2025-12-22,2026-01-01,10,1200,1400,True,+,True,False,False,0.5555555555555556,5,14,0.35714285714285715,0,0,1
CELESTIAL HARMONY,2025-12-22,2026-01-21,30,1200,1650,False,0,False,False,False,0.6666666666666666,1,14,0.07142857142857142,1,1,1
AUTUMN VIBES,2025-12-22,2026-01-11,20,1200,1200,True,-,False,False,False,0.7777777777777778,8,12,0.6666666666666666,0,0,0
CARRYON SMILING,2025-12-22,2026-01-07,16,1200,1800,False,-,False,False,False,0.8888888888888888,5,12,0.4166666666666667,0,0,1
STELLAR EXPRESS,2025-12-22,2026-01-04,13,1050,1000,True,++,False,True,True,0.25,1,11,0.09090909090909091,1,1,1
QUARTZ LEGEND,2025-12-22,2026-01-01,10,1050,1200,True,++,True,False,True,0.5,8,14,0.5714285714285714,0,0,0
SOARING STEED,2025-12-22,2026-02-11,51,1050,1000,True,-,False,False,True,0.75,9,12,0.75,0,0,0
BEAUTY ALLIANCE,2025-12-25,2026-01-01,7,1200,1400,True,++,False,True,True,0.25,5,14,0.35714285714285715,0,0,1
ENDUED,2025-12-25,2026-01-01,7,1200,1600,False,+,False,False,False,0.5,1,15,0.06666666666666667,1,1,1
KEEFY,2025-12-25,2026-01-14,20,1200,1650,False,+,True,False,False,0.75,9,12,0.75,0,0,0
COURIER MAGIC,2025-12-25,2026-01-21,27,1200,1650,False,+,False,False,True,0.6,5,14,0.35714285714285715,0,0,1
TAKE ACTION,2025-12-25,2026-01-07,13,1200,1650,False,-,False,False,True,0.8,5,12,0.4166666666666667,0,0,1
GIMME FIVE,2025-12-25,2026-01-18,24,1200,1400,True,++,False,True,True,0.2,10,15,0.6666666666666666,0,0,0
APOLAR FIGHTER,2025-12-25,2026-01-11,17,1200,1400,True,0,False,False,False,0.6,14,15,0.9333333333333333,0,0,0
COOL BLUE,2025-12-25,2026-01-18,24,1200,2000,False,-,False,False,True,0.8,4,14,0.2857142857142857,0,0,1
CASA LEGEND,2025-12-25,2026-01-04,10,1200,1400,True,-,False,False,False,1.0,10,14,0.7142857142857143,0,0,0
WHIZZ KID,2025-12-25,2026-01-07,13,1050,1000,True,++,False,True,False,0.25,4,12,0.3333333333333333,0,0,1
FRANTANCK,2025-12-25,2026-01-01,7,1050,1600,False,-,False,False,True,0.75,14,15,0.9333333333333333,0,0,0
LUCKY PLUS,2025-12-25,2026-01-04,10,1050,1000,True,-,False,False,False,1.0,10,14,0.7142857142857143,0,0,0
LITTLE PARADISE,2025-12-29,2026-01-11,13,1200,1400,True,++,False,True,False,0.125,1,14,0.07142857142857142,1,1,1
DARYL FLASH,2025-12-29,2026-01-04,6,1200,1600,False,+,False,False,True,0.375,7,11,0.6363636363636364,0,0,0
FLYING FORTRESS,2025-12-29,2026-01-18,20,1200,1400,True,+,True,False,True,0.625,10,14,0.7142857142857143,0,0,0
HELENE SUPAFEELING,2025-12-29,2026-01-11,13,1200,1400,True,0,False,False,True,0.75,5,14,0.35714285714285715,0,0,1
FLYING WROTE,2025-12-29,2026-01-07,9,1200,1200,True,-,False,False,False,0.875,5,12,0.4166666666666667,0,0,1
STUNNING PEACH,2025-12-29,2026-01-11,13,1200,1800,False,0,False,False,True,,2,14,0.14285714285714285,0,1,1
BEAUTY BOLT,2025-12-29,2026-01-11,13,1200,1600,False,++,False,True,False,0.1111111111111111,2,14,0.14285714285714285,0,1,1
LE ZONDA,2025-12-29,2026-01-25,27,1200,2000,False,++,False,False,True,0.2222222222222222,6,10,0.6,0,0,0
HONORARY,2025-12-29,2026-01-11,13,1200,1200,True,+,False,False,False,0.3333333333333333,10,12,0.8333333333333334,0,0,0
LOCH TAY,2025-12-29,2026-01-07,9,1200,1650,False,++,False,False,True,0.4444444444444444,9,12,0.75,0,0,0
BEAUTY CRESCENT,2025-12-29,2026-01-11,13,1200,1400,True,0,False,False,False,0.5555555555555556,9,14,0.6428571428571429,0,0,0
FOREVER BEAR,2025-12-29,2026-01-25,27,1200,1600,False,0,False,False,True,0.6666666666666666,10,14,0.7142857142857143,0,0,0
FLYING TING LOK,2025-12-29,2026-01-21,23,1200,1200,True,0,False,False,False,0.7777777777777778,12,12,1.0,0,0,0
EXCELLENCE VALUE,2025-12-29,2026-01-11,13,1200,1800,False,-,False,False,False,0.8888888888888888,8,14,0.5714285714285714,0,0,0
SUPER EXPRESS,2025-12-29,2026-01-18,20,1200,1400,True,0,False,False,True,,2,14,0.14285714285714285,0,1,1
OUTGATE,2025-12-29,2026-01-18,20,1200,1400,True,++,False,True,True,0.1111111111111111,4,14,0.2857142857142857,0,0,1
PATCH OF COSMO,2025-12-29,2026-01-18,20,1200,1600,False,++,True,False,False,0.2222222222222222,1,14,0.07142857142857142,1,1,1
POWER KOEPP,2025-12-29,2026-01-04,6,1200,1200,True,+,False,False,True,0.3333333333333333,9,12,0.75,0,0,0
GALLANT DESIGN,2025-12-29,2026-01-25,27,1200,1200,True,+,False,False,False,0.4444444444444444,2,14,0.14285714285714285,0,1,1
REFUSETOBEENGLISH,2025-12-29,2026-01-07,9,1200,1200,True,-,False,False,False,0.5555555555555556,3,12,0.25,0,1,1
PANACEA,2025-12-29,2026-01-04,6,1200,1600,False,+,False,False,False,0.6666666666666666,7,14,0.5,0,0,1
DREAMING TOGETHER,2025-12-29,2026-02-08,41,1200,1400,True,-,False,False,False,0.7777777777777778,10,14,0.7142857142857143,0,0,0
MASTER LUCKY,2025-12-29,2026-02-01,34,1200,1000,True,-,False,False,False,0.8888888888888888,1,14,0.07142857142857142,1,1,1
FOREST KING,2025-12-29,2026-02-01,34,1200,1200,True,-,False,False,False,1.0,7,14,0.5,0,0,1
LUCKY RANGER,2025-12-29,2026-01-11,13,1200,1200,True,++,False,True,False,0.1111111111111111,2,12,0.16666666666666666,0,1,1
VIGOR ELLEEGANT,2025-12-29,2026-01-07,9,1200,1200,True,+,False,False,True,0.2222222222222222,7,12,0.5833333333333334,0,0,0
MY DAY MY WAY,2025-12-29,2026-01-07,9,1200,1200,True,++,False,False,True,0.3333333333333333,2,12,0.16666666666666666,0,1,1
VOYAGE CAPTAIN,2025-12-29,2026-02-19,52,1200,1200,True,-,False,False,False,0.5555555555555556,7,14,0.5,0,0,1
RUSSET GLOW,2025-12-29,2026-01-25,27,1200,1200,True,-,False,False,False,0.6666666666666666,8,14,0.5714285714285714,0,0,0
STORMI,2025-12-29,2026-01-07,9,1200,1650,False,+,False,False,False,0.7777777777777778,1,12,0.08333333333333333,1,1,1
CIRCUIT HAPPY,2025-12-29,2026-01-21,23,1200,1200,True,-,False,False,False,0.8888888888888888,10,12,0.8333333333333334,0,0,0
KING ALLOY,2025-12-29,2026-01-11,13,1200,1200,True,++,False,True,True,0.1111111111111111,6,12,0.5,0,0,1
LUCKY BLESSING,2025-12-29,2026-01-14,16,1200,1650,False,++,False,False,True,0.2222222222222222,8,12,0.6666666666666666,0,0,0
SUPER MASTERMIND,2025-12-29,2026-01-18,20,1200,1400,True,+,False,False,True,0.3333333333333333,13,15,0.8666666666666667,0,0,0
MAJESTIC LIFE,2025-12-29,2026-01-11,13,1200,1200,True,+,False,False,True,0.4444444444444444,10,12,0.8333333333333334,0,0,0
ALWAYS FLUKE,2025-12-29,2026-02-01,34,1200,1200,True,+,False,False,True,0.5555555555555556,2,14,0.14285714285714285,0,1,1
KIAMA,2025-12-29,2026-02-01,34,1200,1200,True,-,False,False,True,0.6666666666666666,6,14,0.42857142857142855,0,0,1
INNO CENTURY,2025-12-29,2026-01-11,13,1200,1200,True,0,False,False,False,0.7777777777777778,7,12,0.5833333333333334,0,0,0
MR GOOD VIBES,2025-12-29,2026-02-19,52,1200,1200,True,-,False,False,False,0.8888888888888888,12,14,0.8571428571428571,0,0,0
A LA CHAMP,2025-12-29,2026-02-22,55,1200,1400,True,-,False,False,False,1.0,14,14,1.0,0,0,0
HORSEPOWER,2025-12-29,2026-01-07,9,1050,1000,True,++,False,True,False,0.125,6,12,0.5,0,0,1
TOGETHER WE VALUE,2025-12-29,2026-02-01,34,1050,1000,True,++,False,False,False,0.25,2,12,0.16666666666666666,0,1,1
RED SEA,2025-12-29,2026-02-14,47,1050,1200,True,+,True,False,False,0.625,3,11,0.2727272727272727,0,1,1
QUANTUM CLOUD,2025-12-29,2026-02-14,47,1050,1200,True,0,False,False,False,0.75,4,11,0.36363636363636365,0,0,1
LUCKY DOCTOR,2025-12-29,2026-02-08,41,1050,1200,True,+,True,False,False,0.875,12,12,1.0,0,0,0
INVINCIBLE STARR,2025-12-29,2026-01-07,9,1050,1000,True,-,False,False,True,1.0,10,12,0.8333333333333334,0,0,0
SEA DIAMOND,2025-12-29,2026-01-11,13,1050,1200,True,++,False,True,True,0.14285714285714285,4,12,0.3333333333333333,0,0,1
SHANDONG SPIRIT,2025-12-29,2026-02-22,55,1050,1000,True,+,False,False,True,0.2857142857142857,8,15,0.5333333333333333,0,0,0
BULLISH PRIDE,2025-12-29,2026-01-25,27,1050,1000,True,+,False,False,False,0.42857142857142855,10,14,0.7142857142857143,0,0,0
REGROWTH WINNER,2025-12-29,2026-01-28,30,1050,1200,True,0,False,False,True,0.5714285714285714,12,12,1.0,0,0,0
SUPREME VOYAGER,2025-12-29,2026-01-04,6,1050,1000,True,+,True,False,True,0.7142857142857143,9,14,0.6428571428571429,0,0,0
ELEGANT LIFE,2025-12-29,2026-01-25,27,1050,1200,True,+,True,False,False,0.8571428571428571,4,14,0.2857142857142857,0,0,1
CITY GOLD BANNER,2025-12-30,2026-01-18,19,1000,1000,True,++,False,True,False,0.1,1,11,0.09090909090909091,1,1,1
JUMBO BLESSING,2025-12-30,2026-02-22,54,1000,1000,True,++,True,False,False,0.2,12,15,0.8,0,0,0
HEY BROS,2025-12-30,2026-02-04,36,1000,1000,True,+,False,False,False,0.3,5,13,0.38461538461538464,0,0,1
BEAUTY GLORY,2025-12-30,2026-01-07,8,1000,1650,False,++,False,False,False,0.4,12,12,1.0,0,0,0
STRATHPEFFER,2025-12-30,2026-01-11,12,1000,1400,False,+,False,False,False,0.6,2,15,0.13333333333333333,0,1,1
BEST FARM,2025-12-30,2026-02-01,33,1000,1000,True,+,False,False,True,0.7,11,14,0.7857142857142857,0,0,0
POWER OF VITAM,2025-12-30,2026-02-01,33,1000,1400,False,-,False,False,False,0.8,9,14,0.6428571428571429,0,0,0
BUSTLING CITY,2025-12-30,2026-02-01,33,1000,1000,True,++,False,True,False,0.1,9,14,0.6428571428571429,0,0,0
DASHING PEACH,2025-12-30,2026-02-01,33,1000,1200,True,+,False,False,True,0.4,11,14,0.7857142857142857,0,0,0
GAMEPLAYER ELITE,2025-12-30,2026-01-07,8,1000,1200,True,+,False,False,False,0.6,3,12,0.25,0,1,1
FLASH STAR,2025-12-30,2026-02-04,36,1000,1200,True,-,False,False,False,0.8,10,12,0.8333333333333334,0,0,0
ALMIGHTY LIGHTNING,2025-12-30,2026-02-22,54,800,1000,True,++,False,False,False,0.2,1,15,0.06666666666666667,1,1,1
WUNDERBAR,2025-12-30,2026-01-04,5,800,1000,True,++,True,False,True,0.3,4,11,0.36363636363636365,0,0,1
GLOWING PRAISES,2025-12-30,2026-02-01,33,800,1000,True,+,False,False,False,0.4,1,12,0.08333333333333333,1,1,1
HAPPY UNITED,2025-12-30,2026-01-28,29,800,1000,True,++,True,False,True,0.5,6,12,0.5,0,0,1
LADY'S LOVE,2025-12-30,2026-02-22,54,800,1200,False,0,False,False,False,0.7,5,10,0.5,0,0,1
IMPRESSIVE CHAMP,2025-12-30,2026-02-01,33,800,1200,False,-,False,False,True,0.8,13,14,0.9285714285714286,0,0,0
LEADING DRAGON,2025-12-30,2026-01-25,26,800,1000,True,++,False,True,True,0.1,5,14,0.35714285714285715,0,0,1
TOP THRONE,2025-12-30,2026-01-25,26,800,1000,True,+,False,False,False,0.2,11,14,0.7857142857142857,0,0,0
NEXT FORTUNE,2025-12-30,2026-02-22,54,800,1200,False,+,False,False,False,0.3,8,14,0.5714285714285714,0,0,0
BABY SAKURA,2025-12-30,2026-02-19,51,800,1200,False,0,False,False,False,0.6,1,15,0.06666666666666667,1,1,1
ENCOUNTERED,2025-12-30,2026-01-14,15,1200,1800,False,++,True,True,True,0.1,4,12,0.3333333333333333,0,0,1
MID WINTER WIND,2025-12-30,2026-01-11,12,1200,1400,True,++,False,False,False,0.2,3,14,0.21428571428571427,0,1,1
MOMENTS IN TIME,2025-12-30,2026-01-14,15,1200,1800,False,++,False,False,False,0.3,9,12,0.75,0,0,0
SILVERY BREEZE,2025-12-30,2026-01-14,15,1200,1650,False,+,False,False,True,0.4,2,12,0.16666666666666666,0,1,1
GORGEOUS WIN,2025-12-30,2026-01-21,22,1200,1650,False,++,False,False,True,0.5,2,6,0.3333333333333333,0,1,1
WINGS OF WAR,2025-12-30,2026-01-07,8,1200,1200,True,+,False,False,False,0.6,6,12,0.5,0,0,1
JOY OF SPRING,2025-12-30,2026-01-11,12,1200,1800,False,+,False,False,False,0.7,13,14,0.9285714285714286,0,0,0
MARKWIN,2025-12-30,2026-01-11,12,1200,1400,True,0,False,False,True,0.8,14,14,1.0,0,0,0
JUNEAU PRIDE,2025-12-30,2026-01-18,19,1200,1400,True,+,False,False,False,0.9,3,14,0.21428571428571427,0,1,1
SPICY GOLD,2025-12-30,2026-01-07,8,1200,1200,True,0,False,False,True,,10,12,0.8333333333333334,0,0,0
FLYING LUCK,2025-12-30,2026-01-25,26,1200,1600,False,++,False,True,True,0.1,1,14,0.07142857142857142,1,1,1
LUCKY SAM GOR,2025-12-30,2026-01-11,12,1200,1400,True,++,False,False,True,0.2,1,14,0.07142857142857142,1,1,1
AUTOMATED,2025-12-30,2026-01-18,19,1200,1200,True,+,False,False,True,0.3,14,14,1.0,0,0,0
MISTER DAPPER,2025-12-30,2026-01-11,12,1200,1800,False,+,False,False,False,0.4,11,14,0.7857142857142857,0,0,0
THUNDER BLAZE,2025-12-30,2026-01-21,22,1200,1200,True,+,False,False,False,0.5,5,12,0.4166666666666667,0,0,1
CAP LINER,2025-12-30,2026-01-07,8,1200,1200,True,+,False,False,False,0.6,9,12,0.75,0,0,0
KING OF SELECTION,2025-12-30,2026-01-11,12,1200,1400,True,+,False,False,True,0.8,13,14,0.9285714285714286,0,0,0
RUNJEET,2025-12-30,2026-02-08,40,1200,1200,True,-,False,False,True,0.9,10,12,0.8333333333333334,0,0,0
ACE POWER,2025-12-30,2026-01-07,8,1200,1200,True,-,False,False,True,1.0,3,12,0.25,0,1,1
GRATIFIDE,2025-12-30,2026-01-11,12,1200,1600,False,++,False,True,True,0.1,11,14,0.7857142857142857,0,0,0
NEVER SETTLE,2025-12-30,2026-01-14,15,1200,1200,True,++,True,False,True,0.2,8,12,0.6666666666666666,0,0,0
BLAZING WUKONG,2025-12-30,2026-01-11,12,1200,1400,True,++,False,False,True,0.3,4,14,0.2857142857142857,0,0,1
LEAPING STAR,2025-12-30,2026-01-07,8,1200,1200,True,+,False,False,False,0.4,11,12,0.9166666666666666,0,0,0
CHEERFUL WONGCHOY,2025-12-30,2026-02-25,57,1200,1200,True,+,False,False,False,0.5,6,12,0.5,0,0,1
CHILL EASY,2025-12-30,2026-01-18,19,1200,1400,True,+,False,False,False,0.6,8,14,0.5714285714285714,0,0,0
KING LOTUS,2025-12-30,2026-01-07,8,1200,1650,False,0,False,False,False,0.7,4,12,0.3333333333333333,0,0,1
ENTHUSIUM,2025-12-30,2026-02-14,46,1200,1600,False,-,False,False,True,1.0,7,15,0.4666666666666667,0,0,1
MATZDEN,2025-12-30,2026-01-11,12,1200,1200,True,++,True,True,False,0.1,6,12,0.5,0,0,1
SO YOU WILL,2025-12-30,2026-01-18,19,1200,1400,True,++,False,False,True,0.2,14,14,1.0,0,0,0
WIN BEAUTY VIVA,2025-12-30,2026-01-11,12,1200,1600,False,++,False,False,False,0.3,7,14,0.5,0,0,1
PAKISTAN LEGACY,2025-12-30,2026-01-11,12,1200,1200,True,++,True,False,False,0.4,7,12,0.5833333333333334,0,0,0
SKY PHOENIX,2025-12-30,2026-01-14,15,1200,1200,True,+,False,False,False,0.5,11,12,0.9166666666666666,0,0,0
CELESTIAL STRIDER,2025-12-30,2026-01-07,8,1200,1200,True,0,False,False,True,0.6,11,12,0.9166666666666666,0,0,0
YOUNG LEGACY,2025-12-30,2026-01-18,19,1200,1200,True,0,False,False,False,0.7,10,14,0.7142857142857143,0,0,0
OLDTOWN,2025-12-30,2026-01-11,12,1200,1400,True,+,False,False,False,0.8,6,15,0.4,0,0,1
MULTISUPERSTAR,2025-12-30,2026-01-25,26,1200,1200,True,-,False,False,True,0.9,12,14,0.8571428571428571,0,0,0
EXTRAORDINARY GALL,2025-12-30,2026-01-18,19,1200,1200,True,-,False,False,False,1.0,14,14,1.0,0,0,0
DAN ATTACK,2025-12-30,2026-01-14,15,1200,1200,True,++,False,True,True,0.1,2,12,0.16666666666666666,0,1,1
EVER LUCK,2025-12-30,2026-01-11,12,1200,1200,True,+,False,False,False,0.2,3,12,0.25,0,1,1
CORLEONE,2025-12-30,2026-01-07,8,1200,1650,False,++,False,False,False,0.3,2,12,0.16666666666666666,0,1,1
WIN METHOD,2025-12-30,2026-01-28,29,1200,1200,True,++,False,False,False,0.4,11,12,0.9166666666666666,0,0,0
LUCKY BALERION,2025-12-30,2026-01-25,26,1200,1400,True,+,False,False,True,0.5,6,14,0.42857142857142855,0,0,1
RELIABLE DAD,2025-12-30,2026-01-18,19,1200,1600,False,0,False,False,True,0.6,4,14,0.2857142857142857,0,0,1
RAINBOW WARRIOR,2025-12-30,2026-01-11,12,1200,1400,True,0,False,False,False,0.7,13,14,0.9285714285714286,0,0,0
JOLTIN,2025-12-30,2026-02-14,46,1200,1200,True,-,False,False,False,0.9,8,11,0.7272727272727273,0,0,0
AQUAMAN,2025-12-30,2026-01-11,12,1200,1200,True,0,False,False,False,,11,12,0.9166666666666666,0,0,0
MONEY TYCOON,2025-12-30,2026-01-11,12,1200,1200,True,++,False,True,True,0.1,11,12,0.9166666666666666,0,0,0
FLYING KNIGHT,2025-12-30,2026-01-11,12,1200,1400,True,+,False,False,True,0.2,9,14,0.6428571428571429,0,0,0
MASTER OF HUMOR,2025-12-30,2026-01-18,19,1200,1200,True,+,False,False,True,0.3,11,14,0.7857142857142857,0,0,0
GOLDEN WIN,2025-12-30,2026-01-25,26,1200,1200,True,+,False,False,False,0.4,10,14,0.7142857142857143,0,0,0
GOLD TACK,2025-12-30,2026-01-07,8,1200,1800,False,+,False,False,True,0.5,4,12,0.3333333333333333,0,0,1
REZEKI,2025-12-30,2026-01-11,12,1200,1400,True,0,False,False,False,0.6,1,14,0.07142857142857142,1,1,1
BLOSSOMY,2025-12-30,2026-01-18,19,1200,1600,False,+,False,False,False,0.7,13,14,0.9285714285714286,0,0,0
ON THE LASH,2025-12-30,2026-01-18,19,1200,2000,False,0,False,False,False,0.8,10,14,0.7142857142857143,0,0,0
YOUNG FIGHTER,2025-12-30,2026-01-11,12,1200,1400,True,+,False,False,True,0.9,9,15,0.6,0,0,0
ALPHA STRIKE,2026-01-02,2026-01-11,9,1200,1200,True,++,False,True,True,0.1111111111111111,10,12,0.8333333333333334,0,0,0
SON PAK FU,2026-01-02,2026-01-14,12,1200,1200,True,+,False,False,True,0.2222222222222222,6,12,0.5,0,0,1
PRESTIGE GOOD,2026-01-02,2026-01-11,9,1200,1800,False,+,False,False,True,0.3333333333333333,5,14,0.35714285714285715,0,0,1
TALENTS AMBITION,2026-01-02,2026-01-21,19,1200,1650,False,++,False,False,False,0.4444444444444444,3,6,0.5,0,1,1
HELIOS EXPRESS,2026-01-02,2026-01-25,23,1200,1200,True,+,True,False,False,0.5555555555555556,2,7,0.2857142857142857,0,1,1
GLITTERING LEGEND,2026-01-02,2026-01-18,16,1200,1400,True,0,False,False,True,0.6666666666666666,10,14,0.7142857142857143,0,0,0
ENSUED,2026-01-02,2026-01-14,12,1200,1800,False,0,False,False,True,0.7777777777777778,10,12,0.8333333333333334,0,0,0
HONG LOK GOLF,2026-01-02,2026-01-14,12,1200,1800,False,+,True,False,True,0.8888888888888888,6,12,0.5,0,0,1
BEAUTY JOY,2026-01-02,2026-01-14,12,1200,1800,False,+,True,False,False,1.0,8,12,0.6666666666666666,0,0,0
RED LION,2026-01-02,2026-01-25,23,1200,1600,False,++,False,True,True,0.1,9,9,1.0,0,0,0
PACKING FIGHTER,2026-01-02,2026-01-11,9,1200,1800,False,++,False,False,False,0.2,4,14,0.2857142857142857,0,0,1
RAGING BLIZZARD,2026-01-02,2026-01-25,23,1200,1200,True,+,False,False,True,0.3,4,7,0.5714285714285714,0,0,0
URANUS STAR,2026-01-02,2026-01-11,9,1200,1600,False,+,False,False,True,0.4,10,14,0.7142857142857143,0,0,0
HOTT SHOTT,2026-01-02,2026-01-11,9,1200,1600,False,-,False,False,False,0.5,14,14,1.0,0,0,0
TYCOON EXPRESS,2026-01-02,2026-01-18,16,1200,1200,True,+,False,False,True,0.6,6,14,0.42857142857142855,0,0,1
POET'S REIGN,2026-01-02,2026-02-01,30,1200,1000,True,-,False,False,False,0.7,2,14,0.14285714285714285,0,1,1
SUPER SICARIO,2026-01-02,2026-01-07,5,1200,1800,False,+,True,False,False,0.8,7,12,0.5833333333333334,0,0,0
THE ABSOLUTE,2026-01-02,2026-02-08,37,1200,1400,True,-,False,False,False,0.9,7,14,0.5,0,0,1
LEATHER GOODS,2026-01-02,2026-01-14,12,1200,1200,True,-,False,False,False,1.0,10,12,0.8333333333333334,0,0,0
SUPER EXPRESS,2026-01-02,2026-01-18,16,1200,1400,True,++,False,True,True,0.1,2,14,0.14285714285714285,0,1,1
ELITE GOLF,2026-01-02,2026-01-11,9,1200,1200,True,+,False,False,True,0.2,1,12,0.08333333333333333,1,1,1
CONRAD THE GREAT,2026-01-02,2026-01-11,9,1200,1200,True,+,False,False,True,0.3,9,12,0.75,0,0,0
CHATER FLASH,2026-01-02,2026-02-01,30,1200,1200,True,+,False,False,False,0.4,7,14,0.5,0,0,1
SUGAR QUEEN PRAWN,2026-01-02,2026-01-21,19,1200,1200,True,+,True,False,True,0.6,9,12,0.75,0,0,0
RED BRICK WARRIOR,2026-01-02,2026-01-11,9,1200,1400,True,0,False,False,True,0.7,10,14,0.7142857142857143,0,0,0
THE BOOM BOX,2026-01-02,2026-01-14,12,1200,1650,False,+,False,False,True,0.8,5,12,0.4166666666666667,0,0,1
INCANTO STAR,2026-01-02,2026-01-14,12,1200,1650,False,-,False,False,False,0.9,2,14,0.14285714285714285,0,1,1
INNO SUPER,2026-01-02,2026-01-14,12,1200,1650,False,0,False,False,True,,2,12,0.16666666666666666,0,1,1
YOUTHFUL SPIRITS,2026-01-02,2026-01-14,12,1050,1200,True,++,False,True,False,0.16666666666666666,8,12,0.6666666666666666,0,0,0
DANICA'S CHOICE,2026-01-02,2026-01-18,16,1050,1200,True,+,False,False,True,0.3333333333333333,9,14,0.6428571428571429,0,0,0
PRESTIGE SUPERIOR,2026-01-02,2026-01-07,5,1050,1200,True,-,False,False,False,0.8333333333333334,12,12,1.0,0,0,0
SKY CAP,2026-01-06,2026-01-14,8,1200,1200,True,++,False,True,True,0.1111111111111111,5,12,0.4166666666666667,0,0,1
ALSONSO,2026-01-06,2026-02-01,26,1200,1000,True,+,False,False,False,0.2222222222222222,13,14,0.9285714285714286,0,0,0
CHANCHENG GLORY,2026-01-06,2026-01-14,8,1200,1800,False,+,False,False,True,0.3333333333333333,7,12,0.5833333333333334,0,0,0
STELLAR SWIFT,2026-01-06,2026-01-18,12,1200,1400,True,++,False,False,False,0.4444444444444444,12,14,0.8571428571428571,0,0,0
COOL BOY,2026-01-06,2026-01-18,12,1200,1200,True,0,False,False,False,0.5555555555555556,1,14,0.07142857142857142,1,1,1
MAX QUE,2026-01-06,2026-01-14,8,1200,1650,False,0,False,False,False,0.7777777777777778,1,12,0.08333333333333333,1,1,1
MABUBU,2026-01-06,2026-02-01,26,1200,1200,True,-,False,False,False,1.0,8,14,0.5714285714285714,0,0,0
SUPREME WINNER,2026-01-06,2026-01-21,15,1200,1650,False,++,False,True,True,0.1,11,14,0.7857142857142857,0,0,0
HOT DELIGHT,2026-01-06,2026-01-18,12,1200,1200,True,+,False,False,True,0.2,1,14,0.07142857142857142,1,1,1
MALPENSA,2026-01-06,2026-01-18,12,1200,1200,True,+,False,False,False,0.3,4,14,0.2857142857142857,0,0,1
MEGA MASTERMIND,2026-01-06,2026-01-18,12,1200,1200,True,++,False,False,True,0.4,8,14,0.5714285714285714,0,0,0
EVERYONE'S GALLOP,2026-01-06,2026-01-18,12,1200,1200,True,++,False,False,True,0.5,11,14,0.7857142857142857,0,0,0
EXCEED THE WISH,2026-01-06,2026-01-21,15,1200,1200,True,-,False,False,False,0.6,11,12,0.9166666666666666,0,0,0
WISDOM STAR,2026-01-06,2026-02-22,47,1200,1800,False,0,False,False,True,0.7,14,14,1.0,0,0,0
TOP TIME,2026-01-06,2026-01-18,12,1200,1400,True,+,True,False,False,0.8,6,15,0.4,0,0,1
SOLID CAR,2026-01-06,2026-01-18,12,1200,1200,True,+,True,False,False,0.9,3,14,0.21428571428571427,0,1,1
INNO SUPER,2026-01-06,2026-01-14,8,1200,1650,False,-,False,False,False,1.0,2,12,0.16666666666666666,0,1,1
BINGO BABE,2026-01-06,2026-02-19,44,1050,1200,True,++,False,True,True,0.25,7,14,0.5,0,0,1
COLONEL,2026-01-06,2026-01-14,8,1050,1200,True,++,False,False,True,0.5,12,12,1.0,0,0,0
SUPER RUBICK KID,2026-01-06,2026-01-25,19,1050,1200,True,-,False,False,False,1.0,12,14,0.8571428571428571,0,0,0
SWORD POINT,2026-01-08,2026-01-21,13,1200,1650,False,++,True,True,True,0.2,4,6,0.6666666666666666,0,0,0
GORGEOUS WIN,2026-01-08,2026-01-21,13,1200,1650,False,+,False,False,False,0.4,2,6,0.3333333333333333,0,1,1
GAZELEY,2026-01-08,2026-01-28,20,1200,1200,True,0,False,False,True,0.6,10,13,0.7692307692307693,0,0,0
CHILL EASY,2026-01-08,2026-01-18,10,1200,1400,True,+,False,False,False,0.8,8,14,0.5714285714285714,0,0,0
MASTEROFMYUNIVERSE,2026-01-08,2026-01-14,6,1200,1200,True,-,False,False,False,1.0,5,12,0.4166666666666667,0,0,1
DEVAS TWELVE,2026-01-08,2026-01-18,10,1200,1400,True,++,False,True,True,0.16666666666666666,6,15,0.4,0,0,1
SUPERB CAPITALIST,2026-01-08,2026-01-14,6,1200,1200,True,+,False,False,False,0.3333333333333333,9,12,0.75,0,0,0
GRACIOUS EXPRESS,2026-01-08,2026-01-28,20,1200,1200,True,++,False,False,False,0.5,9,13,0.6923076923076923,0,0,0
TO INFINITY,2026-01-08,2026-01-28,20,1200,1650,False,0,False,False,True,0.6666666666666666,12,12,1.0,0,0,0
AMAZING GAZE,2026-01-08,2026-01-18,10,1200,1600,False,+,False,False,True,0.8333333333333334,3,14,0.21428571428571427,0,1,1
MEANINGFUL DRAGON,2026-01-08,2026-01-25,17,1200,1400,True,-,False,False,True,1.0,12,14,0.8571428571428571,0,0,0
CONRAD PATCH,2026-01-08,2026-01-18,10,1200,1200,True,++,False,True,True,0.16666666666666666,2,14,0.14285714285714285,0,1,1
ROBOT KNIGHT,2026-01-08,2026-01-21,13,1200,1200,True,++,False,False,False,0.3333333333333333,5,12,0.4166666666666667,0,0,1
FIREFOOT,2026-01-08,2026-01-21,13,1200,1800,False,+,False,False,True,0.5,3,14,0.21428571428571427,0,1,1
BOWSER,2026-01-08,2026-01-18,10,1200,1200,True,0,False,False,False,0.6666666666666666,12,14,0.8571428571428571,0,0,0
FAMILY KNIGHT,2026-01-08,2026-02-08,31,1200,1400,True,-,False,False,True,0.8333333333333334,12,14,0.8571428571428571,0,0,0
HERE COMES PLUTUS,2026-01-08,2026-01-18,10,1200,1200,True,-,False,False,True,1.0,7,14,0.5,0,0,1
NEBRASKAN,2026-01-08,2026-01-14,6,1200,1200,True,++,False,True,True,0.2,6,12,0.5,0,0,1
ATOMIC BEAUTY,2026-01-08,2026-01-21,13,1200,1650,False,++,False,False,True,0.4,12,14,0.8571428571428571,0,0,0
ACE,2026-01-08,2026-01-18,10,1200,1600,False,0,False,False,True,0.6,10,14,0.7142857142857143,0,0,0
COOL BLUE,2026-01-08,2026-01-18,10,1200,2000,False,-,False,False,False,0.8,4,14,0.2857142857142857,0,0,1
PERFECT PEACH,2026-01-08,2026-02-11,34,1200,1650,False,+,False,False,False,1.0,10,12,0.8333333333333334,0,0,0
SILO,2026-01-09,2026-01-25,16,1200,1600,False,++,False,True,True,0.125,9,14,0.6428571428571429,0,0,0
LUCKY SWEYNESSE,2026-01-09,2026-01-25,16,1200,1600,False,++,False,False,False,0.375,2,9,0.2222222222222222,0,1,1
SUPER EXPRESS,2026-01-09,2026-01-18,9,1200,1400,True,++,False,False,False,0.5,2,14,0.14285714285714285,0,1,1
VOYAGE BUBBLE,2026-01-09,2026-01-25,16,1200,1600,False,0,False,False,True,0.75,3,9,0.3333333333333333,0,1,1
GLORIOUS SUCCESS,2026-01-09,2026-01-21,12,1200,1800,False,-,False,False,True,1.0,5,14,0.35714285714285715,0,0,1
PATCH OF STARS,2026-01-09,2026-01-25,16,1200,1200,True,++,False,True,True,0.1111111111111111,3,11,0.2727272727272727,0,1,1
CHEER FOR SOUTH,2026-01-09,2026-02-19,41,1200,1200,True,++,False,False,True,0.2222222222222222,9,14,0.6428571428571429,0,0,0
WINNING MACHINE,2026-01-09,2026-02-08,30,1200,1400,True,+,False,False,False,0.3333333333333333,2,14,0.14285714285714285,0,1,1
BIG STRIDE,2026-01-09,2026-01-21,12,1200,1650,False,++,False,False,False,0.4444444444444444,14,14,1.0,0,0,0
VERBIER,2026-01-09,2026-01-21,12,1200,1650,False,+,False,False,False,0.5555555555555556,9,14,0.6428571428571429,0,0,0
GOLDEN LUCK,2026-01-09,2026-01-25,16,1200,1400,True,+,True,False,False,0.6666666666666666,7,14,0.5,0,0,1
MEEPMEEP,2026-01-09,2026-01-18,9,1200,2000,False,0,False,False,False,0.7777777777777778,11,14,0.7857142857142857,0,0,0
KIAMA,2026-01-09,2026-02-01,23,1200,1200,True,-,False,False,False,0.8888888888888888,6,14,0.42857142857142855,0,0,1
GIDDY UP,2026-01-09,2026-02-01,23,1200,1400,True,0,False,False,True,,12,14,0.8571428571428571,0,0,0
MACANESE MASTER,2026-01-09,2026-01-21,12,1050,1200,True,++,True,True,True,0.14285714285714285,3,12,0.25,0,1,1
FUN ELITE,2026-01-09,2026-01-28,19,1050,1000,True,++,True,False,False,0.2857142857142857,5,12,0.4166666666666667,0,0,1
COURIER MAGIC,2026-01-09,2026-01-21,12,1050,1650,False,+,False,False,False,0.42857142857142855,5,14,0.35714285714285715,0,0,1
CELESTIAL HARMONY,2026-01-09,2026-01-21,12,1050,1650,False,+,False,False,True,0.5714285714285714,1,14,0.07142857142857142,1,1,1
MY WISH,2026-01-10,2026-01-25,15,1700,1600,True,++,False,True,True,0.125,4,9,0.4444444444444444,0,0,1
LE ZONDA,2026-01-10,2026-01-25,15,1700,2000,False,+,False,False,False,0.25,6,10,0.6,0,0,0
VIOLET STAR,2026-01-10,2026-01-18,8,1700,1600,True,+,False,False,True,0.375,5,14,0.35714285714285715,0,0,1
CALIFORNIA BAY,2026-01-10,2026-01-28,18,1700,1650,True,+,False,False,False,0.5,4,12,0.3333333333333333,0,0,1
LA CITY BLANCHE,2026-01-10,2026-01-25,15,1700,2000,False,0,False,False,True,0.625,8,10,0.8,0,0,0
LIGHTNESS OF BEING,2026-01-10,2026-02-01,22,1700,1600,True,-,False,False,False,0.75,13,14,0.9285714285714286,0,0,0
FURY AND GOLD,2026-01-10,2026-01-18,8,1700,2000,False,+,False,False,True,0.875,14,14,1.0,0,0,0
FOREVER BEAR,2026-01-10,2026-01-25,15,1700,1600,True,-,False,False,False,1.0,10,14,0.7142857142857143,0,0,0
RED SEA,2026-01-10,2026-02-14,35,1200,1200,True,++,False,False,True,0.25,3,11,0.2727272727272727,0,1,1
TOPSPIN KING,2026-01-10,2026-02-25,46,1200,1200,True,+,False,False,True,0.375,11,12,0.9166666666666666,0,0,0
TOGETHER WE VALUE,2026-01-10,2026-02-01,22,1200,1000,True,++,False,False,False,0.5,2,12,0.16666666666666666,0,1,1
WINNING BUDDIES,2026-01-10,2026-01-25,15,1200,1200,True,0,False,False,False,0.625,11,14,0.7857142857142857,0,0,0
DREAMING TOGETHER,2026-01-10,2026-02-08,29,1200,1400,True,-,False,False,True,0.75,10,14,0.7142857142857143,0,0,0
HAPPY TERCENTENARY,2026-01-10,2026-01-18,8,1200,1400,True,-,False,False,False,0.875,13,14,0.9285714285714286,0,0,0
ROMANTIC GLADIATOR,2026-01-10,2026-03-04,53,1200,1200,True,-,False,False,False,1.0,4,10,0.4,0,0,1
GALLANT DESIGN,2026-01-10,2026-01-25,15,1200,1200,True,++,True,True,True,0.1111111111111111,2,14,0.14285714285714285,0,1,1
HAPPY BRETHREN,2026-01-10,2026-02-22,43,1200,1200,True,+,False,False,True,0.2222222222222222,4,15,0.26666666666666666,0,0,1
MERLION,2026-01-10,2026-02-01,22,1200,1200,True,+,False,False,True,0.3333333333333333,12,14,0.8571428571428571,0,0,0
FLYING LUCK,2026-01-10,2026-01-25,15,1200,1600,False,++,False,False,False,0.4444444444444444,1,14,0.07142857142857142,1,1,1
FULL OF LAUGHTER,2026-01-10,2026-01-25,15,1200,1200,True,0,False,False,True,0.5555555555555556,14,14,1.0,0,0,0
LIGHTNING ACE,2026-01-10,2026-02-11,32,1200,1200,True,0,False,False,False,0.6666666666666666,9,12,0.75,0,0,0
MAGIC SUPER,2026-01-10,2026-02-01,22,1200,1200,True,-,False,False,True,0.8888888888888888,14,14,1.0,0,0,0
REGROWTH WINNER,2026-01-10,2026-01-28,18,1200,1200,True,-,False,False,False,1.0,12,12,1.0,0,0,0
TSUEN WAN GLORY,2026-01-10,2026-01-28,18,1200,1650,False,++,False,True,False,0.1111111111111111,9,12,0.75,0,0,0
GET FRIENDLY,2026-01-10,2026-01-28,18,1200,1200,True,++,True,False,False,0.2222222222222222,8,12,0.6666666666666666,0,0,0
DECISION LINK,2026-01-10,2026-02-01,22,1200,1200,True,+,False,False,True,0.3333333333333333,5,14,0.35714285714285715,0,0,1
GORGEOUS VICTORY,2026-01-10,2026-02-19,40,1200,1400,True,++,False,False,True,0.4444444444444444,6,14,0.42857142857142855,0,0,1
CHATER FLASH,2026-01-10,2026-02-01,22,1200,1200,True,0,False,False,False,0.5555555555555556,7,14,0.5,0,0,1
SPICY BONUS,2026-01-10,2026-02-01,22,1200,1000,True,0,False,False,True,0.6666666666666666,12,14,0.8571428571428571,0,0,0
FLYING AMANI,2026-01-10,2026-01-18,8,1200,1400,True,+,False,False,True,0.7777777777777778,7,15,0.4666666666666667,0,0,1
SUPER MASTERMIND,2026-01-10,2026-01-18,8,1200,1400,True,-,False,False,False,0.8888888888888888,13,15,0.8666666666666667,0,0,0
CITY GOLD BANNER,2026-01-10,2026-01-18,8,1000,1000,True,++,False,True,False,0.1111111111111111,1,11,0.09090909090909091,1,1,1
TOP THRONE,2026-01-10,2026-01-25,15,1000,1000,True,+,False,False,True,0.2222222222222222,11,14,0.7857142857142857,0,0,0
IRON SECURITY,2026-01-10,2026-02-04,25,1000,1000,True,+,False,False,False,0.4444444444444444,9,13,0.6923076923076923,0,0,0
BUNTA BABY,2026-01-10,2026-01-28,18,1000,1000,True,+,False,False,False,0.5555555555555556,3,12,0.25,0,1,1
LUCKY DOCTOR,2026-01-10,2026-02-08,29,1000,1200,True,0,False,False,True,0.6666666666666666,12,12,1.0,0,0,0
BUSTLING CITY,2026-01-10,2026-02-01,22,1000,1000,True,++,False,True,False,0.1,9,14,0.6428571428571429,0,0,0
KWAI CHUNG TALENTS,2026-01-10,2026-01-25,15,1000,1000,True,++,False,False,False,0.3,14,14,1.0,0,0,0
VIVA BOSS,2026-01-10,2026-01-25,15,1000,1000,True,+,False,False,False,0.4,9,14,0.6428571428571429,0,0,0
RELENTLESS PURSUIT,2026-01-10,2026-03-01,50,1000,1200,True,+,False,False,False,0.5,6,15,0.4,0,0,1
ACE CHAMPION,2026-01-10,2026-02-04,25,1000,1000,True,+,False,False,True,0.6,6,13,0.46153846153846156,0,0,1
SOARING STEED,2026-01-10,2026-02-11,32,1000,1000,True,0,False,False,False,0.7,9,12,0.75,0,0,0
FORTUNE GOLDSADDLE,2026-01-10,2026-02-01,22,1000,1000,True,-,False,False,True,0.8,14,14,1.0,0,0,0
SPICY SPANGLE,2026-01-10,2026-01-28,18,1000,1000,True,++,False,True,True,0.1,4,12,0.3333333333333333,0,0,1
GLORIOUS EXPERT,2026-01-10,2026-01-28,18,1000,1000,True,++,True,False,False,0.2,5,12,0.4166666666666667,0,0,1
JACKSON HABIT,2026-01-10,2026-02-11,32,1000,1000,True,+,False,False,True,0.4,12,12,1.0,0,0,0
CIRCUIT CHAMPION,2026-01-10,2026-01-18,8,1000,1200,True,+,False,False,True,0.6,2,14,0.14285714285714285,0,1,1
RACINGRACE,2026-01-10,2026-02-11,32,1000,1000,True,0,False,False,True,0.8,11,13,0.8461538461538461,0,0,0
TACTICAL VICTORY,2026-01-12,2026-01-18,6,1000,1000,True,++,False,True,True,0.125,11,11,1.0,0,0,0
JUBILANT WINNER,2026-01-12,2026-01-25,13,1000,1200,True,+,False,False,False,0.25,4,14,0.2857142857142857,0,0,1
STANLEY EXPRESS,2026-01-12,2026-02-14,33,1000,1000,True,++,True,False,False,0.375,14,14,1.0,0,0,0
HAPPY UNITED,2026-01-12,2026-01-28,16,1000,1000,True,+,False,False,False,0.5,6,12,0.5,0,0,1
OCEAN IMPACT,2026-01-12,2026-02-04,23,1000,1800,False,+,False,False,False,0.625,6,12,0.5,0,0,1
DOUBLE MONEY,2026-01-12,2026-01-28,16,1000,1200,True,0,False,False,False,0.75,12,13,0.9230769230769231,0,0,0
FLYING CHRISTIE,2026-01-12,2026-01-18,6,1000,1200,True,-,False,False,False,0.875,12,14,0.8571428571428571,0,0,0
SIR CHARGE,2026-01-12,2026-01-28,16,1000,1000,True,-,False,False,False,1.0,11,12,0.9166666666666666,0,0,0
YODA'S CHOICE,2026-01-12,2026-01-21,9,1000,1800,False,+,False,False,True,0.2857142857142857,8,14,0.5714285714285714,0,0,0
MEGA FORCE,2026-01-12,2026-01-21,9,1000,1650,False,-,False,False,True,1.0,7,14,0.5,0,0,1
STAR PERFORMER,2026-01-12,2026-01-28,16,1000,1000,True,++,False,True,True,0.125,4,12,0.3333333333333333,0,0,1
MASTER LUCKY,2026-01-12,2026-02-01,20,1000,1000,True,+,False,False,True,0.25,1,14,0.07142857142857142,1,1,1
NOBLE FANS,2026-01-12,2026-01-25,13,1000,1200,True,+,False,False,False,0.5,6,14,0.42857142857142855,0,0,1
ON THE LASH,2026-01-12,2026-01-18,6,1000,2000,False,-,False,False,True,0.625,10,14,0.7142857142857143,0,0,0
ABSOLUTE LUCKY,2026-01-12,2026-02-22,41,1000,1000,True,-,False,False,False,0.75,9,15,0.6,0,0,0
PHOENIX LIGHT,2026-01-12,2026-02-14,33,800,1200,False,++,True,False,False,0.42857142857142855,8,12,0.6666666666666666,0,0,0
HEROIC VANGUARD,2026-01-12,2026-03-08,55,800,1200,False,+,False,False,False,0.5714285714285714,5,12,0.4166666666666667,0,0,1
MAPOGO,2026-01-12,2026-03-08,55,800,1000,True,++,False,True,False,0.125,4,14,0.2857142857142857,0,0,1
JOY STAR,2026-01-12,2026-02-22,41,800,1000,True,+,False,False,False,0.25,7,15,0.4666666666666667,0,0,1
DAILY ACCLAIM,2026-01-12,2026-03-01,48,800,1200,False,+,False,False,False,0.375,4,14,0.2857142857142857,0,0,1
LUCKY YEAR,2026-01-12,2026-02-08,27,800,1400,False,++,True,False,False,0.5,4,16,0.25,0,0,1
PAPAYA BROSE,2026-01-12,2026-02-19,38,800,1200,False,++,False,False,False,0.375,1,14,0.07142857142857142,1,1,1
GENTLEMEN LEGACY,2026-01-12,2026-01-25,13,1200,2000,False,++,False,True,False,0.2,3,10,0.3,0,1,1
MICKLEY,2026-01-12,2026-01-25,13,1200,1200,True,++,False,False,True,0.4,7,14,0.5,0,0,1
LUCKY WITH YOU,2026-01-12,2026-01-25,13,1200,1200,True,+,True,False,False,0.6,6,7,0.8571428571428571,0,0,0
ENDUED,2026-01-12,2026-01-18,6,1200,1600,False,+,False,False,False,0.8,6,14,0.42857142857142855,0,0,1
BRILLIANT EXPRESS,2026-01-12,2026-02-22,41,1200,1400,True,-,False,False,False,1.0,7,14,0.5,0,0,1
THOUSAND SPIRIT,2026-01-12,2026-01-18,6,1200,1400,True,++,False,True,False,0.1111111111111111,3,15,0.2,0,1,1
POWER OF VITAM,2026-01-12,2026-02-01,20,1200,1400,True,+,False,False,True,0.2222222222222222,9,14,0.6428571428571429,0,0,0
CALL ME SUCCESS,2026-01-12,2026-02-01,20,1200,1200,True,++,False,False,True,0.3333333333333333,5,14,0.35714285714285715,0,0,1
TIME TO FIRE,2026-01-12,2026-01-25,13,1200,1400,True,++,False,False,True,0.4444444444444444,7,14,0.5,0,0,1
LOVEISINTHEAIR,2026-01-12,2026-01-25,13,1200,1400,True,-,False,False,True,0.6666666666666666,12,14,0.8571428571428571,0,0,0
NORTHERN BEAST,2026-01-12,2026-02-11,30,1200,1650,False,0,False,False,True,0.7777777777777778,3,13,0.23076923076923078,0,1,1
STAR BROSE,2026-01-12,2026-01-21,9,1200,1800,False,+,False,False,False,0.8888888888888888,9,14,0.6428571428571429,0,0,0
GREY CHARGER,2026-01-12,2026-02-08,27,1200,1400,True,-,False,False,False,1.0,11,14,0.7857142857142857,0,0,0
RAINBOW SEVEN,2026-01-12,2026-02-04,23,1200,1200,True,++,False,True,False,0.125,11,12,0.9166666666666666,0,0,0
THUNDER BLINK,2026-01-12,2026-01-28,16,1200,1650,False,++,False,False,False,0.25,1,12,0.08333333333333333,1,1,1
HAPPYDEARHAPPYDEER,2026-01-12,2026-01-21,9,1200,1800,False,-,False,False,False,0.5,13,14,0.9285714285714286,0,0,0
LUCKY GIBS,2026-01-12,2026-02-22,41,1200,1200,True,0,False,False,True,0.625,10,15,0.6666666666666666,0,0,0
RISING FROM EAST,2026-01-12,2026-03-01,48,1200,1200,True,-,False,False,True,0.75,14,14,1.0,0,0,0
GRAND TURBO,2026-01-12,2026-02-22,41,1200,1400,True,-,False,False,True,0.875,12,14,0.8571428571428571,0,0,0
KING CANNON,2026-01-12,2026-03-11,58,1200,1200,True,0,False,False,True,,8,12,0.6666666666666666,0,0,0
ROMANTIC WARRIOR,2026-01-13,2026-01-25,12,1200,1600,False,++,True,True,False,0.14285714285714285,1,9,0.1111111111111111,1,1,1
SUNLIGHT POWER,2026-01-13,2026-01-25,12,1200,1600,False,++,False,False,True,0.2857142857142857,4,9,0.4444444444444444,0,0,1
WINFIELD,2026-01-13,2026-02-01,19,1200,1600,False,+,False,False,False,0.42857142857142855,13,14,0.9285714285714286,0,0,0
TELECOM FIGHTERS,2026-01-13,2026-01-21,8,1200,1650,False,0,False,False,True,0.5714285714285714,4,14,0.2857142857142857,0,0,1
SHANDONG SPIRIT,2026-01-13,2026-02-22,40,1200,1000,True,0,False,False,False,0.7142857142857143,8,15,0.5333333333333333,0,0,0
PERFECT TEAM,2026-01-13,2026-01-21,8,1200,1200,True,-,False,False,False,0.8571428571428571,9,12,0.75,0,0,0
PACKING ANGEL,2026-01-13,2026-01-25,12,1200,1200,True,+,True,False,True,1.0,10,11,0.9090909090909091,0,0,0
GOLD PATCH,2026-01-13,2026-01-25,12,1200,1000,True,++,False,True,False,0.1111111111111111,1,14,0.07142857142857142,1,1,1
DAZZLING FIT,2026-01-13,2026-01-25,12,1200,1600,False,++,False,False,True,0.2222222222222222,6,14,0.42857142857142855,0,0,1
TALENTS AMBITION,2026-01-13,2026-01-21,8,1200,1650,False,+,False,False,True,0.3333333333333333,3,6,0.5,0,1,1
ORIGIN OF FORM,2026-01-13,2026-01-25,12,1200,1200,True,-,False,False,False,0.5555555555555556,12,14,0.8571428571428571,0,0,0
ELEGANT LIFE,2026-01-13,2026-01-25,12,1200,1200,True,+,True,False,True,0.6666666666666666,4,14,0.2857142857142857,0,0,1
CALIFORNIA STAR,2026-01-13,2026-01-21,8,1200,1650,False,+,False,False,False,0.7777777777777778,3,14,0.21428571428571427,0,1,1
GENEVA,2026-01-13,2026-03-01,47,1200,1200,True,-,False,False,False,0.8888888888888888,3,11,0.2727272727272727,0,1,1
KA YING GLORY,2026-01-13,2026-01-28,15,1200,1650,False,++,False,True,False,0.1,5,12,0.4166666666666667,0,0,1
BETTER AND BETTER,2026-01-13,2026-01-25,12,1200,1200,True,++,False,False,False,0.2,4,14,0.2857142857142857,0,0,1
SIGHT DREAMER,2026-01-13,2026-01-21,8,1200,1650,False,++,False,False,False,0.3,1,14,0.07142857142857142,1,1,1
SUPER DRAGON,2026-01-13,2026-01-25,12,1200,1400,True,++,True,False,False,0.4,6,14,0.42857142857142855,0,0,1
GOOD GOOD,2026-01-13,2026-01-21,8,1200,1800,False,-,False,False,False,0.5,2,14,0.14285714285714285,0,1,1
RUSSET GLOW,2026-01-13,2026-01-25,12,1200,1200,True,+,False,False,True,0.6,8,14,0.5714285714285714,0,0,0
ALL EYES ON ME,2026-01-13,2026-01-21,8,1200,1650,False,0,False,False,True,0.8,4,14,0.2857142857142857,0,0,1
SUNNY Q,2026-01-13,2026-01-25,12,1200,1200,True,-,False,False,False,1.0,5,14,0.35714285714285715,0,0,1
PARENTS' LOVE,2026-01-13,2026-01-21,8,1050,1200,True,++,False,True,False,0.1,11,12,0.9166666666666666,0,0,0
YEE CHEONG GLORY,2026-01-13,2026-01-25,12,1050,1000,True,++,False,False,False,0.2,3,14,0.21428571428571427,0,1,1
SPICY SPEEDY,2026-01-13,2026-01-25,12,1050,1000,True,++,False,False,False,0.3,6,14,0.42857142857142855,0,0,1
GOR GOR,2026-01-13,2026-01-28,15,1050,1200,True,+,False,False,True,0.4,4,12,0.3333333333333333,0,0,1
CIRCUIT HAPPY,2026-01-13,2026-01-21,8,1050,1200,True,++,False,False,True,0.5,10,12,0.8333333333333334,0,0,0
NOBLE DELUXE,2026-01-13,2026-01-21,8,1050,1200,True,0,False,False,False,0.6,1,12,0.08333333333333333,1,1,1
SPARKLING FELLOW,2026-01-13,2026-01-25,12,1050,1000,True,+,True,False,False,0.7,2,14,0.14285714285714285,0,1,1
THUNDER BLAZE,2026-01-13,2026-01-21,8,1050,1200,True,0,False,False,False,0.8,5,12,0.4166666666666667,0,0,1
EVERSTAR,2026-01-13,2026-01-28,15,1050,1200,True,-,False,False,False,0.9,6,12,0.5,0,0,1
GIANT SPIRIT,2026-01-13,2026-01-25,12,1050,1200,True,-,False,False,False,1.0,14,14,1.0,0,0,0
KA YING RISING,2026-01-15,2026-01-25,10,1200,1200,True,++,False,True,False,0.14285714285714285,1,7,0.14285714285714285,1,1,1
ROMANTIC SON,2026-01-15,2026-01-28,13,1200,1200,True,++,False,False,False,0.2857142857142857,1,13,0.07692307692307693,1,1,1
GALAXY PATCH,2026-01-15,2026-01-25,10,1200,1600,False,+,False,False,True,0.42857142857142855,7,9,0.7777777777777778,0,0,0
MUST GO,2026-01-15,2026-01-21,6,1200,1200,True,+,True,False,True,0.5714285714285714,4,12,0.3333333333333333,0,0,1
ETERNAL RICHNESS,2026-01-15,2026-01-25,10,1200,1400,True,+,True,False,False,0.7142857142857143,14,14,1.0,0,0,0
HELIOS EXPRESS,2026-01-15,2026-01-25,10,1200,1200,True,-,False,False,False,0.8571428571428571,2,7,0.2857142857142857,0,1,1
CAPTAIN LINK,2026-01-15,2026-01-21,6,1200,1200,True,-,False,False,False,1.0,10,12,0.8333333333333334,0,0,0
GREATER BAE,2026-01-15,2026-01-28,13,1200,1200,True,++,False,True,True,0.14285714285714285,1,12,0.08333333333333333,1,1,1
RED LION,2026-01-15,2026-01-25,10,1200,1600,False,+,False,False,False,0.2857142857142857,9,9,1.0,0,0,0
RAGING BLIZZARD,2026-01-15,2026-01-25,10,1200,1200,True,++,False,False,False,0.42857142857142855,4,7,0.5714285714285714,0,0,0
CAMP FIRE,2026-01-15,2026-03-11,55,1200,1000,True,-,False,False,True,0.5714285714285714,10,12,0.8333333333333334,0,0,0
BEAUTY GEMINI,2026-01-15,2026-01-25,10,1200,1000,True,-,False,False,True,0.7142857142857143,12,14,0.8571428571428571,0,0,0
ALWAYS MY FOLKS,2026-01-15,2026-02-19,35,1200,1200,True,+,False,False,False,0.8571428571428571,8,14,0.5714285714285714,0,0,0
STURDY RUBY,2026-01-15,2026-01-21,6,1200,1650,False,0,False,False,True,,6,14,0.42857142857142855,0,0,1
FAST NETWORK,2026-01-16,2026-01-25,9,1000,1200,True,++,False,True,True,0.1,3,7,0.42857142857142855,0,1,1
TOMODACHI KOKOROE,2026-01-16,2026-01-25,9,1000,1200,True,+,False,False,False,0.2,5,7,0.7142857142857143,0,0,0
COPARTNER FLEET,2026-01-16,2026-01-28,12,1000,1000,True,+,False,False,False,0.3,1,12,0.08333333333333333,1,1,1
GLOWING PRAISES,2026-01-16,2026-02-01,16,1000,1000,True,+,False,False,False,0.4,1,12,0.08333333333333333,1,1,1
JUMBO BLESSING,2026-01-16,2026-02-22,37,1000,1000,True,+,False,False,False,0.5,12,15,0.8,0,0,0
LADY'S LOVE,2026-01-16,2026-02-22,37,1000,1200,True,-,False,False,False,0.6,5,10,0.5,0,0,1
HARMONY FIRE,2026-01-16,2026-02-11,26,1000,1000,True,0,False,False,False,0.8,3,12,0.25,0,1,1
I CAN,2026-01-16,2026-01-28,12,1000,1800,False,+,True,False,False,0.9,11,12,0.9166666666666666,0,0,0
OSI HONOUR,2026-01-16,2026-02-14,29,1000,1650,False,-,False,False,False,1.0,6,14,0.42857142857142855,0,0,1
SILVER SPURS,2026-01-16,2026-02-01,16,1000,1000,True,++,False,True,False,0.1,3,14,0.21428571428571427,0,1,1
BIENVENUE,2026-01-16,2026-02-11,26,1000,1200,True,++,False,False,False,0.3,4,12,0.3333333333333333,0,0,1
CENTRAL BANK,2026-01-16,2026-02-14,29,1000,1000,True,+,False,False,False,0.4,11,14,0.7857142857142857,0,0,0
KING OF FIGHTERS,2026-01-16,2026-02-19,34,1000,1200,True,+,False,False,False,0.6,11,14,0.7857142857142857,0,0,0
MY TRIUMPH,2026-01-16,2026-02-01,16,1000,1200,True,-,False,False,False,0.8,12,14,0.8571428571428571,0,0,0
IMPRESSIVE CHAMP,2026-01-16,2026-02-01,16,1000,1200,True,-,False,False,False,0.9,13,14,0.9285714285714286,0,0,0
SOARING BRONCO,2026-01-16,2026-01-28,12,1000,1650,False,-,False,False,False,1.0,10,12,0.8333333333333334,0,0,0
ALMIGHTY LIGHTNING,2026-01-16,2026-02-22,37,1000,1000,True,++,False,True,True,0.1,1,15,0.06666666666666667,1,1,1
BABY SAKURA,2026-01-16,2026-02-19,34,1000,1200,True,+,False,False,True,0.2,1,15,0.06666666666666667,1,1,1
LEADING DRAGON,2026-01-16,2026-01-25,9,1000,1000,True,+,False,False,False,0.3,5,14,0.35714285714285715,0,0,1
YEE CHEONG SPIRIT,2026-01-16,2026-02-08,23,1000,1200,True,+,False,False,False,0.4,8,13,0.6153846153846154,0,0,0
NEXT FORTUNE,2026-01-16,2026-02-22,37,1000,1200,True,-,False,False,False,0.5,8,14,0.5714285714285714,0,0,0
ISLAND BREEZES,2026-01-16,2026-01-28,12,1000,1000,True,-,False,False,False,0.8,3,12,0.25,0,1,1
ADORABLE SMILE,2026-01-16,2026-02-01,16,1000,1200,True,-,False,False,False,0.9,11,14,0.7857142857142857,0,0,0
KARMA,2026-01-16,2026-01-25,9,1600,2000,False,++,False,True,True,0.14285714285714285,4,10,0.4,0,0,1
SHANWAH,2026-01-16,2026-02-01,16,1600,1600,True,+,False,False,True,0.2857142857142857,14,14,1.0,0,0,0
CHARITY GAIN,2026-01-16,2026-01-28,12,1600,1800,True,+,False,False,True,0.42857142857142855,5,12,0.4166666666666667,0,0,1
KA YING GENERATION,2026-01-16,2026-01-25,9,1600,2000,False,+,True,False,True,0.5714285714285714,7,10,0.7,0,0,0
SPLENDID FORCE,2026-01-16,2026-02-01,16,1600,1600,True,-,False,False,False,0.7142857142857143,13,14,0.9285714285714286,0,0,0
MULTISUPERSTAR,2026-01-16,2026-01-25,9,1600,1200,False,-,False,False,False,1.0,12,14,0.8571428571428571,0,0,0
SHOOTING TO TOP,2026-01-16,2026-03-01,44,1600,1400,True,++,False,True,True,0.16666666666666666,7,14,0.5,0,0,1
ENTHUSIUM,2026-01-16,2026-02-14,29,1600,1600,True,+,False,False,True,0.3333333333333333,7,15,0.4666666666666667,0,0,1
FLUORESCENCE,2026-01-16,2026-02-01,16,1600,1400,True,++,False,False,True,0.5,11,14,0.7857142857142857,0,0,0
CHEERFUL WONGCHOY,2026-01-16,2026-02-25,40,1600,1200,False,0,False,False,False,0.6666666666666666,6,12,0.5,0,0,1
PACKING GLORY,2026-01-16,2026-01-25,9,1200,1200,True,++,True,True,False,0.16666666666666666,2,14,0.14285714285714285,0,1,1
STRAIGHT ARRON,2026-01-16,2026-01-25,9,1200,1600,False,+,False,False,True,0.3333333333333333,8,9,0.8888888888888888,0,0,0
WITHALLMYFAITH,2026-01-16,2026-01-25,9,1200,1600,False,+,False,False,False,0.5,3,14,0.21428571428571427,0,1,1
SKY VINO,2026-01-16,2026-01-21,5,1200,1650,False,0,False,False,False,0.6666666666666666,2,14,0.14285714285714285,0,1,1
EMBRACES,2026-01-16,2026-01-25,9,1200,1600,False,-,False,False,True,1.0,4,14,0.2857142857142857,0,0,1
LUCKY BALERION,2026-01-16,2026-01-25,9,1200,1400,True,++,False,True,True,0.14285714285714285,6,14,0.42857142857142855,0,0,1
KA YING SUPERB,2026-01-16,2026-03-15,58,1200,1400,True,++,True,False,True,0.2857142857142857,10,12,0.8333333333333334,0,0,0
DASHING PEACH,2026-01-16,2026-02-01,16,1200,1200,True,+,False,False,True,0.42857142857142855,11,14,0.7857142857142857,0,0,0
BEAUTY ALLIANCE,2026-01-16,2026-01-25,9,1200,1600,False,0,False,False,False,0.5714285714285714,5,14,0.35714285714285715,0,0,1
HAPPY BOSS,2026-01-16,2026-02-01,16,1200,1400,True,+,False,False,True,0.7142857142857143,5,14,0.35714285714285715,0,0,1
JOLTIN,2026-01-16,2026-02-14,29,1200,1200,True,-,False,False,True,0.8571428571428571,8,11,0.7272727272727273,0,0,0
VERY GRATEFUL,2026-01-16,2026-02-25,40,1200,1200,True,-,False,False,False,1.0,4,12,0.3333333333333333,0,0,1
TO INFINITY,2026-01-16,2026-01-28,12,1200,1650,False,++,False,True,True,0.125,12,12,1.0,0,0,0
VOYAGE CAPTAIN,2026-01-16,2026-02-19,34,1200,1200,True,+,False,False,True,0.25,7,14,0.5,0,0,1
STORMY KNIGHT,2026-01-16,2026-01-25,9,1200,1200,True,+,False,False,False,0.375,8,14,0.5714285714285714,0,0,0
SMILING CHAMPION,2026-01-16,2026-02-08,23,1200,1200,True,0,False,False,True,0.625,12,13,0.9230769230769231,0,0,0
HEALTHY PONY,2026-01-16,2026-03-01,44,1200,1200,True,0,False,False,True,0.75,14,15,0.9333333333333333,0,0,0
BRILLIANT WINNER,2026-01-16,2026-03-15,58,1200,1200,True,-,False,False,False,1.0,10,12,0.8333333333333334,0,0,0
DOUBLE SHOW,2026-01-16,2026-01-28,12,1200,1650,False,++,False,True,True,0.1,12,12,1.0,0,0,0
STRONGEST BOY,2026-01-16,2026-01-28,12,1200,1650,False,+,False,False,False,0.2,6,12,0.5,0,0,1
RAGGA BOMB,2026-01-16,2026-01-28,12,1200,1650,False,+,False,False,True,0.3,1,12,0.08333333333333333,1,1,1
RUNJEET,2026-01-16,2026-02-08,23,1200,1200,True,+,False,False,True,0.4,10,12,0.8333333333333334,0,0,0
JOLLY BRILLIANT,2026-01-16,2026-01-25,9,1200,1400,True,++,False,False,True,0.5,5,14,0.35714285714285715,0,0,1
TURIN CHAMPIONS,2026-01-16,2026-01-25,9,1200,1400,True,+,False,False,True,0.7,1,14,0.07142857142857142,1,1,1
KOLACHI,2026-01-16,2026-02-11,26,1200,1650,False,0,False,False,True,,5,13,0.38461538461538464,0,0,1
VICTOR THE WINNER,2026-01-20,2026-02-14,25,1000,1200,True,++,False,True,True,0.1,9,12,0.75,0,0,0
RED SEA,2026-01-20,2026-02-14,25,1000,1200,True,++,False,False,True,0.2,3,11,0.2727272727272727,0,1,1
METRO POWER,2026-01-20,2026-02-04,15,1000,1000,True,++,False,False,False,0.3,10,13,0.7692307692307693,0,0,0
GIANT SPIRIT,2026-01-20,2026-01-25,5,1000,1200,True,+,False,False,True,0.4,14,14,1.0,0,0,0
LUCKY DOCTOR,2026-01-20,2026-02-08,19,1000,1200,True,0,False,False,False,0.6,12,12,1.0,0,0,0
AKERMANIS GOLD,2026-01-20,2026-02-01,12,1000,1000,True,-,False,False,False,0.7,10,12,0.8333333333333334,0,0,0
KEMPES,2026-01-20,2026-02-11,22,1000,1650,False,0,False,False,False,0.8,8,12,0.6666666666666666,0,0,0
SMART GOLF,2026-01-20,2026-02-01,12,1000,1200,True,++,True,True,False,0.1,3,14,0.21428571428571427,0,1,1
TOGETHER WE VALUE,2026-01-20,2026-02-01,12,1000,1000,True,+,False,False,True,0.3,2,12,0.16666666666666666,0,1,1
QUANTUM CLOUD,2026-01-20,2026-02-14,25,1000,1200,True,++,False,False,True,0.5,4,11,0.36363636363636365,0,0,1
THE ABSOLUTE,2026-01-20,2026-02-08,19,1000,1400,False,+,False,False,True,0.6,7,14,0.5,0,0,1
MABUBU,2026-01-20,2026-02-01,12,1000,1200,True,0,False,False,True,0.7,8,14,0.5714285714285714,0,0,0
HYMNBOOK,2026-01-20,2026-02-19,30,1000,1400,False,-,False,False,False,0.8,7,13,0.5384615384615384,0,0,0
MY DAY MY WAY,2026-01-20,2026-01-28,8,1000,1200,True,+,False,False,False,0.9,10,12,0.8333333333333334,0,0,0
ROMANTIC GLADIATOR,2026-01-20,2026-03-04,43,1000,1200,True,-,False,False,False,1.0,4,10,0.4,0,0,1
TURQUOISE VELOCITY,2026-01-20,2026-02-14,25,1000,1000,True,++,False,True,False,0.09090909090909091,1,14,0.07142857142857142,1,1,1
RUN RUN SMART,2026-01-20,2026-02-01,12,1000,1200,True,++,False,False,True,0.18181818181818182,9,14,0.6428571428571429,0,0,0
MERLION,2026-01-20,2026-02-01,12,1000,1200,True,++,False,False,False,0.36363636363636365,12,14,0.8571428571428571,0,0,0
LIGHTNING ACE,2026-01-20,2026-02-11,22,1000,1200,True,+,False,False,True,0.45454545454545453,9,12,0.75,0,0,0
FORTUNE GOLDSADDLE,2026-01-20,2026-02-01,12,1000,1000,True,0,False,False,True,0.5454545454545454,14,14,1.0,0,0,0
REGROWTH WINNER,2026-01-20,2026-01-28,8,1000,1200,True,0,False,False,False,0.8181818181818182,12,12,1.0,0,0,0
DIAMOND SPARKLE,2026-01-20,2026-03-18,57,1000,1200,True,-,False,False,False,0.9090909090909091,8,13,0.6153846153846154,0,0,0
BUSTLING CITY,2026-01-20,2026-02-01,12,1000,1000,True,++,False,True,False,0.09090909090909091,9,14,0.6428571428571429,0,0,0
DUKE OF ORANGE,2026-01-20,2026-01-28,8,1000,1200,True,++,False,False,True,0.18181818181818182,7,12,0.5833333333333334,0,0,0
LEGEND STAR,2026-01-20,2026-02-25,36,1000,1200,True,+,False,False,True,0.2727272727272727,1,12,0.08333333333333333,1,1,1
MR INCREDIBLE,2026-01-20,2026-03-15,54,1000,1200,True,++,False,False,True,0.36363636363636365,1,12,0.08333333333333333,1,1,1
COMET RADIANCE,2026-01-20,2026-02-01,12,1000,1000,True,+,False,False,False,0.45454545454545453,7,14,0.5,0,0,1
SUPER RUBICK KID,2026-01-20,2026-01-25,5,1000,1200,True,0,False,False,True,0.5454545454545454,12,14,0.8571428571428571,0,0,0
KIAMA,2026-01-20,2026-02-01,12,1000,1200,True,+,False,False,True,0.8181818181818182,6,14,0.42857142857142855,0,0,1
WISDOM STAR,2026-01-20,2026-02-22,33,1000,1800,False,-,False,False,False,0.9090909090909091,14,14,1.0,0,0,0
CASA PRIMO,2026-01-20,2026-03-08,47,1000,1000,True,-,False,False,False,1.0,5,14,0.35714285714285715,0,0,1
BINGO BABE,2026-01-20,2026-02-19,30,1000,1200,True,++,False,True,False,0.09090909090909091,7,14,0.5,0,0,1
DECISION LINK,2026-01-20,2026-02-01,12,1000,1200,True,+,False,False,True,0.18181818181818182,5,14,0.35714285714285715,0,0,1
WINNING MACHINE,2026-01-20,2026-02-08,19,1000,1400,False,+,False,False,False,0.2727272727272727,2,14,0.14285714285714285,0,1,1
GIDDY UP,2026-01-20,2026-02-01,12,1000,1400,False,++,True,False,True,0.36363636363636365,12,14,0.8571428571428571,0,0,0
BLING BLING GENIUS,2026-01-20,2026-02-11,22,1000,1650,False,+,False,False,True,0.45454545454545453,12,12,1.0,0,0,0
TAIHANG SCENERY,2026-01-20,2026-02-11,22,1000,1000,True,0,False,False,False,0.5454545454545454,2,13,0.15384615384615385,0,1,1
FLASH STAR,2026-01-20,2026-02-04,15,1000,1200,True,+,True,False,True,0.6363636363636364,10,12,0.8333333333333334,0,0,0
POET'S REIGN,2026-01-20,2026-02-01,12,1000,1000,True,-,False,False,True,0.7272727272727273,2,14,0.14285714285714285,0,1,1
LAHORE,2026-01-20,2026-02-01,12,1000,1000,True,+,True,False,True,0.8181818181818182,4,14,0.2857142857142857,0,0,1
MR GOOD VIBES,2026-01-20,2026-02-19,30,1000,1200,True,-,False,False,True,0.9090909090909091,12,14,0.8571428571428571,0,0,0
STELLAR EXPRESS,2026-01-20,2026-02-22,33,800,1000,True,++,False,True,False,0.1,1,7,0.14285714285714285,1,1,1
HAYDAY,2026-01-20,2026-01-28,8,800,1200,False,++,True,False,True,0.2,3,12,0.25,0,1,1
SUPER SIXTY,2026-01-20,2026-01-28,8,800,1000,True,++,True,False,False,0.3,8,12,0.6666666666666666,0,0,0
PRIDE BELIEVER,2026-01-20,2026-02-04,15,800,1200,False,++,True,False,True,0.5,8,12,0.6666666666666666,0,0,0
NATURAL HIGH,2026-01-20,2026-02-08,19,800,1200,False,+,True,False,False,0.8,7,13,0.5384615384615384,0,0,0
NUMBERS,2026-01-20,2026-02-08,19,1600,1800,True,++,False,True,False,0.125,1,7,0.14285714285714285,1,1,1
SERAPH GABRIEL,2026-01-20,2026-02-01,12,1600,1600,True,+,False,False,False,0.25,2,14,0.14285714285714285,0,1,1
WINDLORD,2026-01-20,2026-02-01,12,1600,1600,True,+,False,False,True,0.375,12,14,0.8571428571428571,0,0,0
AGENDA,2026-01-20,2026-02-19,30,1600,2000,False,+,False,False,False,0.5,5,14,0.35714285714285715,0,0,1
CRIMSON FLASH,2026-01-20,2026-02-01,12,1600,1600,True,+,False,False,False,0.625,11,14,0.7857142857142857,0,0,0
WINFIELD,2026-01-20,2026-02-01,12,1600,1600,True,0,False,False,False,0.75,13,14,0.9285714285714286,0,0,0
DILBAGH,2026-01-20,2026-02-14,25,1600,1800,True,-,False,False,False,0.875,8,14,0.5714285714285714,0,0,0
PATCH OF THETA,2026-01-20,2026-02-01,12,1200,1400,True,++,True,True,True,0.125,1,6,0.16666666666666666,1,1,1
HAPPY UNITED,2026-01-20,2026-01-28,8,1200,1000,True,++,False,False,True,0.25,6,12,0.5,0,0,1
NOTTHESILLYONE,2026-01-20,2026-02-08,19,1200,1200,True,++,False,False,True,0.375,7,13,0.5384615384615384,0,0,0
THE LION KING,2026-01-20,2026-02-01,12,1200,1600,False,++,False,False,False,0.5,5,14,0.35714285714285715,0,0,1
TOP DRAGON,2026-01-20,2026-02-01,12,1200,1600,False,+,False,False,False,0.625,5,14,0.35714285714285715,0,0,1
LIGHTNESS OF BEING,2026-01-20,2026-02-01,12,1200,1600,False,0,False,False,False,0.75,13,14,0.9285714285714286,0,0,0
ALWAYS FLUKE,2026-01-20,2026-02-01,12,1200,1200,True,-,False,False,False,0.875,2,14,0.14285714285714285,0,1,1
EVERYONE'S STAR,2026-01-20,2026-02-01,12,1200,1400,True,-,False,False,False,1.0,5,14,0.35714285714285715,0,0,1
SOMETHING JONAH,2026-01-22,2026-01-28,6,1200,1650,False,++,False,True,True,0.25,11,12,0.9166666666666666,0,0,0
LUCKY SECRET,2026-01-22,2026-02-08,17,1200,1200,True,+,False,False,True,0.5,10,13,0.7692307692307693,0,0,0
LUCKY PLUS,2026-01-22,2026-01-28,6,1200,1000,True,-,False,False,True,0.75,12,12,1.0,0,0,0
GLORIOUS RYDER,2026-01-22,2026-02-04,13,1200,1800,False,-,False,False,False,1.0,12,12,1.0,0,0,0
SAGACIOUS LIFE,2026-01-23,2026-02-01,9,1200,1600,False,++,False,True,False,0.125,4,14,0.2857142857142857,0,0,1
HAPPY SHOOTER,2026-01-23,2026-02-01,9,1200,1200,True,+,False,False,False,0.375,1,14,0.07142857142857142,1,1,1
CANDLELIGHT DINNER,2026-01-23,2026-02-04,12,1200,1000,True,++,True,False,False,0.5,1,13,0.07692307692307693,1,1,1
GLORIOUS ST PAUL'S,2026-01-23,2026-02-08,16,1200,1400,True,0,False,False,True,0.625,13,14,0.9285714285714286,0,0,0
PUBLIC ATTENTION,2026-01-23,2026-02-01,9,1200,1600,False,0,False,False,False,0.75,10,14,0.7142857142857143,0,0,0
LUCKY XANDER,2026-01-23,2026-02-01,9,1200,1200,True,-,False,False,False,0.875,14,14,1.0,0,0,0
WROTE A NEW PAGE,2026-01-23,2026-02-01,9,1200,1600,False,+,True,False,False,1.0,11,14,0.7857142857142857,0,0,0
RELENTLESS PURSUIT,2026-01-23,2026-03-01,37,1200,1200,True,++,False,True,True,0.1111111111111111,6,15,0.4,0,0,1
ICONICAL,2026-01-23,2026-02-04,12,1200,1650,False,++,True,False,True,0.2222222222222222,11,12,0.9166666666666666,0,0,0
CAN'T GO WONG,2026-01-23,2026-02-04,12,1200,1800,False,+,False,False,True,0.3333333333333333,11,12,0.9166666666666666,0,0,0
CASA LEGEND,2026-01-23,2026-02-08,16,1200,1400,True,++,True,False,True,0.4444444444444444,12,14,0.8571428571428571,0,0,0
WITHOUT COMPARE,2026-01-23,2026-02-01,9,1200,1400,True,+,True,False,False,0.6666666666666666,4,14,0.2857142857142857,0,0,1
MAGIC COSMOS,2026-01-23,2026-03-15,51,1200,1650,False,-,False,False,False,0.7777777777777778,12,14,0.8571428571428571,0,0,0
WUKONG JEWELLERY,2026-01-23,2026-02-14,22,1200,1650,False,-,False,False,False,1.0,8,14,0.5714285714285714,0,0,0
ALSONSO,2026-01-23,2026-02-01,9,1050,1000,True,++,False,True,True,0.125,13,14,0.9285714285714286,0,0,0
CLASSIC TRIPLE,2026-01-23,2026-03-08,44,1050,1000,True,++,False,False,True,0.25,13,14,0.9285714285714286,0,0,0
PRESTIGE WIN,2026-01-23,2026-02-22,30,1050,1200,True,+,False,False,False,0.375,10,10,1.0,0,0,0
TACTICAL ACE,2026-01-23,2026-03-15,51,1050,1000,True,++,False,False,False,0.5,11,13,0.8461538461538461,0,0,0
FOREST KING,2026-01-23,2026-02-01,9,1050,1200,True,+,False,False,True,0.625,7,14,0.5,0,0,1
WUNDERBAR,2026-01-26,2026-02-14,19,1000,1200,True,++,False,True,True,0.16666666666666666,7,12,0.5833333333333334,0,0,0
INVINCIBLE SAGE,2026-01-26,2026-02-04,9,1000,1200,True,+,False,False,True,0.3333333333333333,8,12,0.6666666666666666,0,0,0
PAKISTAN LEGACY,2026-01-26,2026-02-08,13,1000,1200,True,+,False,False,False,0.5,2,12,0.16666666666666666,0,1,1
COMPLETE UNKNOWN,2026-01-26,2026-03-22,55,1000,1200,True,0,False,False,True,0.6666666666666666,8,10,0.8,0,0,0
KEEN MOLLY,2026-01-26,2026-02-04,9,1000,1200,True,+,False,False,True,0.8333333333333334,8,13,0.6153846153846154,0,0,0
BIENVENUE,2026-01-26,2026-02-11,16,1000,1200,True,-,False,False,False,1.0,4,12,0.3333333333333333,0,0,1
MAGNIFIQUE,2026-01-26,2026-02-08,13,1000,1200,True,++,True,True,False,0.14285714285714285,3,12,0.25,0,1,1
HEY BROS,2026-01-26,2026-02-04,9,1000,1000,True,+,False,False,True,0.42857142857142855,5,13,0.38461538461538464,0,0,1
PERFECT TRIUMPH,2026-01-26,2026-03-15,48,1000,1200,True,0,False,False,False,0.5714285714285714,11,12,0.9166666666666666,0,0,0
VICTOR THE RAPID,2026-01-26,2026-02-04,9,1000,1200,True,0,False,False,False,0.7142857142857143,1,12,0.08333333333333333,1,1,1
FRANCIS MEYNELL,2026-01-26,2026-02-14,19,1000,1400,False,-,False,False,True,0.8571428571428571,5,14,0.35714285714285715,0,0,1
TRENDY RUSH,2026-01-26,2026-03-18,51,1000,1200,True,-,False,False,False,1.0,8,13,0.6153846153846154,0,0,0
HEROIC VANGUARD,2026-01-26,2026-03-08,41,1000,1200,True,++,False,True,True,0.125,5,12,0.4166666666666667,0,0,1
TRIUMPHANT WARRIOR,2026-01-26,2026-02-25,30,1000,1200,True,++,False,False,False,0.375,5,12,0.4166666666666667,0,0,1
DAILY ACCLAIM,2026-01-26,2026-03-01,34,1000,1200,True,+,False,False,False,0.625,4,14,0.2857142857142857,0,0,1
SPARKLE AND GOLD,2026-01-26,2026-02-19,24,1000,1200,True,0,False,False,False,0.75,5,14,0.35714285714285715,0,0,1
YEE CHEONG RAIDER,2026-01-26,2026-02-19,24,1000,1200,True,+,False,False,False,0.875,4,14,0.2857142857142857,0,0,1
JUBILATION FOR ALL,2026-01-26,2026-02-11,16,1000,1200,True,++,False,True,False,0.125,5,12,0.4166666666666667,0,0,1
PAPAYA BROSE,2026-01-26,2026-02-19,24,1000,1200,True,++,False,False,False,0.25,1,14,0.07142857142857142,1,1,1
FRANTANCK,2026-01-26,2026-02-01,6,1000,1600,False,+,False,False,True,0.5,12,14,0.8571428571428571,0,0,0
KING GLORIOSO,2026-01-26,2026-02-11,16,1000,1200,True,0,False,False,False,0.625,4,12,0.3333333333333333,0,0,1
REGENCY DREAM,2026-01-26,2026-03-22,55,1000,1400,False,-,False,False,False,0.875,7,15,0.4666666666666667,0,0,1
SIX PACK,2026-01-26,2026-02-01,6,800,1400,False,++,False,True,True,0.1111111111111111,2,14,0.14285714285714285,0,1,1
LOOKING BRIGHT,2026-01-26,2026-02-14,19,800,1000,True,++,True,False,False,0.2222222222222222,2,14,0.14285714285714285,0,1,1
GANGNAM STAR,2026-01-26,2026-02-01,6,800,1200,False,+,False,False,False,0.3333333333333333,12,14,0.8571428571428571,0,0,0
LEGENDARY IMPACT,2026-01-26,2026-02-04,9,800,1200,False,+,False,False,True,0.4444444444444444,6,12,0.5,0,0,1
SKY HEART,2026-01-26,2026-02-22,27,800,1400,False,+,False,False,False,0.7777777777777778,6,14,0.42857142857142855,0,0,1
REAL TIME,2026-01-26,2026-03-22,55,800,1400,False,-,False,False,True,0.8888888888888888,11,12,0.9166666666666666,0,0,0
LOYAL BRIGHT,2026-01-26,2026-02-08,13,1200,1200,True,++,False,True,False,0.125,9,12,0.75,0,0,0
DREAMING TOGETHER,2026-01-26,2026-02-08,13,1200,1400,True,+,False,False,True,0.25,10,14,0.7142857142857143,0,0,0
ONE MAN SHOW,2026-01-26,2026-02-08,13,1200,1200,True,++,False,False,False,0.375,3,13,0.23076923076923078,0,1,1
FLYING KNIGHT,2026-01-26,2026-02-08,13,1200,1400,True,+,False,False,False,0.5,4,14,0.2857142857142857,0,0,1
NEARLY FINE,2026-01-26,2026-02-04,9,1200,1800,False,+,False,False,False,0.625,10,12,0.8333333333333334,0,0,0
PHOENIX LIGHT,2026-01-26,2026-02-14,19,1200,1200,True,-,False,False,False,0.75,8,12,0.6666666666666666,0,0,0
GREY CHARGER,2026-01-26,2026-02-08,13,1200,1400,True,-,False,False,False,0.875,11,14,0.7857142857142857,0,0,0
MAKE YOU SMILE,2026-01-26,2026-03-22,55,1200,1400,True,-,False,False,True,1.0,7,12,0.5833333333333334,0,0,0
ALL ROUND WINNER,2026-01-26,2026-02-08,13,1200,1400,True,++,False,True,True,0.1111111111111111,1,14,0.07142857142857142,1,1,1
OCEAN IMPACT,2026-01-26,2026-02-04,9,1200,1800,False,++,False,False,True,0.2222222222222222,6,12,0.5,0,0,1
MOTOR,2026-01-26,2026-02-14,19,1200,1200,True,+,False,False,True,0.3333333333333333,7,12,0.5833333333333334,0,0,0
VOYAGE BOSS,2026-01-26,2026-02-08,13,1200,1200,True,+,False,False,False,0.4444444444444444,5,12,0.4166666666666667,0,0,1
LUCKY YEAR,2026-01-26,2026-02-08,13,1200,1400,True,+,False,False,True,0.5555555555555556,4,16,0.25,0,0,1
GOLDEN BRILLIANT,2026-01-26,2026-03-11,44,1200,1650,False,0,False,False,True,0.6666666666666666,1,12,0.08333333333333333,1,1,1
ZHOU GONGJIN,2026-01-26,2026-02-11,16,1200,1000,True,-,False,False,True,0.8888888888888888,10,12,0.8333333333333334,0,0,0
CRYSTAL POWERFUL,2026-01-26,2026-03-25,58,1200,1200,True,+,True,False,False,1.0,5,12,0.4166666666666667,0,0,1
RATTAN GALAXY,2026-01-26,2026-02-22,27,1200,1800,False,++,False,True,True,0.1,9,14,0.6428571428571429,0,0,0
MADE FOR LIFE,2026-01-26,2026-02-19,24,1200,1200,True,+,False,False,True,0.2,13,14,0.9285714285714286,0,0,0
GLORIASTAR,2026-01-26,2026-02-01,6,1200,1600,False,++,False,False,False,0.3,8,14,0.5714285714285714,0,0,0
FLOOF,2026-01-26,2026-02-04,9,1200,1800,False,+,False,False,True,0.4,9,12,0.75,0,0,0
SUPER SICARIO,2026-01-26,2026-03-04,37,1200,1800,False,+,False,False,True,0.5,1,12,0.08333333333333333,1,1,1
NORTHERN BEAST,2026-01-26,2026-02-11,16,1200,1650,False,0,False,False,True,0.6,3,13,0.23076923076923078,0,1,1
MANYTHANKS FOREVER,2026-01-26,2026-02-08,13,1200,1400,True,+,True,False,False,0.7,8,14,0.5714285714285714,0,0,0
THE CONCENTRATION,2026-01-26,2026-02-08,13,1200,1400,True,+,True,False,False,0.8,1,14,0.07142857142857142,1,1,1
GRAND TURBO,2026-01-26,2026-02-22,27,1200,1400,True,-,False,False,True,0.9,12,14,0.8571428571428571,0,0,0
VIEW OF COSMOS,2026-01-26,2026-03-18,51,1200,1200,True,-,False,False,False,1.0,12,13,0.9230769230769231,0,0,0
HORSEPOWER,2026-01-27,2026-02-08,12,1200,1200,True,++,False,False,False,0.25,9,12,0.75,0,0,0
POWER KOEPP,2026-01-27,2026-02-04,8,1200,1200,True,+,False,False,False,0.5,3,13,0.23076923076923078,0,1,1
GORGEOUS VICTORY,2026-01-27,2026-02-19,23,1200,1400,True,+,False,False,False,0.625,6,14,0.42857142857142855,0,0,1
SHANDONG SPIRIT,2026-01-27,2026-02-22,26,1200,1000,True,-,False,False,False,0.875,8,15,0.5333333333333333,0,0,0
CHANCHENG GLORY,2026-01-27,2026-02-08,12,1200,1800,False,+,True,False,False,1.0,5,7,0.7142857142857143,0,0,0
GOOD CHAP,2026-01-27,2026-02-08,12,1200,1200,True,++,False,True,True,0.1111111111111111,1,13,0.07692307692307693,1,1,1
HAPPY BRETHREN,2026-01-27,2026-02-22,26,1200,1200,True,++,False,False,True,0.2222222222222222,4,15,0.26666666666666666,0,0,1
LUCKY RANGER,2026-01-27,2026-02-08,12,1200,1400,True,+,False,False,False,0.3333333333333333,1,16,0.0625,1,1,1
ZEPHYR,2026-01-27,2026-02-04,8,1200,1200,True,++,False,False,True,0.4444444444444444,8,12,0.6666666666666666,0,0,0
CELESTIAL HERO,2026-01-27,2026-02-08,12,1200,1200,True,+,True,False,True,0.5555555555555556,4,12,0.3333333333333333,0,0,1
SHAMUS STORM,2026-01-27,2026-02-08,12,1200,1400,True,+,False,False,False,0.7777777777777778,5,14,0.35714285714285715,0,0,1
AESTHETICISM,2026-01-27,2026-02-04,8,1200,1650,False,+,True,False,True,0.8888888888888888,9,12,0.75,0,0,0
HINOKAMI KAGURA,2026-01-27,2026-02-08,12,1200,1200,True,-,False,False,False,1.0,11,13,0.8461538461538461,0,0,0
STAR FIGURE,2026-01-27,2026-02-08,12,1200,1400,True,++,False,False,True,0.2222222222222222,6,14,0.42857142857142855,0,0,1
STORM RUNNER,2026-01-27,2026-02-04,8,1200,1800,False,+,False,False,True,0.3333333333333333,1,12,0.08333333333333333,1,1,1
SPEEDY TRIDENT,2026-01-27,2026-02-08,12,1200,1400,True,+,False,False,True,0.4444444444444444,11,14,0.7857142857142857,0,0,0
CAP LINER,2026-01-27,2026-02-08,12,1200,1200,True,+,False,False,False,0.5555555555555556,8,12,0.6666666666666666,0,0,0
CALIFORNIA MOXIE,2026-01-27,2026-02-04,8,1200,1650,False,+,False,False,False,0.6666666666666666,7,12,0.5833333333333334,0,0,0
BASIC INSTINCT,2026-01-27,2026-03-15,47,1200,1200,True,0,False,False,True,0.7777777777777778,8,12,0.6666666666666666,0,0,0
RED BRICK WARRIOR,2026-01-27,2026-02-08,12,1200,1400,True,+,False,False,False,0.8888888888888888,8,14,0.5714285714285714,0,0,0
PEARL OF PANG'S,2026-01-27,2026-02-19,23,1200,1600,False,-,False,False,False,1.0,14,15,0.9333333333333333,0,0,0
PACKING KING,2026-01-27,2026-02-04,8,1050,1200,True,++,False,True,True,0.25,9,12,0.75,0,0,0
THOUSAND CUPS,2026-01-27,2026-02-11,15,1050,1000,True,++,True,False,True,0.5,8,13,0.6153846153846154,0,0,0
ACE CHAMPION,2026-01-27,2026-02-04,8,1050,1000,True,-,False,False,True,0.75,6,13,0.46153846153846156,0,0,1
BROWNNEEDSFURTHER,2026-01-27,2026-02-01,5,1050,1200,True,+,False,False,True,1.0,3,14,0.21428571428571427,0,1,1
PACKING HERMOD,2026-01-29,2026-02-22,24,1200,1400,True,++,True,False,False,0.2857142857142857,10,10,1.0,0,0,0
DASHING BASICS,2026-01-29,2026-03-25,55,1200,1000,True,+,False,False,False,0.42857142857142855,11,12,0.9166666666666666,0,0,0
ENSUED,2026-01-29,2026-02-08,10,1200,1800,False,+,False,False,False,0.7142857142857143,4,7,0.5714285714285714,0,0,0
CORLEONE,2026-01-29,2026-02-04,6,1200,1650,False,+,True,False,False,0.8571428571428571,1,12,0.08333333333333333,1,1,1
FIND MY LOVE,2026-01-29,2026-02-11,13,1200,1200,True,++,False,True,True,0.125,4,12,0.3333333333333333,0,0,1
LIGHT YEARS GLORY,2026-01-29,2026-02-14,16,1200,1400,True,+,False,False,True,0.25,2,14,0.14285714285714285,0,1,1
MATZDEN,2026-01-29,2026-02-08,10,1200,1200,True,++,False,False,False,0.375,5,12,0.4166666666666667,0,0,1
NATURAL HIGH,2026-01-29,2026-02-08,10,1200,1200,True,+,False,False,True,0.5,7,13,0.5384615384615384,0,0,0
WIN BEAUTY VIVA,2026-01-29,2026-02-04,6,1200,1650,False,+,False,False,False,0.625,6,12,0.5,0,0,1
SMILING CHAMPION,2026-01-29,2026-02-08,10,1200,1200,True,0,False,False,False,0.75,12,13,0.9230769230769231,0,0,0
CARRYON SMILING,2026-01-29,2026-02-11,13,1200,1650,False,-,False,False,True,0.875,7,12,0.5833333333333334,0,0,0
LUCKY DOCTOR,2026-01-29,2026-02-08,10,1200,1200,True,-,False,False,False,1.0,12,12,1.0,0,0,0
EVER SMART,2026-01-29,2026-02-11,13,1200,1650,False,++,False,True,True,0.125,11,12,0.9166666666666666,0,0,0
IRON LEGION,2026-01-29,2026-02-22,24,1200,1800,False,+,False,False,True,0.25,10,14,0.7142857142857143,0,0,0
MALPENSA,2026-01-29,2026-02-08,10,1200,1200,True,+,False,False,False,0.375,2,12,0.16666666666666666,0,1,1
SMILING EMPEROR,2026-01-29,2026-02-11,13,1200,1650,False,+,False,False,True,0.5,5,12,0.4166666666666667,0,0,1
PERFECT PEACH,2026-01-29,2026-02-11,13,1200,1650,False,+,True,False,True,0.625,10,12,0.8333333333333334,0,0,0
TOPSPIN KING,2026-01-29,2026-02-25,27,1200,1200,True,-,False,False,False,1.0,11,12,0.9166666666666666,0,0,0
STELLAR EXPRESS,2026-01-29,2026-02-22,24,1050,1000,True,++,False,True,False,0.1,1,7,0.14285714285714285,1,1,1
HARMONY FIRE,2026-01-29,2026-02-11,13,1050,1000,True,+,False,False,True,0.2,3,12,0.25,0,1,1
SKY PHOENIX,2026-01-29,2026-02-19,21,1050,1200,True,++,False,False,True,0.3,5,15,0.3333333333333333,0,0,1
SEA DIAMOND,2026-01-29,2026-02-22,24,1050,1200,True,-,False,False,False,0.4,11,14,0.7857142857142857,0,0,0
FORTUNE WARRIOR,2026-01-29,2026-03-11,41,1050,1200,True,-,False,False,False,0.5,12,12,1.0,0,0,0
E HOPEFUL,2026-01-29,2026-03-29,59,1050,1000,True,0,False,False,True,0.6,11,14,0.7857142857142857,0,0,0
CORNERSTONE,2026-01-29,2026-02-19,21,1050,1200,True,-,False,False,False,0.7,13,14,0.9285714285714286,0,0,0
A LA CHAMP,2026-01-29,2026-02-22,24,1050,1400,False,-,False,False,False,1.0,14,14,1.0,0,0,0
FAMILY JEWEL,2026-01-30,2026-03-08,37,1000,1600,False,+,False,False,False,0.3333333333333333,9,14,0.6428571428571429,0,0,0
CAMP LAND,2026-01-30,2026-02-25,26,1000,1200,True,+,False,False,True,0.5,12,12,1.0,0,0,0
DRAGON ON SNOW,2026-01-30,2026-03-15,44,1000,1400,False,-,False,False,False,0.6666666666666666,8,12,0.6666666666666666,0,0,0
LADY'S LOVE,2026-01-30,2026-02-22,23,1000,1200,True,0,False,False,True,,5,10,0.5,0,0,1
MR DESIRA,2026-01-30,2026-03-25,54,1000,1000,True,++,True,False,False,0.2857142857142857,10,12,0.8333333333333334,0,0,0
JOY STAR,2026-01-30,2026-02-22,23,1000,1000,True,+,False,False,False,0.42857142857142855,7,15,0.4666666666666667,0,0,1
ABSOLUTE HEART,2026-01-30,2026-03-22,51,1000,1200,True,0,False,False,False,0.5714285714285714,1,15,0.06666666666666667,1,1,1
JUMBO STEPS,2026-01-30,2026-03-22,51,1000,1200,True,-,False,False,True,0.8571428571428571,9,10,0.9,0,0,0
MAPOGO,2026-01-30,2026-03-08,37,1000,1000,True,++,False,True,False,0.14285714285714285,4,14,0.2857142857142857,0,0,1
ISLAND GOLDEN,2026-01-30,2026-02-19,20,1000,1200,True,+,False,False,True,0.2857142857142857,10,14,0.7142857142857143,0,0,0
CHEERFUL WONGCHOY,2026-01-30,2026-02-25,26,1000,1200,True,+,False,False,True,0.42857142857142855,6,12,0.5,0,0,1
GALE SAGA,2026-01-30,2026-02-08,9,1000,1400,False,-,False,False,True,0.8571428571428571,3,14,0.21428571428571427,0,1,1
SHOOTING TO TOP,2026-01-30,2026-03-01,30,1600,1400,True,++,False,True,False,0.14285714285714285,7,14,0.5,0,0,1
ENTHUSIUM,2026-01-30,2026-02-14,15,1600,1600,True,+,False,False,False,0.2857142857142857,7,15,0.4666666666666667,0,0,1
JOYFUL PROSPERITY,2026-01-30,2026-03-01,30,1600,1800,True,+,False,False,True,0.42857142857142855,12,14,0.8571428571428571,0,0,0
VOLCANIC SPARK,2026-01-30,2026-03-01,30,1600,1800,True,+,True,False,True,0.7142857142857143,8,14,0.5714285714285714,0,0,0
FAMILY KNIGHT,2026-01-30,2026-02-08,9,1600,1400,True,-,False,False,False,0.8571428571428571,12,14,0.8571428571428571,0,0,0
AUDACIOUS PURSUIT,2026-01-30,2026-02-14,15,1200,1800,False,+,False,False,False,0.2857142857142857,2,14,0.14285714285714285,0,1,1
KA YING SUPERB,2026-01-30,2026-03-15,44,1200,1400,True,++,True,False,False,0.42857142857142855,10,12,0.8333333333333334,0,0,0
JOLTIN,2026-01-30,2026-02-14,15,1200,1200,True,0,False,False,True,0.5714285714285714,8,11,0.7272727272727273,0,0,0
MIGHTY STRENGTH,2026-01-30,2026-02-22,23,1200,1400,True,0,False,False,True,0.7142857142857143,13,14,0.9285714285714286,0,0,0
BRILLIANT EXPRESS,2026-01-30,2026-02-22,23,1200,1400,True,-,False,False,True,0.8571428571428571,7,14,0.5,0,0,1
VIGOR ELLEEGANT,2026-01-30,2026-02-14,15,1200,1400,True,++,False,True,True,0.125,12,14,0.8571428571428571,0,0,0
VOYAGE CAPTAIN,2026-01-30,2026-02-19,20,1200,1200,True,+,False,False,False,0.25,7,14,0.5,0,0,1
JOKER ORBIT,2026-01-30,2026-02-11,12,1200,1200,True,++,False,False,True,0.375,11,12,0.9166666666666666,0,0,0
KING PROFIT,2026-01-30,2026-02-08,9,1200,1400,True,+,False,False,False,0.625,5,16,0.3125,0,0,1
OSI HONOUR,2026-01-30,2026-02-14,15,1200,1650,False,0,False,False,True,0.75,6,14,0.42857142857142855,0,0,1
BABY SAKURA,2026-01-30,2026-02-19,20,1200,1200,True,++,False,True,True,0.14285714285714285,1,15,0.06666666666666667,1,1,1
KING OF FIGHTERS,2026-01-30,2026-02-19,20,1200,1200,True,++,False,False,True,0.2857142857142857,11,14,0.7857142857142857,0,0,0
RUNJEET,2026-01-30,2026-02-08,9,1200,1200,True,++,False,False,False,0.42857142857142855,10,12,0.8333333333333334,0,0,0
DASHING PAL,2026-01-30,2026-03-25,54,1200,1650,False,0,False,False,False,0.7142857142857143,12,12,1.0,0,0,0
LUCKY GIBS,2026-01-30,2026-02-22,23,1200,1200,True,-,False,False,False,0.8571428571428571,10,15,0.6666666666666666,0,0,0
TOP MAESTRO,2026-01-30,2026-02-22,23,1200,1200,True,-,False,False,False,1.0,14,14,1.0,0,0,0
NEXT FORTUNE,2026-01-30,2026-02-22,23,1200,1200,True,++,False,True,True,0.14285714285714285,8,14,0.5714285714285714,0,0,0
KING CANNON,2026-01-30,2026-03-11,40,1200,1200,True,+,False,False,False,0.42857142857142855,8,12,0.6666666666666666,0,0,0
KOLACHI,2026-01-30,2026-02-11,12,1200,1650,False,+,False,False,False,0.5714285714285714,5,13,0.38461538461538464,0,0,1
ROSEWOOD FLEETFOOT,2026-01-30,2026-03-04,33,1200,1800,False,+,False,False,False,0.7142857142857143,9,12,0.75,0,0,0
THE WAY WE WIN,2026-01-30,2026-02-08,9,1200,1400,True,-,False,False,True,0.8571428571428571,13,14,0.9285714285714286,0,0,0
CITY GOLD BANNER,2026-02-02,2026-02-14,12,800,1000,True,++,False,True,False,0.125,7,14,0.5,0,0,1
FLYING SNIPER,2026-02-02,2026-03-15,41,800,1200,False,+,False,False,False,0.25,7,12,0.5833333333333334,0,0,0
CENTRAL BANK,2026-02-02,2026-02-14,12,800,1000,True,++,False,False,True,0.375,11,14,0.7857142857142857,0,0,0
NEBRASKAN,2026-02-02,2026-02-11,9,800,1000,True,+,False,False,False,0.5,4,13,0.3076923076923077,0,0,1
SUGAR SUGAR,2026-02-02,2026-02-25,23,1200,1200,True,++,False,True,True,0.14285714285714285,3,12,0.25,0,1,1
FIT FOR BEAUTY,2026-02-02,2026-02-19,17,1200,1200,True,+,False,False,True,0.2857142857142857,9,14,0.6428571428571429,0,0,0
A AMERIC TE SPECSO,2026-02-02,2026-02-11,9,1200,1650,False,++,False,False,True,0.42857142857142855,10,12,0.8333333333333334,0,0,0
LUCKY CANDY,2026-02-02,2026-02-14,12,1200,1600,False,0,False,False,False,0.5714285714285714,14,15,0.9333333333333333,0,0,0
GLITTERING LEGEND,2026-02-02,2026-02-14,12,1200,1600,False,+,False,False,False,0.7142857142857143,10,15,0.6666666666666666,0,0,0
ON THE LASH,2026-02-02,2026-02-22,20,1200,1800,False,-,False,False,True,0.8571428571428571,8,14,0.5714285714285714,0,0,0
M M CONCORD,2026-02-02,2026-03-22,48,1200,1400,True,0,False,False,True,,8,12,0.6666666666666666,0,0,0
SUPER SICARIO,2026-02-02,2026-03-04,30,1200,1800,False,++,False,True,True,0.16666666666666666,1,12,0.08333333333333333,1,1,1
FOREVER GLORIOUS,2026-02-02,2026-02-14,12,1200,1800,False,+,False,False,False,0.3333333333333333,12,14,0.8571428571428571,0,0,0
VERY GRATEFUL,2026-02-02,2026-02-25,23,1200,1200,True,+,False,False,True,0.5,4,12,0.3333333333333333,0,0,1
ILLUMINOUS,2026-02-02,2026-03-08,34,1200,1200,True,+,False,False,True,0.6666666666666666,10,12,0.8333333333333334,0,0,0
MEGA MASTERMIND,2026-02-02,2026-02-08,6,1200,1400,True,-,False,False,False,0.8333333333333334,6,16,0.375,0,0,1
TEAM HAPPY,2026-02-02,2026-02-19,17,1200,1200,True,-,False,False,False,1.0,11,14,0.7857142857142857,0,0,0
VICTOR THE WINNER,2026-02-03,2026-02-14,11,1200,1200,True,++,False,True,False,0.125,9,12,0.75,0,0,0
COPARTNER PRANCE,2026-02-03,2026-02-22,19,1200,1400,True,+,False,False,True,0.25,6,10,0.6,0,0,0
HAPPY UNIVERSE,2026-02-03,2026-02-14,11,1200,1650,False,+,False,False,False,0.375,2,14,0.14285714285714285,0,1,1
HAPPYDEARHAPPYDEER,2026-02-03,2026-02-22,19,1200,1400,True,+,False,False,True,0.5,7,14,0.5,0,0,1
TELECOM FIGHTERS,2026-02-03,2026-02-11,8,1200,1650,False,+,True,False,False,0.625,6,12,0.5,0,0,1
MAX QUE,2026-02-03,2026-02-11,8,1200,1650,False,0,False,False,False,0.75,2,12,0.16666666666666666,0,1,1
HOTT SHOTT,2026-02-03,2026-03-01,26,1200,1200,True,-,False,False,False,0.875,10,11,0.9090909090909091,0,0,0
MIGHTY MASTS,2026-02-03,2026-02-14,11,1200,1600,False,++,False,True,True,0.125,6,15,0.4,0,0,1
NEVER SETTLE,2026-02-03,2026-02-19,16,1200,1200,True,+,False,False,False,0.25,11,14,0.7857142857142857,0,0,0
THUNDER BLAZE,2026-02-03,2026-02-14,11,1200,1650,False,+,False,False,True,0.375,7,14,0.5,0,0,1
DIAMOND SPARKLE,2026-02-03,2026-03-18,43,1200,1200,True,+,False,False,True,0.5,8,13,0.6153846153846154,0,0,0
SMART BEAUTY,2026-02-03,2026-03-15,40,1200,1650,False,+,False,False,False,0.625,8,14,0.5714285714285714,0,0,0
KEMPES,2026-02-03,2026-02-11,8,1200,1650,False,+,False,False,False,0.75,8,12,0.6666666666666666,0,0,0
SHARPEN BRIGHT,2026-02-03,2026-02-14,11,1200,1800,False,-,False,False,False,0.875,13,14,0.9285714285714286,0,0,0
RED SEA,2026-02-03,2026-02-14,11,1200,1200,True,++,False,True,False,0.14285714285714285,3,11,0.2727272727272727,0,1,1
BINGO BABE,2026-02-03,2026-02-19,16,1200,1200,True,+,False,False,False,0.2857142857142857,7,14,0.5,0,0,1
CALIFORNIA STAR,2026-02-03,2026-02-14,11,1200,1650,False,+,False,False,True,0.42857142857142855,1,14,0.07142857142857142,1,1,1
POLAR PATCH,2026-02-03,2026-03-22,47,1200,1200,True,-,False,False,True,0.5714285714285714,12,14,0.8571428571428571,0,0,0
MASTER TRILLION,2026-02-03,2026-02-19,16,1200,1600,False,0,False,False,False,0.7142857142857143,4,15,0.26666666666666666,0,0,1
ALMIGHTY LIGHTNING,2026-02-03,2026-02-22,19,1200,1000,True,-,False,False,False,0.8571428571428571,1,15,0.06666666666666667,1,1,1
DOUBLE BINGO,2026-02-03,2026-04-01,57,1200,1200,True,-,False,False,True,1.0,4,12,0.3333333333333333,0,0,1
QUANTUM CLOUD,2026-02-03,2026-02-14,11,1050,1200,True,++,False,True,True,0.125,4,11,0.36363636363636365,0,0,1
TAIHANG SCENERY,2026-02-03,2026-02-11,8,1050,1000,True,++,False,False,True,0.25,2,13,0.15384615384615385,0,1,1
SPORTS LEGEND,2026-02-03,2026-02-11,8,1050,1200,True,++,False,False,False,0.375,2,12,0.16666666666666666,0,1,1
KYRUS DRAGON,2026-02-03,2026-02-11,8,1050,1200,True,++,False,False,True,0.5,8,12,0.6666666666666666,0,0,0
BITS SUPERSTAR,2026-02-03,2026-02-11,8,1050,1200,True,+,False,False,False,0.625,2,12,0.16666666666666666,0,1,1
DRAGON HALL,2026-02-03,2026-02-22,19,1050,1000,True,-,False,False,True,0.75,6,15,0.4,0,0,1
CALL ME SPARKLE,2026-02-03,2026-03-15,40,1050,1200,True,0,False,False,True,,1,12,0.08333333333333333,1,1,1
VOYAGE SAMURAI,2026-02-05,2026-02-19,14,1200,1600,False,++,False,True,True,0.125,10,11,0.9090909090909091,0,0,0
ANODE,2026-02-05,2026-02-14,9,1200,1200,True,++,False,False,False,0.25,7,11,0.6363636363636364,0,0,0
STORMY GROVE,2026-02-05,2026-02-14,9,1200,1600,False,+,False,False,False,0.375,1,15,0.06666666666666667,1,1,1
CHILL KAKA,2026-02-05,2026-02-14,9,1200,1650,False,++,True,False,True,0.5,11,14,0.7857142857142857,0,0,0
LUCKY TOGETHER,2026-02-05,2026-02-14,9,1200,1200,True,+,True,False,True,0.625,9,11,0.8181818181818182,0,0,0
WUKONG JEWELLERY,2026-02-05,2026-02-14,9,1200,1650,False,+,False,False,True,0.75,8,14,0.5714285714285714,0,0,0
AURIO,2026-02-05,2026-02-19,14,1200,1400,True,+,True,False,False,0.875,4,13,0.3076923076923077,0,0,1
HELENE SUPAFEELING,2026-02-05,2026-02-19,14,1200,1200,True,-,False,False,False,1.0,4,14,0.2857142857142857,0,0,1
BIGTIME GENERATION,2026-02-05,2026-02-14,9,1200,1200,True,+,False,False,True,0.2222222222222222,6,12,0.5,0,0,1
RUN YES RUN,2026-02-05,2026-02-19,14,1200,1200,True,+,False,False,False,0.3333333333333333,14,14,1.0,0,0,0
SIGHT DREAMER,2026-02-05,2026-02-14,9,1200,1650,False,+,False,False,True,0.4444444444444444,12,14,0.8571428571428571,0,0,0
DANICA'S CHOICE,2026-02-05,2026-02-14,9,1200,1600,False,+,True,False,False,0.5555555555555556,9,15,0.6,0,0,0
RELENTLESS PURSUIT,2026-02-05,2026-03-01,24,1200,1200,True,+,False,False,False,0.6666666666666666,6,15,0.4,0,0,1
EVERYONE'S GALLOP,2026-02-05,2026-02-14,9,1200,1200,True,-,False,False,False,0.7777777777777778,12,12,1.0,0,0,0
SYNERGY EXPRESS,2026-02-05,2026-03-29,52,1200,1000,True,-,False,False,False,1.0,10,14,0.7142857142857143,0,0,0
TACTICAL ACE,2026-02-05,2026-03-15,38,1050,1000,True,++,False,True,True,0.14285714285714285,11,13,0.8461538461538461,0,0,0
RUN RUN SUNRISE,2026-02-05,2026-02-22,17,1050,1000,True,+,False,False,False,0.2857142857142857,2,15,0.13333333333333333,0,1,1
MIGHTY FIGHTER,2026-02-05,2026-03-29,52,1050,1200,True,+,False,False,True,0.42857142857142855,11,14,0.7857142857142857,0,0,0
RAPID PHANTOM,2026-02-05,2026-04-06,60,1050,1000,True,+,True,False,True,0.7142857142857143,3,14,0.21428571428571427,0,1,1
WISDOM STAR,2026-02-05,2026-02-22,17,1050,1800,False,-,False,False,True,1.0,14,14,1.0,0,0,0
WINNING OVATION,2026-02-06,2026-03-08,30,1000,1400,False,++,False,True,False,0.125,1,14,0.07142857142857142,1,1,1
COLOURFUL KING,2026-02-06,2026-02-22,16,1000,1000,True,+,False,False,False,0.25,2,7,0.2857142857142857,0,1,1
SKY HEART,2026-02-06,2026-02-22,16,1000,1400,False,+,False,False,True,0.375,6,14,0.42857142857142855,0,0,1
HEROIC VANGUARD,2026-02-06,2026-03-08,30,1000,1200,True,+,False,False,False,0.5,5,12,0.4166666666666667,0,0,1
STANLEY EXPRESS,2026-02-06,2026-02-14,8,1000,1000,True,+,False,False,False,0.625,14,14,1.0,0,0,0
GENEVA,2026-02-06,2026-03-01,23,1000,1200,True,0,False,False,True,0.75,3,11,0.2727272727272727,0,1,1
REAL TIME,2026-02-06,2026-03-22,44,1000,1400,False,-,False,False,True,0.875,11,12,0.9166666666666666,0,0,0
MR DESIRA,2026-02-06,2026-03-25,47,1000,1000,True,++,False,True,False,0.14285714285714285,10,12,0.8333333333333334,0,0,0
GOLDEN CHAMP,2026-02-06,2026-03-22,44,1000,1200,True,++,False,False,True,0.2857142857142857,9,10,0.9,0,0,0
PRESTIGE EMPEROR,2026-02-06,2026-03-29,51,1000,1200,True,0,False,False,True,0.5714285714285714,9,14,0.6428571428571429,0,0,0
ABSOLUTE LUCKY,2026-02-06,2026-02-22,16,1000,1000,True,-,False,False,False,0.8571428571428571,9,15,0.6,0,0,0
WORLD HERO,2026-02-06,2026-02-22,16,1000,1200,True,++,False,True,True,0.1111111111111111,4,14,0.2857142857142857,0,0,1
DAN ATTACK,2026-02-06,2026-02-25,19,1000,1200,True,++,False,False,False,0.4444444444444444,5,12,0.4166666666666667,0,0,1
MR INCREDIBLE,2026-02-06,2026-03-15,37,1000,1200,True,0,False,False,False,0.5555555555555556,1,12,0.08333333333333333,1,1,1
ROMAN CROWN,2026-02-06,2026-02-19,13,1000,1200,True,++,False,True,False,0.125,11,14,0.7857142857142857,0,0,0
CHEER FOR SOUTH,2026-02-06,2026-02-19,13,1000,1200,True,+,False,False,False,0.375,9,14,0.6428571428571429,0,0,0
HAPPY PARK,2026-02-06,2026-02-19,13,1000,1200,True,+,False,False,False,0.5,3,14,0.21428571428571427,0,1,1
YEE CHEONG RAIDER,2026-02-06,2026-02-19,13,1000,1200,True,+,False,False,True,0.625,4,14,0.2857142857142857,0,0,1
VIEW OF COSMOS,2026-02-06,2026-03-18,40,1000,1200,True,-,False,False,True,0.875,12,13,0.9230769230769231,0,0,0
WUNDERBAR,2026-02-06,2026-02-14,8,1200,1200,True,++,True,True,False,0.14285714285714285,7,12,0.5833333333333334,0,0,0
MAKE YOU SMILE,2026-02-06,2026-03-22,44,1200,1400,True,+,False,False,True,0.42857142857142855,7,12,0.5833333333333334,0,0,0
SKY TRUST,2026-02-06,2026-02-14,8,1200,1200,True,0,False,False,True,0.5714285714285714,1,12,0.08333333333333333,1,1,1
LADY'S LOVE,2026-02-06,2026-02-22,16,1200,1200,True,+,False,False,False,0.7142857142857143,5,10,0.5,0,0,1
COMPLETE UNKNOWN,2026-02-06,2026-03-22,44,1200,1200,True,-,False,False,False,0.8571428571428571,8,10,0.8,0,0,0
VIGOR EYE,2026-02-06,2026-02-14,8,1200,1200,True,++,False,False,False,0.25,9,12,0.75,0,0,0
HYMNBOOK,2026-02-06,2026-02-19,13,1200,1400,True,+,False,False,True,0.375,7,13,0.5384615384615384,0,0,0
BEAUTY ALLIANCE,2026-02-06,2026-02-22,16,1200,1600,False,+,False,False,False,0.5,7,14,0.5,0,0,1
M M CONCORD,2026-02-06,2026-03-22,44,1200,1400,True,-,False,False,False,0.625,8,12,0.6666666666666666,0,0,0
OLDTOWN,2026-02-06,2026-02-19,13,1200,1400,True,0,False,False,False,0.75,13,14,0.9285714285714286,0,0,0
TURIN MASCOT,2026-02-06,2026-02-14,8,1200,1650,False,-,False,False,True,0.875,9,14,0.6428571428571429,0,0,0
ENTHUSIUM,2026-02-06,2026-02-14,8,1200,1600,False,-,False,False,False,1.0,7,15,0.4666666666666667,0,0,1
GOKO WIN,2026-02-06,2026-02-19,13,1200,1200,True,++,False,True,True,0.1111111111111111,9,14,0.6428571428571429,0,0,0
STAR BROSE,2026-02-06,2026-02-25,19,1200,1650,False,+,False,False,True,0.2222222222222222,5,12,0.4166666666666667,0,0,1
DAILY ACCLAIM,2026-02-06,2026-03-01,23,1200,1200,True,+,False,False,True,0.3333333333333333,4,14,0.2857142857142857,0,0,1
BRILLIANT WINNER,2026-02-06,2026-03-15,37,1200,1200,True,-,False,False,True,0.5555555555555556,10,12,0.8333333333333334,0,0,0
HEALTHY PONY,2026-02-06,2026-03-01,23,1200,1200,True,-,False,False,False,0.6666666666666666,14,15,0.9333333333333333,0,0,0
STATE SECURITY,2026-02-06,2026-03-29,51,1200,1400,True,-,False,False,False,0.8888888888888888,10,14,0.7142857142857143,0,0,0
SMART TRIO,2026-02-06,2026-02-22,16,1200,1800,False,+,False,False,True,0.2,13,14,0.9285714285714286,0,0,0
MONEY TYCOON,2026-02-06,2026-03-01,23,1200,1400,True,+,False,False,False,0.4,14,14,1.0,0,0,0
PERFECT TRIUMPH,2026-02-06,2026-03-15,37,1200,1200,True,0,False,False,False,0.6,11,12,0.9166666666666666,0,0,0
SERANGOON,2026-02-06,2026-02-14,8,1200,1800,False,+,False,False,True,0.7,1,14,0.07142857142857142,1,1,1
GOOD GOOD,2026-02-06,2026-02-14,8,1200,1800,False,0,False,False,True,0.8,9,14,0.6428571428571429,0,0,0
REGENCY DREAM,2026-02-06,2026-03-22,44,1200,1400,True,-,False,False,True,0.9,7,15,0.4666666666666667,0,0,1
CRYSTAL POWERFUL,2026-02-06,2026-03-25,47,1200,1200,True,-,False,False,False,1.0,5,12,0.4166666666666667,0,0,1
NOVA KNIGHT,2026-02-06,2026-02-19,13,1200,1200,True,++,False,True,True,0.1111111111111111,11,15,0.7333333333333333,0,0,0
KASA PAPA,2026-02-06,2026-03-04,26,1200,1800,False,+,False,False,True,0.2222222222222222,10,12,0.8333333333333334,0,0,0
LUCKY GENERATIONS,2026-02-06,2026-02-25,19,1200,1200,True,+,False,False,True,0.3333333333333333,1,12,0.08333333333333333,1,1,1
BEAUTY MISSILE,2026-02-06,2026-02-22,16,1200,1800,False,++,True,False,True,0.4444444444444444,3,14,0.21428571428571427,0,1,1
WINDICATOR FAMILY,2026-02-06,2026-03-08,30,1200,1400,True,0,False,False,True,0.5555555555555556,9,15,0.6,0,0,0
RELIABLE DAD,2026-02-06,2026-02-14,8,1200,1800,False,+,False,False,False,0.6666666666666666,3,14,0.21428571428571427,0,1,1
PERPETUAL POWER,2026-02-06,2026-03-04,26,1200,1800,False,0,False,False,True,0.7777777777777778,12,12,1.0,0,0,0
FRANCIS MEYNELL,2026-02-06,2026-02-14,8,1200,1400,True,-,False,False,False,0.8888888888888888,5,14,0.35714285714285715,0,0,1
FLYING CHRISTIE,2026-02-06,2026-03-08,30,1200,1200,True,-,False,False,False,1.0,12,12,1.0,0,0,0
KA YING RISING,2026-02-10,2026-02-22,12,1200,1400,True,++,False,True,False,0.125,1,10,0.1,1,1,1
SALON S,2026-02-10,2026-02-22,12,1200,1400,True,++,False,False,False,0.25,1,14,0.07142857142857142,1,1,1
HOT DELIGHT,2026-02-10,2026-02-19,9,1200,1200,True,++,False,False,False,0.5,1,14,0.07142857142857142,1,1,1
TALENTS AMBITION,2026-02-10,2026-02-19,9,1200,1600,False,+,False,False,False,0.625,7,11,0.6363636363636364,0,0,0
ELITE GOLF,2026-02-10,2026-02-19,9,1200,1200,True,+,True,False,False,0.75,2,15,0.13333333333333333,0,1,1
LE ZONDA,2026-02-10,2026-02-19,9,1200,2000,False,++,False,True,False,0.125,14,14,1.0,0,0,0
EMBRACE ABERDEEN,2026-02-10,2026-02-22,12,1200,1200,True,++,True,False,True,0.25,1,15,0.06666666666666667,1,1,1
LUCY IN THE SKY,2026-02-10,2026-03-01,19,1200,1200,True,++,False,False,True,0.375,9,11,0.8181818181818182,0,0,0
VICTOR SUPREME,2026-02-10,2026-02-19,9,1200,1600,False,+,False,False,True,0.625,5,15,0.3333333333333333,0,0,1
FALLON,2026-02-10,2026-03-11,29,1200,1800,False,+,False,False,False,0.75,1,12,0.08333333333333333,1,1,1
COLOURFUL GAN,2026-02-10,2026-02-19,9,1200,1600,False,-,False,False,False,0.875,10,15,0.6666666666666666,0,0,0
GORGEOUS VICTORY,2026-02-10,2026-02-19,9,1200,1400,True,++,False,True,True,0.1111111111111111,6,14,0.42857142857142855,0,0,1
GOOD LUCK BABE,2026-02-10,2026-02-19,9,1200,1400,True,++,False,False,False,0.2222222222222222,7,14,0.5,0,0,1
SHANDONG SPIRIT,2026-02-10,2026-02-22,12,1200,1000,True,++,False,False,True,0.3333333333333333,8,15,0.5333333333333333,0,0,0
DASHING BASICS,2026-02-10,2026-03-25,43,1200,1000,True,+,False,False,True,0.4444444444444444,11,12,0.9166666666666666,0,0,0
CIRCUIT MARSHAL,2026-02-10,2026-02-19,9,1200,1400,True,0,False,False,True,0.5555555555555556,9,14,0.6428571428571429,0,0,0
POSITIVE SMILE,2026-02-10,2026-02-19,9,1200,1400,True,+,False,False,False,0.6666666666666666,6,13,0.46153846153846156,0,0,1
MARVEL AND GOLD,2026-02-10,2026-02-19,9,1200,1200,True,+,True,False,False,0.7777777777777778,10,14,0.7142857142857143,0,0,0
GASTRONOMIQUE,2026-02-10,2026-02-14,4,1200,1400,True,-,False,False,False,0.8888888888888888,7,14,0.5,0,0,1
BETTER AND BETTER,2026-02-10,2026-02-19,9,1200,1200,True,++,True,True,True,0.1111111111111111,4,15,0.26666666666666666,0,0,1
CIRCUIT CHAMPION,2026-02-10,2026-02-19,9,1200,1200,True,++,False,False,True,0.2222222222222222,1,14,0.07142857142857142,1,1,1
JUST FOLLOW ME,2026-02-10,2026-02-19,9,1200,1400,True,++,False,False,False,0.3333333333333333,2,14,0.14285714285714285,0,1,1
ETERNAL RICHNESS,2026-02-10,2026-02-19,9,1200,1200,True,++,False,False,True,0.4444444444444444,12,15,0.8,0,0,0
PANDA LEGEND,2026-02-10,2026-03-08,26,1200,1400,True,+,False,False,False,0.6666666666666666,5,15,0.3333333333333333,0,0,1
HE WAS ME,2026-02-10,2026-02-19,9,1200,1200,True,-,False,False,False,0.8888888888888888,3,14,0.21428571428571427,0,1,1
ROMANTIC FANTASY,2026-02-10,2026-02-22,12,1200,1800,False,-,False,False,False,1.0,2,14,0.14285714285714285,0,1,1
STELLAR EXPRESS,2026-02-12,2026-02-22,10,1200,1000,True,++,False,True,False,0.16666666666666666,1,7,0.14285714285714285,1,1,1
RED LION,2026-02-12,2026-02-22,10,1200,1400,True,+,False,False,False,0.3333333333333333,9,10,0.9,0,0,0
GALAXY PATCH,2026-02-12,2026-02-22,10,1200,1400,True,+,False,False,True,0.5,4,10,0.4,0,0,1
RAGING BLIZZARD,2026-02-12,2026-02-22,10,1200,1400,True,+,True,False,False,0.6666666666666666,5,10,0.5,0,0,1
HELIOS EXPRESS,2026-02-12,2026-02-22,10,1200,1400,True,+,False,False,True,0.8333333333333334,2,10,0.2,0,1,1
COOL BOY,2026-02-12,2026-02-22,10,1200,1200,True,+,False,False,True,1.0,1,10,0.1,1,1,1
DASHING PEACH,2026-02-12,2026-02-22,10,1200,1200,True,++,False,True,True,0.1111111111111111,9,14,0.6428571428571429,0,0,0
SILO,2026-02-12,2026-02-25,13,1200,1650,False,++,False,False,False,0.2222222222222222,12,12,1.0,0,0,0
BLASTED TALENT,2026-02-12,2026-04-01,48,1200,1200,True,+,False,False,False,0.3333333333333333,12,12,1.0,0,0,0
GALLANT DESIGN,2026-02-12,2026-02-22,10,1200,1200,True,+,False,False,False,0.4444444444444444,7,14,0.5,0,0,1
CASA PRIMO,2026-02-12,2026-03-08,24,1200,1000,True,+,False,False,True,0.5555555555555556,5,14,0.35714285714285715,0,0,1
PAPAYA BROSE,2026-02-12,2026-02-19,7,1200,1200,True,0,False,False,False,0.6666666666666666,1,14,0.07142857142857142,1,1,1
QUICK MONEY,2026-02-12,2026-02-19,7,1200,1200,True,0,False,False,False,0.7777777777777778,10,15,0.6666666666666666,0,0,0
ALL'S WELL,2026-02-12,2026-02-22,10,1200,1400,True,-,False,False,False,0.8888888888888888,1,14,0.07142857142857142,1,1,1
TYCOON EXPRESS,2026-02-12,2026-03-01,17,1200,1400,True,-,False,False,False,1.0,5,14,0.35714285714285715,0,0,1
TRIUMPHANT WARRIOR,2026-02-12,2026-02-25,13,1200,1200,True,++,False,True,True,0.1111111111111111,5,12,0.4166666666666667,0,0,1
GET FRIENDLY,2026-02-12,2026-02-22,10,1200,1200,True,+,False,False,True,0.2222222222222222,6,14,0.42857142857142855,0,0,1
SUPER RUBICK KID,2026-02-12,2026-04-12,59,1200,1200,True,+,False,False,True,0.3333333333333333,7,12,0.5833333333333334,0,0,0
IRON LEGION,2026-02-12,2026-02-22,10,1200,1800,False,+,False,False,False,0.4444444444444444,10,14,0.7142857142857143,0,0,0
THE AZURE,2026-02-12,2026-03-11,27,1200,1650,False,+,False,False,False,0.5555555555555556,6,12,0.5,0,0,1
CHATER FLASH,2026-02-12,2026-02-19,7,1200,1400,True,+,True,False,True,0.6666666666666666,12,14,0.8571428571428571,0,0,0
PRINCE ALEX,2026-02-12,2026-02-25,13,1200,1650,False,0,False,False,False,0.7777777777777778,10,12,0.8333333333333334,0,0,0
PERFECT PAIRING,2026-02-12,2026-03-04,20,1200,1800,False,-,False,False,True,0.8888888888888888,3,12,0.25,0,1,1
CASA BUDDY,2026-02-12,2026-04-06,53,1200,1000,True,-,False,False,False,1.0,13,14,0.9285714285714286,0,0,0
GENTLEMEN LEGACY,2026-02-12,2026-02-19,7,1200,2000,False,++,False,True,False,0.2,1,14,0.07142857142857142,1,1,1
BEAUTY ALLIANCE,2026-02-12,2026-02-22,10,1200,1600,False,+,False,False,True,0.4,7,14,0.5,0,0,1
SWORD POINT,2026-02-12,2026-02-25,13,1200,1800,False,+,False,False,False,0.6,7,7,1.0,0,0,0
BRILLIANT EXPRESS,2026-02-12,2026-02-22,10,1200,1400,True,-,False,False,True,0.8,7,14,0.5,0,0,1
ENTHRALLED,2026-02-12,2026-02-19,7,1200,2000,False,++,False,True,True,0.125,3,14,0.21428571428571427,0,1,1
FIT FOR BEAUTY,2026-02-12,2026-02-19,7,1200,1200,True,++,False,False,False,0.25,9,14,0.6428571428571429,0,0,0
NEVER TOO SOON,2026-02-12,2026-02-25,13,1200,1200,True,+,True,False,True,0.625,4,12,0.3333333333333333,0,0,1
DRAGON ON SNOW,2026-02-12,2026-03-15,31,1200,1400,True,0,False,False,True,0.75,8,12,0.6666666666666666,0,0,0
CAMP LAND,2026-02-12,2026-02-25,13,1200,1200,True,-,False,False,False,0.875,12,12,1.0,0,0,0
WIN BEAUTY VIVA,2026-02-12,2026-02-25,13,1200,1650,False,++,False,True,True,0.14285714285714285,7,12,0.5833333333333334,0,0,0
ENDEARED,2026-02-12,2026-02-25,13,1200,1200,True,++,False,False,True,0.2857142857142857,12,12,1.0,0,0,0
VIEW OF COSMOS,2026-02-12,2026-03-18,34,1200,1200,True,+,False,False,True,0.42857142857142855,12,13,0.9230769230769231,0,0,0
SIR CHARGE,2026-02-12,2026-02-25,13,1200,1200,True,0,False,False,True,0.5714285714285714,10,12,0.8333333333333334,0,0,0
NEZHA,2026-02-12,2026-03-15,31,1200,1650,False,+,True,False,False,0.7142857142857143,1,14,0.07142857142857142,1,1,1
CELESTIAL HARMONY,2026-02-12,2026-03-15,31,1200,1650,False,++,False,True,True,0.125,6,14,0.42857142857142855,0,0,1
AWESOME TREASURE,2026-02-12,2026-02-25,13,1200,1200,True,+,False,False,False,0.375,4,12,0.3333333333333333,0,0,1
COUNTRY DANCER,2026-02-12,2026-02-25,13,1200,1200,True,++,True,False,True,0.5,10,12,0.8333333333333334,0,0,0
TAKE ACTION,2026-02-12,2026-03-04,20,1200,1650,False,+,False,False,True,0.625,8,12,0.6666666666666666,0,0,0
ROSEWOOD FLEETFOOT,2026-02-12,2026-03-04,20,1200,1800,False,+,False,False,False,0.75,9,12,0.75,0,0,0
RIDING HIGH,2026-02-12,2026-02-19,7,1200,1200,True,0,False,False,False,,3,14,0.21428571428571427,0,1,1
ALL ARE MINE,2026-02-12,2026-03-04,20,1200,1800,False,++,False,True,True,0.1111111111111111,2,12,0.16666666666666666,0,1,1
TEAM HAPPY,2026-02-12,2026-02-19,7,1200,1200,True,++,True,False,True,0.2222222222222222,11,14,0.7857142857142857,0,0,0
ON THE LASH,2026-02-12,2026-02-22,10,1200,1800,False,+,False,False,True,0.3333333333333333,8,14,0.5714285714285714,0,0,0
NOBLE DELUXE,2026-02-12,2026-02-19,7,1200,1200,True,+,False,False,True,0.4444444444444444,13,14,0.9285714285714286,0,0,0
ONE AND ONLY,2026-02-12,2026-04-08,55,1200,1200,True,+,False,False,False,0.5555555555555556,10,12,0.8333333333333334,0,0,0
PRESIDENT PEGASUS,2026-02-12,2026-04-12,59,1200,1400,True,-,False,False,True,0.6666666666666666,11,14,0.7857142857142857,0,0,0
ALL EYES ON ME,2026-02-12,2026-03-15,31,1200,1650,False,0,False,False,True,0.7777777777777778,3,14,0.21428571428571427,0,1,1
HAILTOTHEVICTORS,2026-02-12,2026-02-22,10,1200,1800,False,+,False,False,True,0.8888888888888888,4,14,0.2857142857142857,0,0,1
COOL BLUE,2026-02-12,2026-02-22,10,1200,1800,False,+,False,False,True,1.0,1,14,0.07142857142857142,1,1,1
MULTIDUTCH,2026-02-12,2026-03-15,31,1050,1200,True,+,False,False,True,0.5,12,12,1.0,0,0,0
TRINITY TREASURE,2026-02-12,2026-03-25,41,1050,1650,False,-,False,False,False,0.75,11,13,0.8461538461538461,0,0,0
GREATER BAE,2026-02-12,2026-02-25,13,1050,1200,True,0,False,False,False,,5,12,0.4166666666666667,0,0,1
CALIFORNIATOTALITY,2026-02-13,2026-02-25,12,1700,1800,True,++,False,True,True,0.2,5,7,0.7142857142857143,0,0,0
DO YOU JUST,2026-02-13,2026-02-25,12,1700,1650,True,+,False,False,False,0.4,11,12,0.9166666666666666,0,0,0
DOUBLE WIN,2026-02-13,2026-03-04,19,1700,2200,False,0,False,False,True,0.6,3,13,0.23076923076923078,0,1,1
FORTUNE STAR,2026-02-13,2026-02-25,12,1700,1650,True,-,False,False,True,0.8,4,12,0.3333333333333333,0,0,1
AGENDA,2026-02-13,2026-02-19,6,1700,2000,False,-,False,False,False,1.0,5,14,0.35714285714285715,0,0,1
FURY AND GOLD,2026-02-13,2026-02-22,9,1700,1800,True,++,False,True,True,0.16666666666666666,12,14,0.8571428571428571,0,0,0
SHOOTING TO TOP,2026-02-13,2026-03-01,16,1700,1400,False,+,False,False,False,0.3333333333333333,7,14,0.5,0,0,1
VIRTUOUS PHANTOM,2026-02-13,2026-03-29,44,1700,1400,False,++,False,False,False,0.5,13,14,0.9285714285714286,0,0,0
WAH MAY WAI WAI,2026-02-13,2026-03-18,33,1700,1650,True,-,False,False,True,0.6666666666666666,9,12,0.75,0,0,0
FAMILY FORTUNE,2026-02-13,2026-02-22,9,1700,1800,True,-,False,False,True,0.8333333333333334,7,14,0.5,0,0,1
WISEMAN,2026-02-13,2026-03-15,30,1700,1650,True,-,False,False,False,1.0,14,14,1.0,0,0,0
RELENTLESS PURSUIT,2026-02-13,2026-03-01,16,1200,1200,True,++,False,True,True,0.125,6,15,0.4,0,0,1
PRESTIGE WIN,2026-02-13,2026-02-22,9,1200,1200,True,++,False,False,False,0.25,10,10,1.0,0,0,0
POWER OF VITAM,2026-02-13,2026-02-22,9,1200,1600,False,+,False,False,False,0.375,1,14,0.07142857142857142,1,1,1
EMBRACES,2026-02-13,2026-02-25,12,1200,1650,False,++,True,False,True,0.5,6,12,0.5,0,0,1
JUMBO STEPS,2026-02-13,2026-03-22,37,1200,1200,True,0,False,False,True,0.625,9,10,0.9,0,0,0
HOTT SHOTT,2026-02-13,2026-03-01,16,1200,1200,True,0,False,False,True,0.75,10,11,0.9090909090909091,0,0,0
CORNERSTONE,2026-02-13,2026-02-19,6,1200,1200,True,+,False,False,True,0.875,13,14,0.9285714285714286,0,0,0
FAMILY JEWEL,2026-02-13,2026-03-08,23,1200,1600,False,-,False,False,False,1.0,9,14,0.6428571428571429,0,0,0
SUPERB SPIRIT,2026-02-13,2026-04-06,52,1200,1200,True,++,False,True,False,0.1111111111111111,4,14,0.2857142857142857,0,0,1
CHEERFUL WONGCHOY,2026-02-13,2026-02-25,12,1200,1200,True,+,False,False,True,0.2222222222222222,6,12,0.5,0,0,1
KING LOTUS,2026-02-13,2026-03-08,23,1200,1400,True,+,False,False,True,0.3333333333333333,11,14,0.7857142857142857,0,0,0
STATE SECURITY,2026-02-13,2026-03-29,44,1200,1400,True,+,False,False,True,0.4444444444444444,10,14,0.7142857142857143,0,0,0
TOPSPIN KING,2026-02-13,2026-02-25,12,1200,1200,True,0,False,False,True,0.5555555555555556,11,12,0.9166666666666666,0,0,0
DIAMOND SPARKLE,2026-02-13,2026-03-18,33,1200,1200,True,0,False,False,True,0.6666666666666666,8,13,0.6153846153846154,0,0,0
RICH HORSE,2026-02-13,2026-02-25,12,1200,1200,True,-,False,False,False,0.8888888888888888,12,12,1.0,0,0,0
A LA CHAMP,2026-02-13,2026-02-22,9,1200,1400,True,-,False,False,True,1.0,14,14,1.0,0,0,0
MAGIC COSMOS,2026-02-13,2026-03-15,30,1200,1650,False,++,False,True,True,0.1111111111111111,12,14,0.8571428571428571,0,0,0
KWAI CHUNG TALENTS,2026-02-13,2026-02-25,12,1200,1200,True,++,False,False,False,0.2222222222222222,8,12,0.6666666666666666,0,0,0
GOLDEN BRILLIANT,2026-02-13,2026-03-11,26,1200,1650,False,+,False,False,True,0.4444444444444444,1,12,0.08333333333333333,1,1,1
LUCKY BID,2026-02-13,2026-04-12,58,1200,1200,True,+,False,False,False,0.6666666666666666,6,12,0.5,0,0,1
MR GOOD VIBES,2026-02-13,2026-02-19,6,1200,1200,True,-,False,False,True,0.7777777777777778,12,14,0.8571428571428571,0,0,0
ROMANTIC GLADIATOR,2026-02-13,2026-03-04,19,1200,1200,True,+,True,False,True,0.8888888888888888,4,10,0.4,0,0,1
RISING FROM EAST,2026-02-13,2026-03-01,16,1200,1200,True,-,False,False,True,1.0,14,14,1.0,0,0,0
TOP TO SKY,2026-02-13,2026-02-25,12,1200,1200,True,++,False,True,True,0.1,8,12,0.6666666666666666,0,0,0
TRENDY RUSH,2026-02-13,2026-03-18,33,1200,1200,True,+,False,False,True,0.2,8,13,0.6153846153846154,0,0,0
SUPREME FEELING,2026-02-13,2026-02-25,12,1200,1200,True,+,False,False,True,0.3,7,12,0.5833333333333334,0,0,0
STAR SATYR,2026-02-13,2026-02-22,9,1200,1400,True,+,False,False,True,0.4,6,14,0.42857142857142855,0,0,1
PRECISION HOPE,2026-02-13,2026-03-01,16,1200,1200,True,+,False,False,True,0.5,5,14,0.35714285714285715,0,0,1
ARGENTO OCEAN,2026-02-13,2026-02-25,12,1200,1200,True,-,False,False,True,0.6,2,12,0.16666666666666666,0,1,1
WINNING CIGAR,2026-02-13,2026-02-25,12,1200,1200,True,+,False,False,False,0.7,5,12,0.4166666666666667,0,0,1
CHILL MASTER,2026-02-13,2026-02-25,12,1200,1200,True,+,True,False,False,0.8,4,12,0.3333333333333333,0,0,1
KA YING GRATEFUL,2026-02-13,2026-04-12,58,1200,1000,True,-,False,False,True,1.0,6,6,1.0,0,0,0
CAUSEWAY KING,2026-02-13,2026-03-25,40,1000,1000,True,++,False,True,False,0.14285714285714285,9,12,0.75,0,0,0
EVER LUCK,2026-02-13,2026-02-22,9,1000,1200,True,++,True,False,False,0.2857142857142857,7,10,0.7,0,0,0
FLYING SNIPER,2026-02-13,2026-03-15,30,1000,1200,True,+,False,False,False,0.42857142857142855,7,12,0.5833333333333334,0,0,0
FLYING HUNTER,2026-02-13,2026-04-08,54,1000,1200,True,0,False,False,True,0.7142857142857143,12,12,1.0,0,0,0
JUMBO BLESSING,2026-02-13,2026-02-22,9,1000,1000,True,++,False,True,True,0.14285714285714285,12,15,0.8,0,0,0
FLASHING FIGHTER,2026-02-13,2026-04-12,58,1000,1200,True,++,False,False,True,0.2857142857142857,1,12,0.08333333333333333,1,1,1
JOY STAR,2026-02-13,2026-02-22,9,1000,1000,True,++,False,False,True,0.42857142857142855,7,15,0.4666666666666667,0,0,1
FORTUNE WARRIOR,2026-02-13,2026-03-11,26,1000,1200,True,0,False,False,True,0.5714285714285714,12,12,1.0,0,0,0
CLASSIC TRIPLE,2026-02-13,2026-03-08,23,1000,1000,True,0,False,False,False,0.7142857142857143,13,14,0.9285714285714286,0,0,0
BEAUTY BOLT,2026-02-16,2026-03-01,13,1200,0,False,++,False,True,False,0.16666666666666666,7,14,0.5,0,0,1
PATCH OF COSMO,2026-02-16,2026-03-01,13,1200,0,False,++,False,False,True,0.3333333333333333,3,14,0.21428571428571427,0,1,1
GOLD PATCH,2026-02-16,2026-03-01,13,1200,1200,True,+,False,False,False,0.5,3,14,0.21428571428571427,0,1,1
PRESTIGE ALWAYS,2026-02-16,2026-02-25,9,1200,1200,True,+,True,False,False,0.6666666666666666,7,12,0.5833333333333334,0,0,0
MASTEROFMYUNIVERSE,2026-02-16,2026-03-08,20,1200,1200,True,+,True,False,True,0.8333333333333334,8,13,0.6153846153846154,0,0,0
IMPRESSIVE CHAMP,2026-02-16,2026-02-25,9,1200,1200,True,-,False,False,True,1.0,12,12,1.0,0,0,0
BUSTLING CITY,2026-02-16,2026-02-25,9,1200,1200,True,++,True,True,False,0.16666666666666666,10,12,0.8333333333333334,0,0,0
WINDLORD,2026-02-16,2026-03-01,13,1200,0,False,+,False,False,True,0.3333333333333333,10,14,0.7142857142857143,0,0,0
CHEAHA,2026-02-16,2026-03-01,13,1200,1200,True,+,False,False,False,0.5,7,11,0.6363636363636364,0,0,0
BASIC INSTINCT,2026-02-16,2026-03-15,27,1200,1200,True,0,False,False,True,0.6666666666666666,8,12,0.6666666666666666,0,0,0
HAPPY TERCENTENARY,2026-02-16,2026-03-04,16,1200,1650,False,-,False,False,True,0.8333333333333334,12,12,1.0,0,0,0
TOP MAESTRO,2026-02-16,2026-02-22,6,1200,1200,True,-,False,False,True,1.0,14,14,1.0,0,0,0
VIEW ALL THINGS,2026-02-16,2026-04-06,49,1200,1200,True,++,False,True,True,0.16666666666666666,5,15,0.3333333333333333,0,0,1
FIGHTING MACHINE,2026-02-16,2026-03-01,13,1200,1400,True,+,False,False,True,0.5,10,14,0.7142857142857143,0,0,0
DOUBLE BINGO,2026-02-16,2026-04-01,44,1200,1200,True,0,False,False,True,0.6666666666666666,4,12,0.3333333333333333,0,0,1
WISDOM STAR,2026-02-16,2026-02-22,6,1200,1800,False,-,False,False,True,0.8333333333333334,14,14,1.0,0,0,0
LEADING DRAGON,2026-02-16,2026-02-22,6,1200,1000,True,0,False,False,True,,5,15,0.3333333333333333,0,0,1
VOYAGE BUBBLE,2026-02-20,2026-03-01,9,1600,0,False,++,False,True,True,0.1111111111111111,5,6,0.8333333333333334,0,0,0
ROMANTIC WARRIOR,2026-02-20,2026-03-01,9,1600,0,False,++,True,False,False,0.2222222222222222,1,6,0.16666666666666666,1,1,1
INFINITE RESOLVE,2026-02-20,2026-03-01,9,1600,0,False,++,False,False,False,0.3333333333333333,9,14,0.6428571428571429,0,0,0
ENSUED,2026-02-20,2026-03-01,9,1600,0,False,+,False,False,True,0.4444444444444444,2,6,0.3333333333333333,0,1,1
WINNING WING,2026-02-20,2026-03-01,9,1600,0,False,+,False,False,False,0.5555555555555556,3,6,0.5,0,1,1
MY WISH,2026-02-20,2026-03-01,9,1600,0,False,+,True,False,False,0.6666666666666666,4,6,0.6666666666666666,0,0,0
CAP FERRAT,2026-02-20,2026-04-06,45,1600,0,False,0,False,False,True,0.7777777777777778,7,14,0.5,0,0,1
PACKING FIGHTER,2026-02-20,2026-03-01,9,1600,2000,False,-,False,False,False,0.8888888888888888,6,14,0.42857142857142855,0,0,1
JOYFUL PROSPERITY,2026-02-20,2026-03-01,9,1600,1800,True,-,False,False,False,1.0,12,14,0.8571428571428571,0,0,0
HAPPY SHOOTER,2026-02-20,2026-03-01,9,1200,1200,True,++,False,True,True,0.125,2,15,0.13333333333333333,0,1,1
RAPID PHANTOM,2026-02-20,2026-04-06,45,1200,1000,True,+,False,False,True,0.25,3,14,0.21428571428571427,0,1,1
INVINCIBLE IBIS,2026-02-20,2026-03-01,9,1200,0,False,++,False,False,True,0.375,2,14,0.14285714285714285,0,1,1
SAGACIOUS LIFE,2026-02-20,2026-03-01,9,1200,0,False,+,False,False,False,0.5,14,14,1.0,0,0,0
CALL ME SUCCESS,2026-02-20,2026-03-08,16,1200,1200,True,0,False,False,False,0.625,3,12,0.25,0,1,1
DASHING BASICS,2026-02-20,2026-03-25,33,1200,1000,True,-,False,False,False,0.75,11,12,0.9166666666666666,0,0,0
KING CANNON,2026-02-20,2026-03-11,19,1200,1200,True,-,False,False,False,0.875,8,12,0.6666666666666666,0,0,0
MR DESIRA,2026-02-20,2026-03-25,33,1200,1000,True,-,False,False,False,1.0,10,12,0.8333333333333334,0,0,0
DRACO,2026-02-20,2026-03-08,16,1200,1400,True,++,False,True,True,0.1111111111111111,8,15,0.5333333333333333,0,0,0
MIGHTY FIGHTER,2026-02-20,2026-03-29,37,1200,1200,True,+,False,False,True,0.2222222222222222,11,14,0.7857142857142857,0,0,0
POLAR PATCH,2026-02-20,2026-03-22,30,1200,1200,True,+,False,False,True,0.3333333333333333,12,14,0.8571428571428571,0,0,0
KINGLY DEMEANOR,2026-02-20,2026-03-01,9,1200,1800,False,+,False,False,True,0.4444444444444444,6,14,0.42857142857142855,0,0,1
LUCKY DOCTOR,2026-02-20,2026-03-01,9,1200,1200,True,+,False,False,True,0.5555555555555556,8,11,0.7272727272727273,0,0,0
FORTUNE KINGO,2026-02-20,2026-03-01,9,1200,1800,False,+,False,False,False,0.6666666666666666,11,14,0.7857142857142857,0,0,0
CIRRUS SPEED,2026-02-20,2026-03-04,12,1200,1200,True,+,False,False,True,0.7777777777777778,8,12,0.6666666666666666,0,0,0
FLYING AMANI,2026-02-20,2026-03-08,16,1200,1600,False,-,False,False,True,0.8888888888888888,4,14,0.2857142857142857,0,0,1
HEALTHY PONY,2026-02-20,2026-03-01,9,1200,1200,True,-,False,False,False,1.0,14,15,0.9333333333333333,0,0,0
WINNING OVATION,2026-02-24,2026-03-08,12,1000,1400,False,++,False,True,False,0.09090909090909091,1,14,0.07142857142857142,1,1,1
CLASSIC TRIPLE,2026-02-24,2026-03-08,12,1000,1000,True,+,False,False,True,0.18181818181818182,13,14,0.9285714285714286,0,0,0
LUCY IN THE SKY,2026-02-24,2026-03-01,5,1000,1200,True,++,True,False,False,0.2727272727272727,9,11,0.8181818181818182,0,0,0
CAUSEWAY KING,2026-02-24,2026-03-25,29,1000,1000,True,++,True,False,False,0.36363636363636365,9,12,0.75,0,0,0
LUCKY TWENTY,2026-02-24,2026-03-08,12,1000,1000,True,+,False,False,False,0.45454545454545453,6,14,0.42857142857142855,0,0,1
GOLDEN CHAMP,2026-02-24,2026-03-22,26,1000,1200,True,0,False,False,False,0.5454545454545454,9,10,0.9,0,0,0
BULB GENERAL,2026-02-24,2026-03-29,33,1000,1200,True,+,True,False,True,0.8181818181818182,3,11,0.2727272727272727,0,1,1
PARROT BLESSING,2026-02-24,2026-04-06,41,1000,1000,True,-,False,False,False,1.0,14,14,1.0,0,0,0
QUANTUM LEGEND,2026-02-24,2026-04-12,47,1000,1200,True,++,False,True,False,0.09090909090909091,9,12,0.75,0,0,0
LUCKY CANDY,2026-02-24,2026-03-15,19,1000,1000,True,++,False,False,True,0.18181818181818182,6,13,0.46153846153846156,0,0,1
JUSTIFYING,2026-02-24,2026-04-01,36,1000,1200,True,++,False,False,False,0.36363636363636365,4,12,0.3333333333333333,0,0,1
TACTICAL ACE,2026-02-24,2026-03-15,19,1000,1000,True,-,False,False,False,0.45454545454545453,11,13,0.8461538461538461,0,0,0
CALL ME SPARKLE,2026-02-24,2026-03-15,19,1000,1200,True,+,False,False,False,0.6363636363636364,1,12,0.08333333333333333,1,1,1
DUKE OF ORANGE,2026-02-24,2026-03-04,8,1000,1200,True,+,False,False,False,0.7272727272727273,4,12,0.3333333333333333,0,0,1
JUMBO STEPS,2026-02-24,2026-03-22,26,1000,1200,True,0,False,False,False,0.8181818181818182,9,10,0.9,0,0,0
GREEN FIELD PEARL,2026-02-24,2026-03-08,12,1000,1000,True,+,False,False,True,0.9090909090909091,10,14,0.7142857142857143,0,0,0
MAPOGO,2026-02-24,2026-03-08,12,1000,1000,True,++,False,True,False,0.09090909090909091,4,14,0.2857142857142857,0,0,1
CASA PRIMO,2026-02-24,2026-03-08,12,1000,1000,True,++,False,False,True,0.18181818181818182,5,14,0.35714285714285715,0,0,1
E HOPEFUL,2026-02-24,2026-03-29,33,1000,1000,True,++,False,False,True,0.2727272727272727,11,14,0.7857142857142857,0,0,0
HEROIC VANGUARD,2026-02-24,2026-03-08,12,1000,1200,True,+,False,False,False,0.36363636363636365,5,12,0.4166666666666667,0,0,1
DASH,2026-02-24,2026-03-15,19,1000,1200,True,+,False,False,False,0.45454545454545453,3,12,0.25,0,1,1
TYCOON RESOURCES,2026-02-24,2026-04-08,43,1000,1000,True,0,False,False,False,0.6363636363636364,1,12,0.08333333333333333,1,1,1
JUSTIFY YOURSELF,2026-02-24,2026-03-08,12,1000,1600,False,-,False,False,True,0.8181818181818182,14,14,1.0,0,0,0
RACINGRACE,2026-02-24,2026-03-04,8,1000,1200,True,-,False,False,False,0.9090909090909091,9,12,0.75,0,0,0
PRESIDENT PEGASUS,2026-02-24,2026-04-12,47,1000,1400,False,-,False,False,False,1.0,11,14,0.7857142857142857,0,0,0
GRACEFUL HEART,2026-02-24,2026-04-06,41,1000,1000,True,++,False,True,True,0.09090909090909091,9,14,0.6428571428571429,0,0,0
FLASHING FIGHTER,2026-02-24,2026-04-12,47,1000,1200,True,++,False,False,False,0.18181818181818182,1,12,0.08333333333333333,1,1,1
LOVING VIBES,2026-02-24,2026-03-08,12,1000,1000,True,++,False,False,True,0.2727272727272727,7,14,0.5,0,0,1
EXTRAORDINARY GALL,2026-02-24,2026-03-08,12,1000,1200,True,+,False,False,True,0.36363636363636365,11,12,0.9166666666666666,0,0,0
BLING BLING GENIUS,2026-02-24,2026-03-08,12,1000,1400,False,+,False,False,False,0.5454545454545454,4,15,0.26666666666666666,0,0,1
DOUBLE SHOW,2026-02-24,2026-03-29,33,1000,1400,False,0,False,False,False,0.6363636363636364,3,14,0.21428571428571427,0,1,1
CONCORDE STAR,2026-02-24,2026-03-04,8,1000,1200,True,0,False,False,False,0.8181818181818182,7,12,0.5833333333333334,0,0,0
CAMP FIRE,2026-02-24,2026-03-11,15,1000,1000,True,-,False,False,False,0.9090909090909091,10,12,0.8333333333333334,0,0,0
GOLDEN BRILLIANT,2026-02-24,2026-03-11,15,1000,1650,False,-,False,False,False,1.0,1,12,0.08333333333333333,1,1,1
PRECISION MIND,2026-02-24,2026-04-06,41,800,1000,True,++,False,True,False,0.1111111111111111,6,14,0.42857142857142855,0,0,1
FIERY STEED,2026-02-24,2026-04-15,50,800,1200,False,++,False,False,False,0.2222222222222222,12,12,1.0,0,0,0
EXCEED THE LIMIT,2026-02-24,2026-03-22,26,800,1200,False,+,False,False,False,0.3333333333333333,5,10,0.5,0,0,1
STAR RISE,2026-02-24,2026-03-22,26,800,1200,False,++,False,False,False,0.4444444444444444,3,10,0.3,0,1,1
NUCLEOZOR,2026-02-24,2026-04-19,54,800,1400,False,0,False,False,False,0.5555555555555556,7,12,0.5833333333333334,0,0,0
MAGNEMITE,2026-02-24,2026-04-19,54,800,1200,False,0,False,False,True,0.7777777777777778,10,12,0.8333333333333334,0,0,0
TALENTS CHAMPION,2026-02-24,2026-04-12,47,800,1000,True,-,False,False,False,0.8888888888888888,3,6,0.5,0,1,1
PRESTIGE SUPERIOR,2026-02-24,2026-03-11,15,800,1200,False,++,False,True,True,0.1111111111111111,12,12,1.0,0,0,0
SECRET INGREDIENT,2026-02-24,2026-04-12,47,800,1000,True,-,False,False,False,0.5555555555555556,2,6,0.3333333333333333,0,1,1
SOLAR RIVER,2026-02-24,2026-04-22,57,800,1200,False,+,True,False,False,0.6666666666666666,10,13,0.7692307692307693,0,0,0
SAMARKAND,2026-02-24,2026-03-04,8,1200,1650,False,++,False,True,True,0.125,2,12,0.16666666666666666,0,1,1
CAPITAL DELIGHT,2026-02-24,2026-03-08,12,1200,1200,True,+,False,False,True,0.25,10,13,0.7692307692307693,0,0,0
SPICY STANDARD,2026-02-24,2026-03-22,26,1200,1200,True,++,True,False,True,0.375,7,15,0.4666666666666667,0,0,1
ROMANTIC GLADIATOR,2026-02-24,2026-03-04,8,1200,1200,True,+,False,False,True,0.5,4,10,0.4,0,0,1
SHANGHAI STYLE,2026-02-24,2026-03-04,8,1200,1650,False,+,False,False,False,0.625,5,12,0.4166666666666667,0,0,1
MAKE YOU SMILE,2026-02-24,2026-03-22,26,1200,1400,True,0,False,False,False,0.75,7,12,0.5833333333333334,0,0,0
REGENCY DREAM,2026-02-24,2026-03-22,26,1200,1400,True,-,False,False,True,0.875,7,15,0.4666666666666667,0,0,1
FLUORESCENCE,2026-02-24,2026-03-08,12,1200,1600,False,-,False,False,False,1.0,14,14,1.0,0,0,0
EVERYONE'S STAR,2026-02-24,2026-03-08,12,1200,1400,True,++,False,True,True,0.1111111111111111,7,14,0.5,0,0,1
JUICY DRAGON,2026-02-24,2026-03-08,12,1200,1200,True,++,False,False,False,0.2222222222222222,1,12,0.08333333333333333,1,1,1
ROBOT STAR,2026-02-24,2026-03-22,26,1200,1600,False,+,False,False,True,0.3333333333333333,5,14,0.35714285714285715,0,0,1
SUPER SICARIO,2026-02-24,2026-03-04,8,1200,1800,False,++,False,False,False,0.4444444444444444,1,12,0.08333333333333333,1,1,1
BLOSSOMY,2026-02-24,2026-03-15,19,1200,1400,True,+,True,False,True,0.5555555555555556,10,14,0.7142857142857143,0,0,0
SUPER RUBICK KID,2026-02-24,2026-04-12,47,1200,1200,True,0,False,False,False,0.7777777777777778,7,12,0.5833333333333334,0,0,0
FALLON,2026-02-24,2026-03-11,15,1200,1800,False,-,False,False,False,0.8888888888888888,1,12,0.08333333333333333,1,1,1
HEROIC MASTER,2026-02-24,2026-03-08,12,1200,1000,True,+,False,False,True,1.0,3,14,0.21428571428571427,0,1,1
CONRAD THE GREAT,2026-02-24,2026-03-08,12,1200,1200,True,++,False,False,False,0.2222222222222222,2,12,0.16666666666666666,0,1,1
BEAUTY VIVA,2026-02-24,2026-03-08,12,1200,1600,False,+,False,False,True,0.3333333333333333,9,14,0.6428571428571429,0,0,0
SMART BEAUTY,2026-02-24,2026-03-15,19,1200,1650,False,+,False,False,True,0.4444444444444444,8,14,0.5714285714285714,0,0,0
KASA PAPA,2026-02-24,2026-03-04,8,1200,1800,False,0,False,False,False,0.6666666666666666,10,12,0.8333333333333334,0,0,0
CONSPIRACY WITNESS,2026-02-24,2026-03-04,8,1200,1800,False,+,False,False,True,0.7777777777777778,4,12,0.3333333333333333,0,0,1
PANDA LEGEND,2026-02-24,2026-03-08,12,1200,1400,True,+,True,False,True,0.8888888888888888,5,15,0.3333333333333333,0,0,1
WISEMAN,2026-02-24,2026-03-15,19,1200,1650,False,-,False,False,True,1.0,14,14,1.0,0,0,0
SUPREME SEA,2026-02-26,2026-03-08,10,1200,1200,True,++,False,True,True,0.1111111111111111,4,13,0.3076923076923077,0,0,1
SPEEDY TRIDENT,2026-02-26,2026-03-15,17,1200,1650,False,+,False,False,True,0.2222222222222222,9,14,0.6428571428571429,0,0,0
FLYING SNIPER,2026-02-26,2026-03-15,17,1200,1200,True,++,False,False,False,0.3333333333333333,7,12,0.5833333333333334,0,0,0
STATE SECURITY,2026-02-26,2026-03-29,31,1200,1400,True,++,False,False,False,0.4444444444444444,10,14,0.7142857142857143,0,0,0
TRENDY RUSH,2026-02-26,2026-03-18,20,1200,1200,True,-,False,False,False,0.5555555555555556,8,13,0.6153846153846154,0,0,0
ACE POWER,2026-02-26,2026-03-08,10,1200,1200,True,+,False,False,True,0.6666666666666666,2,12,0.16666666666666666,0,1,1
MISSION GIANT,2026-02-26,2026-04-08,41,1200,1650,False,-,False,False,False,0.7777777777777778,12,13,0.9230769230769231,0,0,0
FAMILY JEWEL,2026-02-26,2026-03-08,10,1200,1600,False,-,False,False,False,0.8888888888888888,9,14,0.6428571428571429,0,0,0
GOOD CHAP,2026-02-26,2026-03-08,10,1200,1200,True,++,False,True,False,0.1111111111111111,1,12,0.08333333333333333,1,1,1
DIAMOND SPARKLE,2026-02-26,2026-03-18,20,1200,1200,True,+,False,False,True,0.2222222222222222,8,13,0.6153846153846154,0,0,0
CIRCUIT VICTORY,2026-02-26,2026-03-15,17,1200,1200,True,+,False,False,False,0.3333333333333333,5,12,0.4166666666666667,0,0,1
ACE WAR,2026-02-26,2026-03-04,6,1200,2200,False,+,False,False,False,0.4444444444444444,1,13,0.07692307692307693,1,1,1
CHIU CHOW SPIRIT,2026-02-26,2026-03-08,10,1200,1400,True,+,False,False,False,0.5555555555555556,14,14,1.0,0,0,0
DOUBLE BINGO,2026-02-26,2026-04-01,34,1200,1200,True,+,False,False,False,0.6666666666666666,4,12,0.3333333333333333,0,0,1
COURIER MAGIC,2026-02-26,2026-03-15,17,1200,1650,False,0,False,False,False,0.7777777777777778,7,14,0.5,0,0,1
PHANTOM CYCLONE,2026-02-26,2026-03-15,17,1200,1650,False,-,False,False,True,0.8888888888888888,4,14,0.2857142857142857,0,0,1
NORTHERN BEAST,2026-02-26,2026-03-04,6,1200,1650,False,-,False,False,False,1.0,11,12,0.9166666666666666,0,0,0
BEAUTY WAVES,2026-02-27,2026-03-08,9,1000,1200,True,++,False,True,False,0.1111111111111111,10,12,0.8333333333333334,0,0,0
WUNDERBAR,2026-02-27,2026-03-08,9,1000,1200,True,+,False,False,False,0.2222222222222222,8,12,0.6666666666666666,0,0,0
FAST NETWORK,2026-02-27,2026-03-08,9,1000,1200,True,+,False,False,False,0.3333333333333333,1,12,0.08333333333333333,1,1,1
MAGNIFIQUE,2026-02-27,2026-03-08,9,1000,1200,True,+,False,False,False,0.4444444444444444,1,13,0.07692307692307693,1,1,1
TACTICAL HORIZONS,2026-02-27,2026-04-06,38,1000,1000,True,+,False,False,True,0.6666666666666666,10,12,0.8333333333333334,0,0,0
SKY JEWELLERY,2026-02-27,2026-04-19,51,1000,1400,False,+,False,False,False,0.7777777777777778,1,12,0.08333333333333333,1,1,1
WHIZZ KID,2026-02-27,2026-03-15,16,1000,1000,True,+,False,False,False,0.2,9,13,0.6923076923076923,0,0,0
PRESTIGE EMPEROR,2026-02-27,2026-03-29,30,1000,1200,True,+,False,False,True,0.5,9,14,0.6428571428571429,0,0,0
FORTUNE LINK,2026-02-27,2026-04-12,44,1000,1400,False,0,False,False,False,0.6,1,12,0.08333333333333333,1,1,1
CALIFORNIA DEEPLY,2026-02-27,2026-03-11,12,1000,1200,True,++,False,True,True,0.1,7,12,0.5833333333333334,0,0,0
BEAUTY SHOW,2026-02-27,2026-04-08,40,1000,1000,True,++,True,False,False,0.4,2,12,0.16666666666666666,0,1,1
BRILLIANT WINNER,2026-02-27,2026-03-15,16,1000,1200,True,+,False,False,True,0.5,10,12,0.8333333333333334,0,0,0
REAL TIME,2026-02-27,2026-03-22,23,1000,1400,False,+,False,False,True,0.7,11,12,0.9166666666666666,0,0,0
EMERGING STAR,2026-02-27,2026-04-19,51,1000,1000,True,-,False,False,True,0.8,14,14,1.0,0,0,0
Z PRINCE,2026-02-27,2026-04-19,51,1000,1400,False,-,False,False,True,1.0,5,14,0.35714285714285715,0,0,1
ROBOT KNIGHT,2026-02-27,2026-03-11,12,1000,1000,True,++,False,True,True,0.1,5,12,0.4166666666666667,0,0,1
AMO ERGO SUM,2026-02-27,2026-03-29,30,1000,1000,True,+,False,False,True,0.2,8,14,0.5714285714285714,0,0,0
GOLDEN DARCI,2026-02-27,2026-04-08,40,1000,1650,False,+,False,False,True,0.3,11,12,0.9166666666666666,0,0,0
MULTIDUTCH,2026-02-27,2026-03-15,16,1000,1200,True,-,False,False,False,0.5,12,12,1.0,0,0,0
SILVERY KNIGHT,2026-02-27,2026-04-12,44,1000,1000,True,+,False,False,True,0.6,4,6,0.6666666666666666,0,0,0
ZETTA FORCE,2026-02-27,2026-04-15,47,1000,1650,False,-,False,False,True,0.8,3,13,0.23076923076923078,0,1,1
KA YING SUPERB,2026-02-27,2026-03-15,16,1600,1400,True,++,False,True,True,0.16666666666666666,10,12,0.8333333333333334,0,0,0
KA YING GENERATION,2026-02-27,2026-03-08,9,1600,1800,True,+,False,False,True,0.3333333333333333,3,10,0.3,0,1,1
MOMENTS IN TIME,2026-02-27,2026-03-22,23,1600,1400,True,+,False,False,False,0.5,14,14,1.0,0,0,0
HELENE FEELING,2026-02-27,2026-03-22,23,1600,1400,True,0,False,False,False,0.6666666666666666,7,14,0.5,0,0,1
FLYING CHRISTIE,2026-02-27,2026-03-08,9,1600,1200,False,-,False,False,False,0.8333333333333334,12,12,1.0,0,0,0
STAR ELEGANCE,2026-02-27,2026-03-11,12,1600,1650,True,++,False,True,True,0.1,2,12,0.16666666666666666,0,1,1
SOARING BRONCO,2026-02-27,2026-03-18,19,1600,1650,True,+,False,False,True,0.2,1,12,0.08333333333333333,1,1,1
MORGAN SUCCESS,2026-02-27,2026-03-29,30,1600,1600,True,++,False,False,True,0.3,11,14,0.7857142857142857,0,0,0
MR ALADDIN,2026-02-27,2026-03-25,26,1600,2200,False,+,False,False,True,0.4,8,12,0.6666666666666666,0,0,0
EXCEED THE WISH,2026-02-27,2026-03-08,9,1600,1400,True,+,False,False,True,0.5,11,15,0.7333333333333333,0,0,0
ROSEWOOD FLEETFOOT,2026-02-27,2026-03-04,5,1600,1800,True,0,False,False,True,0.6,9,12,0.75,0,0,0
ALL EYES ON ME,2026-02-27,2026-03-15,16,1600,1650,True,0,False,False,True,0.7,3,14,0.21428571428571427,0,1,1
GANGNAM STAR,2026-02-27,2026-03-29,30,1600,1400,True,0,False,False,True,0.8,14,14,1.0,0,0,0
LUCKY SECRET,2026-02-27,2026-03-08,9,1600,1000,False,-,False,False,False,0.9,11,14,0.7857142857142857,0,0,0
STORM RIDER,2026-02-27,2026-03-08,9,1200,1200,True,++,False,True,False,0.1,7,12,0.5833333333333334,0,0,0
KING MILES,2026-02-27,2026-03-11,12,1200,1200,True,++,True,False,True,0.2,5,10,0.5,0,0,1
HAPPY BOSS,2026-02-27,2026-03-15,16,1200,1400,True,+,False,False,True,0.3,2,15,0.13333333333333333,0,1,1
MASTEROFMYUNIVERSE,2026-02-27,2026-03-08,9,1200,1200,True,+,False,False,True,0.4,8,13,0.6153846153846154,0,0,0
STEPS AHEAD,2026-02-27,2026-03-22,23,1200,1400,True,++,False,False,True,0.5,12,14,0.8571428571428571,0,0,0
COMPLETE UNKNOWN,2026-02-27,2026-03-22,23,1200,1200,True,0,False,False,True,0.6,8,10,0.8,0,0,0
VICTORY SKY,2026-02-27,2026-03-08,9,1200,1200,True,+,False,False,False,0.7,2,13,0.15384615384615385,0,1,1
CROSSBORDERPEGASUS,2026-02-27,2026-04-12,44,1200,1200,True,+,False,False,False,0.8,5,12,0.4166666666666667,0,0,1
BLAZING WIND,2026-02-27,2026-03-08,9,1200,1200,True,-,False,False,False,0.9,3,13,0.23076923076923078,0,1,1
WITHOUT RHYME,2026-02-27,2026-04-22,54,1200,1200,True,-,False,False,False,1.0,12,12,1.0,0,0,0
YOUNG CHAMPION,2026-02-27,2026-03-18,19,1200,1200,True,++,False,True,False,0.1,3,10,0.3,0,1,1
YOUNG ARROW,2026-02-27,2026-03-11,12,1200,1200,True,++,False,False,True,0.2,8,11,0.7272727272727273,0,0,0
WINNING MONEY,2026-02-27,2026-03-11,12,1200,1200,True,++,False,False,False,0.3,7,12,0.5833333333333334,0,0,0
M M CONCORD,2026-02-27,2026-03-22,23,1200,1400,True,+,False,False,True,0.4,8,12,0.6666666666666666,0,0,0
NEZHA,2026-02-27,2026-03-15,16,1200,1650,False,-,False,False,True,0.5,1,14,0.07142857142857142,1,1,1
TAKE ACTION,2026-02-27,2026-03-04,5,1200,1650,False,+,False,False,False,0.6,8,12,0.6666666666666666,0,0,0
DRAGON ON SNOW,2026-02-27,2026-03-15,16,1200,1400,True,-,False,False,False,0.7,8,12,0.6666666666666666,0,0,0
BLUE ILLUSION,2026-02-27,2026-04-06,38,1200,1000,True,-,False,False,False,0.9,9,12,0.75,0,0,0
GREAT LOOKING,2026-02-27,2026-04-15,47,1200,1200,True,-,False,False,False,1.0,12,12,1.0,0,0,0
MATZDEN,2026-02-27,2026-03-08,9,1200,1400,True,++,False,True,True,0.1,12,14,0.8571428571428571,0,0,0
FRANTANCK,2026-02-27,2026-03-08,9,1200,1600,False,++,True,False,True,0.3,12,14,0.8571428571428571,0,0,0
KING OBERON,2026-02-27,2026-03-18,19,1200,1200,True,++,False,False,True,0.4,10,13,0.7692307692307693,0,0,0
SMART FIGHTER,2026-02-27,2026-03-11,12,1200,1200,True,+,False,False,True,0.5,2,12,0.16666666666666666,0,1,1
UP WITH CHARM,2026-02-27,2026-03-11,12,1200,1200,True,-,False,False,True,0.6,10,12,0.8333333333333334,0,0,0
POET'S REIGN,2026-02-27,2026-03-08,9,1200,1200,True,+,False,False,True,0.7,11,12,0.9166666666666666,0,0,0
ONESHOT,2026-02-27,2026-04-19,51,1200,1000,True,-,False,False,False,0.9,5,14,0.35714285714285715,0,0,1
PRAY FOR JUSTICE,2026-02-27,2026-04-12,44,1200,1400,True,-,False,False,False,1.0,7,12,0.5833333333333334,0,0,0
ABSOLUTE HEART,2026-02-27,2026-03-22,23,1200,1200,True,++,False,True,True,0.1,1,15,0.06666666666666667,1,1,1
MEGA MASTERMIND,2026-02-27,2026-03-08,9,1200,1600,False,+,False,False,True,0.2,3,14,0.21428571428571427,0,1,1
ATOMIC BEAUTY,2026-02-27,2026-03-15,16,1200,1650,False,+,False,False,False,0.3,11,14,0.7857142857142857,0,0,0
LUCRATIVE EIGHT,2026-02-27,2026-04-06,38,1200,1200,True,++,False,False,False,0.4,3,14,0.21428571428571427,0,1,1
INVICTUS,2026-02-27,2026-04-06,38,1200,1000,True,+,False,False,False,0.5,7,14,0.5,0,0,1
VIVACIOUS WIN,2026-02-27,2026-03-11,12,1200,1650,False,0,False,False,False,0.6,4,12,0.3333333333333333,0,0,1
YEUX DE LIFELINE,2026-02-27,2026-04-22,54,1200,1200,True,+,False,False,False,0.7,8,13,0.6153846153846154,0,0,0
GENERAL SMART,2026-02-27,2026-03-08,9,1200,1400,True,+,False,False,False,0.8,2,15,0.13333333333333333,0,1,1
VIEW OF COSMOS,2026-02-27,2026-03-18,19,1200,1200,True,-,False,False,False,1.0,12,13,0.9230769230769231,0,0,0
MR INCREDIBLE,2026-03-02,2026-03-15,13,1000,1200,True,++,False,True,True,0.16666666666666666,1,12,0.08333333333333333,1,1,1
MONARCH COUNTY,2026-03-02,2026-04-08,37,1000,1200,True,+,False,False,True,0.3333333333333333,7,12,0.5833333333333334,0,0,0
SPORTIC WARRIOR,2026-03-02,2026-03-11,9,1000,1000,True,-,True,False,True,0.6666666666666666,11,12,0.9166666666666666,0,0,0
CASA BUDDY,2026-03-02,2026-04-06,35,1000,1000,True,-,False,False,False,1.0,13,14,0.9285714285714286,0,0,0
MY MARS,2026-03-02,2026-04-12,41,800,1200,False,++,False,True,False,0.14285714285714285,1,12,0.08333333333333333,1,1,1
KANSAS,2026-03-02,2026-04-06,35,800,1000,True,+,False,False,False,0.2857142857142857,11,12,0.9166666666666666,0,0,0
SUPER SIXTY,2026-03-02,2026-04-06,35,800,1000,True,++,True,False,False,0.42857142857142855,12,14,0.8571428571428571,0,0,0
MASTER PAYMENT,2026-03-02,2026-04-19,48,800,1000,True,++,False,True,False,0.14285714285714285,2,14,0.14285714285714285,0,1,1
KOL,2026-03-02,2026-04-01,30,800,1200,False,+,False,False,False,0.2857142857142857,11,12,0.9166666666666666,0,0,0
TURBO JEFFERIES,2026-03-02,2026-03-29,27,800,1000,True,++,False,False,False,0.42857142857142855,7,14,0.5,0,0,1
GRAND NOVA,2026-03-02,2026-04-22,51,800,1000,True,0,False,False,False,0.7142857142857143,2,12,0.16666666666666666,0,1,1
GRIT SPIRIT,2026-03-02,2026-03-29,27,800,1200,False,-,False,False,True,0.8571428571428571,13,13,1.0,0,0,0
MEGA CAPTAIN,2026-03-02,2026-04-06,35,800,1000,True,++,False,True,False,0.14285714285714285,11,14,0.7857142857142857,0,0,0
COLOURFUL WINNER,2026-03-02,2026-04-19,48,800,1200,False,++,False,False,True,0.2857142857142857,9,12,0.75,0,0,0
HIGHLAND RAHY,2026-03-02,2026-03-11,9,1200,1800,False,++,False,True,True,0.14285714285714285,5,12,0.4166666666666667,0,0,1
CAPTAIN LINK,2026-03-02,2026-03-18,16,1200,1000,True,-,False,False,True,0.2857142857142857,10,12,0.8333333333333334,0,0,0
ENTHUSIUM,2026-03-02,2026-03-11,9,1200,1800,False,+,False,False,True,0.42857142857142855,11,12,0.9166666666666666,0,0,0
GO GO GO,2026-03-02,2026-03-15,13,1200,1650,False,0,False,False,True,0.5714285714285714,1,14,0.07142857142857142,1,1,1
REWARDING TWINKLE,2026-03-02,2026-03-15,13,1200,1200,True,0,False,False,False,0.7142857142857143,6,12,0.5,0,0,1
TRINITY TREASURE,2026-03-02,2026-03-25,23,1200,1650,False,-,False,False,False,0.8571428571428571,11,13,0.8461538461538461,0,0,0
MASSIVE GLORY,2026-03-02,2026-04-12,41,1200,1400,True,-,False,False,True,1.0,6,14,0.42857142857142855,0,0,1
E HO HO,2026-03-03,2026-03-15,12,1200,1200,True,++,False,True,False,0.125,11,12,0.9166666666666666,0,0,0
CALIFORNIA STAR,2026-03-03,2026-03-15,12,1200,1650,False,+,False,False,True,0.25,2,14,0.14285714285714285,0,1,1
THUNDER BLAZE,2026-03-03,2026-03-15,12,1200,1650,False,+,False,False,True,0.375,1,12,0.08333333333333333,1,1,1
ALLCASH,2026-03-03,2026-03-15,12,1200,1650,False,+,False,False,True,0.5,8,12,0.6666666666666666,0,0,0
LE ZONDA,2026-03-03,2026-03-11,8,1200,1800,False,+,False,False,False,0.625,4,12,0.3333333333333333,0,0,1
ROMANTIC THOR,2026-03-03,2026-03-15,12,1200,1650,False,0,False,False,False,0.75,2,12,0.16666666666666666,0,1,1
AMAZING FUN,2026-03-03,2026-03-15,12,1200,1400,True,-,False,False,False,0.875,11,14,0.7857142857142857,0,0,0
IGOT,2026-03-03,2026-03-11,8,1200,1200,True,-,False,False,False,1.0,9,10,0.9,0,0,0
MACANESE MASTER,2026-03-03,2026-03-11,8,1200,1000,True,++,False,True,False,0.1111111111111111,2,12,0.16666666666666666,0,1,1
NEVER PETER OUT,2026-03-03,2026-03-15,12,1200,1650,False,++,False,False,True,0.2222222222222222,5,14,0.35714285714285715,0,0,1
CHINA WIN,2026-03-03,2026-03-11,8,1200,1800,False,+,False,False,True,0.3333333333333333,2,12,0.16666666666666666,0,1,1
VIRTUOUS PHANTOM,2026-03-03,2026-03-29,26,1200,1400,True,+,False,False,False,0.4444444444444444,13,14,0.9285714285714286,0,0,0
FOREMOST TEDDY,2026-03-03,2026-04-01,29,1200,1650,False,-,False,False,False,0.5555555555555556,11,14,0.7857142857142857,0,0,0
BASIC INSTINCT,2026-03-03,2026-03-15,12,1200,1200,True,0,False,False,False,0.6666666666666666,8,12,0.6666666666666666,0,0,0
MALPENSA,2026-03-03,2026-03-15,12,1200,1200,True,0,False,False,True,,5,12,0.4166666666666667,0,0,1
RUN RUN SMART,2026-03-05,2026-03-15,10,1200,1400,True,++,False,True,True,0.1111111111111111,14,15,0.9333333333333333,0,0,0
PUBLIC ATTENTION,2026-03-05,2026-03-08,3,1200,1200,True,+,False,False,True,0.2222222222222222,12,13,0.9230769230769231,0,0,0
RED SEA,2026-03-05,2026-03-15,10,1200,1200,True,++,False,False,False,0.3333333333333333,3,12,0.25,0,1,1
TALENTS AMBITION,2026-03-05,2026-03-15,10,1200,1650,False,++,False,False,True,0.4444444444444444,4,12,0.3333333333333333,0,0,1
HELENE SUPAFEELING,2026-03-05,2026-03-15,10,1200,1200,True,+,False,False,True,0.5555555555555556,6,12,0.5,0,0,1
GOLDEN BRILLIANT,2026-03-05,2026-03-11,6,1200,1650,False,0,False,False,True,0.6666666666666666,1,12,0.08333333333333333,1,1,1
FLYING HUNTER,2026-03-05,2026-04-08,34,1200,1200,True,-,False,False,False,0.7777777777777778,12,12,1.0,0,0,0
POCKETING,2026-03-05,2026-03-29,24,1200,1600,False,-,False,False,False,0.8888888888888888,7,9,0.7777777777777778,0,0,0
PAPAYA BROSE,2026-03-05,2026-03-15,10,1200,1400,True,0,False,False,True,,3,14,0.21428571428571427,0,1,1
GLORIOUS ST PAUL'S,2026-03-05,2026-03-29,24,1200,1400,True,++,False,True,True,0.125,9,15,0.6,0,0,0
LET'S HAVE FUN,2026-03-05,2026-03-15,10,1200,1400,True,+,False,False,True,0.25,13,15,0.8666666666666667,0,0,0
GIANT SPIRIT,2026-03-05,2026-03-15,10,1200,1000,True,+,False,False,False,0.375,12,13,0.9230769230769231,0,0,0
LUCKY TOGETHER,2026-03-05,2026-03-11,6,1200,1200,True,++,True,False,False,0.5,9,11,0.8181818181818182,0,0,0
CLEANSWEEPER,2026-03-05,2026-04-06,32,1200,1400,True,+,True,False,False,0.625,8,14,0.5714285714285714,0,0,0
NOVA KNIGHT,2026-03-05,2026-03-15,10,1200,1400,True,-,False,False,False,0.75,14,14,1.0,0,0,0
LUCKY BID,2026-03-05,2026-04-12,38,1200,1200,True,0,False,False,True,,6,12,0.5,0,0,1
INNO SUPER,2026-03-05,2026-03-18,13,1200,1650,False,0,False,False,True,,8,12,0.6666666666666666,0,0,0
LUCKY BLESSING,2026-03-05,2026-03-18,13,1200,1650,False,++,False,True,True,0.1111111111111111,11,12,0.9166666666666666,0,0,0
WAH MAY WAI WAI,2026-03-05,2026-03-18,13,1200,1650,False,++,False,False,True,0.2222222222222222,9,12,0.75,0,0,0
THUNDER PRINCE,2026-03-05,2026-03-15,10,1200,1400,True,++,True,False,False,0.3333333333333333,4,14,0.2857142857142857,0,0,1
KING CANNON,2026-03-05,2026-03-11,6,1200,1200,True,-,False,False,True,0.4444444444444444,8,12,0.6666666666666666,0,0,0
VIEW ALL THINGS,2026-03-05,2026-04-06,32,1200,1200,True,0,False,False,False,0.5555555555555556,5,15,0.3333333333333333,0,0,1
CAN'T GO WONG,2026-03-05,2026-03-18,13,1200,1800,False,0,False,False,False,0.6666666666666666,5,12,0.4166666666666667,0,0,1
SUPER GOLDENDRAGON,2026-03-05,2026-04-08,34,1200,1650,False,0,False,False,True,0.7777777777777778,6,12,0.5,0,0,1
I EXCELLE,2026-03-05,2026-04-06,32,1200,1400,True,0,False,False,True,,11,14,0.7857142857142857,0,0,0
MALPENSA,2026-03-05,2026-03-15,10,1200,1200,True,0,False,False,False,,5,12,0.4166666666666667,0,0,1
PARENTS' LOVE,2026-03-05,2026-03-18,13,1050,1000,True,++,False,True,False,0.16666666666666666,11,12,0.9166666666666666,0,0,0
ACE CHAMPION,2026-03-05,2026-03-11,6,1050,1200,True,++,False,False,True,0.3333333333333333,2,11,0.18181818181818182,0,1,1
MR ENERGIA,2026-03-05,2026-04-01,27,1050,1200,True,+,False,False,False,0.8333333333333334,8,11,0.7272727272727273,0,0,0
ROMANTIC SON,2026-03-06,2026-03-18,12,1000,1200,True,++,False,True,True,0.1,4,10,0.4,0,0,1
SAVVY TWINKLE,2026-03-06,2026-03-18,12,1000,1000,True,++,True,False,True,0.2,6,12,0.5,0,0,1
GEORGIAN SIGMA,2026-03-06,2026-03-29,23,1000,1000,True,+,False,False,True,0.3,3,14,0.21428571428571427,0,1,1
CHATEAUNEUF,2026-03-06,2026-03-18,12,1000,1200,True,+,False,False,True,0.4,7,10,0.7,0,0,0
SYNERGY EXPRESS,2026-03-06,2026-03-29,23,1000,1000,True,+,False,False,True,0.5,10,14,0.7142857142857143,0,0,0
HARMONY FIRE,2026-03-06,2026-03-18,12,1000,1000,True,0,False,False,False,0.6,7,12,0.5833333333333334,0,0,0
SAVVY WARRIOR,2026-03-06,2026-04-01,26,1000,1200,True,+,False,False,True,0.7,7,12,0.5833333333333334,0,0,0
GREAT LOOKING,2026-03-06,2026-04-15,40,1000,1200,True,-,False,False,False,1.0,12,12,1.0,0,0,0
YOUNG CHAMPION,2026-03-06,2026-03-18,12,1200,1200,True,++,False,True,False,0.2,3,10,0.3,0,1,1
CROSSBORDERPEGASUS,2026-03-06,2026-04-12,37,1200,1200,True,++,False,False,True,0.4,5,12,0.4166666666666667,0,0,1
LOCH TAY,2026-03-06,2026-04-01,26,1200,1650,False,+,False,False,False,0.6,1,14,0.07142857142857142,1,1,1
NAUTICAL FORCE,2026-03-06,2026-04-19,44,1200,1800,False,-,False,False,True,0.8,1,14,0.07142857142857142,1,1,1
RED MAESTRO,2026-03-06,2026-03-29,23,1200,1200,True,++,False,True,True,0.14285714285714285,5,13,0.38461538461538464,0,0,1
ARIEL,2026-03-06,2026-03-15,9,1200,1650,False,+,False,False,False,0.2857142857142857,10,14,0.7142857142857143,0,0,0
BRILLIANT EXPRESS,2026-03-06,2026-03-29,23,1200,1400,True,+,False,False,True,0.42857142857142855,5,12,0.4166666666666667,0,0,1
ENDEARED,2026-03-06,2026-03-15,9,1200,1400,True,+,False,False,False,0.5714285714285714,1,14,0.07142857142857142,1,1,1
VERMILION TEMPEST,2026-03-06,2026-03-18,12,1200,1650,False,+,False,False,True,0.7142857142857143,6,12,0.5,0,0,1
GRATIFIDE,2026-03-06,2026-03-18,12,1200,1650,False,+,False,False,False,0.8571428571428571,8,13,0.6153846153846154,0,0,0
WIN BEAUTY VIVA,2026-03-06,2026-03-18,12,1200,1650,False,++,False,True,False,0.14285714285714285,1,13,0.07692307692307693,1,1,1
FIT FOR BEAUTY,2026-03-06,2026-03-15,9,1200,1400,True,+,False,False,False,0.2857142857142857,1,12,0.08333333333333333,1,1,1
BLUE BARON,2026-03-06,2026-04-08,33,1200,1200,True,++,False,False,True,0.42857142857142855,5,12,0.4166666666666667,0,0,1
LITTLE MONSTER,2026-03-06,2026-04-06,31,1200,1200,True,0,False,False,False,0.5714285714285714,5,14,0.35714285714285715,0,0,1
RELIABLE DAD,2026-03-06,2026-03-18,12,1200,1800,False,0,False,False,True,0.7142857142857143,4,12,0.3333333333333333,0,0,1
DASHING PAL,2026-03-06,2026-03-25,19,1200,1650,False,-,False,False,False,1.0,12,12,1.0,0,0,0
LIGHTNING ACE,2026-03-06,2026-03-29,23,1200,1200,True,+,False,False,True,0.375,12,14,0.8571428571428571,0,0,0
ENTHRALLED,2026-03-06,2026-03-22,16,1200,1800,False,0,False,False,False,0.625,6,13,0.46153846153846156,0,0,1
GOLD TACK,2026-03-06,2026-04-12,37,1200,1600,False,+,False,False,True,0.75,7,14,0.5,0,0,1
LEATHER GOODS,2026-03-06,2026-03-22,16,1200,1200,True,-,False,False,False,0.875,14,14,1.0,0,0,0
CRYSTAL POWERFUL,2026-03-06,2026-03-25,19,1200,1200,True,-,False,False,True,1.0,5,12,0.4166666666666667,0,0,1
CRIMSON FLASH,2026-03-10,2026-03-18,8,1200,1200,True,++,False,True,True,0.1,1,10,0.1,1,1,1
PAPAYA BROSE,2026-03-10,2026-03-15,5,1200,1400,True,+,False,False,False,0.3,3,14,0.21428571428571427,0,1,1
MAX QUE,2026-03-10,2026-03-18,8,1200,1650,False,++,False,False,True,0.4,3,13,0.23076923076923078,0,1,1
CITY GOLD BANNER,2026-03-10,2026-03-22,12,1200,1200,True,+,False,False,False,0.5,7,10,0.7,0,0,0
STEPS AHEAD,2026-03-10,2026-03-22,12,1200,1400,True,+,False,False,False,0.6,12,14,0.8571428571428571,0,0,0
TURIN CHAMPIONS,2026-03-10,2026-03-22,12,1200,1400,True,0,False,False,False,0.7,9,12,0.75,0,0,0
FLASHING FIGHTER,2026-03-10,2026-04-12,33,1200,1200,True,0,False,False,False,0.8,1,12,0.08333333333333333,1,1,1
MAKE YOU SMILE,2026-03-10,2026-03-22,12,1200,1400,True,-,False,False,False,0.9,7,12,0.5833333333333334,0,0,0
CAP FERRAT,2026-03-10,2026-04-06,27,1200,0,False,-,False,False,False,1.0,7,14,0.5,0,0,1
BABY SAKURA,2026-03-10,2026-03-22,12,1200,1200,True,++,False,True,False,0.1,3,15,0.2,0,1,1
HOT DELIGHT,2026-03-10,2026-03-22,12,1200,1200,True,+,False,False,True,0.2,1,10,0.1,1,1,1
SPICY STANDARD,2026-03-10,2026-03-22,12,1200,1200,True,+,False,False,False,0.3,7,15,0.4666666666666667,0,0,1
JUMBO STEPS,2026-03-10,2026-03-22,12,1200,1200,True,++,False,False,True,0.4,9,10,0.9,0,0,0
ELITE GOLF,2026-03-10,2026-04-12,33,1200,1200,True,+,False,False,True,0.5,1,12,0.08333333333333333,1,1,1
FORZA TORO,2026-03-10,2026-03-22,12,1200,1600,False,+,False,False,False,0.6,6,14,0.42857142857142855,0,0,1
GOLDENTRONICMIGHTY,2026-03-10,2026-03-22,12,1200,1200,True,0,False,False,False,0.7,5,14,0.35714285714285715,0,0,1
WITHOUT COMPARE,2026-03-10,2026-03-25,15,1200,1650,False,+,True,False,False,0.8,1,13,0.07692307692307693,1,1,1
INNO SUPER,2026-03-10,2026-03-18,8,1200,1650,False,-,False,False,False,0.9,8,12,0.6666666666666666,0,0,0
DRAGON ON SNOW,2026-03-10,2026-03-15,5,1200,1400,True,0,False,False,True,,8,12,0.6666666666666666,0,0,0
ABSOLUTE HONOUR,2026-03-10,2026-03-22,12,1200,1400,True,++,False,True,True,0.1,4,15,0.26666666666666666,0,0,1
RAPID PHANTOM,2026-03-10,2026-04-06,27,1200,1000,True,+,False,False,False,0.2,3,14,0.21428571428571427,0,1,1
PACKING PHOENIX,2026-03-10,2026-03-29,19,1200,1000,True,+,False,False,True,0.3,9,14,0.6428571428571429,0,0,0
QUANTUM LEGEND,2026-03-10,2026-04-12,33,1200,1200,True,++,False,False,False,0.4,9,12,0.75,0,0,0
SHANDONG SPIRIT,2026-03-10,2026-03-22,12,1200,1200,True,+,False,False,False,0.5,11,14,0.7857142857142857,0,0,0
RUBYLOT,2026-03-10,2026-03-22,12,1200,1400,True,+,True,False,False,0.6,10,14,0.7142857142857143,0,0,0
TRENDY RUSH,2026-03-10,2026-03-18,8,1200,1200,True,-,False,False,True,0.7,8,13,0.6153846153846154,0,0,0
AMAZING PARTNERS,2026-03-10,2026-03-22,12,1200,1400,True,+,False,False,False,0.8,3,12,0.25,0,1,1
MAGNEMITE,2026-03-10,2026-04-19,40,1200,1200,True,-,False,False,False,0.9,10,12,0.8333333333333334,0,0,0
SUPERB SPIRIT,2026-03-10,2026-04-06,27,1200,1200,True,++,False,True,False,0.1,4,14,0.2857142857142857,0,0,1
TELECOM POWER,2026-03-10,2026-03-18,8,1200,1650,False,++,False,False,True,0.2,5,12,0.4166666666666667,0,0,1
LUCKY BID,2026-03-10,2026-04-12,33,1200,1200,True,++,False,False,True,0.4,6,12,0.5,0,0,1
MIGHTY FIGHTER,2026-03-10,2026-03-29,19,1200,1200,True,+,False,False,False,0.5,11,14,0.7857142857142857,0,0,0
SMILING CHAMPION,2026-03-10,2026-04-12,33,1200,1200,True,-,False,False,False,0.7,10,12,0.8333333333333334,0,0,0
GRAND MASTERMIND,2026-03-10,2026-03-18,8,1200,1200,True,0,False,False,False,0.8,7,13,0.5384615384615384,0,0,0
PRECISION MIND,2026-03-10,2026-04-06,27,1200,1000,True,+,False,False,False,1.0,6,14,0.42857142857142855,0,0,1
WATCH THIS ONE,2026-03-10,2026-03-18,8,1050,1000,True,++,False,True,False,0.16666666666666666,9,12,0.75,0,0,0
FIERY STEED,2026-03-10,2026-04-15,36,1050,1200,True,+,False,False,False,0.3333333333333333,12,12,1.0,0,0,0
SIR CHARGE,2026-03-10,2026-03-18,8,1050,1000,True,+,False,False,False,0.5,12,12,1.0,0,0,0
SERAPH GABRIEL,2026-03-10,2026-03-22,12,1650,0,False,++,False,True,True,0.2,5,14,0.35714285714285715,0,0,1
REGAL GEM,2026-03-10,2026-03-22,12,1650,0,False,++,False,False,False,0.4,11,14,0.7857142857142857,0,0,0
TOP DRAGON,2026-03-10,2026-03-22,12,1650,0,False,+,False,False,True,0.6,7,14,0.5,0,0,1
GOLDEN FAIRY,2026-03-10,2026-03-25,15,1650,2200,False,-,False,False,True,0.8,11,12,0.9166666666666666,0,0,0
APOLAR FIGHTER,2026-03-10,2026-03-29,19,1650,1400,False,0,False,False,True,,8,15,0.5333333333333333,0,0,0
CHANCHENG GLORY,2026-03-12,2026-04-06,25,1200,0,False,++,False,True,True,0.25,6,14,0.42857142857142855,0,0,1
SPEED DRAGON,2026-03-12,2026-03-22,10,1200,1400,True,+,False,False,False,0.5,3,14,0.21428571428571427,0,1,1
GORGEOUS WIN,2026-03-12,2026-03-22,10,1200,1400,True,-,False,False,False,0.75,8,14,0.5714285714285714,0,0,0
HELENE FEELING,2026-03-12,2026-03-22,10,1200,1400,True,-,False,False,False,1.0,7,14,0.5,0,0,1
MOMENTS IN TIME,2026-03-12,2026-03-22,10,1200,1400,True,++,True,True,True,0.2,14,14,1.0,0,0,0
SPANGLE FORTUNE,2026-03-12,2026-04-01,20,1200,1650,False,+,False,False,True,0.4,12,14,0.8571428571428571,0,0,0
URANUS STAR,2026-03-12,2026-03-29,17,1200,1400,True,0,False,False,False,0.6,2,12,0.16666666666666666,0,1,1
SOUTH STAR,2026-03-12,2026-03-22,10,1200,1200,True,-,False,False,False,0.8,4,10,0.4,0,0,1
SUPREME AGILITY,2026-03-12,2026-04-01,20,1200,1650,False,-,False,False,False,1.0,2,14,0.14285714285714285,0,1,1
CIRCUIT CHAMPION,2026-03-13,2026-03-22,9,1200,1200,True,++,False,True,False,0.1111111111111111,1,10,0.1,1,1,1
RAGING BLIZZARD,2026-03-13,2026-04-06,24,1200,0,False,++,True,False,True,0.2222222222222222,3,7,0.42857142857142855,0,1,1
RED LION,2026-03-13,2026-04-06,24,1200,0,False,+,False,False,False,0.3333333333333333,14,14,1.0,0,0,0
COOL BOY,2026-03-13,2026-03-22,9,1200,1200,True,++,True,False,True,0.4444444444444444,4,10,0.4,0,0,1
HELIOS EXPRESS,2026-03-13,2026-04-06,24,1200,0,False,+,False,False,True,0.5555555555555556,2,7,0.2857142857142857,0,1,1
SUPERB BOY,2026-03-13,2026-03-29,16,1200,1200,True,+,True,False,False,0.6666666666666666,14,14,1.0,0,0,0
GALAXY PATCH,2026-03-13,2026-04-06,24,1200,0,False,+,True,False,False,0.7777777777777778,4,14,0.2857142857142857,0,0,1
JOLLY BRILLIANT,2026-03-13,2026-03-22,9,1200,1400,True,-,False,False,False,0.8888888888888888,3,15,0.2,0,1,1
PACKING FIGHTER,2026-03-13,2026-03-22,9,1200,1800,False,++,False,True,True,0.1,5,13,0.38461538461538464,0,0,1
GRACEFUL HEART,2026-03-13,2026-04-06,24,1200,1000,True,+,False,False,False,0.2,9,14,0.6428571428571429,0,0,0
LUCKY PLUS,2026-03-13,2026-03-22,9,1200,1200,True,++,False,False,True,0.3,9,14,0.6428571428571429,0,0,0
GALLANT DESIGN,2026-03-13,2026-03-22,9,1200,1400,True,++,False,False,True,0.4,5,15,0.3333333333333333,0,0,1
GREATER BAE,2026-03-13,2026-03-25,12,1200,1200,True,++,False,False,True,0.5,2,12,0.16666666666666666,0,1,1
STATE SECURITY,2026-03-13,2026-03-29,16,1200,1400,True,0,False,False,True,0.6,10,14,0.7142857142857143,0,0,0
IRON LEGION,2026-03-13,2026-04-12,30,1200,1600,False,+,False,False,False,0.7,12,14,0.8571428571428571,0,0,0
HAYDAY,2026-03-13,2026-03-25,12,1200,1200,True,+,True,False,False,0.8,6,12,0.5,0,0,1
LIFELINE EXPRESS,2026-03-13,2026-03-22,9,1200,1200,True,+,False,False,False,0.9,6,10,0.6,0,0,0
GRAND TURBO,2026-03-13,2026-03-22,9,1200,1600,False,-,False,False,False,1.0,13,14,0.9285714285714286,0,0,0
DASHING BASICS,2026-03-13,2026-03-25,12,1050,1000,True,++,False,True,True,0.25,11,12,0.9166666666666666,0,0,0
SUPREME MASTERMIND,2026-03-14,2026-03-29,15,1700,2000,False,++,False,True,True,0.14285714285714285,9,12,0.75,0,0,0
SAGACIOUS LIFE,2026-03-14,2026-03-22,8,1700,0,False,++,False,False,True,0.2857142857142857,12,14,0.8571428571428571,0,0,0
SPLENDID FORCE,2026-03-14,2026-03-29,15,1700,2000,False,+,False,False,True,0.42857142857142855,8,12,0.6666666666666666,0,0,0
SUPER HONG KONG,2026-03-14,2026-03-25,11,1700,2200,False,+,False,False,True,0.5714285714285714,10,12,0.8333333333333334,0,0,0
NORTHERN BEAST,2026-03-14,2026-03-25,11,1700,1650,True,0,False,False,True,0.7142857142857143,10,12,0.8333333333333334,0,0,0
ROMANTIC FANTASY,2026-03-14,2026-03-25,11,1700,2200,False,+,True,False,True,0.8571428571428571,2,12,0.16666666666666666,0,1,1
MANAGEMENT FOLKS,2026-03-14,2026-03-25,11,1700,2200,False,-,False,False,False,1.0,3,12,0.25,0,1,1
PATCH OF STARS,2026-03-14,2026-03-29,15,1200,1200,True,++,False,True,False,0.1111111111111111,2,11,0.18181818181818182,0,1,1
BULB GENERAL,2026-03-14,2026-03-29,15,1200,1200,True,+,False,False,True,0.2222222222222222,3,11,0.2727272727272727,0,1,1
FLYING FORTRESS,2026-03-14,2026-03-25,11,1200,1650,False,+,False,False,True,0.3333333333333333,10,13,0.7692307692307693,0,0,0
GOLDEN CHAMP,2026-03-14,2026-03-22,8,1200,1200,True,++,False,False,True,0.4444444444444444,9,10,0.9,0,0,0
JUSTIFYING,2026-03-14,2026-04-01,18,1200,1200,True,0,False,False,True,0.5555555555555556,4,12,0.3333333333333333,0,0,1
MR DESIRA,2026-03-14,2026-03-25,11,1200,1000,True,+,True,False,True,0.6666666666666666,10,12,0.8333333333333334,0,0,0
SUPER RUBICK KID,2026-03-14,2026-04-12,29,1200,1200,True,0,False,False,False,0.7777777777777778,7,12,0.5833333333333334,0,0,0
JUBILANT WINNER,2026-03-14,2026-03-29,15,1200,1200,True,+,False,False,False,0.8888888888888888,4,13,0.3076923076923077,0,0,1
BLASTED TALENT,2026-03-14,2026-04-01,18,1200,1200,True,++,False,True,True,0.1111111111111111,12,12,1.0,0,0,0
BUNTA BABY,2026-03-14,2026-03-25,11,1200,1000,True,++,False,False,True,0.2222222222222222,1,12,0.08333333333333333,1,1,1
POCKETING,2026-03-14,2026-03-29,15,1200,1600,False,++,False,False,True,0.3333333333333333,7,9,0.7777777777777778,0,0,0
DARYL FLASH,2026-03-14,2026-03-25,11,1200,1650,False,+,False,False,False,0.4444444444444444,8,13,0.6153846153846154,0,0,0
INVICTUS,2026-03-14,2026-04-06,23,1200,1000,True,-,False,False,False,0.5555555555555556,7,14,0.5,0,0,1
MATZDEN,2026-03-14,2026-03-22,8,1200,1200,True,+,False,False,False,0.6666666666666666,6,10,0.6,0,0,0
NUCLEOZOR,2026-03-14,2026-04-19,36,1200,1400,True,0,False,False,False,0.7777777777777778,7,12,0.5833333333333334,0,0,0
CAUSEWAY KING,2026-03-14,2026-03-25,11,1200,1000,True,+,True,False,True,0.8888888888888888,9,12,0.75,0,0,0
HAPPY INDEX,2026-03-14,2026-03-29,15,1200,1200,True,++,False,True,False,0.1111111111111111,3,13,0.23076923076923078,0,1,1
EXCEED THE LIMIT,2026-03-14,2026-03-22,8,1200,1200,True,+,False,False,False,0.4444444444444444,5,10,0.5,0,0,1
FLYING FORTUNE,2026-03-14,2026-04-12,29,1200,1400,True,0,False,False,True,0.5555555555555556,6,14,0.42857142857142855,0,0,1
E HOPEFUL,2026-03-14,2026-03-29,15,1200,1000,True,0,False,False,False,0.7777777777777778,11,14,0.7857142857142857,0,0,0
WITHOUT RHYME,2026-03-14,2026-04-22,39,1200,1200,True,-,False,False,False,0.8888888888888888,12,12,1.0,0,0,0
ROBOT LUCKY STAR,2026-03-14,2026-04-19,36,1200,1200,True,++,False,True,False,0.1,8,12,0.6666666666666666,0,0,0
LEADING DRAGON,2026-03-14,2026-04-12,29,1200,1200,True,++,False,False,True,0.2,2,12,0.16666666666666666,0,1,1
SUPER DRAGON,2026-03-14,2026-04-12,29,1200,1400,True,+,False,False,True,0.3,5,14,0.35714285714285715,0,0,1
HONORARY,2026-03-14,2026-03-29,15,1200,1400,True,+,False,False,False,0.4,5,15,0.3333333333333333,0,0,1
LUCKY MAN,2026-03-14,2026-04-06,23,1200,1400,True,+,False,False,False,0.5,1,14,0.07142857142857142,1,1,1
TRINITY TREASURE,2026-03-14,2026-03-25,11,1200,1650,False,+,False,False,True,0.7,11,13,0.8461538461538461,0,0,0
REGENCY DREAM,2026-03-14,2026-03-22,8,1200,1400,True,0,False,False,False,0.8,7,15,0.4666666666666667,0,0,1
NEXT FORTUNE,2026-03-14,2026-04-15,32,1200,1200,True,-,False,False,False,0.9,9,12,0.75,0,0,0
BROWNNEEDSFURTHER,2026-03-14,2026-03-25,11,1200,1200,True,++,False,True,True,0.1,2,12,0.16666666666666666,0,1,1
BETTER AND BETTER,2026-03-14,2026-03-29,15,1200,1200,True,+,False,False,False,0.2,1,14,0.07142857142857142,1,1,1
TURF PHOENIX,2026-03-14,2026-04-22,39,1200,1200,True,+,False,False,True,0.3,3,12,0.25,0,1,1
ACE,2026-03-14,2026-03-29,15,1200,1400,True,+,False,False,False,0.4,1,14,0.07142857142857142,1,1,1
OUR LUCKY GLORY,2026-03-14,2026-03-25,11,1200,1650,False,+,False,False,True,0.5,3,12,0.25,0,1,1
SMART FAT CAT,2026-03-14,2026-04-06,23,1200,1600,False,0,False,False,False,0.6,2,13,0.15384615384615385,0,1,1
RED BRICK WARRIOR,2026-03-14,2026-03-25,11,1200,1650,False,+,False,False,False,0.7,4,12,0.3333333333333333,0,0,1
KYRUS TREASURE,2026-03-14,2026-04-06,23,1200,1600,False,-,False,False,False,0.8,13,13,1.0,0,0,0
SMILING ONE,2026-03-14,2026-04-08,25,1200,1650,False,-,False,False,False,0.9,8,12,0.6666666666666666,0,0,0
TYCOON RESOURCES,2026-03-14,2026-04-08,25,1000,1000,True,++,False,True,True,0.1111111111111111,1,12,0.08333333333333333,1,1,1
HORSEPOWER,2026-03-14,2026-03-25,11,1000,1000,True,++,False,False,True,0.2222222222222222,2,12,0.16666666666666666,0,1,1
TURBO JEFFERIES,2026-03-14,2026-03-29,15,1000,1000,True,+,False,False,False,0.4444444444444444,7,14,0.5,0,0,1
SEA DIAMOND,2026-03-14,2026-04-06,23,1000,1000,True,0,False,False,False,0.6666666666666666,8,14,0.5714285714285714,0,0,0
BEAUTY SHOW,2026-03-14,2026-04-08,25,1000,1000,True,++,False,True,True,0.1111111111111111,2,12,0.16666666666666666,0,1,1
CLOUD NINE,2026-03-14,2026-04-15,32,1000,1200,True,++,False,False,False,0.2222222222222222,2,12,0.16666666666666666,0,1,1
KOL,2026-03-14,2026-04-01,18,1000,1200,True,+,False,False,False,0.3333333333333333,11,12,0.9166666666666666,0,0,0
SOLAR RIVER,2026-03-14,2026-04-22,39,1000,1200,True,-,False,False,False,0.5555555555555556,10,13,0.7692307692307693,0,0,0
CHILL BUDDY,2026-03-16,2026-04-12,27,1000,1200,True,++,False,True,True,0.1111111111111111,4,12,0.3333333333333333,0,0,1
MY MARS,2026-03-16,2026-04-12,27,1000,1200,True,++,False,False,False,0.2222222222222222,1,12,0.08333333333333333,1,1,1
CHARMING LEGEND,2026-03-16,2026-04-12,27,1000,1400,False,+,False,False,True,0.3333333333333333,12,12,1.0,0,0,0
SYNERGY EXPRESS,2026-03-16,2026-03-29,13,1000,1000,True,+,False,False,False,0.4444444444444444,10,14,0.7142857142857143,0,0,0
DOUBLE MONEY,2026-03-16,2026-03-29,13,1000,1200,True,-,False,False,False,0.5555555555555556,11,13,0.8461538461538461,0,0,0
KANSAS,2026-03-16,2026-04-06,21,1000,1000,True,0,False,False,False,0.6666666666666666,11,12,0.9166666666666666,0,0,0
CENTRAL BANK,2026-03-16,2026-04-22,37,1000,1000,True,-,False,False,False,0.8888888888888888,10,12,0.8333333333333334,0,0,0
KING PROFIT,2026-03-16,2026-03-25,9,1000,1200,True,++,False,True,True,0.1111111111111111,2,12,0.16666666666666666,0,1,1
MASTER PAYMENT,2026-03-16,2026-04-19,34,1000,1000,True,+,False,False,False,0.2222222222222222,2,14,0.14285714285714285,0,1,1
STRATHPEFFER,2026-03-16,2026-03-29,13,1000,1400,False,+,False,False,False,0.4444444444444444,7,15,0.4666666666666667,0,0,1
HEALTHY HEALTHY,2026-03-16,2026-04-22,37,1000,1000,True,+,True,False,False,0.6666666666666666,8,12,0.6666666666666666,0,0,0
TACTICAL HORIZONS,2026-03-16,2026-04-06,21,1000,1000,True,-,False,False,True,0.8888888888888888,10,12,0.8333333333333334,0,0,0
MEGA CAPTAIN,2026-03-16,2026-04-06,21,1000,1000,True,+,False,False,False,0.2222222222222222,11,14,0.7857142857142857,0,0,0
PRESTIGE HALL,2026-03-16,2026-03-22,6,1000,1200,True,++,False,False,False,0.3333333333333333,2,15,0.13333333333333333,0,1,1
GRAND NOVA,2026-03-16,2026-04-22,37,1000,1000,True,++,True,False,True,0.4444444444444444,2,12,0.16666666666666666,0,1,1
EMERGING STAR,2026-03-16,2026-04-19,34,1000,1000,True,-,False,False,False,0.7777777777777778,14,14,1.0,0,0,0
SECRET INGREDIENT,2026-03-16,2026-04-12,27,1000,1000,True,-,False,False,False,0.8888888888888888,2,6,0.3333333333333333,0,1,1
SILVERY KNIGHT,2026-03-16,2026-04-12,27,1000,1000,True,-,False,False,False,1.0,4,6,0.6666666666666666,0,0,0
PERFECT ONE,2026-03-16,2026-04-12,27,1000,1000,True,+,False,False,True,0.2,1,6,0.16666666666666666,1,1,1
GENERAL REDWOOD,2026-03-16,2026-04-08,23,1000,1650,False,+,False,False,False,0.3,1,12,0.08333333333333333,1,1,1
TALENTS CHAMPION,2026-03-16,2026-04-12,27,1000,1000,True,+,False,False,True,0.4,3,6,0.5,0,1,1
INCANTO STAR,2026-03-16,2026-04-08,23,1000,1650,False,-,False,False,True,0.7,9,12,0.75,0,0,0
PRESIDENT PEGASUS,2026-03-16,2026-04-12,27,1000,1400,False,+,False,False,True,0.8,11,14,0.7857142857142857,0,0,0
GLORIOUS HERO,2026-03-16,2026-04-12,27,1000,1000,True,-,False,False,False,1.0,5,6,0.8333333333333334,0,0,0
BOTTOMUPTOGETHER,2026-03-16,2026-03-29,13,800,1200,False,++,False,True,False,0.125,4,11,0.36363636363636365,0,0,1
SIX PACK,2026-03-16,2026-03-22,6,800,1400,False,++,False,False,False,0.25,2,14,0.14285714285714285,0,1,1
SUPER SIXTY,2026-03-16,2026-04-06,21,800,1000,True,++,True,False,False,0.5,12,14,0.8571428571428571,0,0,0
CHICKEN DINNER,2026-03-16,2026-04-19,34,800,1200,False,0,False,False,False,0.625,9,12,0.75,0,0,0
JOHANNES BRAHMS,2026-03-16,2026-04-06,21,800,1400,False,0,False,False,True,0.75,10,10,1.0,0,0,0
CASA BUDDY,2026-03-16,2026-04-06,21,800,1000,True,+,False,False,True,0.3,13,14,0.9285714285714286,0,0,0
CROSSBORDERPEGASUS,2026-03-16,2026-04-12,27,1200,1200,True,++,False,True,True,0.1111111111111111,5,12,0.4166666666666667,0,0,1
LUCRATIVE EIGHT,2026-03-16,2026-04-06,21,1200,1200,True,+,False,False,True,0.2222222222222222,3,14,0.21428571428571427,0,1,1
RED MAESTRO,2026-03-16,2026-03-29,13,1200,1200,True,+,False,False,False,0.3333333333333333,5,13,0.38461538461538464,0,0,1
SOLID WIN,2026-03-16,2026-03-25,9,1200,1650,False,++,False,False,False,0.4444444444444444,4,13,0.3076923076923077,0,0,1
SKY JEWELLERY,2026-03-16,2026-04-19,34,1200,1400,True,+,False,False,True,0.5555555555555556,1,12,0.08333333333333333,1,1,1
GRIT SPIRIT,2026-03-16,2026-03-29,13,1200,1200,True,-,False,False,False,0.6666666666666666,13,13,1.0,0,0,0
NAUTICAL FORCE,2026-03-16,2026-04-19,34,1200,1800,False,+,False,False,True,0.7777777777777778,1,14,0.07142857142857142,1,1,1
EMBRACES,2026-03-16,2026-03-29,13,1200,1600,False,-,False,False,False,0.8888888888888888,6,14,0.42857142857142855,0,0,1
GENTLEMEN LEGACY,2026-03-16,2026-04-19,34,1200,1800,False,+,False,False,False,1.0,4,14,0.2857142857142857,0,0,1
GALLANT EPOCH,2026-03-16,2026-04-06,21,1200,1400,True,++,False,True,False,0.1111111111111111,6,14,0.42857142857142855,0,0,1
BRILLIANT EXPRESS,2026-03-16,2026-03-29,13,1200,1400,True,+,False,False,True,0.2222222222222222,5,12,0.4166666666666667,0,0,1
EMBRACE ABERDEEN,2026-03-16,2026-03-29,13,1200,1200,True,+,False,False,False,0.3333333333333333,8,13,0.6153846153846154,0,0,0
PRESTIGE EMPEROR,2026-03-16,2026-03-29,13,1200,1200,True,++,False,False,False,0.4444444444444444,9,14,0.6428571428571429,0,0,0
A TIME FOR US,2026-03-16,2026-03-25,9,1200,1200,True,-,False,False,True,0.8888888888888888,3,12,0.25,0,1,1
ENTHRALLED,2026-03-16,2026-03-22,6,1200,1800,False,++,False,True,True,0.1,6,13,0.46153846153846156,0,0,1
AMO ERGO SUM,2026-03-16,2026-03-29,13,1200,1000,True,+,False,False,True,0.2,8,14,0.5714285714285714,0,0,0
YOUNG LEGACY,2026-03-16,2026-03-29,13,1200,1400,True,+,False,False,True,0.3,11,14,0.7857142857142857,0,0,0
GANGNAM STAR,2026-03-16,2026-03-29,13,1200,1400,True,-,False,False,True,0.4,14,14,1.0,0,0,0
MASSIVE GLORY,2026-03-16,2026-04-12,27,1200,1400,True,0,False,False,True,0.6,6,14,0.42857142857142855,0,0,1
ONESHOT,2026-03-16,2026-04-19,34,1200,1000,True,0,False,False,True,0.8,5,14,0.35714285714285715,0,0,1
CLEANSWEEPER,2026-03-16,2026-04-06,21,1200,1400,True,-,False,False,True,1.0,8,14,0.5714285714285714,0,0,0
WINNING NOW,2026-03-16,2026-03-29,13,1200,1400,True,++,False,True,True,0.1,6,14,0.42857142857142855,0,0,1
SUPREME WINNER,2026-03-16,2026-04-06,21,1200,1200,True,+,False,False,False,0.2,1,15,0.06666666666666667,1,1,1
ONE LOVE,2026-03-16,2026-04-12,27,1200,1400,True,+,False,False,True,0.4,12,14,0.8571428571428571,0,0,0
MORGAN SUCCESS,2026-03-16,2026-03-29,13,1200,1600,False,+,False,False,False,0.5,11,14,0.7857142857142857,0,0,0
FRANCIS MEYNELL,2026-03-16,2026-03-29,13,1200,1400,True,+,False,False,True,0.7,2,14,0.14285714285714285,0,1,1
MR ALADDIN,2026-03-16,2026-03-25,9,1200,2200,False,0,False,False,False,0.8,8,12,0.6666666666666666,0,0,0
ZETTA FORCE,2026-03-16,2026-04-15,30,1200,1650,False,-,False,False,True,0.9,3,13,0.23076923076923078,0,1,1
Z PRINCE,2026-03-16,2026-04-19,34,1200,1400,True,-,False,False,False,1.0,5,14,0.35714285714285715,0,0,1
SALON S,2026-03-17,2026-03-29,12,1200,1400,True,++,False,True,True,0.16666666666666666,1,12,0.08333333333333333,1,1,1
FORZA TORO,2026-03-17,2026-03-22,5,1200,1600,False,+,False,False,True,0.3333333333333333,6,14,0.42857142857142855,0,0,1
POSITIVE SMILE,2026-03-17,2026-03-25,8,1200,1650,False,++,True,False,False,0.5,9,13,0.6923076923076923,0,0,0
PRAY FOR JUSTICE,2026-03-17,2026-04-12,26,1200,1400,True,+,False,False,True,0.6666666666666666,7,12,0.5833333333333334,0,0,0
CANDLELIGHT DINNER,2026-03-17,2026-03-25,8,1200,1000,True,+,True,False,False,0.8333333333333334,3,12,0.25,0,1,1
WINNING MACHINE,2026-03-17,2026-03-29,12,1200,1400,True,+,False,False,False,1.0,4,14,0.2857142857142857,0,0,1
MR ENERGIA,2026-03-17,2026-04-01,15,1200,1200,True,+,False,False,True,0.3333333333333333,8,11,0.7272727272727273,0,0,0
MY FLYING ANGEL,2026-03-17,2026-03-29,12,1200,1400,True,++,False,False,False,0.5,9,14,0.6428571428571429,0,0,0
SUPER MASTERMIND,2026-03-17,2026-03-29,12,1200,1200,True,0,False,False,True,0.6666666666666666,8,14,0.5714285714285714,0,0,0
PERFECTDAY,2026-03-17,2026-03-29,12,1200,1200,True,-,False,False,False,0.8333333333333334,7,13,0.5384615384615384,0,0,0
HAPPY BUDDIES,2026-03-17,2026-03-29,12,1200,1400,True,-,False,False,False,1.0,12,14,0.8571428571428571,0,0,0
BLAZING WIND,2026-03-19,2026-04-01,13,1200,1200,True,++,False,True,True,0.16666666666666666,4,11,0.36363636363636365,0,0,1
LOCH TAY,2026-03-19,2026-04-01,13,1200,1650,False,+,False,False,True,0.3333333333333333,1,14,0.07142857142857142,1,1,1
SUNLIGHT POWER,2026-03-19,2026-04-06,18,1200,0,False,+,False,False,False,0.6666666666666666,8,14,0.5714285714285714,0,0,0
SUPERB CAPITALIST,2026-03-19,2026-04-01,13,1200,1200,True,-,False,False,False,0.8333333333333334,9,11,0.8181818181818182,0,0,0
SPEEDY SMARTIE,2026-03-19,2026-04-01,13,1200,1200,True,++,False,True,False,0.16666666666666666,2,12,0.16666666666666666,0,1,1
WOLF COMING,2026-03-19,2026-04-01,13,1200,1200,True,+,False,False,False,0.3333333333333333,6,12,0.5,0,0,1
CHILL EASY,2026-03-19,2026-04-19,31,1200,1400,True,+,False,False,True,0.5,3,12,0.25,0,1,1
CHARITY TOGETHER,2026-03-19,2026-03-29,10,1200,2000,False,-,False,False,False,1.0,1,12,0.08333333333333333,1,1,1
YEE CHEONG SPIRIT,2026-03-19,2026-04-01,13,1200,1200,True,++,False,True,True,0.14285714285714285,10,12,0.8333333333333334,0,0,0
VIGOR ELLEEGANT,2026-03-19,2026-03-25,6,1200,1200,True,+,False,False,False,0.2857142857142857,7,12,0.5833333333333334,0,0,0
RISING ELITE,2026-03-19,2026-04-01,13,1200,1200,True,+,False,False,True,0.42857142857142855,7,12,0.5833333333333334,0,0,0
SAVVY WARRIOR,2026-03-19,2026-04-01,13,1200,1200,True,+,True,False,False,0.5714285714285714,7,12,0.5833333333333334,0,0,0
LEGENDARY IMPACT,2026-03-19,2026-04-08,20,1200,1200,True,0,False,False,False,0.7142857142857143,11,12,0.9166666666666666,0,0,0
JOLLY JUMPER,2026-03-19,2026-04-01,13,1200,1650,False,-,False,False,False,0.8571428571428571,6,14,0.42857142857142855,0,0,1
SHOTGUN,2026-03-19,2026-03-29,10,1200,1400,True,++,False,True,True,0.14285714285714285,1,15,0.06666666666666667,1,1,1
COLOURFUL WINNER,2026-03-19,2026-04-19,31,1200,1200,True,+,False,False,False,0.42857142857142855,9,12,0.75,0,0,0
TAIHANG SCENERY,2026-03-19,2026-04-01,13,1200,1200,True,-,False,False,False,0.5714285714285714,8,12,0.6666666666666666,0,0,0
SHINE BRIGHT,2026-03-19,2026-03-29,10,1200,1400,True,+,False,False,False,0.7142857142857143,5,14,0.35714285714285715,0,0,1
POWER SUMMIT,2026-03-19,2026-03-29,10,1200,1400,True,-,False,False,False,0.8571428571428571,11,14,0.7857142857142857,0,0,0
HEALTHY PONY,2026-03-19,2026-04-06,18,1200,1200,True,-,False,False,False,1.0,11,14,0.7857142857142857,0,0,0
RISING FORCE,2026-03-20,2026-03-29,9,1200,1200,True,++,True,True,False,0.1111111111111111,1,13,0.07692307692307693,1,1,1
TIN FOOK,2026-03-20,2026-04-19,30,1200,1200,True,++,False,False,False,0.2222222222222222,3,11,0.2727272727272727,0,1,1
BEAUTY ETERNAL,2026-03-20,2026-03-29,9,1200,1600,False,++,True,False,False,0.3333333333333333,6,9,0.6666666666666666,0,0,0
GEORGIAN SIGMA,2026-03-20,2026-03-29,9,1200,1000,True,+,False,False,False,0.4444444444444444,3,14,0.21428571428571427,0,1,1
FAMILY JEWEL,2026-03-20,2026-03-29,9,1200,1600,False,0,False,False,True,0.5555555555555556,4,14,0.2857142857142857,0,0,1
VOYAGE SAMURAI,2026-03-20,2026-04-01,12,1200,1650,False,0,False,False,False,0.6666666666666666,9,14,0.6428571428571429,0,0,0
JOY OF SPRING,2026-03-20,2026-03-29,9,1200,1600,False,+,False,False,False,0.7777777777777778,2,9,0.2222222222222222,0,1,1
AWESOME FLUKE,2026-03-20,2026-03-29,9,1200,1600,False,-,False,False,False,0.8888888888888888,4,9,0.4444444444444444,0,0,1
MISSION GIANT,2026-03-20,2026-04-08,19,1200,1650,False,-,False,False,True,1.0,12,13,0.9230769230769231,0,0,0
DECISION LINK,2026-03-20,2026-04-08,19,1200,1200,True,++,False,False,False,0.2222222222222222,1,12,0.08333333333333333,1,1,1
MANYTHANKS FOREVER,2026-03-20,2026-03-29,9,1200,1400,True,+,False,False,True,0.3333333333333333,7,14,0.5,0,0,1
GLORIOUS ST PAUL'S,2026-03-20,2026-03-29,9,1200,1400,True,+,False,False,False,0.5555555555555556,9,15,0.6,0,0,0
ROMANTIC GLADIATOR,2026-03-20,2026-03-29,9,1200,1400,True,0,False,False,False,0.6666666666666666,9,12,0.75,0,0,0
FLYING CHRISTIE,2026-03-20,2026-03-29,9,1200,1400,True,-,False,False,True,0.7777777777777778,14,14,1.0,0,0,0
AGENDA,2026-03-20,2026-03-29,9,1200,2000,False,-,False,False,False,0.8888888888888888,4,12,0.3333333333333333,0,0,1
NOBLE DELUXE,2026-03-20,2026-04-01,12,1200,1200,True,-,False,False,False,1.0,3,12,0.25,0,1,1
VIVA CHALEUR,2026-03-20,2026-04-01,12,1200,1200,True,++,False,True,False,0.1111111111111111,1,12,0.08333333333333333,1,1,1
ONE AND ONLY,2026-03-20,2026-04-08,19,1200,1200,True,+,False,False,True,0.2222222222222222,10,12,0.8333333333333334,0,0,0
FOREMOST TEDDY,2026-03-20,2026-04-01,12,1200,1650,False,+,False,False,True,0.3333333333333333,11,14,0.7857142857142857,0,0,0
SHANGHAI STYLE,2026-03-20,2026-04-01,12,1200,1800,False,+,False,False,False,0.4444444444444444,3,14,0.21428571428571427,0,1,1
RACINGRACE,2026-03-20,2026-04-01,12,1200,1200,True,0,False,False,True,0.5555555555555556,12,12,1.0,0,0,0
RUNJEET,2026-03-20,2026-03-29,9,1200,1200,True,0,False,False,True,0.6666666666666666,7,14,0.5,0,0,1
LUCKY DOCTOR,2026-03-20,2026-03-29,9,1200,1400,True,0,False,False,False,0.7777777777777778,11,12,0.9166666666666666,0,0,0
VOLCANIC SPARK,2026-03-20,2026-03-29,9,1200,2000,False,+,True,False,False,0.8888888888888888,2,12,0.16666666666666666,0,1,1
GOLDEN DARCI,2026-03-20,2026-04-08,19,1200,1650,False,-,False,False,False,1.0,11,12,0.9166666666666666,0,0,0
KA YING RISING,2026-03-24,2026-04-06,13,1000,0,False,++,False,True,False,0.125,1,7,0.14285714285714285,1,1,1
BEAUTY WAVES,2026-03-24,2026-04-06,13,1000,0,False,++,False,False,False,0.25,5,7,0.7142857142857143,0,0,0
PERFECT GENERAL,2026-03-24,2026-04-08,15,1000,1200,True,++,False,False,False,0.375,1,12,0.08333333333333333,1,1,1
HYMNBOOK,2026-03-24,2026-04-12,19,1000,1600,False,+,False,False,False,0.5,5,12,0.4166666666666667,0,0,1
ALPHA STRIKE,2026-03-24,2026-04-06,13,1000,1000,True,0,False,False,False,0.625,4,12,0.3333333333333333,0,0,1
DREAMING TOGETHER,2026-03-24,2026-04-06,13,1000,1400,False,-,False,False,False,0.75,7,10,0.7,0,0,0
THE RED HARE,2026-03-24,2026-04-06,13,1000,1400,False,-,False,False,False,0.875,3,10,0.3,0,1,1
RAPID PHANTOM,2026-03-24,2026-04-06,13,1000,1000,True,+,True,False,False,1.0,3,14,0.21428571428571427,0,1,1
JUMBO BLESSING,2026-03-24,2026-04-22,29,1000,1000,True,++,False,True,False,0.09090909090909091,5,12,0.4166666666666667,0,0,1
ALMIGHTY LIGHTNING,2026-03-24,2026-04-06,13,1000,1000,True,+,False,False,True,0.2727272727272727,2,14,0.14285714285714285,0,1,1
NEXT FORTUNE,2026-03-24,2026-04-15,22,1000,1200,True,+,False,False,True,0.36363636363636365,9,12,0.75,0,0,0
MONARCH COUNTY,2026-03-24,2026-04-08,15,1000,1200,True,+,False,False,False,0.45454545454545453,7,12,0.5833333333333334,0,0,0
FLYING HUNTER,2026-03-24,2026-04-08,15,1000,1200,True,+,False,False,True,0.5454545454545454,12,12,1.0,0,0,0
FORTUNE LINK,2026-03-24,2026-04-12,19,1000,1400,False,0,False,False,False,0.6363636363636364,1,12,0.08333333333333333,1,1,1
FIERY STEED,2026-03-24,2026-04-15,22,1000,1200,True,+,True,False,False,0.7272727272727273,12,12,1.0,0,0,0
MAGNEMITE,2026-03-24,2026-04-19,26,1000,1200,True,-,False,False,False,0.8181818181818182,10,12,0.8333333333333334,0,0,0
PRECISION MIND,2026-03-24,2026-04-06,13,1000,1000,True,++,False,True,True,0.08333333333333333,6,14,0.42857142857142855,0,0,1
INVICTUS,2026-03-24,2026-04-06,13,1000,1000,True,+,False,False,True,0.16666666666666666,7,14,0.5,0,0,1
FIND MY LOVE,2026-03-24,2026-04-08,15,1000,1200,True,++,False,False,False,0.3333333333333333,6,12,0.5,0,0,1
SMILING CHAMPION,2026-03-24,2026-04-12,19,1000,1200,True,0,False,False,True,0.5833333333333334,10,12,0.8333333333333334,0,0,0
CLOUD NINE,2026-03-24,2026-04-15,22,1000,1200,True,++,False,True,True,0.09090909090909091,2,12,0.16666666666666666,0,1,1
SUPERB SPIRIT,2026-03-24,2026-04-06,13,1000,1200,True,++,True,False,False,0.2727272727272727,4,14,0.2857142857142857,0,0,1
DRAGON HALL,2026-03-24,2026-04-06,13,1000,1200,True,++,False,False,True,0.36363636363636365,14,14,1.0,0,0,0
STAR FIGURE,2026-03-24,2026-04-08,15,1000,1200,True,++,False,False,False,0.45454545454545453,10,12,0.8333333333333334,0,0,0
PARROT BLESSING,2026-03-24,2026-04-06,13,1000,1000,True,-,False,False,True,0.5454545454545454,14,14,1.0,0,0,0
HAPPY BOYS,2026-03-24,2026-04-22,29,1000,1200,True,+,True,False,False,0.6363636363636364,5,12,0.4166666666666667,0,0,1
RUN YES RUN,2026-03-24,2026-04-15,22,1000,1000,True,+,True,False,False,0.7272727272727273,10,12,0.8333333333333334,0,0,0
JUBILANT STAR,2026-03-24,2026-04-12,19,1000,1200,True,-,False,False,False,0.8181818181818182,9,12,0.75,0,0,0
STELLAR EXPRESS,2026-03-24,2026-04-06,13,800,0,False,++,False,True,False,0.125,7,7,1.0,0,0,0
NEW FUTURE FOLKS,2026-03-24,2026-04-12,19,800,1200,False,++,False,False,True,0.25,10,12,0.8333333333333334,0,0,0
TURBO JEFFERIES,2026-03-24,2026-03-29,5,800,1000,True,+,False,False,True,0.375,7,14,0.5,0,0,1
SECRET INGREDIENT,2026-03-24,2026-04-12,19,800,1000,True,+,False,False,True,0.375,2,6,0.3333333333333333,0,1,1
TALENTS CHAMPION,2026-03-24,2026-04-12,19,800,1000,True,+,False,False,True,0.5,3,6,0.5,0,1,1
CONCORDE STAR,2026-03-24,2026-04-08,15,800,1200,False,+,True,False,True,0.875,8,12,0.6666666666666666,0,0,0
LUCKY SWEYNESSE,2026-03-24,2026-04-06,13,1600,0,False,++,False,True,True,0.125,1,14,0.07142857142857142,1,1,1
STUNNING PEACH,2026-03-24,2026-04-06,13,1600,0,False,+,False,False,False,0.25,9,14,0.6428571428571429,0,0,0
BEAUTY JOY,2026-03-24,2026-04-06,13,1600,0,False,++,True,False,True,0.375,11,14,0.7857142857142857,0,0,0
GENERAL SMART,2026-03-24,2026-04-12,19,1600,1600,True,+,True,False,False,0.625,13,14,0.9285714285714286,0,0,0
RATTAN GALAXY,2026-03-24,2026-04-12,19,1600,1600,True,0,False,False,False,0.75,11,14,0.7857142857142857,0,0,0
GOLD TACK,2026-03-24,2026-04-12,19,1600,1600,True,-,False,False,False,0.875,7,14,0.5,0,0,1
WINNING CIGAR,2026-03-24,2026-04-12,19,1600,1400,True,-,False,False,False,1.0,6,14,0.42857142857142855,0,0,1
PI LEGEND,2026-03-24,2026-04-01,8,1200,1200,True,++,False,True,False,0.16666666666666666,1,12,0.08333333333333333,1,1,1
KOL,2026-03-24,2026-04-01,8,1200,1200,True,++,False,False,False,0.3333333333333333,11,12,0.9166666666666666,0,0,0
SUPREME AGILITY,2026-03-24,2026-04-01,8,1200,1650,False,+,False,False,True,0.5,2,14,0.14285714285714285,0,1,1
NATURAL NUMBERS,2026-03-24,2026-04-08,15,1200,1650,False,0,False,False,True,0.6666666666666666,10,13,0.7692307692307693,0,0,0
CALL ME SUCCESS,2026-03-24,2026-04-06,13,1200,1200,True,++,False,True,True,0.16666666666666666,10,14,0.7142857142857143,0,0,0
LUCKY BID,2026-03-24,2026-04-12,19,1200,1200,True,+,False,False,True,0.3333333333333333,6,12,0.5,0,0,1
ZOUPER FELLOW,2026-03-24,2026-04-06,13,1200,1000,True,+,False,False,False,0.5,1,14,0.07142857142857142,1,1,1
VIEW ALL THINGS,2026-03-24,2026-04-06,13,1200,1200,True,0,False,False,True,0.6666666666666666,5,15,0.3333333333333333,0,0,1
KING CANNON,2026-03-24,2026-04-06,13,1200,1400,True,+,True,False,True,1.0,9,14,0.6428571428571429,0,0,0
RED LION,2026-03-26,2026-04-06,11,1200,0,False,+,False,False,False,0.2857142857142857,14,14,1.0,0,0,0
GALAXY PATCH,2026-03-26,2026-04-06,11,1200,0,False,+,False,False,True,0.42857142857142855,4,14,0.2857142857142857,0,0,1
PATCH OF THETA,2026-03-26,2026-04-06,11,1200,0,False,0,False,False,False,0.5714285714285714,10,14,0.7142857142857143,0,0,0
CAP FERRAT,2026-03-26,2026-04-06,11,1200,0,False,+,False,False,True,0.7142857142857143,7,14,0.5,0,0,1
VOYAGE BUBBLE,2026-03-26,2026-04-06,11,1200,0,False,-,False,False,False,0.8571428571428571,3,14,0.21428571428571427,0,1,1
RAGING BLIZZARD,2026-03-26,2026-04-06,11,1200,0,False,-,False,False,False,1.0,3,7,0.42857142857142855,0,1,1
LUCKY WITH YOU,2026-03-26,2026-04-06,11,1200,0,False,++,False,False,True,0.25,4,7,0.5714285714285714,0,0,0
HELIOS EXPRESS,2026-03-26,2026-04-06,11,1200,0,False,+,False,False,True,0.375,2,7,0.2857142857142857,0,1,1
CELESTIAL HERO,2026-03-26,2026-04-08,13,1200,1200,True,++,False,False,False,0.5,8,12,0.6666666666666666,0,0,0
WINNING WING,2026-03-26,2026-04-19,24,1200,1800,False,+,False,False,True,0.625,8,14,0.5714285714285714,0,0,0
SPICY GOLD,2026-03-26,2026-04-08,13,1200,1200,True,0,False,False,False,0.75,11,12,0.9166666666666666,0,0,0
MY WISH,2026-03-26,2026-04-06,11,1200,0,False,++,False,True,True,0.1111111111111111,2,14,0.14285714285714285,0,1,1
QUANTUM LEGEND,2026-03-26,2026-04-12,17,1200,1200,True,++,False,False,True,0.2222222222222222,9,12,0.75,0,0,0
I EXCELLE,2026-03-26,2026-04-06,11,1200,1400,True,+,False,False,False,0.3333333333333333,11,14,0.7857142857142857,0,0,0
JOKER ORBIT,2026-03-26,2026-04-08,13,1200,1200,True,+,False,False,True,0.4444444444444444,11,12,0.9166666666666666,0,0,0
HEAVING,2026-03-26,2026-04-12,17,1200,1400,True,0,False,False,True,0.5555555555555556,4,12,0.3333333333333333,0,0,1
LUCRATIVE EIGHT,2026-03-26,2026-04-06,11,1200,1200,True,+,True,False,False,0.6666666666666666,3,14,0.21428571428571427,0,1,1
KYRUS TREASURE,2026-03-26,2026-04-06,11,1200,1600,False,-,False,False,False,0.8888888888888888,13,13,1.0,0,0,0
TYCOON RESOURCES,2026-03-26,2026-04-08,13,1050,1000,True,++,False,True,False,0.16666666666666666,1,12,0.08333333333333333,1,1,1
THOUSAND CUPS,2026-03-26,2026-04-08,13,1050,1200,True,+,False,False,False,0.5,2,12,0.16666666666666666,0,1,1
DASHING PEACH,2026-03-26,2026-04-19,24,1050,1400,False,+,False,False,False,0.6666666666666666,13,14,0.9285714285714286,0,0,0
FORTUNE BOY,2026-03-27,2026-04-06,10,1600,2000,False,++,False,True,False,0.1111111111111111,7,11,0.6363636363636364,0,0,0
HAPPY TERCENTENARY,2026-03-27,2026-04-12,16,1600,1600,True,+,False,False,True,0.2222222222222222,10,12,0.8333333333333334,0,0,0
SHANWAH,2026-03-27,2026-04-12,16,1600,1600,True,+,False,False,True,0.3333333333333333,6,12,0.5,0,0,1
NAUTICAL FORCE,2026-03-27,2026-04-19,23,1600,1800,True,++,True,False,True,0.4444444444444444,1,14,0.07142857142857142,1,1,1
FAST NETWORK,2026-03-27,2026-04-06,10,1600,0,False,+,False,False,True,0.5555555555555556,5,14,0.35714285714285715,0,0,1
KA YING GENERATION,2026-03-27,2026-04-19,23,1600,1800,True,0,False,False,False,0.6666666666666666,2,14,0.14285714285714285,0,1,1
ENTHUSIUM,2026-03-27,2026-04-06,10,1600,2000,False,0,False,False,False,0.7777777777777778,3,11,0.2727272727272727,0,1,1
LUCKY GENERATIONS,2026-03-27,2026-04-06,10,1600,1200,False,-,False,False,False,1.0,10,15,0.6666666666666666,0,0,0
AKASHVANI,2026-03-27,2026-04-06,10,1200,1400,True,++,False,True,True,0.1,6,10,0.6,0,0,0
CROSSBORDERPEGASUS,2026-03-27,2026-04-12,16,1200,1200,True,+,False,False,False,0.2,5,12,0.4166666666666667,0,0,1
KANSAS,2026-03-27,2026-04-06,10,1200,1000,True,+,False,False,True,0.4,11,12,0.9166666666666666,0,0,0
FALLON,2026-03-27,2026-04-06,10,1200,2000,False,+,False,False,True,0.5,9,11,0.8181818181818182,0,0,0
HEALTHY HAPPY,2026-03-27,2026-04-06,10,1200,1400,True,+,True,False,False,0.6,4,10,0.4,0,0,1
SILVERY BREEZE,2026-03-27,2026-04-08,12,1200,1650,False,+,False,False,False,0.7,1,13,0.07692307692307693,1,1,1
LO RIDER,2026-03-27,2026-04-06,10,1200,1400,True,0,False,False,False,0.8,8,10,0.8,0,0,0
MR COOL,2026-03-27,2026-04-06,10,1200,1600,False,++,False,True,False,0.1,3,13,0.23076923076923078,0,1,1
SKY JEWELLERY,2026-03-27,2026-04-19,23,1200,1400,True,+,False,False,True,0.2,1,12,0.08333333333333333,1,1,1
FLYING LUCK,2026-03-27,2026-04-12,16,1200,1600,False,++,False,False,True,0.3,12,12,1.0,0,0,0
FIT FOR BEAUTY,2026-03-27,2026-04-06,10,1200,1400,True,+,False,False,False,0.4,2,10,0.2,0,1,1
ENDEARED,2026-03-27,2026-04-01,5,1200,1650,False,++,False,False,False,0.5,3,14,0.21428571428571427,0,1,1
WITHOUT RHYME,2026-03-27,2026-04-22,26,1200,1200,True,-,False,False,True,0.8,12,12,1.0,0,0,0
ZETTA FORCE,2026-03-27,2026-04-15,19,1200,1650,False,0,False,False,True,,3,13,0.23076923076923078,0,1,1
WINGS OF WAR,2026-03-27,2026-04-08,12,1200,1200,True,+,False,False,True,0.2,7,12,0.5833333333333334,0,0,0
CHARMING LEGEND,2026-03-27,2026-04-12,16,1200,1400,True,++,True,False,False,0.3,12,12,1.0,0,0,0
VIVACIOUS WIN,2026-03-27,2026-04-08,12,1200,1650,False,++,False,False,True,0.5,2,12,0.16666666666666666,0,1,1
SPIRIT OF PEACE,2026-03-27,2026-04-08,12,1200,1200,True,+,False,False,False,0.7,4,12,0.3333333333333333,0,0,1
MY MARS,2026-03-27,2026-04-12,16,1200,1200,True,++,False,True,False,0.1,1,12,0.08333333333333333,1,1,1
CHILL MASTER,2026-03-27,2026-04-08,12,1200,1200,True,+,False,False,True,0.2,3,12,0.25,0,1,1
CIRCUIT DUFFY,2026-03-27,2026-04-06,10,1200,1200,True,+,False,False,True,0.4,14,15,0.9333333333333333,0,0,0
PRESIDENT PEGASUS,2026-03-27,2026-04-12,16,1200,1400,True,+,False,False,True,0.5,11,14,0.7857142857142857,0,0,0
CLEANSWEEPER,2026-03-27,2026-04-06,10,1200,1400,True,0,False,False,True,0.8,8,14,0.5714285714285714,0,0,0
NOBLE FANS,2026-03-27,2026-04-06,10,1200,1200,True,++,False,True,True,0.1,11,15,0.7333333333333333,0,0,0
GENERAL REDWOOD,2026-03-27,2026-04-08,12,1200,1650,False,+,False,False,True,0.2,1,12,0.08333333333333333,1,1,1
INCANTO STAR,2026-03-27,2026-04-08,12,1200,1650,False,++,False,False,True,0.3,9,12,0.75,0,0,0
SONIC BOOM,2026-03-27,2026-04-19,23,1200,1200,True,++,False,False,False,0.5,11,12,0.9166666666666666,0,0,0
MONEY TYCOON,2026-03-27,2026-04-06,10,1200,1200,True,+,False,False,False,0.6,8,14,0.5714285714285714,0,0,0
WINDICATOR FAMILY,2026-03-27,2026-04-12,16,1200,1600,False,0,False,False,True,0.7,2,14,0.14285714285714285,0,1,1
COOL BLUE,2026-03-27,2026-04-12,16,1200,1600,False,+,False,False,True,0.9,4,14,0.2857142857142857,0,0,1
FLASH STAR,2026-03-27,2026-04-08,12,1200,1200,True,-,False,False,False,1.0,9,13,0.6923076923076923,0,0,0
TOMODACHI KOKOROE,2026-03-27,2026-04-06,10,1000,0,False,++,False,True,True,0.1,6,7,0.8571428571428571,0,0,0
JOHANNES BRAHMS,2026-03-27,2026-04-06,10,1000,1400,False,+,False,False,True,0.2,10,10,1.0,0,0,0
BLUE ILLUSION,2026-03-27,2026-04-06,10,1000,1000,True,+,False,False,True,0.7,9,12,0.75,0,0,0
EMERGING STAR,2026-03-27,2026-04-19,23,1000,1000,True,-,False,False,False,1.0,14,14,1.0,0,0,0
SUPER SIXTY,2026-03-27,2026-04-06,10,1000,1000,True,++,False,True,True,0.1,12,14,0.8571428571428571,0,0,0
CHICKEN DINNER,2026-03-27,2026-04-19,23,1000,1200,True,++,False,False,True,0.2,9,12,0.75,0,0,0
HEALTHY HEALTHY,2026-03-27,2026-04-22,26,1000,1000,True,+,False,False,True,0.4,8,12,0.6666666666666666,0,0,0
GAMEPLAYER ELITE,2026-03-27,2026-04-08,12,1000,1200,True,+,False,False,True,0.5,2,13,0.15384615384615385,0,1,1
COUNTRY DANCER,2026-03-27,2026-04-15,19,1000,1000,True,0,False,False,True,0.7,5,12,0.4166666666666667,0,0,1
YEUX DE LIFELINE,2026-03-27,2026-04-22,26,1000,1200,True,-,False,False,False,0.9,8,13,0.6153846153846154,0,0,0
GLACIATED,2026-03-27,2026-04-08,12,1000,1200,True,++,False,True,False,0.1,7,13,0.5384615384615384,0,0,0
GRAND NOVA,2026-03-27,2026-04-22,26,1000,1000,True,+,False,False,True,0.2,2,12,0.16666666666666666,0,1,1
FATAL BLOW,2026-03-27,2026-04-15,19,1000,1200,True,+,False,False,False,0.3,5,12,0.4166666666666667,0,0,1
KA YING GRATEFUL,2026-03-27,2026-04-12,16,1000,1000,True,+,False,False,True,0.6,6,6,1.0,0,0,0
MEGA CAPTAIN,2026-03-27,2026-04-06,10,1000,1000,True,++,False,True,True,0.1111111111111111,11,14,0.7857142857142857,0,0,0
BINGO BABE,2026-03-27,2026-04-15,19,1000,1000,True,+,False,False,True,0.2222222222222222,6,12,0.5,0,0,1
BLUE BARON,2026-03-27,2026-04-08,12,1000,1200,True,++,False,False,False,0.3333333333333333,5,12,0.4166666666666667,0,0,1
NEBRASKAN,2026-03-27,2026-04-22,26,1000,1200,True,+,False,False,False,0.4444444444444444,1,12,0.08333333333333333,1,1,1
SPORTIC WARRIOR,2026-03-27,2026-04-15,19,1000,1000,True,-,False,False,True,0.6666666666666666,11,12,0.9166666666666666,0,0,0
TEAM HAPPY,2026-03-27,2026-04-08,12,1000,1200,True,-,False,False,False,0.7777777777777778,4,12,0.3333333333333333,0,0,1
HYANNIS STAR,2026-03-30,2026-04-22,23,800,1000,True,+,False,False,False,0.4,9,12,0.75,0,0,0
GREAT LOOKING,2026-03-30,2026-04-15,16,800,1200,False,-,False,False,True,1.0,12,12,1.0,0,0,0
TARGET AUDIENCE,2026-03-30,2026-04-19,20,800,1200,False,+,False,False,True,0.3333333333333333,1,12,0.08333333333333333,1,1,1
GLORIOUS HERO,2026-03-30,2026-04-12,13,800,1000,True,-,False,False,False,0.8333333333333334,5,6,0.8333333333333334,0,0,0
SELF IMPROVEMENT,2026-03-31,2026-04-12,12,1200,1200,True,++,False,False,False,0.2857142857142857,12,12,1.0,0,0,0
MIGHTY COMMANDER,2026-03-31,2026-04-08,8,1200,1200,True,++,False,False,False,0.42857142857142855,8,12,0.6666666666666666,0,0,0
PRAY FOR JUSTICE,2026-03-31,2026-04-12,12,1200,1400,True,0,False,False,False,0.5714285714285714,7,12,0.5833333333333334,0,0,0
NUCLEOZOR,2026-03-31,2026-04-19,19,1200,1400,True,0,False,False,False,0.7142857142857143,7,12,0.5833333333333334,0,0,0
SIGHT HERMOSO,2026-03-31,2026-04-08,8,1200,1200,True,+,True,False,False,1.0,1,12,0.08333333333333333,1,1,1
ROBOT LUCKY STAR,2026-03-31,2026-04-19,19,1200,1200,True,++,False,True,False,0.14285714285714285,8,12,0.6666666666666666,0,0,0
ELITE GOLF,2026-03-31,2026-04-12,12,1200,1200,True,++,False,False,True,0.2857142857142857,1,12,0.08333333333333333,1,1,1
ACE CHAMPION,2026-03-31,2026-04-08,8,1200,1200,True,++,False,False,True,0.42857142857142855,7,12,0.5833333333333334,0,0,0
CROSSBORDERDUDE,2026-03-31,2026-04-08,8,1200,1200,True,+,False,False,False,0.5714285714285714,3,13,0.23076923076923078,0,1,1
GOLDEN BRILLIANT,2026-03-31,2026-04-08,8,1200,1650,False,+,False,False,True,0.7142857142857143,1,12,0.08333333333333333,1,1,1
LUCKY TWIN STARS,2026-03-31,2026-04-08,8,1200,1650,False,-,False,False,True,1.0,7,13,0.5384615384615384,0,0,0
IRON LEGION,2026-03-31,2026-04-12,12,1200,1600,False,+,False,False,True,0.25,12,14,0.8571428571428571,0,0,0
HAPPY BOSS,2026-03-31,2026-04-12,12,1200,1400,True,++,False,False,False,0.375,1,14,0.07142857142857142,1,1,1
FLYING SNIPER,2026-03-31,2026-04-12,12,1200,1200,True,+,True,False,True,0.625,5,12,0.4166666666666667,0,0,1
VIVA TASTE,2026-03-31,2026-04-19,19,1200,1800,False,+,False,False,True,0.75,6,14,0.42857142857142855,0,0,1
Z PRINCE,2026-03-31,2026-04-19,19,1200,1400,True,-,False,False,True,0.875,5,14,0.35714285714285715,0,0,1
DASH,2026-03-31,2026-04-12,12,1200,1400,True,++,False,True,True,0.1111111111111111,11,14,0.7857142857142857,0,0,0
BASIC INSTINCT,2026-03-31,2026-04-12,12,1200,1400,True,+,False,False,True,0.2222222222222222,13,14,0.9285714285714286,0,0,0
SUPER RUBICK KID,2026-03-31,2026-04-12,12,1200,1200,True,+,False,False,True,0.3333333333333333,7,12,0.5833333333333334,0,0,0
RUBY SAILING,2026-03-31,2026-04-12,12,1200,1200,True,+,False,False,True,0.4444444444444444,8,12,0.6666666666666666,0,0,0
ONE AND ONLY,2026-03-31,2026-04-08,8,1200,1200,True,+,False,False,False,0.5555555555555556,10,12,0.8333333333333334,0,0,0
ISLAND GOLDEN,2026-03-31,2026-04-12,12,1200,1400,True,0,False,False,False,0.7777777777777778,7,14,0.5,0,0,1
MR GOOD VIBES,2026-03-31,2026-04-12,12,1200,1400,True,-,False,False,False,0.8888888888888888,14,14,1.0,0,0,0
INNO CENTURY,2026-03-31,2026-04-15,15,1200,1650,False,-,False,False,False,1.0,12,13,0.9230769230769231,0,0,0
CENTRAL BANK,2026-03-31,2026-04-22,22,1050,1000,True,++,False,True,True,0.2,10,12,0.8333333333333334,0,0,0
FIERY STEED,2026-04-02,2026-04-15,13,1200,1200,True,++,False,True,True,0.125,12,12,1.0,0,0,0
LUCKY BID,2026-04-02,2026-04-12,10,1200,1200,True,+,False,False,True,0.25,6,12,0.5,0,0,1
JUBILANT STAR,2026-04-02,2026-04-12,10,1200,1200,True,++,False,False,True,0.5,9,12,0.75,0,0,0
LE ZONDA,2026-04-02,2026-04-15,13,1200,1650,False,+,False,False,False,0.625,5,11,0.45454545454545453,0,0,1
ROMANTIC LAOS,2026-04-02,2026-04-15,13,1200,1800,False,-,False,False,False,0.875,5,12,0.4166666666666667,0,0,1
MAPOGO,2026-04-02,2026-04-19,17,1200,1000,True,++,False,True,False,0.125,6,14,0.42857142857142855,0,0,1
FORTUNE LINK,2026-04-02,2026-04-12,10,1200,1400,True,+,False,False,True,0.25,1,12,0.08333333333333333,1,1,1
PRESTIGE RICKY,2026-04-02,2026-04-19,17,1200,1600,False,++,False,False,True,0.375,3,14,0.21428571428571427,0,1,1
BIGTIME GENERATION,2026-04-02,2026-04-08,6,1200,1200,True,++,True,False,False,0.5,8,13,0.6153846153846154,0,0,0
CHATER FLASH,2026-04-02,2026-04-12,10,1200,1200,True,0,False,False,False,0.625,11,12,0.9166666666666666,0,0,0
FORTUNATE SON,2026-04-02,2026-04-15,13,1200,1650,False,+,False,False,True,0.75,4,11,0.36363636363636365,0,0,1
LEADING DRAGON,2026-04-02,2026-04-12,10,1200,1200,True,++,False,True,False,0.125,2,12,0.16666666666666666,0,1,1
SPICY SPANGLE,2026-04-02,2026-04-15,13,1200,1000,True,++,True,False,False,0.25,3,12,0.25,0,1,1
DASHING MAURISON,2026-04-02,2026-04-12,10,1200,1600,False,+,False,False,False,0.375,9,14,0.6428571428571429,0,0,0
FLOOF,2026-04-02,2026-04-15,13,1200,1650,False,++,True,False,False,0.5,7,13,0.5384615384615384,0,0,0
WAH MAY WAI WAI,2026-04-02,2026-04-15,13,1200,1650,False,+,False,False,False,0.625,5,13,0.38461538461538464,0,0,1
KINGLY DEMEANOR,2026-04-02,2026-04-15,13,1200,1800,False,0,False,False,False,0.75,2,12,0.16666666666666666,0,1,1
CHEERFUL WONGCHOY,2026-04-02,2026-04-12,10,1200,1400,True,-,False,False,False,0.875,8,14,0.5714285714285714,0,0,0
PARENTS' LOVE,2026-04-02,2026-04-19,17,1050,1000,True,++,False,True,False,0.25,1,14,0.07142857142857142,1,1,1
STORMING DRAGON,2026-04-02,2026-04-15,13,1200,1200,True,++,False,True,True,0.2,1,12,0.08333333333333333,1,1,1
GENTLEMEN LEGACY,2026-04-02,2026-04-19,17,1200,1800,False,++,False,False,True,0.4,4,14,0.2857142857142857,0,0,1
CHILL BUDDY,2026-04-02,2026-04-12,10,1200,1200,True,-,False,False,False,0.8,4,12,0.3333333333333333,0,0,1
MISTER DAPPER,2026-04-02,2026-04-12,10,1200,1600,False,-,False,False,False,1.0,2,12,0.16666666666666666,0,1,1
RUN RUN SMART,2026-04-02,2026-04-12,10,1200,1400,True,++,False,True,False,0.25,3,14,0.21428571428571427,0,1,1
RIDING TOGETHER,2026-04-02,2026-04-15,13,1200,1650,False,+,False,False,True,0.5,9,11,0.8181818181818182,0,0,0
CALL ME SPARKLE,2026-04-02,2026-04-12,10,1200,1200,True,-,False,False,True,0.75,4,12,0.3333333333333333,0,0,1
RYUI KOKOROE,2026-04-02,2026-04-15,13,1200,1200,True,++,False,True,True,0.2,4,12,0.3333333333333333,0,0,1
TOP TIME,2026-04-02,2026-04-12,10,1200,1400,True,++,False,False,True,0.4,2,14,0.14285714285714285,0,1,1
COURIER MAGIC,2026-04-02,2026-04-15,13,1200,1650,False,+,True,False,True,0.6,9,13,0.6923076923076923,0,0,0
TRENDY RUSH,2026-04-02,2026-04-15,13,1200,1200,True,-,False,False,False,1.0,10,12,0.8333333333333334,0,0,0
MASSIVE GLORY,2026-04-02,2026-04-12,10,1200,1400,True,++,False,True,True,0.25,6,14,0.42857142857142855,0,0,1
SUPREME FEELING,2026-04-02,2026-04-12,10,1200,1400,True,+,True,False,False,0.75,14,14,1.0,0,0,0
COLOURFUL WINNER,2026-04-02,2026-04-19,17,1200,1200,True,-,False,False,True,1.0,9,12,0.75,0,0,0
ATOMIC BEAUTY,2026-04-02,2026-04-22,20,1200,1650,False,+,True,False,True,0.6,11,12,0.9166666666666666,0,0,0
THE WAY WE WIN,2026-04-02,2026-04-12,10,1200,1600,False,-,False,False,True,0.8,5,14,0.35714285714285715,0,0,1
ZHOU GONGJIN,2026-04-02,2026-04-22,20,1200,1200,True,-,False,False,True,1.0,11,13,0.8461538461538461,0,0,0
SPORTS LEGEND,2026-04-02,2026-04-15,13,1050,1200,True,++,False,True,True,0.2,5,12,0.4166666666666667,0,0,1
MASTER PAYMENT,2026-04-02,2026-04-19,17,1050,1000,True,+,False,False,False,0.4,2,14,0.14285714285714285,0,1,1
PERFECT ONE,2026-04-02,2026-04-12,10,1050,1000,True,-,False,False,False,0.6,1,6,0.16666666666666666,1,1,1
SUPER EXPRESS,2026-04-09,2026-04-19,10,1200,1200,True,++,False,True,True,0.125,6,12,0.5,0,0,1
TIN FOOK,2026-04-09,2026-04-19,10,1200,1200,True,++,False,False,False,0.25,3,11,0.2727272727272727,0,1,1
CANDLELIGHT DINNER,2026-04-09,2026-04-22,13,1200,1000,True,++,True,False,True,0.5,4,12,0.3333333333333333,0,0,1
SERAPH GABRIEL,2026-04-09,2026-04-19,10,1200,1800,False,0,False,False,False,0.625,7,14,0.5,0,0,1
WINNING WING,2026-04-09,2026-04-19,10,1200,1800,False,+,False,False,False,0.75,8,14,0.5714285714285714,0,0,0
ACE WAR,2026-04-09,2026-04-22,13,1200,1800,False,+,True,False,False,1.0,2,12,0.16666666666666666,0,1,1
KA YING ATTACK,2026-04-09,2026-04-19,10,1200,1200,True,++,False,True,False,0.1111111111111111,3,12,0.25,0,1,1
EVERYONE'S STAR,2026-04-09,2026-04-19,10,1200,1400,True,+,False,False,False,0.2222222222222222,2,12,0.16666666666666666,0,1,1
MASTEROFMYUNIVERSE,2026-04-09,2026-04-22,13,1200,1200,True,++,False,False,False,0.3333333333333333,9,12,0.75,0,0,0
CHICKEN DINNER,2026-04-09,2026-04-19,10,1200,1200,True,+,False,False,False,0.4444444444444444,9,12,0.75,0,0,0
GAZELEY,2026-04-09,2026-04-22,13,1200,1650,False,0,False,False,False,0.7777777777777778,11,12,0.9166666666666666,0,0,0
MAKE YOU SMILE,2026-04-09,2026-04-19,10,1200,1400,True,-,False,False,True,0.8888888888888888,10,12,0.8333333333333334,0,0,0
NEBRASKAN,2026-04-09,2026-04-22,13,1200,1200,True,+,True,False,False,0.75,1,12,0.08333333333333333,1,1,1
MUST GO,2026-04-09,2026-04-19,10,1200,1200,True,-,False,False,False,0.875,1,11,0.09090909090909091,1,1,1
LEADING AGILITY,2026-04-09,2026-04-22,13,1200,1200,True,++,False,False,False,0.25,4,13,0.3076923076923077,0,0,1
DASHING PEACH,2026-04-09,2026-04-19,10,1200,1400,True,+,False,False,True,0.375,13,14,0.9285714285714286,0,0,0
TURF PHOENIX,2026-04-09,2026-04-22,13,1200,1200,True,+,False,False,False,0.625,3,12,0.25,0,1,1
SOLAR RIVER,2026-04-09,2026-04-22,13,1200,1200,True,-,False,False,False,1.0,10,13,0.7692307692307693,0,0,0
THUNDER PRINCE,2026-04-09,2026-04-22,13,1200,1200,True,++,False,True,True,0.1111111111111111,1,12,0.08333333333333333,1,1,1
ONESHOT,2026-04-09,2026-04-19,10,1200,1000,True,0,False,False,False,0.6666666666666666,5,14,0.35714285714285715,0,0,1
ROSEWOOD FLEETFOOT,2026-04-09,2026-04-19,10,1200,1800,False,-,False,False,False,0.8888888888888888,7,14,0.5,0,0,1
MODEST GENTLEMAN,2026-04-09,2026-04-19,10,1050,1200,True,++,False,True,False,0.125,4,12,0.3333333333333333,0,0,1
CASA OF HONOR,2026-04-09,2026-04-22,13,1050,1000,True,++,False,False,True,0.25,1,12,0.08333333333333333,1,1,1
GIANT LEAP,2026-04-09,2026-04-19,10,1050,1200,True,+,False,False,True,0.375,4,12,0.3333333333333333,0,0,1
COPPER CORE,2026-04-09,2026-04-22,13,1050,1000,True,+,False,False,True,0.5,11,12,0.9166666666666666,0,0,0
REGROWTH WINNER,2026-04-09,2026-04-19,10,1050,1200,True,+,False,False,True,0.625,12,12,1.0,0,0,0
LUCKY XANDER,2026-04-09,2026-04-22,13,1050,1200,True,0,False,False,True,0.75,12,13,0.9230769230769231,0,0,0
TOPSPIN KING,2026-04-09,2026-04-22,13,1050,1000,True,-,True,False,False,1.0,10,12,0.8333333333333334,0,0,0
KA YING GENERATION,2026-04-10,2026-04-19,9,1600,1800,True,+,False,False,True,0.5,2,14,0.14285714285714285,0,1,1
NAUTICAL FORCE,2026-04-10,2026-04-19,9,1600,1800,True,-,False,False,False,0.75,1,14,0.07142857142857142,1,1,1
CHILL EASY,2026-04-10,2026-04-19,9,1400,1400,True,++,False,True,True,0.14285714285714285,3,12,0.25,0,1,1
SKY JEWELLERY,2026-04-10,2026-04-19,9,1400,1400,True,+,False,False,False,0.7142857142857143,1,12,0.08333333333333333,1,1,1
WINNING MONEY,2026-04-10,2026-04-22,12,1200,1200,True,+,False,False,False,0.3333333333333333,6,12,0.5,0,0,1
MEGA MASTERMIND,2026-04-10,2026-04-19,9,1200,1600,False,0,False,False,False,0.6666666666666666,2,14,0.14285714285714285,0,1,1
ENTHRALLED,2026-04-10,2026-04-15,5,1200,1800,False,-,False,False,False,1.0,8,12,0.6666666666666666,0,0,0
WITHOUT RHYME,2026-04-10,2026-04-22,12,1200,1200,True,-,False,False,True,0.5555555555555556,12,12,1.0,0,0,0
HAPPY ACTION,2026-04-10,2026-04-19,9,1200,1000,True,+,True,False,True,0.7777777777777778,12,14,0.8571428571428571,0,0,0
YEUX DE LIFELINE,2026-04-10,2026-04-22,12,1200,1200,True,-,False,False,False,0.8888888888888888,8,13,0.6153846153846154,0,0,0
GRAND TURBO,2026-04-10,2026-04-19,9,1200,1600,False,+,False,False,True,1.0,13,14,0.9285714285714286,0,0,0
COUNTRY DANCER,2026-04-10,2026-04-15,5,1200,1000,True,+,True,False,False,0.7777777777777778,5,12,0.4166666666666667,0,0,1
