tree
version=v4
num_class=1
num_tree_per_iteration=1
label_index=0
max_feature_idx=31
objective=binary sigmoid:1
feature_names=projected_time proj_pre_pace proj_final_sec win_prob risk_score effective_resid early_speed_z smap_pos_adj smap_pps_adj smap_total_adj sec_total_adj avg_late_dev avg_ssi late_std n_sec_profile draw weight distance pace_score field_size is_awt_int rank_winprob rank_proj_time rank_esz winprob_z proj_time_z esz_z style sec_type race_class race_course risk_tier
feature_infos=[55.909999999999997:140.21000000000001] [55.899999999999999:140.26400000000001] [22.16:27.18] [0.001:0.59799999999999998] none [-3:3] [-2.1000000000000001:2.3999999999999999] [-0.22500000000000001:0.127] [-0.10000000000000001:0.080000000000000002] [-0.32500000000000001:0.19400000000000001] [-0.25119999999999998:2.1078000000000001] [-0.89400000000000002:5.4509999999999996] [-1.3360000000000001:5.7140000000000004] [0.021999999999999999:9.984] [1:6] [1:14] [108:135] [1000:2200] [-0.46999999999999997:0.14000000000000001] [9:14] [0:1] [1:14] [1:14] [1:14] [-2.2502803038507562:3.2403797771815519] [-2.3874388910962603:3.2466981077505075] [-2.8528902977239516:2.2422400642895082] -1:2:0:1:3 -1:1:4:5:0:2:3 -1:2:1:3:0 -1:3:2:0:4:1 none
tree_sizes=1458 1497 1402 1491 1501 1402 1404 1400 1510 1504 1299 1505 1303 1305 1403 1714 1397 1399 1611 1507 1506 1384 1514 1395 1501 1714 1618 1709 1507 1608 1717 1718 1611 1718 1608 1399 1719 1713 1608 1728 1720 1708 1715 1705 1614 1509 1513 1625 1517 1722 1633 1624 1516 1622 1726 1515 1717 1723 1721 1712 1513 1725 1617 1723 1728 1521 1743 1404 1506 1397 1724 1718 1721 1730 1733 1618 1617 1719 1622 1728 1609 1715 1398 1721 1620 1720 1719 1732 1731 1721 1521 1415 1728 1721 1626 1540 1742 1750 1746 1738 1628 1742 1737 1736 1742 1733 1624 1626 1627 1629 1738 1748 1729 1734 1747 1727 1737 1734 1744 1737 1520 1742 1749 1737 1734 1732 1724 1628 1753 1743 1744 1750 1633 1740 1644 1737 1732 1738 1738 1736 1748 1746 1745 1759 1741 1739 1749 1743 1745 1749 1745 1746 1742 1753 1642 1742 1744 1528 1737 1745 1540 1758 1755 1753 1761 1646 1644 1641 1528 1746 1637 1643 1643 1750 1741 1639 1746 1539 1639 1743 1752 1749 1749 1748 1750 1758 1750 1638 1761 1749 1756 1741 1753 1747 1549 1635 1739 1643 1751 1751 1760 1759 1770 1653 1537 1538 1753 1656 1768 1754 1762 1744 1646 1749 1651 1752 1760 1767 1753 1651 1761 1540 1775 1763 1756 1766 1646 1770 1669 1772 1647 1643 1651 1768 1767 1760 1655 1750 1651 1763 1762 1657 1656 1766 1762 1636 1540 1744 1538 1536 1761 1763 1756 1774 1772 1327 1549 1775 1545 1666 1769 1766 1772 1765 1755 1767 1765 1769 1555 1771 1776 1764 1773 1772 1767 1661 1663 1769 1674 1657 1769 1775 1781 1776 1781 1665 1560 1775 1787 1768 1769 1668 1783 1781 1776 1543 1777 1568 1563 1571 1782 1780 1774 1774 1776 1664 1777 1663 1768 1773 1787 1757 1779 1667 1776 1772 1671 1672 1790 1779 1787 1790 1791 1788 1785 1447 1440 1443 1558 1770 1679 1573 1562 1567 1343 1675 1785 1665 1465 1782 1563 1782 1776 1776 1773 1448 1683 1690 1690 1693 1555 1450 1672 1668 1564 1671 1774 1774 1778 1786 1429 1463 1455 1567 1547 1774 1784 1785 1789 1791 1783 1788 1777 1780 1787 1784 1681 1789 1790 1681 1788 1794 1785 1672 1791 1567 1459 1342 1674 1567 1798 1807 1688 1677 1683 1457 1783 1801 1334 1777

Tree=0
num_leaves=13
num_cat=0
split_feature=25 15 7 2 6 7 13 10 7 7 0 12
split_gain=22.6985 6.67156 6.8537 5.38198 4.41192 5.44322 3.87937 2.87789 2.27634 4.15058 1.44554 1.02099
threshold=-1.1692230697726143 4.5000000000000009 1.0000000180025095e-35 23.875000000000004 0.75000000000000011 -0.036499999999999998 0.26650000000000007 -0.09484999999999999 0.017500000000000005 0.029000000000000001 70.050000000000026 0.47300000000000003
decision_type=2 2 2 2 2 2 8 2 2 2 2 2
left_child=6 2 3 4 5 -2 -1 -3 11 -10 -11 -9
right_child=1 7 -4 -5 -6 -7 -8 8 9 10 -12 -13
leaf_value=-2.3360091965000427 -2.4752343602053331 -2.455757530594572 -2.5212184033599501 -2.5020834990916114 -2.4825519004235432 -2.3587339102248248 -2.455757530594572 -2.5310926298394296 -2.4334548309038642 -2.4717053993833225 -2.5237761388135898 -2.4911561630375587
leaf_weight=1.7808556556701653 1.567152976989745 1.567152976989745 2.8493690490722647 2.1370267868041992 1.9233241081237791 2.4219636917114253 1.5671529769897459 11.896115779876714 1.4959187507629383 1.4246845245361326 3.7041797637939453 2.4931979179382315
leaf_count=25 22 22 40 30 27 34 22 167 21 20 52 35
internal_value=-2.48099 -2.49457 -2.46351 -2.4409 -2.41896 -2.39415 -2.37334 -2.50967 -2.51466 -2.48884 -2.51014 -2.52528
internal_weight=36.8281 33.4801 10.8988 8.04947 5.91244 3.98912 3.34801 22.5812 21.0141 6.62478 5.12886 14.3893
internal_count=517 470 153 113 83 56 47 317 295 93 72 202
is_linear=0
shrinkage=1


Tree=1
num_leaves=13
num_cat=0
split_feature=25 15 7 2 6 7 0 10 7 7 9 12
split_gain=20.0634 6.221 6.29562 4.77276 3.74408 4.40742 3.08689 2.73045 2.23283 3.85927 1.46063 1.01143
threshold=-1.1692230697726143 4.5000000000000009 1.0000000180025095e-35 23.875000000000004 0.75000000000000011 -0.036499999999999998 81.640000000000015 -0.09484999999999999 0.017500000000000005 0.029000000000000001 0.088500000000000009 0.47300000000000003
decision_type=2 2 2 2 2 2 2 2 2 2 2 2
left_child=6 2 3 4 5 -2 -1 -3 11 -10 -11 -9
right_child=1 7 -4 -5 -6 -7 -8 8 9 10 -12 -13
leaf_value=0.12984656299026551 0.0056801130488660185 0.0242516771102422 -0.039628766060389509 -0.020509915324557718 -0.0013940845616612224 0.10946439622918971 0.023975924424085089 -0.049626123282079347 0.045092756692942437 -0.042331689308296616 0.010141941856406477 -0.0097465316206993072
leaf_weight=2.0066378414630885 1.5749570280313476 1.6010412871837605 2.7540412545204154 2.0993971824645996 1.920982740819454 2.6830616146326061 1.6045987755060194 11.401806324720388 1.5571788623929013 3.6096819639205933 1.39883616566658 2.4720929935574523
leaf_count=26 22 22 40 30 27 34 21 167 21 52 20 35
internal_value=0.000332223 -0.0129231 0.0167366 0.0377382 0.0576289 0.0794577 0.0982056 -0.0278513 -0.0328733 -0.00733528 -0.0284274 -0.0436533
internal_weight=36.6843 33.0731 11.0324 8.2784 6.179 4.25802 3.61124 22.0406 20.4396 6.5657 5.00852 13.8739
internal_count=517 470 153 113 83 56 47 317 295 93 72 202
is_linear=0
shrinkage=0.05


Tree=2
num_leaves=12
num_cat=0
split_feature=24 15 2 9 23 11 11 12 9 2 16
split_gain=18.0615 5.15359 5.40581 4.89902 4.13084 6.78213 2.45048 4.9934 1.61414 1.37702 1.35458
threshold=1.6857699612764641 4.5000000000000009 23.875000000000004 1.0000000180025095e-35 4.5000000000000009 0.08450000000000002 -0.24899999999999997 -0.54649999999999987 0.063500000000000015 24.165000000000003 117.50000000000001
decision_type=2 2 2 2 2 2 2 2 2 2 2
left_child=1 2 3 4 -1 -6 7 -3 9 10 -8
right_child=-2 6 -4 -5 5 -7 8 -9 -10 -11 -12
leaf_value=-2.2812785181475744e-05 0.096906730906325192 -0.036492690714834582 -0.038999168303228582 -0.032792621741554978 0.12339651887075909 0.0070804831740279503 -0.0041004296577833877 0.056627413926552211 0.0028992863054174921 0.0023302201212919921 -0.049672330030332876
leaf_weight=2.7621001675724965 3.3135843500494948 2.0612068027257924 2.6010801568627349 1.5506307557225225 2.1116591617465019 2.3149723261594772 2.0890607088804307 1.7460777461528767 2.5808021053671828 1.7317732572555531 11.690407730638979
leaf_count=38 41 29 38 23 26 30 31 25 37 25 174
internal_value=0.00050058 -0.0116594 0.0148514 0.0332375 0.0497456 0.0750815 -0.025437 0.00910943 -0.0328033 -0.0385594 -0.0435082
internal_weight=36.5534 33.2398 11.3404 8.73936 7.18873 4.42663 21.8993 3.80728 18.092 15.5112 13.7795
internal_count=517 476 155 117 94 56 321 54 267 230 205
is_linear=0
shrinkage=0.05


Tree=3
num_leaves=13
num_cat=0
split_feature=22 15 26 3 22 6 24 12 6 15 12 13
split_gain=16.0332 8.92192 5.37767 9.13039 8.83652 3.01483 2.72644 4.48865 3.88396 4.53151 0.752032 0.4391
threshold=3.5000000000000004 7.5000000000000009 -0.8497699501424939 0.051500000000000011 5.5000000000000009 0.75000000000000011 -0.46953221214599167 0.14000000000000004 1.2500000000000002 9.5000000000000018 -0.042499999999999989 0.30450000000000005
decision_type=2 2 2 2 2 2 2 2 2 2 2 8
left_child=1 5 3 -2 -5 11 7 8 9 -4 -3 -1
right_child=2 10 6 4 -6 -7 -8 -9 -10 -11 -12 -13
leaf_value=0.11462524916054657 -0.039362088631753001 0.0078186283686968068 0.071054423534386207 -0.013856239873517577 0.12994150601155044 0.016076603970826883 -0.049051008296316825 -0.044571033926037527 -0.034897493100087044 -0.017483363510593975 -0.032967653130642906 0.03875730377990947
leaf_weight=3.1526220440864545 2.6814882978796986 1.4789614826440813 2.6247533932328242 1.5791145712137225 1.464755058288574 1.894756495952606 9.8668252900242788 4.7620599865913391 1.8432827070355413 1.8627138212323187 1.534542419016361 1.7237262725830076
leaf_count=38 39 20 37 22 20 25 145 71 28 29 21 22
internal_value=0.000586595 0.0522895 -0.0195753 0.0207611 0.0703626 0.0808247 -0.0310373 -0.0122833 0.0147709 0.0378143 -0.01599 0.0989662
internal_weight=36.4696 9.78461 26.685 5.72536 3.04387 6.7711 20.9596 11.0928 6.33075 4.48747 3.0135 4.87635
internal_count=517 126 391 81 42 85 310 165 94 66 41 60
is_linear=0
shrinkage=0.05


Tree=4
num_leaves=13
num_cat=0
split_feature=25 26 3 26 10 16 2 16 18 13 15 5
split_gain=14.6121 4.65046 7.5814 9.67501 4.80506 4.74569 4.24243 2.18165 4.11503 1.49494 2.14329 0.505285
threshold=-1.0767689296156264 -0.8497699501424939 0.051500000000000011 -1.1971749915264944 -0.066049999999999984 128.50000000000003 23.235000000000003 117.50000000000001 -0.14499999999999996 0.22100000000000003 4.5000000000000009 0.90300000000000014
decision_type=2 2 2 2 2 2 2 2 2 8 2 2
left_child=6 2 -2 -4 5 -3 -1 8 -6 10 -9 -11
right_child=1 4 3 -5 7 -7 -8 9 -10 11 -12 -13
leaf_value=0.10362002613738175 -0.038887825298812323 0.064260250494122054 -0.011192471823585111 0.11792796139825897 -0.036248819563588948 -0.031875315233366099 0.01457908953424597 0.028669536463469272 0.051127998307879487 -0.049761709350703932 -0.035102980373717112 -0.0087308967164645302
leaf_weight=2.8010262027382842 2.5929282084107426 1.9858002625405817 2.5715195722877979 1.9205452799797056 2.0560702681541447 1.4390343017876146 2.6506691128015518 1.4541146308183699 1.4128652289509798 12.296492397785185 1.8931742794811723 1.3025371804833401
leaf_count=31 39 27 35 24 31 21 31 19 20 189 30 20
internal_value=0.000683679 -0.0132038 0.0203734 0.0554327 -0.023601 0.0257915 0.0692974 -0.0327044 0.00281634 -0.0397274 -0.00717705 -0.046699
internal_weight=36.3768 30.9251 7.08499 4.49206 23.8401 3.42483 5.4517 20.4153 3.46894 16.9463 3.34729 13.599
internal_count=517 455 98 59 357 48 62 309 51 258 49 209
is_linear=0
shrinkage=0.05


Tree=5
num_leaves=12
num_cat=0
split_feature=25 26 26 10 3 1 25 13 15 5 2
split_gain=16.2065 7.41586 7.09436 6.41013 4.97013 3.68277 1.10597 0.948053 2.62814 0.424469 0.121167
threshold=-1.0767689296156264 -0.72341810534070217 -1.1971749915264944 -0.09484999999999999 0.051500000000000011 81.917500000000018 -0.36414041303628697 0.22100000000000003 4.5000000000000009 1.1110000000000002 22.995000000000001
decision_type=2 2 2 2 2 2 2 8 2 2 2
left_child=5 2 6 -3 -4 -1 -2 8 -5 10 -9
right_child=1 3 4 7 -6 -7 -8 9 -10 -11 -12
leaf_value=0.09670014407928168 0.0083586289047269582 0.038339185228624909 -0.0027297865756764051 0.030088622095948949 0.093447829992408971 0.010857236980845033 -0.038742664761354628 -0.018210608120618293 -0.038379153266486429 -0.0086326546302235435 -0.04964910836376274
leaf_weight=3.6198742613196364 1.4601603075861933 2.2824583575129536 2.011610150337221 1.4108994081616431 2.7339536435902119 2.0959108769893646 2.5310229100286961 1.9191350489854802 2.5146494470536709 1.2985744513571251 12.213094200938938
leaf_count=38 20 31 31 18 33 24 37 30 40 20 193
internal_value=0.00105967 -0.0140572 0.023054 -0.0293974 0.0592995 0.0715263 -0.0232886 -0.0388758 -0.0126582 -0.0443691 -0.0468654
internal_weight=36.0913 30.3756 8.73675 21.6388 4.74556 5.71579 3.99118 19.3564 3.92555 15.4308 14.1322
internal_count=515 453 121 332 64 62 57 301 58 243 223
is_linear=0
shrinkage=0.05


Tree=6
num_leaves=12
num_cat=0
split_feature=25 26 26 10 24 0 13 15 18 24 2
split_gain=14.4604 7.28945 8.07517 5.80687 5.09464 3.56302 1.87999 3.69776 1.11403 0.500169 0.060365
threshold=-1.1692230697726143 -0.72341810534070217 -1.1971749915264944 -0.09484999999999999 -0.32902508920363166 81.640000000000015 0.22100000000000003 4.5000000000000009 -0.064999999999999988 -1.1102356085899487 22.995000000000001
decision_type=2 2 2 2 2 2 8 2 2 2 2
left_child=5 2 8 -3 -4 -1 7 -5 -2 -8 -11
right_child=1 3 4 6 -6 -7 9 -9 -10 10 -12
leaf_value=0.10251365708843217 -0.039586271918455686 0.036165846661441445 0.0043527621060868212 0.039860924114093012 0.09927732476857215 0.012706839910549267 -0.0067470029833316646 -0.038253549252768873 0.0073279907115527303 -0.019614421609604752 -0.04949314703419376
leaf_weight=2.8035903275012961 2.7362960278987885 2.3567710667848614 2.4938128106296062 1.6803592294454599 2.5806978344917315 2.0056188777089119 1.2134667448699517 2.5047095492482185 1.5026649124920366 2.0393949002027449 12.083309814333914
leaf_count=26 40 31 37 20 28 22 20 41 21 32 197
internal_value=0.00111688 -0.0120152 0.0233795 -0.027446 0.0610238 0.0736954 -0.0365139 -0.00525084 -0.0247313 -0.0442016 -0.0467608
internal_weight=36.0007 31.1915 9.31347 21.878 5.07451 4.80921 19.5212 4.18507 4.23896 15.3362 14.1227
internal_count=515 467 126 341 65 48 310 61 61 249 229
is_linear=0
shrinkage=0.05


Tree=7
num_leaves=12
num_cat=0
split_feature=24 26 26 10 5 3 24 15 2 2 5
split_gain=12.9596 6.10671 8.66756 5.65662 4.65464 4.40057 0.729804 1.95979 0.729923 0.937534 0.183703
threshold=1.0793638163467387 -0.72341810534070217 -1.1971749915264944 -0.09484999999999999 -0.18699999999999997 0.051500000000000011 -0.80432718729207731 6.5000000000000009 22.995000000000001 22.825000000000003 0.11400000000000002
decision_type=2 2 2 2 2 2 2 2 2 2 2
left_child=1 2 10 -3 -2 -4 7 -5 9 -8 -1
right_child=4 3 5 6 -6 -7 8 -9 -10 -11 -12
leaf_value=-0.039192718481731025 0.085409866233779774 0.033908378618660293 -0.0027814370278075283 0.019722136238863545 -0.0032446523909078068 0.085529556181879907 -0.032692072270709846 -0.037816736706132607 -0.049025625033250621 0.01269115893349939 -0.0080918841726513504
leaf_weight=2.6038047149777417 4.3217953741550446 2.4373414367437389 2.0144159868359583 1.7661662362515986 1.952690366655587 3.2727160602807999 1.5605825968086677 2.4397978112101555 10.918955985456703 1.3093155361711977 1.2733236849308012
leaf_count=37 43 31 31 27 22 34 25 42 183 20 20
internal_value=0.00121137 -0.0130829 0.019423 -0.0278884 0.0611663 0.056792 -0.0376031 -0.0145078 -0.0431904 -0.014058 -0.032732
internal_weight=35.8709 29.5964 9.16426 20.4322 6.27449 5.28713 17.9948 4.20596 13.7889 2.8699 3.87713
internal_count=515 450 122 328 65 65 297 69 228 45 57
is_linear=0
shrinkage=0.05


Tree=8
num_leaves=13
num_cat=0
split_feature=25 26 26 10 15 12 16 13 15 1 26 5
split_gain=11.9104 4.82807 6.86393 5.33285 4.60495 4.4736 3.60494 0.965871 2.31152 0.453491 0.391505 0.170314
threshold=-1.0092088020436856 -0.72341810534070217 -1.1971749915264944 -0.09484999999999999 7.5000000000000009 -0.21849999999999997 122.50000000000001 0.22100000000000003 4.5000000000000009 109.39700000000002 -0.39643574797445436 0.11400000000000002
decision_type=2 2 2 2 2 2 2 8 2 2 2 2
left_child=4 2 11 -3 5 -1 -4 8 -5 10 -9 -2
right_child=1 3 6 7 -6 -7 -8 9 -10 -11 -12 -13
leaf_value=0.011151946542177571 -0.038263943144137259 0.032337072530141342 -0.0040534205812086761 0.028127071630058609 -0.0060110441894288165 0.10847299719586059 0.074981095131406647 -0.010786696568128005 -0.036717319830273876 -0.0069146362081114847 -0.04879626598363291 -0.0078968107353473409
leaf_weight=2.0418205037713051 2.4272454716265206 2.4952608570456531 2.037617754191162 1.4632531255483656 2.1084504760801792 2.9615323469042769 3.2429489269852638 1.4230163767933888 2.2207157164812088 1.2249261960387219 10.897673852741711 1.2644693143665788
leaf_count=20 36 31 26 18 23 28 37 24 39 21 192 20
internal_value=0.00118814 -0.0135105 0.0157242 -0.0269256 0.054853 0.0772304 0.0486944 -0.0368113 -0.0104552 -0.0427677 -0.0455456 -0.0317628
internal_weight=35.8089 28.6971 8.97228 19.7248 7.1118 5.00335 5.28057 17.2296 3.68397 13.5456 12.3207 3.69171
internal_count=515 444 119 325 71 48 63 294 57 237 216 56
is_linear=0
shrinkage=0.05


Tree=9
num_leaves=13
num_cat=0
split_feature=25 26 26 10 16 5 9 13 15 2 5 2
split_gain=10.7302 4.49306 6.24404 5.03329 4.18798 4.67186 3.51137 0.948478 2.19028 0.469633 0.166872 0.131324
threshold=-1.0092088020436856 -0.72341810534070217 -1.1971749915264944 -0.09484999999999999 121.50000000000001 -0.36549999999999994 -0.031499999999999993 0.22100000000000003 4.5000000000000009 24.195000000000004 0.11400000000000002 23.015000000000004
decision_type=2 2 2 2 2 2 2 8 2 2 2 2
left_child=4 2 10 -3 -1 -6 -4 8 -5 11 -2 -9
right_child=1 3 6 7 5 -7 -8 9 -10 -11 -12 -13
leaf_value=-0.0066673673446973961 -0.037791091452766219 0.030581269390999279 -0.0053306375148719142 0.02691300582402377 0.1143853313119446 0.019500167070005885 0.070999419856347334 -0.016928031728249134 -0.036266781285675238 -0.0062063698882519197 -0.0077063215035048484 -0.048308248371664114
leaf_weight=2.1172305382788172 2.3492307774722581 2.562247738242152 2.0991794876754284 1.4970293641090422 2.2377635762095451 3.0080706179141998 3.3696145899593848 1.833370056003331 2.1501065492630005 1.1942206770181645 1.2558776810765264 10.039299726486204
leaf_count=21 36 31 25 18 20 30 38 31 39 21 20 185
internal_value=0.00121255 -0.0130565 0.0148665 -0.0262856 0.0511448 0.0718096 0.0454056 -0.0362375 -0.0101227 -0.0422887 -0.03126 -0.045154
internal_weight=35.7132 28.3502 9.0739 19.2763 7.36306 5.24583 5.46879 16.714 3.64714 13.0669 3.60511 11.8727
internal_count=515 444 119 325 71 50 63 294 57 237 56 216
is_linear=0
shrinkage=0.05


Tree=10
num_leaves=11
num_cat=0
split_feature=25 13 3 15 18 24 10 9 24 26
split_gain=9.00011 4.59253 2.99126 3.52838 4.32998 2.42609 2.08218 2.55239 1.74611 0.961182
threshold=-1.0092088020436856 0.26650000000000007 0.10350000000000002 4.5000000000000009 -0.014999999999999998 -0.28685517520646148 -0.042299999999999997 0.063500000000000015 -1.01510480449357 0.49382349867437686
decision_type=2 8 2 2 2 2 2 2 2 2
left_child=1 -1 3 4 5 9 -5 8 -8 -2
right_child=2 -3 -4 6 -6 -7 7 -9 -10 -11
leaf_value=0.075522501149637822 -0.038666097233737116 0.00044348161455222976 -0.045566300321458225 0.015542908910365761 0.071017074536961766 0.033429044386492246 0.0060332247689124825 0.017631815313038372 -0.047473899292949984 0.0052419004385518258
leaf_weight=3.9023414850234976 2.5193649046123019 3.5049455389380455 5.1574571356177321 2.6277329325675991 1.8025282211601794 1.8906166255474097 1.584105588495732 1.8452806100249279 7.994338098913425 1.5985445864498613
leaf_count=32 39 37 76 37 23 27 28 29 144 25
internal_value=-0.00112883 0.0442753 -0.0147119 -0.0057585 0.019657 -0.00368526 -0.020254 -0.0290765 -0.038891 -0.0239275
internal_weight=34.4273 7.40729 27.02 21.8625 7.81105 6.00853 14.0515 11.4237 9.57844 4.11791
internal_count=497 69 428 352 114 91 238 201 172 64
is_linear=0
shrinkage=0.05


Tree=11
num_leaves=13
num_cat=0
split_feature=25 26 0 15 18 1 2 11 26 18 7 5
split_gain=8.1225 2.91773 2.60737 2.93559 4.78087 3.03225 4.00294 1.92986 1.69517 1.09518 0.99888 0.22329
threshold=-1.0092088020436856 -0.44276982127591297 57.835000000000008 3.5000000000000004 -0.014999999999999998 100.70350000000001 23.625000000000004 -0.30849999999999994 0.57573682163715756 -0.4499999999999999 0.0065000000000000014 0.51200000000000012
decision_type=2 2 2 2 2 2 2 2 2 2 2 2
left_child=1 -1 -2 4 8 9 -7 -3 -4 10 -5 -8
right_child=2 7 3 5 -6 6 11 -9 -10 -11 -12 -13
leaf_value=0.070668515642566127 0.031447210035899197 0.034666281341650826 -0.039949775752692235 0.019274325678240854 0.056615040318723088 0.046098402271528727 -0.036657238280361458 -0.021234229897996906 0.011685376043832636 -0.048653048126833513 -0.029150980275503613 -0.0051501806913381775
leaf_weight=3.3217503614723682 1.9569756723940397 2.3148838430643082 2.8399050645530224 1.1059991940856044 2.1517365165054825 2.0176139362156382 2.0761927105486397 1.9809452593326558 2.097797155380249 10.03526390343904 1.2268529571592806 1.1436558216810224
leaf_count=29 29 20 44 19 26 28 31 20 31 176 24 20
internal_value=-0.000983057 0.0414302 -0.0141654 -0.0188631 0.00756929 -0.0293417 0.00245328 0.00974665 -0.019739 -0.0419822 -0.00729802 -0.0293387
internal_weight=34.2696 7.61758 26.652 24.695 7.08944 17.6056 5.23746 4.29583 4.9377 12.3681 2.33285 3.21985
internal_count=497 69 428 399 101 298 79 40 75 219 43 51
is_linear=0
shrinkage=0.05


Tree=12
num_leaves=11
num_cat=0
split_feature=25 13 3 15 18 24 11 9 24 26
split_gain=7.36632 3.91407 2.96287 3.15891 3.60422 2.23129 2.12173 2.48247 1.67176 0.884836
threshold=-1.0092088020436856 0.26650000000000007 0.10350000000000002 4.5000000000000009 -0.014999999999999998 -0.28685517520646148 -0.24899999999999997 0.063500000000000015 -1.01510480449357 0.49382349867437686
decision_type=2 8 2 2 2 2 2 2 2 2
left_child=1 -1 3 4 5 9 -5 8 -8 -2
right_child=2 -3 -4 6 -6 -7 7 -9 -10 -11
leaf_value=0.066601470761847012 -0.037756043249562055 -0.00093550598478787787 -0.045026598595357958 0.017417745043324231 0.064151263267041403 0.031974550109917531 0.0054876707179466449 0.017798805788804061 -0.046973077330194769 0.0046857470784927328
leaf_weight=4.2148902490735045 2.3640451058745384 3.5981272608041763 4.9143878258764735 2.52985402196646 1.9512215666472972 1.9347281605005267 1.6098907925188548 1.8375927135348309 7.5418619476258693 1.6204814575612543
leaf_count=32 39 37 76 36 23 27 29 29 144 25
internal_value=-0.00084823 0.0389217 -0.0136538 -0.00475667 0.0189874 -0.0030202 -0.0189354 -0.028059 -0.0381132 -0.0230181
internal_weight=34.1171 7.81302 26.3041 21.3897 7.87048 5.91925 13.5192 10.9893 9.15175 3.98453
internal_count=497 69 428 352 114 91 238 202 173 64
is_linear=0
shrinkage=0.05


Tree=13
num_leaves=11
num_cat=0
split_feature=25 13 3 11 12 7 1 12 13 0
split_gain=6.66175 3.40087 2.8681 2.98512 5.83962 8.07062 4.76941 3.46034 2.95211 0.53357
threshold=-1.0092088020436856 0.26650000000000007 0.10350000000000002 0.077500000000000013 -0.54649999999999987 -1.0000000180025095e-35 70.266000000000005 -0.16849999999999998 0.41700000000000004 109.40000000000002
decision_type=2 8 2 2 2 2 2 2 10 2
left_child=1 -1 3 4 -2 -6 8 -7 -5 -8
right_child=2 -3 -4 6 5 7 9 -9 -10 -11
leaf_value=0.061605353262012247 -0.039202164059772636 -0.00089941857412392627 -0.04458214010195366 -0.017981625535447004 0.090857406565096513 -0.038694339192933969 -0.046401048621482255 0.035517450269444993 0.056456704174949482 -0.0047617268743632233
leaf_weight=4.4048556685447666 2.6637011542916298 3.5955574475228795 4.7298650480806819 1.8827312737703308 2.7886506617069244 2.5901628360152245 6.6213103421032429 1.8176678717136434 1.7428532503545282 1.1287368163466451
leaf_count=32 43 37 76 30 37 45 118 31 28 20
internal_value=-0.000732497 0.0365355 -0.0131444 -0.00445217 0.0148947 0.037258 -0.0210702 -0.00718266 0.022271 -0.0415739
internal_weight=33.9661 8.00041 25.9657 21.2358 9.86018 7.19648 11.3756 4.40783 3.62558 7.75005
internal_count=497 69 428 352 156 113 196 76 58 138
is_linear=0
shrinkage=0.05


Tree=14
num_leaves=12
num_cat=0
split_feature=25 13 0 15 18 1 2 26 18 13 13
split_gain=6.04213 2.96818 2.36629 2.65168 4.03171 2.92331 3.56319 1.59918 1.10691 0.986679 0.243728
threshold=-1.0092088020436856 0.26650000000000007 57.835000000000008 3.5000000000000004 -0.014999999999999998 100.70350000000001 23.625000000000004 0.57573682163715756 -0.4499999999999999 0.35350000000000004 0.51700000000000013
decision_type=2 8 2 2 2 2 2 2 2 10 8
left_child=1 -1 -2 4 7 8 -7 -4 9 -5 -8
right_child=2 -3 3 5 -6 6 10 -9 -10 -11 -12
leaf_value=0.057158897300679717 0.030318857459420763 -0.00086471076393515459 -0.039052415539526451 -0.028442037546439286 0.050911408982430212 0.04320598170270018 -0.035658432182253605 0.011515980082602776 -0.047980555094080064 0.020014302115946323 -0.003797368961911185
leaf_weight=4.5831359773874256 1.9900963157415414 3.593087900429965 2.656046487390995 1.1698380373418378 2.2987177707254913 2.0973946675658217 1.9659925214946272 2.1032798103988171 9.2163449339568579 1.0834237299859522 1.0816909670829771
leaf_count=32 29 37 44 24 26 28 32 31 176 19 19
internal_value=-0.000669683 0.0343447 -0.012695 -0.0173934 0.00755794 -0.0278202 0.00328041 -0.0185855 -0.0409157 -0.0061527 -0.0280821
internal_weight=33.839 8.17622 25.6628 23.6727 7.05804 16.6147 5.14508 4.75933 11.4696 2.25326 3.04768
internal_count=497 69 428 399 101 298 79 75 219 43 51
is_linear=0
shrinkage=0.05


Tree=15
num_leaves=15
num_cat=0
split_feature=26 10 26 16 10 12 13 13 2 15 24 16 2 12
split_gain=6.09625 7.38701 6.91817 5.89495 5.13837 4.801 3.49089 2.76712 2.71566 2.56648 1.30545 1.68712 0.793327 0.20484
threshold=-0.67689097792996578 -0.064249999999999988 -1.5788965662037384 119.50000000000001 0.10410000000000001 -0.54649999999999987 0.39050000000000007 0.22250000000000003 23.455000000000002 4.5000000000000009 -0.72064439447454853 121.50000000000001 23.555000000000003 -0.073499999999999982
decision_type=2 2 2 2 2 2 8 8 2 2 2 2 2 2
left_child=2 5 -1 -4 6 8 12 9 -2 -3 11 -9 -5 -11
right_child=1 7 3 4 -6 -7 -8 10 -10 13 -12 -13 -14 -15
leaf_value=-0.037932484935974266 0.032579684493786482 0.035974712297351746 -0.020387230409761495 0.070719748632481136 0.11995721243077434 0.082563578465702614 -0.018651530258798746 0.019951361889057571 -0.036119514142456191 -0.03331769829101755 -0.048167625530312355 -0.034877349283795975 0.016088736415137601 -0.0030393201220876476
leaf_weight=2.1482284516096106 1.8704833239316943 2.2728960476815727 2.0159932002425176 2.1545364782214169 2.1386313363909721 1.9275018163025404 1.8542343117296693 1.7747214399278193 1.8871864974498747 1.5264317505061629 8.9200502745807118 1.9548129998147485 1.7953016720712183 0.99805485829710949
leaf_count=31 21 23 27 21 23 23 25 32 23 26 167 41 19 16
internal_value=0.00395516 -0.0110677 0.0313131 0.0483487 0.0661239 0.0345452 0.031573 -0.0269978 -0.00226252 0.00474246 -0.0385009 -0.0100848 0.0541555 -0.0256059
internal_weight=35.2391 23.1321 12.1069 9.9587 7.9427 5.68517 5.80407 17.447 3.75767 4.79738 12.6496 3.72953 3.94984 2.52449
internal_count=518 372 146 115 88 67 65 305 44 65 240 73 40 42
is_linear=0
shrinkage=0.05


Tree=16
num_leaves=12
num_cat=0
split_feature=15 26 16 22 24 12 6 10 9 6 10
split_gain=5.78562 6.63426 5.6788 4.00557 5.17821 3.3037 2.98144 2.95757 2.50825 1.91587 1.68249
threshold=7.5000000000000009 -0.72341810534070217 119.50000000000001 3.5000000000000004 -0.72064439447454853 0.14000000000000004 0.75000000000000011 -0.049249999999999995 0.063500000000000015 1.0500000000000003 0.087550000000000017
decision_type=2 2 2 2 2 2 2 2 2 2 2
left_child=1 2 -1 6 5 -5 -3 9 -9 -2 -4
right_child=7 3 10 4 -6 -7 -8 8 -10 -11 -12
leaf_value=-0.018466835775699488 -0.016785761640866158 0.055318437346276762 0.035951430773082708 0.061002708210575955 -0.045840084189878359 -0.02703911343590561 -0.011112373814102135 -0.047128620798898985 0.0093549888004129684 0.044990019102681578 0.10183045462635872
leaf_weight=1.8004947192966936 1.7162609994411462 3.0060817003250131 3.8381269350647926 1.6306661553680872 6.0353228859603414 1.0399893969297407 2.4315348528325558 7.4868759252130967 2.1758156530559063 1.5296552702784536 2.4875846803188324
leaf_count=22 23 28 39 24 110 20 27 148 32 18 27
internal_value=0.0039142 0.0190659 0.0523069 -0.00222562 -0.0223761 0.0286919 0.0285009 -0.0217168 -0.0347253 0.016066 0.0722223
internal_weight=35.1784 22.2698 8.12621 14.1436 8.70598 2.67066 5.43762 12.9086 9.66269 3.24592 6.32571
internal_count=518 297 88 209 154 44 55 221 180 41 66
is_linear=0
shrinkage=0.05


Tree=17
num_leaves=12
num_cat=0
split_feature=15 26 13 6 11 9 10 9 23 11 23
split_gain=5.33359 5.87437 5.83083 3.68385 3.45494 2.54964 5.9671 2.38864 1.42587 1.31087 0.417447
threshold=7.5000000000000009 -0.72341810534070217 0.28550000000000003 0.75000000000000011 -0.28449999999999992 -0.023499999999999997 0.10410000000000001 0.063500000000000015 6.5000000000000009 0.35150000000000003 1.5000000000000002
decision_type=2 2 8 2 2 2 2 2 2 2 2
left_child=1 5 3 8 -2 6 -1 -6 -3 10 -4
right_child=4 2 9 -5 7 -7 -8 -9 -10 -11 -12
leaf_value=-0.020779872532434865 0.021278259499124902 0.07906818310053576 -0.0057366396932269836 -0.012966467317057046 -0.04701373884076547 0.077267785892697394 0.075399651167012485 0.0078848562149125678 0.013844461885292918 0.0077797530633531842 -0.044671081148835126
leaf_weight=3.242889478802681 2.9485553950071326 1.9601043239235871 1.1455557309091098 2.626721877604723 7.4550519958138448 3.4522982612252235 1.6927329152822492 2.2499467469751835 1.8850276730954645 1.5082614272832868 4.9357673898339272
leaf_count=35 37 20 17 34 151 33 20 33 23 29 86
internal_value=0.00387886 0.0182477 -0.00205729 0.0303761 -0.0210831 0.0488802 0.0193517 -0.0347387 0.0565499 -0.0300308 -0.0391827
internal_weight=35.1029 22.4494 14.0614 6.47185 12.6536 8.38792 4.93562 9.705 3.84513 7.58958 6.08132
internal_count=518 297 209 77 221 88 55 184 43 132 103
is_linear=0
shrinkage=0.05


Tree=18
num_leaves=14
num_cat=0
split_feature=26 10 26 12 24 2 2 13 22 24 3 12 5
split_gain=4.72359 6.55236 5.89025 3.93862 3.2613 3.12109 2.64934 2.43986 1.4948 1.32273 1.26642 1.0853 0.512987
threshold=-0.67689097792996578 -0.064249999999999988 -1.5788965662037384 -0.54649999999999987 -0.32902508920363166 23.415000000000003 23.745000000000001 0.22250000000000003 8.5000000000000018 -0.72064439447454853 0.016500000000000004 -0.22449999999999998 -0.17599999999999996
decision_type=2 2 2 2 2 2 2 8 2 2 2 2 2
left_child=2 3 -1 5 8 -2 12 11 -4 10 -9 -3 -6
right_child=1 7 4 -5 6 -7 -8 9 -10 -11 -12 -13 -14
leaf_value=-0.037363868965929338 0.037209041886305576 -0.019921106007297001 -0.031094989923654389 0.073699299853783651 0.03728329538747549 -0.036713365533448547 0.011498951472798287 -0.032660759271146179 0.024061650220893349 -0.047461587350591604 0.015513157530351982 0.020467648172474519 0.097710590048516024
leaf_weight=2.0940585248172274 1.7183678820729258 1.9132415950298307 1.3347389586269849 2.1111426055431393 2.6929003447294226 2.0104487650096416 2.676153264939785 1.6238056197762518 1.5997818969190118 8.1326917260885185 1.9599736481904981 2.9178868271410492 2.234651405364275
leaf_count=31 18 27 20 23 24 26 27 34 23 167 39 38 21
internal_value=0.00386466 -0.00988392 0.0271683 0.0321512 0.0421184 -0.0019827 0.0576513 -0.0257057 -0.0025527 -0.0372139 -0.00867776 0.00379942 0.0765482
internal_weight=35.0198 22.3876 12.6323 5.83996 10.5382 3.72882 7.60371 16.5476 2.93452 11.7165 3.58378 4.83113 4.92755
internal_count=518 372 146 67 115 44 72 305 43 240 73 65 45
is_linear=0
shrinkage=0.05


Tree=19
num_leaves=13
num_cat=0
split_feature=15 6 22 11 5 26 23 14 9 16 7 8
split_gain=4.84338 5.05416 4.10968 3.18317 3.10042 3.14824 2.94454 2.72448 2.29038 1.8939 0.532546 0.170291
threshold=7.5000000000000009 0.75000000000000011 3.5000000000000004 -0.28449999999999992 -0.084499999999999978 -0.73947028094778544 5.5000000000000009 5.5000000000000009 0.063500000000000015 125.50000000000001 -0.013999999999999997 -1.0000000180025095e-35
decision_type=2 2 2 2 2 2 2 2 2 2 2 2
left_child=1 2 10 -2 -4 9 -7 -3 -5 -6 -1 -9
right_child=3 7 4 8 5 6 -8 11 -10 -11 -12 -13
leaf_value=0.033306050818069012 0.01970973917234943 0.028439729742122822 -0.036489290618315628 -0.046565788370686215 0.0094402573928381341 0.03697701101946161 -0.037456010700251903 -0.010315637756219537 0.0074252355280720527 0.078719637951249796 0.077409741019330153 -0.041938370454382548
leaf_weight=4.432441733777523 3.016945742070674 1.4415528811514375 2.0172111503779906 7.0677070003002864 2.0831036157906078 1.2210955023765513 2.3960088789463043 1.3779072090983389 2.2680085226893425 1.6221294067800043 2.6776523664593759 3.3427041657268992
leaf_count=38 37 21 31 151 25 19 49 23 33 18 22 51
internal_value=0.00379573 0.0173113 0.0312883 -0.0203885 0.00777123 0.0228838 -0.00976185 -0.0191588 -0.0339999 0.0500546 0.0574123 -0.0361247
internal_weight=34.9645 22.6118 16.4496 12.3527 9.33955 7.32234 3.6171 6.16216 9.33572 3.70523 7.11009 4.72061
internal_count=518 297 202 221 142 111 68 95 184 43 60 74
is_linear=0
shrinkage=0.05


Tree=20
num_leaves=13
num_cat=0
split_feature=25 10 7 15 18 0 6 2 13 0 0 26
split_gain=4.91402 3.88921 6.14947 3.09563 3.71757 2.98375 2.21381 4.19751 1.66735 1.64489 2.37919 1.06965
threshold=-1.0092088020436856 -0.066049999999999984 -1.0000000180025095e-35 2.5000000000000004 -0.014999999999999998 57.835000000000008 -0.74999999999999989 23.305000000000003 0.89350000000000007 100.87000000000002 101.51000000000002 0.77133311801681248
decision_type=2 2 2 2 2 2 2 2 10 2 2 2
left_child=6 2 -2 4 11 -5 -1 -8 9 -7 -11 -3
right_child=1 3 -4 5 -6 8 7 -9 -10 10 -12 -13
leaf_value=0.061787528891681702 0.074499671587455712 -0.035306816778850753 -0.033118151029702995 0.026602168003798783 0.059686575781341282 -0.048707281194115208 0.042479684327155154 -0.029656219018614823 0.011732442740418413 0.033180789260909942 -0.034897003543348008 0.012536050923982432
leaf_weight=2.696448802947998 2.1094152964651589 1.8459013663232329 1.5426579751074339 1.4862234592437769 1.6054260954260851 10.79460923373699 3.4274841994047147 2.7680805027484894 1.2988712564110745 1.2947235032916062 1.9479633215814827 1.3036183677613733
leaf_count=19 25 28 22 22 18 224 26 26 22 18 41 20
internal_value=0.000796322 -0.0105514 0.0316939 -0.0187887 0.0145801 -0.0285095 0.0308052 0.0106081 -0.0351518 -0.0399818 -0.00630128 -0.0172554
internal_weight=34.1214 25.2294 3.65207 21.5773 4.75495 16.8224 8.89201 6.19556 15.3362 14.0373 3.24269 3.14952
internal_count=511 440 47 393 66 327 71 52 305 283 59 48
is_linear=0
shrinkage=0.05


Tree=21
num_leaves=12
num_cat=0
split_feature=25 10 7 15 18 1 6 2 13 1 1
split_gain=4.4619 3.57464 5.54635 2.92342 3.41936 2.66235 1.96882 3.84564 1.60456 1.61508 2.35144
threshold=-1.0092088020436856 -0.066049999999999984 -1.0000000180025095e-35 2.5000000000000004 -0.14499999999999996 57.986500000000007 -0.74999999999999989 23.305000000000003 0.89350000000000007 100.90300000000001 101.492
decision_type=2 2 2 2 2 2 2 2 10 2 2
left_child=6 2 -2 4 -3 -5 -1 -8 9 -7 -11
right_child=1 3 -4 5 -6 8 7 -9 -10 10 -12
leaf_value=0.057957024220325684 0.069095970591244671 -0.023770136895761504 -0.032668396888025704 0.02310584268515567 0.047922656169743623 -0.048364042196747718 0.039986030128280954 -0.029029745561995869 0.01133939564308834 0.0331309810712953 -0.034685187890534236
leaf_weight=2.7944127768278122 2.2354946844279771 2.3993463814258575 1.5005399212241197 1.5968323312699819 2.3847352750599411 10.260686831548808 3.5191039592027646 2.7095053605735302 1.3110457845032204 1.2907720245420926 1.925137100741267
leaf_count=19 25 37 22 24 29 222 26 26 22 17 42
internal_value=0.000922869 -0.0100636 0.0299557 -0.0181593 0.0140736 -0.0278391 0.0292255 0.0101008 -0.0344554 -0.039386 -0.00606356
internal_weight=33.9276 24.9046 3.73603 21.1686 4.78408 16.3845 9.02302 6.22861 14.7876 13.4766 3.21591
internal_count=511 440 47 393 66 327 71 52 303 281 59
is_linear=0
shrinkage=0.05


Tree=22
num_leaves=13
num_cat=0
split_feature=22 15 22 26 24 10 20 16 16 25 15 10
split_gain=4.982 4.13817 3.00858 3.09838 5.21875 3.04073 3.30272 1.64971 2.29424 0.67701 0.615135 0.491754
threshold=3.5000000000000004 7.5000000000000009 5.5000000000000009 -1.0001422493575618 -0.32902508920363166 -0.042299999999999997 1.0000000180025095e-35 121.50000000000001 129.50000000000003 -1.1692230697726143 11.500000000000002 -0.017849999999999994
decision_type=2 2 2 2 2 2 2 2 2 2 2 2
left_child=1 7 -2 4 -4 -5 10 -1 -9 -3 11 -7
right_child=2 9 3 5 -6 6 -8 8 -10 -11 -12 -13
leaf_value=0.0062764771727298095 -0.044531450795484068 0.0046479424425825725 -0.018928617822035188 0.026762634390620706 0.08296852300976966 -0.0051395070484999746 0.030728034553192965 0.073557662029127224 0.010600147788037882 -0.034655971089081881 0.0007240724842977308 -0.045933163403697005
leaf_weight=2.9215813018381578 4.8214622773230102 1.4740372002124789 1.9390980340540411 2.6946658529341248 1.4893231391906763 1.1172287259250877 1.3840357679873712 3.8695402592420578 2.6082029156386852 1.7450376227498043 0.92363067902624596 6.7649088539183069
leaf_count=26 89 12 31 37 13 22 23 32 23 29 22 152
internal_value=0.00100898 0.0247768 -0.01366 -0.00249048 0.0340759 -0.0139739 -0.0261755 0.0404885 0.0530159 -0.0198225 -0.0373408 -0.0413806
internal_weight=33.7528 12.6184 21.1344 16.3129 3.42842 12.8845 10.1898 9.39932 6.47774 3.21907 8.80577 7.88214
internal_count=511 122 389 300 44 256 219 81 55 41 196 174
is_linear=0
shrinkage=0.05


Tree=23
num_leaves=12
num_cat=0
split_feature=22 15 22 3 26 24 11 12 16 16 25
split_gain=4.5235 3.75772 2.91396 2.90919 3.35447 5.88283 2.68806 1.98134 1.44369 1.9611 0.651756
threshold=3.5000000000000004 7.5000000000000009 5.5000000000000009 0.015500000000000002 -1.0001422493575618 -0.72064439447454853 -0.24899999999999997 0.14000000000000004 121.50000000000001 129.50000000000003 -1.1692230697726143
decision_type=2 2 2 2 2 2 2 2 2 2 2
left_child=1 8 -2 -4 -5 7 -7 -6 -1 -10 -3
right_child=2 10 3 4 5 6 -8 -9 9 -11 -12
leaf_value=0.0060231062785006742 -0.044101622064172188 0.0045008713013952586 -0.039789663905764494 0.04905803679112896 0.066232889091168742 0.016992735659648268 -0.044794901800726511 -0.0059662644129654628 0.068086679663504887 0.010166366421267906 -0.034193838000153923
leaf_weight=2.9340016618370992 4.6393980942666557 1.4786501899361613 2.9946752991527346 2.7655852809548405 1.9154404085129511 1.8073101080954082 5.507993347942822 1.1822444815188644 4.0470166727900505 2.625727690756321 1.6949792951345433
leaf_count=26 89 12 62 33 30 26 124 25 32 23 29
internal_value=0.001056 0.0234532 -0.0131421 -0.00221026 0.00853325 -0.00558511 -0.029322 0.0439463 0.0381069 0.0495905 -0.0194065
internal_weight=33.593 12.7804 20.8126 16.1732 13.1786 10.413 7.3153 3.09768 9.60675 6.67274 3.17363
internal_count=511 122 389 300 238 205 150 55 81 55 41
is_linear=0
shrinkage=0.05


Tree=24
num_leaves=13
num_cat=0
split_feature=22 16 15 22 3 26 3 16 26 2 1 3
split_gain=4.12122 3.4422 4.04403 2.81031 2.77738 3.00449 5.07438 1.97886 1.77577 1.46805 0.515134 0.508827
threshold=3.5000000000000004 119.50000000000001 7.5000000000000009 5.5000000000000009 0.015500000000000002 -1.0001422493575618 0.019500000000000003 129.50000000000003 1.0770060508093089 23.165000000000003 70.33550000000001 0.070500000000000021
decision_type=2 2 2 2 2 2 2 2 2 2 2 2
left_child=1 -1 7 -2 -5 -6 -7 10 9 -8 -3 -11
right_child=3 2 -4 4 5 6 8 -9 -10 11 -12 -13
leaf_value=-0.025764492312003992 -0.043673834719680393 0.084725808171808373 -0.014996265163188284 -0.039347335452714849 0.046053695447640361 0.066197004842374493 0.01138593735490611 0.0097517507625958112 0.018021780094689459 -0.044343215549052239 0.032223422919682929 -0.0026068023726689774
leaf_weight=2.2748485319316378 4.4648250658065107 2.4014211595058423 2.7104091215878725 2.8908043578267124 2.8613927513361004 1.0923534743487788 1.3392160180956105 2.6425757333636284 1.8177588470280168 5.0916893240064383 2.902163915336132 0.97753435745835293
leaf_count=23 89 16 35 62 33 17 26 23 35 111 25 16
internal_value=0.00104868 0.0222112 0.0337842 -0.0126901 -0.00202796 0.00835504 -0.00524426 0.0502395 -0.0193488 -0.029571 0.0656657 -0.0389406
internal_weight=33.467 12.9314 10.6566 20.5356 16.0707 13.1799 10.3186 7.94616 9.2262 7.40844 5.30359 6.06922
internal_count=511 122 99 389 300 238 205 64 188 153 41 127
is_linear=0
shrinkage=0.05


Tree=25
num_leaves=15
num_cat=0
split_feature=2 6 26 23 16 13 15 13 15 13 18 13 25 3
split_gain=3.35062 3.53256 2.60536 3.77949 3.04058 3.22923 2.88401 3.99644 2.65518 2.56915 1.82614 0.855725 0.350632 0.248137
threshold=23.875000000000004 1.2500000000000002 1.0770060508093089 4.5000000000000009 122.50000000000001 0.32300000000000006 7.5000000000000009 0.19550000000000003 10.500000000000002 0.55100000000000016 -0.084999999999999978 0.33950000000000008 0.96628385998454869 0.13900000000000004
decision_type=2 2 2 2 2 10 2 10 2 10 2 10 2 2
left_child=1 2 3 13 5 -5 7 -6 -8 -2 -7 -9 -3 -1
right_child=9 12 -4 4 6 10 8 11 -10 -11 -12 -13 -14 -15
leaf_value=-0.037565490533068929 -0.04441265377663639 -0.038543207065397586 0.062602691569254396 -0.041229485498646246 -0.0038088896415919881 -0.012158404462334668 -0.035941872135128138 0.084155257412113452 0.032034209093493686 0.016570027608569196 0.05302024660239997 0.028385835862426441 -0.0024430687288614569 -0.0044403562217784848
leaf_weight=2.3836644012481076 4.5339746177196494 2.3749374244362111 1.9777731765061606 2.6901447661221054 2.5467182472348195 1.4370660930871966 1.8935129791498178 3.4739334750920534 1.857822250574827 1.8839221708476541 1.3249750081449745 2.5658257585018873 1.0182273928076027 1.0351813323795793
leaf_count=50 80 42 27 41 24 27 35 33 27 36 20 36 19 13
internal_value=0.00325108 0.0111865 0.0183379 0.0115772 0.0209293 -0.00906714 0.033871 0.0484239 -0.00262036 -0.0266911 0.0248907 0.0678608 -0.0307322 -0.0308103
internal_weight=32.9977 26.5798 23.1866 21.2088 17.79 5.45219 12.3378 8.58648 3.75134 6.4179 2.76204 6.03976 3.39316 3.41885
internal_count=510 394 333 306 243 88 155 93 62 116 47 69 61 63
is_linear=0
shrinkage=0.05


Tree=26
num_leaves=14
num_cat=0
split_feature=3 3 2 6 10 10 21 18 12 23 2 5 10
split_gain=3.15015 7.23181 4.28514 3.55933 3.06247 3.7093 3.14227 4.83258 2.87901 1.89319 1.42896 0.520357 0.450951
threshold=0.015500000000000002 0.019500000000000003 23.875000000000004 1.2500000000000002 -0.028799999999999996 0.072150000000000006 7.5000000000000009 -0.024999999999999998 -0.61449999999999994 10.500000000000002 23.085000000000004 -0.47249999999999992 0.15225000000000002
decision_type=2 2 2 2 2 2 2 2 2 2 2 2 2
left_child=-1 -2 3 4 8 6 10 -8 -3 -7 -6 -12 -4
right_child=1 2 12 -5 5 9 7 -9 -10 -11 11 -13 -14
leaf_value=-0.039317899752909509 0.091693613892365133 -0.0056943991389038304 -0.043185298112263064 -0.038276155536483086 0.0049043573948616926 0.0033983627958671259 -0.030049118371119322 0.075145397678152884 0.060265214955937341 0.065936548934443173 -0.0025303120883487544 -0.045825041370465926 -0.0034036446012357421
leaf_weight=2.9019929319620124 1.4031074289232517 2.0802919026464224 3.9106229357421389 2.3498034644871941 2.1519473530352098 2.3226729594171038 1.3270412255078556 1.2603687942028043 4.8605740424245694 1.8181545697152612 0.93104343116284116 4.5924615468829799 1.0455238483846185
leaf_count=65 20 28 70 43 27 37 31 17 50 17 10 76 19
internal_value=0.00314153 0.00837553 0.00134031 0.0104789 0.0173191 0.00333291 -0.0129427 0.027856 0.0422685 0.0383423 -0.0283216 -0.0400338 -0.0367736
internal_weight=32.9556 30.0536 28.6505 23.6944 21.3446 14.4037 10.2629 2.58741 6.94087 4.14083 7.67545 5.5235 4.95615
internal_count=510 445 425 336 293 215 161 48 78 54 113 86 89
is_linear=0
shrinkage=0.05


Tree=27
num_leaves=15
num_cat=0
split_feature=3 3 2 6 0 26 26 5 13 1 0 10 12 10
split_gain=2.9903 6.49071 4.03595 3.34495 3.2349 2.63648 3.62187 2.35548 2.32997 1.64706 3.6359 4.2489 0.49905 0.440184
threshold=0.015500000000000002 0.019500000000000003 23.875000000000004 1.2500000000000002 57.415000000000006 1.0770060508093089 0.04285311474691389 -0.21749999999999997 0.17300000000000001 69.028500000000022 83.000000000000014 0.10410000000000001 0.10450000000000001 0.15225000000000002
decision_type=2 2 2 2 2 2 2 2 10 2 2 2 2 2
left_child=-1 -2 3 4 -3 6 8 -8 -6 -10 11 -11 -9 -4
right_child=1 2 13 -5 5 -7 7 12 9 10 -12 -13 -14 -15
leaf_value=-0.038880605144420405 0.085303805637173102 -0.035997841297348045 -0.042723138444802272 -0.037794621771942566 -0.0071725014136466668 0.068390547252692543 0.021405800391152592 -0.041429914630638033 0.076149358071797763 -0.031586087468744854 0.065198562497050028 0.052552501846488631 -0.00019020248193548121 -0.0033216442518482444
leaf_weight=2.8016961719840756 1.5049897562712455 1.7390608936548329 3.7696771398186675 2.2753878515213719 2.8432422559708419 1.8279507514089335 2.2078198455274105 3.1808577403426161 1.8950095251202563 3.3889569509774446 2.2062433622777462 1.2829017788171766 0.90092306584119786 1.0425309762358663
leaf_count=65 20 22 70 43 30 23 27 62 17 54 25 13 20 19
internal_value=0.00309117 0.00812803 0.00131312 0.0100765 0.0166052 0.0227535 0.0147236 -0.0143915 0.030379 0.0420376 0.0241663 -0.00328954 -0.0341562 -0.0362272
internal_weight=32.8672 30.0656 28.5606 23.7484 21.473 19.7339 17.906 6.2896 11.6164 8.77311 6.8781 4.67186 4.08178 4.81221
internal_count=510 445 425 336 293 271 248 109 139 109 92 67 82 89
is_linear=0
shrinkage=0.05


Tree=28
num_leaves=13
num_cat=0
split_feature=3 3 2 6 10 26 2 2 26 12 11 11
split_gain=2.84828 5.81945 3.81943 3.16041 2.66788 2.86072 6.48572 5.20396 2.80022 2.72497 0.63515 0.50377
threshold=0.015500000000000002 0.019500000000000003 23.875000000000004 1.2500000000000002 -0.049249999999999995 -0.8497699501424939 23.165000000000003 23.415000000000003 0.061207712543567987 -0.61449999999999994 0.25050000000000006 0.46050000000000008
decision_type=2 2 2 2 2 2 2 2 2 2 2 2
left_child=-1 -2 3 4 9 7 8 -6 -7 -3 -8 -4
right_child=1 2 11 -5 5 6 10 -9 -10 -11 -12 -13
leaf_value=-0.038445120293386967 0.079508601233664017 -0.0037463597601183254 -0.042519721820107423 -0.037318139812137309 -0.02448928037784049 0.068696310293022339 -0.046097875161252154 0.059425899507713036 -0.0058762276571414727 0.065500976723083498 -0.0016458927677341036 -0.0015296234379845316
leaf_weight=2.7055318746715775 1.6041964963078523 1.9478587284684179 3.6906728744506827 2.2038066480308762 2.2625857554376241 1.7063763327896491 5.2670024391263723 3.879933450371027 2.0837980955839157 3.3891040869057276 1.0088066048920152 0.98332539200782765
leaf_count=65 20 24 68 43 27 19 100 33 35 30 25 21
internal_value=0.00310362 0.00796566 0.0013628 0.00980142 0.0160626 0.00497959 -0.0112421 0.0294148 0.0350294 0.0436245 -0.0401607 -0.0356856
internal_weight=32.733 30.0275 28.4233 23.7493 21.5455 16.2085 10.066 6.14252 3.79017 5.33696 6.27581 4.674
internal_count=510 445 425 336 293 239 179 60 54 54 125 89
is_linear=0
shrinkage=0.05


Tree=29
num_leaves=14
num_cat=0
split_feature=3 3 2 6 0 3 3 3 13 0 11 13 11
split_gain=2.70305 5.23634 3.59617 2.97507 2.96639 2.51711 3.058 2.73225 2.04959 2.94926 2.79207 0.911157 0.490958
threshold=0.015500000000000002 0.019500000000000003 23.875000000000004 1.2500000000000002 57.415000000000006 0.16750000000000004 0.12150000000000001 0.030500000000000003 0.21800000000000003 83.000000000000014 0.059500000000000004 0.41700000000000004 0.46050000000000008
decision_type=2 2 2 2 2 2 2 2 10 2 2 10 2
left_child=-1 -2 3 4 -3 6 7 -6 -9 10 -10 -12 -4
right_child=1 2 12 -5 5 -7 -8 8 9 -11 11 -13 -14
leaf_value=-0.038011442828763703 0.074243399269175392 -0.035417632831227987 -0.042059563655604169 -0.036846613408923534 -0.030696483991625997 0.046574094645199987 -0.030273065535184714 -0.0085544004646321871 -0.032164739704492913 0.071757518373106288 0.0041094548011482357 0.056585952239913855 -0.0014927038539973496
leaf_weight=2.6133320555090895 1.7004227116704012 1.6888724565506077 3.5587891321629277 2.1349562350660554 1.3985473979264522 5.7269738987088195 2.9628300368785849 2.3112858794629556 1.5553470216691492 3.1590130086988211 1.587807532399893 1.2233728710561989 0.98203075677156437
leaf_count=65 20 22 68 43 33 39 42 38 38 37 26 18 21
internal_value=0.00302862 0.00771599 0.00131895 0.0094279 0.015426 0.0212221 0.0086046 0.0204932 0.0299321 0.0413692 0.0101097 0.0358015 -0.0351391
internal_weight=32.6036 29.9902 28.2898 23.749 21.6141 19.9252 14.1982 11.2354 9.83683 7.52554 4.36653 2.81118 4.54082
internal_count=510 445 425 336 293 271 232 190 157 119 82 44 89
is_linear=0
shrinkage=0.05


Tree=30
num_leaves=15
num_cat=0
split_feature=2 2 26 3 9 9 23 26 12 0 18 5 3 12
split_gain=3.30328 5.18321 3.80126 2.76253 2.45355 2.66554 2.14981 2.07912 2.99385 3.29062 1.63839 1.17684 0.473365 0.436572
threshold=23.165000000000003 22.950000000000006 -0.67689097792996578 0.051500000000000011 -0.031499999999999993 -0.15599999999999997 4.5000000000000009 0.43901651612621045 -0.47849999999999993 99.435000000000016 -0.064999999999999988 -0.13599999999999998 0.19550000000000003 0.13450000000000004
decision_type=2 2 2 2 2 2 2 2 2 2 2 2 2 2
left_child=1 10 3 -2 5 -5 -3 12 -9 13 -1 -6 -4 -10
right_child=2 6 7 4 11 -7 -8 8 9 -11 -12 -13 -14 -15
leaf_value=-0.02985054454924543 -0.024009466182138447 0.011739073786639465 -0.045324099502474978 0.033046458868375962 0.01464462240937503 -0.035949011961576002 0.082292800049440673 -0.037938850933945618 -0.0299781770190309 0.056449144353869475 0.022490308946083653 0.069079324766590025 -0.0034436457508344159 0.0072386278965599384
leaf_weight=2.7969626747071743 2.4806194119155416 2.0431325547397137 5.5747381877154112 1.7465269863605501 2.3662397600710383 1.8599225245416153 2.7981153037399054 2.3760281819850206 1.3218959365040066 2.0712736714631319 1.5584454499185065 2.3989685326814651 0.94488108903169621 0.70321789383888234
leaf_count=42 46 31 131 16 22 24 30 42 34 26 21 21 8 16
internal_value=0.00482591 0.0286839 -0.00516018 0.0159024 0.0290287 -0.00261555 0.0596244 -0.0226329 -0.00160445 0.0227796 -0.0104196 0.0492776 -0.0405195 -0.0189339
internal_weight=33.041 9.19666 23.8443 10.8523 8.37166 3.60645 4.84125 12.992 6.47242 4.09639 4.35541 4.76521 6.51962 2.02511
internal_count=510 124 386 129 83 40 61 257 118 76 63 43 139 50
is_linear=0
shrinkage=0.05


Tree=31
num_leaves=15
num_cat=0
split_feature=2 2 26 3 13 9 26 6 25 23 1 1 16 13
split_gain=3.02666 4.69038 3.55591 2.55636 2.43327 2.78077 1.99513 3.19268 2.09416 1.69457 1.09965 0.740298 0.572182 0.226715
threshold=23.165000000000003 22.880000000000006 -0.67689097792996578 0.051500000000000011 0.41700000000000004 -0.031499999999999993 0.43901651612621045 0.65000000000000002 0.44866061890724424 4.5000000000000009 70.077000000000012 82.434500000000014 134.50000000000003 0.62800000000000011
decision_type=2 2 2 2 10 2 2 2 2 2 2 2 2 10
left_child=1 10 3 13 5 -5 12 -8 -9 11 -1 -3 -4 -2
right_child=2 9 6 4 -6 -7 7 8 -10 -11 -12 -13 -14 -15
leaf_value=-0.037217007684934238 -0.031580667161560744 -0.010445393251249015 -0.045242842283796658 -0.027311259001578787 0.063018424603046089 0.031874530932062044 0.047343722085502138 -0.041049529768867533 0.016476235436862902 0.068781552119305478 0.012391255119430494 0.030562994997018835 -0.0011455994795243893 -0.0014202949240862829
leaf_weight=1.8463015090674146 1.4644568040966999 1.3515547495335343 5.4093531873077154 2.4488428179174653 2.2464751340448856 3.7642857879400244 1.4037704579532144 3.199876606464386 1.8397732786834238 3.5514846406877041 1.1984745878726242 1.3577527813613413 0.89067234657704819 0.9653097167611121
leaf_count=30 29 23 125 28 19 36 21 61 36 37 17 17 14 17
internal_value=0.00470107 0.0273509 -0.00496572 0.015277 0.0277237 0.00799475 -0.0221163 -0.00158674 -0.0207983 0.0496578 -0.0194545 0.0128048 -0.0400195 -0.0235061
internal_weight=32.9384 9.30557 23.6328 10.8894 8.4596 6.21313 12.7434 6.44342 5.03965 6.26079 3.04478 2.70931 6.30003 2.42977
internal_count=510 124 386 129 83 64 257 118 97 77 47 40 139 46
is_linear=0
shrinkage=0.05


Tree=32
num_leaves=14
num_cat=0
split_feature=3 3 24 2 1 2 5 3 3 26 18 16 10
split_gain=2.93436 4.14807 2.6585 2.17947 3.33099 2.55143 2.34367 1.68764 3.43511 1.33114 1.47949 1.06399 0.53664
threshold=0.015500000000000002 0.019500000000000003 1.6857699612764641 23.165000000000003 57.654000000000003 22.880000000000006 -0.06649999999999999 0.10350000000000002 0.083500000000000019 1.0770060508093089 0.030000000000000002 127.50000000000001 0.16625000000000004
decision_type=2 2 2 2 2 2 2 2 2 2 2 2 2
left_child=-1 -2 3 5 -5 -3 -7 8 9 10 12 -4 -6
right_child=1 2 11 4 7 6 -8 -9 -10 -11 -12 -13 -14
leaf_value=-0.038115838843776555 0.067031179968759957 -0.020786888166339623 0.0052293585690346691 0.041461551279235731 -0.044668789186599112 -0.0047604610132275221 0.063757855213756917 -0.044867273743100483 0.036886443505115316 0.016223913132775703 0.014574562189296559 0.047465063351778525 -0.0025014203157929446
leaf_weight=2.6399254426360121 1.8404303640127206 2.0077019073069158 2.8102028071880332 1.4688226692378545 5.3252840247005206 1.7964568845927713 2.3045123033225536 4.3222841974347821 2.1639220658689728 1.1593026574701069 1.0023270230740307 3.0231082513928413 0.99668212048709381
leaf_count=67 21 37 22 15 123 24 30 70 26 23 15 19 18
internal_value=0.00455819 0.00938737 0.00349503 -0.00459483 -0.0139375 0.0189706 0.0386939 -0.0216291 -0.00915355 -0.0235482 -0.0310362 0.0308609 -0.0392705
internal_weight=32.861 30.221 28.3806 22.5473 16.4386 6.10867 4.10097 14.9698 10.6475 8.4836 7.32429 5.83331 6.32197
internal_count=510 443 422 381 290 91 54 275 205 179 156 41 141
is_linear=0
shrinkage=0.05


Tree=33
num_leaves=15
num_cat=0
split_feature=3 3 26 2 9 26 7 2 16 9 15 6 11 3
split_gain=2.79202 3.721 2.67899 2.94192 2.68042 4.63281 2.86287 2.45673 1.47009 1.40335 0.789346 0.791314 0.681217 0.545277
threshold=0.015500000000000002 0.019500000000000003 -0.46041196845974225 23.185000000000006 -0.040499999999999987 -1.2208207792309047 -0.097499999999999989 23.115000000000006 123.50000000000001 -0.06699999999999999 3.5000000000000004 0.55000000000000016 0.078500000000000014 0.16750000000000004
decision_type=2 2 2 2 2 2 2 2 2 2 2 2 2 2
left_child=-1 -2 4 7 6 -6 -3 8 -4 -5 11 -11 -7 -10
right_child=1 2 3 9 5 12 -8 -9 13 10 -12 -13 -14 -15
leaf_value=-0.037684346232136214 0.062867305472396329 0.028809590626094669 0.021171771203502266 0.013627098882514175 -0.015737080595017824 0.07531065337269098 -0.039086662679389872 0.051506001006688978 -0.035588433965347228 0.01664318791572518 -0.044980560584112914 -0.027247498877512655 0.024791762846114951 0.0010831868910197279
leaf_weight=2.5503717213869086 1.9281164482235933 1.8637637756764887 2.2076293248683188 1.1828381381928927 2.5443941876292229 2.8457919359207189 2.4795645382255316 1.736728763207793 1.9946829713881018 1.1231886241584992 5.2343686558306217 1.0520939268171785 2.5557229351252317 1.4454505331814287
leaf_count=67 21 18 28 15 32 22 38 20 42 19 124 22 32 10
internal_value=0.00451853 0.00917698 0.00349164 -0.00979653 0.0202045 0.0359945 -0.0100126 0.0125162 -0.00541776 -0.0282781 -0.0357926 -0.00648062 0.0590144 -0.0234063
internal_weight=32.7447 30.1943 28.2662 15.977 12.2892 7.94591 4.34333 7.38449 5.64776 8.59249 7.40965 2.17528 5.40151 3.44013
internal_count=510 443 422 280 142 86 56 100 80 180 165 41 54 52
is_linear=0
shrinkage=0.05


Tree=34
num_leaves=14
num_cat=0
split_feature=16 26 26 10 24 13 12 2 16 15 12 15 11
split_gain=2.69599 3.18568 3.48976 2.98641 1.90711 3.0255 2.13762 1.78764 2.63259 1.58559 1.52063 0.728439 0.371832
threshold=116.50000000000001 -0.46041196845974225 -1.4955770610124619 -0.064249999999999988 -0.7564095225042281 0.12650000000000003 0.13450000000000004 23.785000000000004 127.50000000000001 3.5000000000000004 -0.61449999999999994 1.5000000000000002 0.35150000000000003
decision_type=2 2 2 2 2 8 2 2 2 2 2 2 2
left_child=12 2 -2 10 6 -6 -5 9 -9 -4 -3 -7 -1
right_child=1 3 7 4 5 11 -8 8 -10 -11 -12 -13 -14
leaf_value=-0.039300007330093062 -0.023032570265859496 -0.003670851586212573 0.007497402737122176 0.04291027800748623 0.026755627476470301 0.0012071482942658338 -0.026799639302056089 -0.03246257180100913 0.039998234396112303 0.064736122824404829 0.043082916411820923 -0.046321383696542852 -0.0023300181886002492
leaf_weight=2.5418268777430053 2.0503099374473086 2.8899816684424877 1.8642926253378407 1.5210975613445072 1.2951313257217343 0.84734356403350908 1.0635024216026066 1.4816511757671835 1.5504763238131998 5.14180470071733 2.8795040957629707 6.4926007334142923 1.0054705142974851
leaf_count=46 28 37 16 27 13 12 31 26 16 51 26 162 19
internal_value=0.00442269 0.00972745 0.0282895 -0.00431867 -0.0188671 -0.0294165 0.014752 0.0399091 0.00532071 0.052344 0.0225809 -0.0413477 -0.0316378
internal_weight=32.625 29.0777 12.0885 16.9892 11.2197 8.63508 2.5846 10.0382 3.03213 7.0061 5.76949 7.33994 3.5473
internal_count=510 445 137 308 245 187 58 109 42 67 63 174 65
is_linear=0
shrinkage=0.05


Tree=35
num_leaves=12
num_cat=0
split_feature=15 26 11 12 11 10 7 24 8 16 0
split_gain=2.71688 2.83376 2.66602 2.33259 2.01449 1.87695 3.4446 1.80391 1.37778 0.826435 0.632427
threshold=7.5000000000000009 -0.72341810534070217 -0.10749999999999998 -0.53799999999999992 -0.28449999999999992 0.10410000000000001 -0.021499999999999995 -0.72064439447454853 0.025000000000000005 117.50000000000001 70.265000000000015
decision_type=2 2 2 2 2 2 2 2 2 2 2
left_child=1 5 3 -3 -2 6 -1 -4 9 -6 -5
right_child=4 2 7 10 8 -7 -8 -9 -10 -11 -12
leaf_value=-0.026565073455927252 0.013363567529325835 -0.01539731986860203 0.0094611978047741147 0.0079151412350886869 0.004251655904249022 0.062512130565181942 0.042071254759863112 -0.042195885879025757 0.010787693868634889 -0.044757096810032482 0.049296917187587073
leaf_weight=2.3748830147087574 3.2146678455173969 2.7840519286692142 2.1399764250963909 1.8388352673500756 0.80392512865364363 2.6495740972459316 3.13834423199296 3.7552072722464835 1.2808214183896778 5.4276102222502232 2.6291289255023003
leaf_count=28 39 36 38 19 21 28 24 90 19 143 27
internal_value=0.00259341 0.0127639 -0.0019673 0.0173425 -0.0169765 0.0341155 0.0129661 -0.0247915 -0.0300042 -0.0387209 0.0368281
internal_weight=32.037 21.31 13.1472 7.25202 10.727 8.1628 5.51323 5.89518 7.51236 6.23154 4.46796
internal_count=512 290 210 82 222 80 52 128 183 164 46
is_linear=0
shrinkage=0.05


Tree=36
num_leaves=15
num_cat=0
split_feature=11 10 13 11 21 10 11 21 26 13 22 12 12 24
split_gain=2.63507 3.76902 2.3783 2.33337 2.32576 2.27551 2.68 1.79532 1.4872 1.3449 1.59753 2.21486 0.825126 0.345939
threshold=0.48650000000000004 0.10975000000000001 0.39950000000000008 0.11200000000000002 7.5000000000000009 0.021100000000000004 -0.022999999999999996 8.5000000000000018 1.1802096517260428 0.33400000000000007 3.5000000000000004 -0.20199999999999999 -0.12149999999999998 -0.87291181734141243
decision_type=2 2 8 2 2 2 2 2 2 10 2 2 2 2
left_child=1 2 3 5 -4 6 8 -6 9 10 11 -1 -12 -9
right_child=-2 -3 4 -5 7 -7 -8 13 -10 -11 12 -13 -14 -15
leaf_value=0.043786706941024663 -0.038198932627147332 0.052407673998112116 -0.043789500731209074 -0.027896619091248909 0.045964855457305304 0.060489682995499928 -0.035544050483606204 0.0057370999638877941 -0.018194735842008744 0.05249985787096878 -0.032499926846487559 -0.009557189755266364 0.011878521783373843 -0.027892867475995183
leaf_weight=4.1367319691926321 2.5654643252491942 3.011998636648058 4.0059916321188203 2.6415710356086484 0.9131695888936523 1.5361335240304459 1.9622316192835612 0.74499242007732402 1.8131265677511699 2.1413430348038665 1.5979023873806002 2.6440459378063688 1.0738761257380245 1.1220907792448993
leaf_count=33 60 40 73 55 12 19 43 18 32 26 37 23 13 28
internal_value=0.00255773 0.00726222 0.000370027 0.00927462 -0.0231757 0.0163165 0.00847582 0.0102529 0.0169384 0.0234413 0.0124655 0.0244312 -0.0162856 -0.0171533
internal_weight=31.9107 29.3452 26.3332 19.547 6.78624 16.9054 15.3693 2.78025 13.407 11.5939 9.45256 6.78078 2.67178 1.86708
internal_count=512 452 412 281 131 226 207 58 164 132 106 56 50 46
is_linear=0
shrinkage=0.05


Tree=37
num_leaves=15
num_cat=0
split_feature=11 10 13 2 2 0 22 6 10 21 3 3 5 7
split_gain=2.49903 3.38303 2.20828 2.68657 6.64813 2.25962 2.2442 1.80968 2.31494 1.63872 1.37474 1.56174 0.337549 0.221052
threshold=0.48650000000000004 0.10975000000000001 0.39950000000000008 23.185000000000006 22.950000000000006 70.265000000000015 7.5000000000000009 0.75000000000000011 -0.037749999999999999 8.5000000000000018 0.099500000000000019 0.059500000000000004 0.59650000000000014 -0.036499999999999998
decision_type=2 2 8 2 2 2 2 2 2 2 2 2 2 2
left_child=1 2 3 4 5 -1 -4 8 -5 -8 11 -10 -11 -3
right_child=-2 13 6 7 -6 -7 9 -9 10 12 -12 -13 -14 -15
leaf_value=-0.041524144659092474 -0.037753302291775148 0.06209971953604701 -0.043324682752670332 0.041648227540471573 0.061944615647356177 0.022162541512731837 0.043519904766324301 -0.038142793985716544 -0.01831568466949066 -0.027375170802825234 -0.031771412552277667 0.036073571671027753 0.0058648459724136301 0.01789930508221697
leaf_weight=2.5094832684844857 2.4799369387328616 1.5044752694666388 3.8627278208732596 1.9238197095692227 4.8923979010432959 1.4990018606185911 0.95322070643305812 2.4804880395531645 1.7916633468121204 1.0877447612583635 2.8848658129572868 1.5983558278530834 0.73784710094332684 1.609409550204872
leaf_count=39 60 14 73 17 50 20 13 54 38 28 38 25 17 26
internal_value=0.00247049 0.00700332 0.000375267 0.0088847 0.0277408 -0.0180382 -0.0225913 -0.00786104 0.00445117 0.0100677 -0.0111104 0.009704 -0.0166196 0.0491588
internal_weight=31.8154 29.3355 26.2216 19.5801 8.90088 4.00849 6.64154 10.6792 8.1987 2.77881 6.27488 3.39002 1.82559 3.11388
internal_count=512 452 412 281 109 59 131 172 118 58 101 63 45 40
is_linear=0
shrinkage=0.05


Tree=38
num_leaves=14
num_cat=0
split_feature=15 6 16 16 10 2 1 11 8 10 6 0 16
split_gain=2.38359 2.87835 2.04704 1.97468 1.95256 2.95053 2.42381 1.83272 2.27618 1.31909 1.11516 0.692784 0.658458
threshold=7.5000000000000009 0.95000000000000007 119.50000000000001 131.50000000000003 0.10410000000000001 23.165000000000003 83.081000000000003 -0.28449999999999992 0.045000000000000005 -0.085999999999999979 -0.14999999999999999 82.495000000000019 117.50000000000001
decision_type=2 2 2 2 2 2 2 2 2 2 2 2 2
left_child=1 2 11 4 5 -4 -7 -2 12 -3 -5 -1 -9
right_child=7 9 3 10 -6 6 -8 8 -10 -11 -12 -13 -14
leaf_value=-0.024081321869685007 0.012489072122387854 0.013313027280269677 0.056433735670168121 -0.023431466170870035 0.07358531529055512 -0.037263598940367987 0.022414386764103532 -4.1242575349121348e-05 0.028036280596899416 -0.038874093683773828 0.020065959059138199 0.01308322097331541 -0.044676561931313537
leaf_weight=2.3037679232657058 3.2265179511159658 1.2038454785943034 2.6475600171834213 1.8897830229252579 2.2884905580431223 1.8695797612890599 3.1862985044717789 0.94977503642439653 0.78247628547251213 2.6543372794985762 2.0106007736176243 1.2202333752065895 5.4494436830282211
leaf_count=35 39 14 24 21 23 33 36 24 9 57 24 23 150
internal_value=0.00240925 0.0118611 0.0204666 0.0287015 0.0395502 0.0221462 -0.00216278 -0.0162567 -0.0291193 -0.0232019 -0.00148994 -0.0111652 -0.0389527
internal_weight=31.6827 21.2745 17.4163 13.8923 9.99193 7.70344 5.05588 10.4082 7.1817 3.85818 3.90038 3.524 6.39922
internal_count=512 290 219 161 116 93 69 222 183 71 45 58 174
is_linear=0
shrinkage=0.05


Tree=39
num_leaves=15
num_cat=0
split_feature=11 10 11 10 11 13 12 1 16 25 24 15 5 5
split_gain=2.33213 3.01695 3.96926 3.26295 2.43927 1.91029 1.72821 2.36729 2.33651 2.02994 1.3086 0.762424 0.1871 0.180399
threshold=0.48650000000000004 0.072150000000000006 0.078500000000000014 0.021100000000000004 -0.022999999999999996 0.39950000000000008 -0.54649999999999987 82.986000000000004 132.50000000000003 -1.1692230697726143 0.2610688046702701 3.5000000000000004 0.10700000000000001 -1.0000000180025095e-35
decision_type=2 2 2 2 2 10 2 2 2 2 2 2 2 2
left_child=1 2 3 4 6 -3 8 9 13 -8 -9 -11 -7 -1
right_child=-2 5 -4 -5 -6 12 7 10 -10 11 -12 -13 -14 -15
leaf_value=-0.039203314303813297 -0.037148618940131807 -0.0002643063116229107 -0.042380074977931129 0.062773489688758635 -0.037776851667741813 0.020585649531460457 0.026400778921736576 0.061227480390152245 0.030053080539580418 0.0042765215213281214 0.0068769652050734544 -0.037118645248316741 0.067926089901589798 -0.0080086161878996122
leaf_weight=2.4303105305880308 2.3706482760608187 2.3133978080004445 3.8319429038092485 1.4002671092748631 2.4254039367660907 1.5539758987724783 2.6528500989079578 2.5701761096715927 1.2798172906041143 1.4167203530669112 2.0152035504579544 2.2012309329584241 1.8177799731492994 1.2558501530438779
leaf_count=36 60 33 95 14 60 18 14 26 17 16 22 52 25 24
internal_value=0.00238586 0.00672438 -0.00164462 0.00796782 0.000719312 0.0363642 0.00851531 0.0191694 -0.0140849 -0.0016576 0.0428491 -0.0234931 0.0558073 -0.0325524
internal_weight=31.5356 29.1649 23.4798 19.6478 18.2476 5.68515 15.8222 10.8562 4.96598 6.2708 4.58538 3.61795 3.37176 3.68616
internal_count=512 452 376 281 267 76 207 130 77 82 48 68 43 60
is_linear=0
shrinkage=0.05


Tree=40
num_leaves=15
num_cat=0
split_feature=15 6 2 16 26 24 22 6 25 25 26 21 26 18
split_gain=2.32286 2.56809 2.52795 1.95021 2.01436 2.29566 3.87801 2.40299 1.70155 1.87816 0.941201 0.9232 0.535724 0.433685
threshold=7.5000000000000009 1.2500000000000002 23.415000000000003 119.50000000000001 -0.77621918267619527 -0.79513787115597279 3.5000000000000004 0.55000000000000016 0.037573082092890807 0.30263508891333496 -0.73947028094778544 1.5000000000000002 1.0770060508093089 -0.18499999999999997
decision_type=2 2 2 2 2 2 2 2 2 2 2 2 2 2
left_child=1 3 8 10 13 -6 7 -7 11 -10 -1 -2 -4 -5
right_child=2 -3 12 4 5 6 -8 -9 9 -11 -12 -13 -14 -15
leaf_value=-0.033790181375961847 0.013251359247638867 -0.034412935958821778 -0.043435403261558363 0.059969016733245319 0.04959282288288118 -0.010588235384707699 -0.040169962578853829 0.048960467438235511 0.062488587815915236 -0.0085995066481023789 0.0082611475284948017 -0.033342258167562006 -0.00068374252467352814 0.019989208703299163
leaf_weight=1.539782550185919 1.0712725408375248 1.7774772383272637 4.4057536842301488 2.8476303666830063 1.7361928559839768 2.6284583061933375 3.1338126957416534 2.6299520619213581 1.1096396986395123 1.2825087159872053 2.1513715721666911 1.6335508897900579 0.88509459421038617 2.6270525958389106
leaf_count=23 8 36 108 20 20 20 78 22 18 32 37 39 18 25
internal_value=0.00223564 0.0116357 -0.0161797 0.0173645 0.0248259 0.00978986 -0.00284809 0.0222589 0.00850235 0.0330764 -0.0127444 -0.0162926 -0.0375291 0.0468348
internal_weight=31.4596 21.0717 10.3878 19.2943 15.6031 10.1284 8.39222 5.25841 5.09697 2.39215 3.69115 2.70482 5.29085 5.47468
internal_count=504 281 223 245 185 140 120 42 97 50 60 47 126 45
is_linear=0
shrinkage=0.05


Tree=41
num_leaves=15
num_cat=0
split_feature=15 2 6 5 16 16 16 26 2 21 10 26 2 26
split_gain=2.14434 2.42254 2.41789 1.88237 1.89778 1.81305 1.87455 1.54675 2.50702 3.16916 0.999905 0.899923 0.694974 0.523362
threshold=7.5000000000000009 23.415000000000003 1.2500000000000002 0.10700000000000001 130.50000000000003 119.50000000000001 131.50000000000003 -1.0590929407629004 23.165000000000003 10.500000000000002 -0.068149999999999988 -0.73947028094778544 23.165000000000003 1.0770060508093089
decision_type=2 2 2 2 2 2 2 2 2 2 2 2 2 2
left_child=2 3 5 4 -2 11 7 -7 -9 10 -10 -1 -8 -3
right_child=1 13 -4 -5 -6 6 12 8 9 -11 -12 -13 -14 -15
leaf_value=-0.033322328890747564 -0.036814747202518268 -0.043015757643917685 -0.033965082310275146 0.041185393486427468 0.023180664622334351 0.058307737218208325 0.013494770339070448 0.049014172330601416 0.010513676053392915 0.046405494110587225 -0.034312785072603491 0.007943854782507859 -0.02230576474212121 -0.0006678586732196015
leaf_weight=1.4984236843883993 2.0624859295785414 4.2402544068172574 1.7253796216100443 1.6052832324057815 1.4272595737129448 3.3008382022380873 1.6105512101203197 2.9260388333350349 1.2039951421320467 1.3756285253912208 3.3285036366432874 2.165023637935529 1.9468136318027971 0.88463389873504628
leaf_count=23 45 108 36 33 19 25 13 28 10 16 60 37 33 18
internal_value=0.0022 -0.0156732 0.0111821 0.00833802 -0.0125796 0.0166774 0.0238188 0.0325919 0.0180313 -0.00218709 -0.0226572 -0.0124609 -0.00669293 -0.0370084
internal_weight=31.3011 10.2199 21.0812 5.09503 3.48975 19.3558 15.6924 12.135 8.83417 5.90813 4.5325 3.66345 3.55736 5.12489
internal_count=504 223 281 97 64 245 185 139 114 86 70 60 46 126
is_linear=0
shrinkage=0.05


Tree=42
num_leaves=15
num_cat=0
split_feature=15 2 6 5 16 16 14 26 9 2 26 9 10 2
split_gain=1.98176 2.31636 2.2775 1.73242 1.80565 1.68645 1.79478 2.46735 2.16996 3.12191 0.860671 0.516606 0.320929 0.179644
threshold=7.5000000000000009 23.415000000000003 1.2500000000000002 0.10700000000000001 130.50000000000003 119.50000000000001 5.5000000000000009 -0.72341810534070217 -0.011499999999999998 23.305000000000003 -0.73947028094778544 -0.048999999999999995 0.087550000000000017 23.765000000000004
decision_type=2 2 2 2 2 2 2 2 2 2 2 2 2 2
left_child=2 3 5 4 -2 10 -7 12 9 -9 -1 -3 -8 -11
right_child=1 11 -4 -5 -6 6 7 8 -10 13 -12 -13 -14 -15
leaf_value=-0.03286186154976576 -0.036340161532428028 -0.00011576695144814797 -0.033522506631046896 0.039131425558737158 0.022318226786620821 0.049339708630466356 0.01423345976835428 0.046494100405964536 -0.038907782226779049 -0.031276882866514137 0.0076394923328983906 -0.042464057467219554 0.045916260536212963 -0.0023209903929027448
leaf_weight=1.4584773201495411 1.9996087979525312 0.8443649150431155 1.675228701904415 1.6562198139727113 1.4464375805109737 3.7364836111664816 2.7384738698601767 2.129889197647576 2.3860906707122762 1.3631959985941651 2.1782134566456177 4.1215240815654397 2.5087085328996181 0.91498204879462708
leaf_count=23 45 12 36 33 19 32 22 19 46 27 37 114 19 20
internal_value=0.00214827 -0.015193 0.0107399 0.00811757 -0.012237 0.0160142 0.0228536 0.0114817 -0.00828594 0.0124191 -0.0121876 -0.0364898 0.0343064 -0.0239029
internal_weight=31.1579 10.0682 21.0897 5.10227 3.44605 19.4145 15.7778 12.0413 6.79416 4.40807 3.63669 4.96589 5.24718 2.27818
internal_count=504 223 281 97 64 245 185 153 112 66 60 126 41 47
is_linear=0
shrinkage=0.05


Tree=43
num_leaves=15
num_cat=0
split_feature=3 3 13 6 26 26 9 2 26 26 13 26 2 6
split_gain=1.9645 2.84051 2.05318 2.04004 2.616 2.02497 1.67064 2.24476 2.18904 1.7083 1.36326 0.999158 3.92158 0.980791
threshold=0.015500000000000002 0.019500000000000003 0.5545000000000001 1.2500000000000002 1.0770060508093089 0.04285311474691389 -0.040499999999999987 23.785000000000004 -1.269594627594256 -1.2208207792309047 0.28750000000000003 -0.67689097792996578 23.155000000000005 0.65000000000000002
decision_type=2 2 8 2 2 2 2 2 2 2 10 2 2 2
left_child=-1 -2 3 4 5 6 8 9 -3 -8 13 -11 -13 -7
right_child=1 2 -4 -5 -6 10 7 -9 -10 11 -12 12 -14 -15
leaf_value=-0.035734322580838744 0.0507255519714674 0.026190706714021218 -0.036991515798656345 -0.034697365232538323 0.052667345600004425 0.022408298364090171 -0.0059217274131050379 -0.018120676905595347 -0.031416325765807662 0.065217152947859042 -0.039307880151803379 0.059602161795627467 -0.03140220255950147 -0.019322196654769103
leaf_weight=2.1286044036969569 2.1638054139912155 1.8517626300454137 2.2280549500137559 1.8806395912542928 2.121854703873395 1.9333642926067107 1.6424818672239911 1.7507760860025881 3.0244464771822228 2.9485147111117964 2.7751132510602474 1.404843287542435 1.4452240495011208 1.7217135857790706
leaf_count=61 22 18 54 46 22 22 19 30 44 19 67 13 38 29
internal_value=0.00203984 0.0059251 0.000599765 0.0053348 0.00999115 0.00332921 0.0137258 0.0253698 -0.00880562 0.036537 -0.0182027 0.0476657 0.017285 0.0028232
internal_weight=31.0212 28.8926 26.7288 24.5007 22.6201 20.4982 14.068 9.19184 4.87621 7.44106 6.43019 5.79858 2.85007 3.65508
internal_count=504 443 421 367 321 299 181 119 62 89 118 70 51 51
is_linear=0
shrinkage=0.05


Tree=44
num_leaves=14
num_cat=0
split_feature=26 26 10 15 16 2 23 26 7 16 16 15 10
split_gain=1.94576 2.52348 2.48396 2.07987 1.93241 2.09287 2.57228 1.53075 1.51069 1.35012 0.845371 0.596782 0.596351
threshold=-1.5788965662037384 -0.67689097792996578 -0.064249999999999988 7.5000000000000009 125.50000000000001 23.155000000000005 5.5000000000000009 0.49382349867437686 -1.0000000180025095e-35 125.50000000000001 130.50000000000003 2.5000000000000004 0.06795000000000001
decision_type=2 2 2 2 2 2 2 2 2 2 2 2 2
left_child=-1 3 8 9 5 6 -4 -7 -3 -2 -5 -6 -9
right_child=1 2 4 10 11 7 -8 12 -10 -11 -12 -13 -14
leaf_value=-0.036677995111001664 0.010626143695042094 0.036964355553151959 -0.013569824614234574 -0.030444808874729463 -0.0063281233481683342 -0.038379966630304768 0.063236407478610243 -0.0092578729841276911 -0.010134316671215081 0.055124409934294197 0.01455947977609575 -0.043919143334707256 0.03114717916578846
leaf_weight=1.9741024337708974 3.5828117653727549 3.588897492736578 1.5060420911759087 1.3056558445096018 1.7999434303492305 2.5969306901097298 1.3303144741803405 1.1711543286219237 2.1467063371092143 3.7400421462953091 1.0885581411421297 4.2221275633201003 0.78317897953093041
leaf_count=31 39 36 30 27 26 71 11 32 25 25 13 123 15
internal_value=0.00196409 0.00574682 -0.0048939 0.0252124 -0.0164004 0.00128103 0.0295473 -0.018484 0.0204489 0.0372456 -0.011722 -0.0351847 0.0119962
internal_weight=30.8365 28.8624 19.1453 9.71707 13.4097 7.38762 2.83636 4.55126 5.7356 7.32285 2.39421 6.02207 1.95433
internal_count=504 473 369 104 308 159 41 118 61 64 40 149 47
is_linear=0
shrinkage=0.05


Tree=45
num_leaves=13
num_cat=0
split_feature=10 26 26 12 10 9 10 2 5 6 16 12
split_gain=2.1548 2.76398 3.33968 2.07957 1.63178 1.7342 1.54547 1.48791 3.01586 2.4457 0.691796 0.380808
threshold=-0.049249999999999995 -0.72341810534070217 -1.5788965662037384 -0.61449999999999994 0.10410000000000001 -0.023499999999999997 -0.13439999999999999 23.355000000000004 -0.06649999999999999 0.75000000000000011 123.50000000000001 0.30450000000000005
decision_type=2 2 2 2 2 2 2 2 2 2 2 2
left_child=3 2 -2 6 5 -4 -1 8 -3 10 -10 -7
right_child=1 7 4 -5 -6 11 -8 -9 9 -11 -12 -13
leaf_value=0.022002939535470931 -0.036874243121707145 -0.040816049452237151 -0.024823260228642587 0.042122893429750001 0.044028302855022731 0.034684747961717215 -0.033310890506729425 -0.042441651503124019 0.055030700882234107 -0.027757819948095119 0.0054685116617652248 0.00431071610482013
leaf_weight=1.5486735887825491 2.0455453842878351 2.5302939098328352 2.1850477568805209 4.521144405007365 3.9510569963604212 1.8419076316058665 1.5551473293453453 4.3515571551397443 1.6561694126576152 1.1494357883930204 1.2891167430207131 2.1323617696762085
leaf_count=18 35 51 28 40 38 16 26 155 24 37 22 25
internal_value=0.00220512 -0.00553202 0.0105424 0.0235979 0.0225912 0.00461082 -0.00707534 -0.0227274 -0.00591046 0.0194368 0.0402224 0.0225307
internal_weight=30.7575 23.1325 12.1559 7.62497 10.1104 6.15932 3.10382 10.9766 6.62502 4.09472 2.94529 3.97427
internal_count=515 431 142 84 107 69 44 289 134 83 46 41
is_linear=0
shrinkage=0.05


Tree=46
num_leaves=13
num_cat=0
split_feature=3 26 26 10 7 24 13 10 9 11 5 26
split_gain=2.1299 2.12124 2.55464 4.05205 2.53773 1.88041 2.15905 1.79568 2.14921 2.6745 1.33751 0.756051
threshold=0.015500000000000002 -1.5788965662037384 -0.67689097792996578 -0.064249999999999988 -1.0000000180025095e-35 -0.72064439447454853 0.12450000000000001 0.10975000000000001 -0.031499999999999993 0.078500000000000014 0.25250000000000006 -0.46041196845974225
decision_type=2 2 2 2 2 2 8 2 2 2 2 2
left_child=-1 -2 7 4 -4 10 -7 8 -3 -10 -5 -8
right_child=1 2 3 5 -6 6 11 -9 9 -11 -12 -13
leaf_value=-0.0363727186089388 -0.035443245026168774 -0.024269135621794117 0.052110422854028185 0.042360710034144211 -0.010285826662779751 0.017255850281956083 0.0017819341621753482 0.055881764295015762 0.052905315659248525 -0.011523159917671151 -0.014160350225296528 -0.04582200720076305
leaf_weight=2.2547247037291553 1.8127055801451266 2.0393798258155584 3.3237063139677048 1.0169575000181876 2.1615738030523159 1.4276899415999391 0.86171756871045335 3.0279320739209652 2.9236113354563766 2.224559249356389 1.4213110227137802 6.1345599237829385
leaf_count=68 30 28 29 16 27 13 22 24 19 30 31 178
internal_value=0.00208364 0.00627354 0.010303 -0.00217706 0.0297274 -0.0194363 -0.029893 0.0286878 0.0118057 0.0277193 0.0148776 -0.0404691
internal_weight=30.6304 28.3757 26.563 16.3475 5.48528 10.8622 8.42397 10.2155 7.18755 5.14817 2.43827 6.99628
internal_count=515 447 417 316 56 260 213 101 77 49 47 200
is_linear=0
shrinkage=0.05


Tree=47
num_leaves=14
num_cat=0
split_feature=3 26 26 10 7 10 9 11 5 2 16 26 12
split_gain=2.02724 2.01505 2.31559 3.71415 2.28441 1.60423 1.99815 2.44432 1.41015 2.71935 1.72251 1.02006 0.263914
threshold=0.015500000000000002 -1.5788965662037384 -0.67689097792996578 -0.064249999999999988 -1.0000000180025095e-35 0.10975000000000001 -0.031499999999999993 0.078500000000000014 -0.06649999999999999 23.385000000000002 123.50000000000001 0.22580246252715341 -0.51849999999999985
decision_type=2 2 2 2 2 2 2 2 2 2 2 2 2
left_child=-1 -2 5 4 -4 6 -3 -8 12 10 -10 -12 -5
right_child=1 2 3 8 -6 -7 7 -9 9 -11 11 -13 -14
leaf_value=-0.035942089989525396 -0.034968654296810307 -0.023736877396951812 0.049048359239627477 -0.0064814334574446672 -0.0099829967355183381 0.052808644419449727 0.050355572187102848 -0.011188428348733723 0.047261418911979047 -0.036683492257001481 0.021693375734551535 -0.029447238648018403 -0.043252441881538282
leaf_weight=2.1814950229600099 1.7603457998484433 2.0041788928210735 3.4146575853228569 0.99681633338332165 2.1465100683271983 3.1002096235752106 2.9675391539931351 2.2069292906671762 1.8470462458207966 2.3636460481211543 0.78570203576236997 1.2698437636718152 3.378903211094447
leaf_count=68 30 28 29 20 27 24 19 30 28 85 12 35 80
internal_value=0.00203956 0.00610213 0.0100053 -0.00198557 0.0282145 0.0274074 0.0113218 0.026546 -0.0188352 -0.00233099 0.0217136 -0.00919729 -0.0376397
internal_weight=30.4238 28.2423 26.482 16.2031 5.56117 10.2789 7.17865 5.17447 10.642 6.26624 3.90259 2.05555 4.37572
internal_count=515 447 417 316 56 101 77 49 260 160 75 47 100
is_linear=0
shrinkage=0.05


Tree=48
num_leaves=13
num_cat=0
split_feature=3 26 26 10 7 24 13 3 10 9 5 21
split_gain=1.9214 1.90618 2.12331 3.43015 2.0603 1.75951 2.06915 1.47874 1.43637 1.85861 1.03608 0.75632
threshold=0.015500000000000002 -1.5788965662037384 -0.67689097792996578 -0.064249999999999988 -1.0000000180025095e-35 -0.72064439447454853 0.12450000000000001 0.030500000000000003 0.10975000000000001 -0.031499999999999993 -0.13599999999999998 8.5000000000000018
decision_type=2 2 2 2 2 2 8 2 2 2 2 2
left_child=-1 -2 8 4 -4 7 -7 -5 9 -3 -11 -8
right_child=1 2 3 5 -6 6 11 -9 -10 10 -12 -13
leaf_value=-0.035513987675943985 -0.034500531133231559 -0.023214403963968802 0.046230593319821336 -0.014983034601631199 -0.0096884583507342789 0.017072570050749671 -0.045387359978937634 0.044495245869582624 0.049965992137784805 0.0014635219436948462 0.043294975521303104 0.0018515805569603275
leaf_weight=2.1112428903579739 1.7098721638321936 1.9701984543353317 3.5003208704292774 1.4664298361167394 2.131953617557893 1.4233298543840387 5.7432375131174931 0.95977628789842118 3.1678579356521368 2.6816789172589779 2.5160250030458027 0.88167548738419999
leaf_count=68 30 28 29 34 27 13 168 13 24 24 25 32
internal_value=0.00190903 0.00583746 0.00960802 -0.00194347 0.0267945 -0.0183848 -0.0288676 0.0146652 0.0261927 0.0108551 0.0254311 -0.0396822
internal_weight=30.2636 28.1524 26.4425 16.1067 5.63227 10.4744 8.04824 2.42621 10.3358 7.1679 5.1977 6.62491
internal_count=515 447 417 316 56 260 213 47 101 77 49 200
is_linear=0
shrinkage=0.05


Tree=49
num_leaves=15
num_cat=0
split_feature=2 3 5 22 2 11 26 0 0 7 13 25 10 18
split_gain=1.91844 1.54863 2.13598 2.03025 2.09812 1.38851 2.67387 2.23072 1.63674 1.29994 0.989949 0.532399 0.382657 0.219759
threshold=23.875000000000004 0.015500000000000002 -0.13599999999999998 1.5000000000000002 23.695000000000004 0.11650000000000002 -0.034319970954372676 99.435000000000016 69.635000000000019 -0.074499999999999997 0.22100000000000003 -1.0767689296156264 0.11070000000000001 -0.41499999999999992
decision_type=2 2 2 2 2 2 2 2 2 2 8 2 2 2
left_child=1 -1 3 -3 11 6 -4 10 -7 -2 -8 -5 -10 -11
right_child=9 2 5 4 -6 8 7 -9 12 13 -12 -13 -14 -15
leaf_value=-0.030877835151411168 0.016313387836191649 0.019117326930710721 0.066775440296689553 -0.0052554187660965625 0.023157524482333935 0.029224586633496287 0.013612750780106334 0.038424842717521973 -0.032344287092128242 -0.0067316710906789035 -0.033963918500185382 -0.042589819118379252 0.0040356304768579951 -0.040057336995894879
leaf_weight=1.4287725351750911 1.0214456617832182 4.4918170124292445 2.9734060615301177 1.5892593264579766 1.3697742102667687 1.6835964675992734 1.0838668011128771 2.4355886606499553 1.6082908920943739 1.094108312390744 1.8191091502085326 3.7112579019740228 0.72125419415533532 3.0528717758134003
leaf_count=44 11 30 34 14 18 21 18 26 47 24 54 78 12 84
internal_value=0.00186949 0.00777819 0.0112947 -0.00447228 -0.020779 0.0248378 0.0354336 0.0101965 0.000201477 -0.0232584 -0.017264 -0.0340066 -0.0232515 -0.0342811
internal_weight=30.0844 24.916 23.4872 11.1621 6.67029 12.3251 8.31197 5.33856 4.01314 5.16843 2.90298 5.30052 2.32955 4.14698
internal_count=515 396 352 140 110 212 132 98 80 119 72 92 59 108
is_linear=0
shrinkage=0.05


Tree=50
num_leaves=14
num_cat=0
split_feature=11 10 11 10 25 24 7 7 1 7 10 24 3
split_gain=2.08064 2.25275 2.91833 2.41815 2.07583 2.49725 2.54072 1.27268 1.15858 0.82393 0.606698 0.295662 0.247231
threshold=0.48650000000000004 0.072150000000000006 0.078500000000000014 0.016950000000000003 -1.0767689296156264 0.22778282430011162 -1.0000000180025095e-35 -0.074499999999999997 70.283000000000015 -0.029499999999999995 -0.034099999999999998 -0.55363900965892043 0.074500000000000025
decision_type=2 2 2 2 2 2 2 2 2 2 2 2 2
left_child=1 2 3 4 10 6 9 -3 -9 -6 -1 -10 -8
right_child=-2 7 -4 -5 5 -7 12 8 11 -11 -12 -13 -14
leaf_value=0.030941454727311902 -0.036730430919986283 0.056952355783530396 -0.040354305562674088 0.046143320670513514 -0.0021255410032961905 -0.042722379818154958 -0.03500038058782453 0.028917021925898651 0.0050236605976489192 0.038341882652831373 0.0003114360045573249 -0.026508267631408788 -0.00080903957312293019
leaf_weight=3.5158444605767727 2.2693793009966603 1.8004563134163616 3.1404106570407739 2.1309280022978774 1.7492877291515467 3.6882287068292499 1.9915596023201847 2.1458664815872903 0.75154639594256867 2.7184869637712952 2.5501070097088947 1.0013633919879792 0.70074649993330229
leaf_count=24 64 11 93 23 23 77 61 26 16 35 18 25 16
internal_value=0.00111378 0.00535868 -0.00221791 0.00576996 -0.0016083 -0.014318 0.00375589 0.0307809 0.00953618 0.0250065 0.0199311 -0.0160752 -0.0287305
internal_weight=30.1542 27.8848 22.1856 19.0452 16.9143 10.8483 7.16008 5.69923 3.89878 4.46777 6.06595 1.75291 2.69231
internal_count=512 448 370 277 254 212 135 78 67 58 42 41 77
is_linear=0
shrinkage=0.05


Tree=51
num_leaves=14
num_cat=0
split_feature=11 10 11 10 25 7 3 7 1 7 10 26 3
split_gain=1.97995 2.08213 2.77352 2.21979 1.92655 2.05642 2.25859 1.17439 1.08132 0.789501 0.550926 0.416064 0.26019
threshold=0.48650000000000004 0.072150000000000006 0.078500000000000014 0.016950000000000003 -1.0767689296156264 -1.0000000180025095e-35 0.10350000000000002 -0.074499999999999997 70.283000000000015 -0.029499999999999995 -0.034099999999999998 -0.79929448100594558 0.041500000000000002
decision_type=2 2 2 2 2 2 2 2 2 2 2 2 2
left_child=1 2 3 4 10 6 9 -3 -9 -6 -1 -7 -10
right_child=-2 7 -4 -5 5 11 -8 8 12 -11 -12 -13 -14
leaf_value=0.029437090102673688 -0.036290035172130877 0.054460659203501308 -0.03991438777473813 0.04390444862586293 -0.0033330562879412143 0.00054174787595726828 -0.034079813201745114 0.02766099135344496 0.004086452240206111 0.035052740470996643 0.00030022396042272563 -0.041635482308060044 -0.02581974142239922
leaf_weight=3.5606685690581799 2.1960725970566264 1.8335699941962955 3.0300960512831798 2.1773875635117284 1.814609746448695 0.63705369457603644 1.6331212054938076 2.1757677914574738 0.78045616671442963 2.8239689245820165 2.5504165142774715 3.7873951420187737 0.9522554287686944
leaf_count=24 64 11 93 23 24 7 29 26 17 36 18 116 24
internal_value=0.00108204 0.005198 -0.00215315 0.00556951 -0.00158345 -0.0139803 0.0048026 0.029521 0.00910952 0.0221083 0.0190293 -0.0365823 -0.0157832
internal_weight=29.9528 27.7568 22.0147 18.9846 16.8072 10.6961 6.2717 5.74205 3.90848 4.63858 6.11109 4.42445 1.73271
internal_count=512 448 370 277 254 212 89 78 67 60 42 123 41
is_linear=0
shrinkage=0.05


Tree=52
num_leaves=13
num_cat=0
split_feature=11 10 11 24 22 13 13 23 26 7 9 6
split_gain=1.88374 1.92512 2.63554 2.05462 2.28744 1.46228 1.72345 1.42833 1.30912 1.08648 1.04722 0.848258
threshold=0.48650000000000004 0.072150000000000006 0.078500000000000014 -0.7564095225042281 3.5000000000000004 0.13800000000000004 0.21650000000000003 6.5000000000000009 -0.8497699501424939 -0.074499999999999997 -0.0044999999999999997 1.1500000000000001
decision_type=2 2 2 2 2 8 10 2 2 2 2 2
left_child=1 2 3 -1 5 -5 -7 -8 -6 -3 -11 -10
right_child=-2 9 -4 4 8 6 7 -9 11 10 -12 -13
leaf_value=0.041364176331193707 -0.035852639823778468 0.052126543283844841 -0.039475955663430928 0.042784044769195256 0.015336221921401196 -0.027433139614984281 -0.0077119836779902529 0.037367587665898233 -0.042310758012923812 -0.018465183091247582 0.024856220019063891 -0.00015870977608816838
leaf_weight=2.3079547053203084 2.125709935091435 1.8638701289892194 2.9243549127131692 2.0124878026545092 1.2312594130635375 2.3941128663718709 2.831735179759562 2.6670594057068229 3.8911182722076649 1.4090664982795718 2.5091532254591575 1.5887605994939802
leaf_count=28 64 11 93 11 12 23 39 25 106 30 37 33
internal_value=0.00104003 0.00503136 -0.00209951 0.00536758 -0.00169639 0.0131361 0.00161564 0.0165383 -0.0224531 0.0283134 0.00869022 -0.0320003
internal_weight=29.7566 27.6309 21.8488 18.9245 16.6165 9.9054 7.89291 5.49879 6.71114 5.78209 3.91822 5.47988
internal_count=512 448 370 277 249 98 87 64 151 78 67 139
is_linear=0
shrinkage=0.05


Tree=53
num_leaves=14
num_cat=0
split_feature=11 10 11 10 25 24 7 12 7 10 3 5 16
split_gain=1.79759 1.76953 2.51417 2.01003 1.70276 2.30044 2.12367 1.44174 1.00919 1.36403 0.767865 0.447022 0.251543
threshold=0.48650000000000004 0.072150000000000006 0.078500000000000014 0.016950000000000003 -1.0767689296156264 0.22778282430011162 -1.0000000180025095e-35 -0.54649999999999987 -0.074499999999999997 0.089050000000000004 0.086500000000000007 -0.36549999999999994 130.50000000000003
decision_type=2 2 2 2 2 2 2 2 2 2 2 2 2
left_child=1 2 3 4 11 6 7 -6 -3 -10 -11 -1 -8
right_child=-2 8 -4 -5 5 -7 12 -9 9 10 -12 -13 -14
leaf_value=0.027356900657245022 -0.035418295563310741 0.049935061285550808 -0.039039009140761777 0.041433440469670312 -0.013068252809959916 -0.041783977497113246 -0.033759180943190484 0.038294724458000168 0.033931573020705222 -0.031176620917390648 0.01307890572291774 0.001140155274984226 0.00018860423588728742
leaf_weight=3.4429851472377777 2.0581698864698401 1.8915442191064356 2.8229997903108588 2.2185414563864461 1.4400853663682935 3.4277719156816602 1.8263339884579086 3.103474691510212 1.6359846256673329 1.368812586180866 0.9343434553593396 2.7071185037493839 0.66251764819025982
leaf_count=22 64 11 93 23 25 77 61 33 20 36 11 20 16
internal_value=0.00104745 0.004926 -0.0019855 0.00525855 -0.00165155 -0.0135126 0.00375387 0.0225945 0.0271247 0.0082789 -0.0146988 0.0175904 -0.0272586
internal_weight=29.5407 27.4825 21.6518 18.8288 16.6103 10.4602 7.03241 4.54356 5.83068 3.93914 2.30316 6.1501 2.48885
internal_count=512 448 370 277 254 212 135 58 78 67 47 42 77
is_linear=0
shrinkage=0.05


Tree=54
num_leaves=15
num_cat=0
split_feature=11 10 11 10 10 12 10 2 2 7 10 22 5 22
split_gain=1.71125 1.65036 2.38791 1.85078 1.61457 2.29134 1.0435 0.993172 0.934544 0.927143 1.26932 0.909954 0.792854 0.546381
threshold=0.48650000000000004 0.072150000000000006 0.078500000000000014 0.016950000000000003 -0.028799999999999996 -0.61449999999999994 -0.15459999999999999 23.055000000000003 23.085000000000004 -0.074499999999999997 0.089050000000000004 7.5000000000000009 -0.13299999999999998 3.5000000000000004
decision_type=2 2 2 2 2 2 2 2 2 2 2 2 2 2
left_child=1 2 3 4 5 6 -1 -7 -6 -3 -11 -10 -12 -9
right_child=-2 9 -4 -5 8 7 -8 13 11 10 12 -13 -14 -15
leaf_value=0.01161327250713806 -0.034987059887147891 0.047873084241065456 -0.038603564992553803 0.039488269113552528 0.0048149743086778225 -0.0019791910337317287 -0.036461350439114269 0.051136243938976471 -0.04219813509976747 0.032474642564767002 0.013940784150397598 0.0049389233691768484 -0.031091906003163691 0.011762780528524055
leaf_weight=1.1928999014198782 1.9933353345841158 1.9167738500982521 2.7258496116846791 2.2596167400479308 2.3841193839907673 2.1219897065311795 2.0157459760084748 2.3203007597476244 3.100712314248085 1.6679421607404941 0.90468195732682977 1.107399691827595 1.3675833083689211 2.2532481607049704
leaf_count=15 64 11 93 23 36 22 39 17 72 20 12 25 35 28
internal_value=0.00100283 0.00476892 -0.00196023 0.00504967 -0.00165492 0.0107651 -0.0200757 0.0262329 -0.0192749 0.0261362 0.00801192 -0.0312271 -0.0143814 0.037329
internal_weight=29.3322 27.3389 21.4819 18.756 16.4964 9.90418 3.20865 6.69554 6.59223 5.85698 3.94021 4.20811 2.27227 4.57355
internal_count=512 448 370 277 254 121 54 67 133 78 67 97 47 45
is_linear=0
shrinkage=0.05


Tree=55
num_leaves=13
num_cat=0
split_feature=3 3 6 26 3 26 6 10 5 9 11 14
split_gain=1.46516 2.29283 1.49243 2.69247 1.62243 1.99251 2.49278 2.20422 1.34753 1.29238 1.17534 0.391442
threshold=0.015500000000000002 0.019500000000000003 1.2500000000000002 1.0770060508093089 0.044500000000000005 0.04285311474691389 -1.0000000180025095e-35 0.087550000000000017 -0.21749999999999997 -0.040499999999999987 -0.010499999999999997 5.5000000000000009
decision_type=2 2 2 2 2 2 2 2 2 2 2 2
left_child=-1 -2 3 4 11 6 7 9 -7 -6 -11 -3
right_child=1 2 -4 -5 5 8 -8 -9 -10 10 -12 -13
leaf_value=-0.033372977731877411 0.044698275868089658 0.0016242554205211914 -0.034456950612096172 0.046639953851097121 -0.039873636848323304 0.0057370156165119889 0.049111800467528749 0.027404379015230313 -0.039762018782087634 0.019948623749326953 -0.022194477655118786 -0.037558147061896502
leaf_weight=1.7870706021785761 2.1737241633236435 0.68151901382952962 1.8699933001771558 2.1771952146664253 2.1716152466833725 2.5213895263150334 2.6818289784714464 3.9426176697015762 2.6794596174731842 2.6858263369649777 2.0041748713701826 2.4903423367068269
leaf_count=68 22 18 53 24 29 32 33 34 70 25 35 77
internal_value=0.00130684 0.0045857 -0.000316256 0.00361009 -0.00252867 0.00358397 0.0135757 0.0013416 -0.020336 -0.0152148 0.00120405 -0.0307679
internal_weight=29.8668 28.0797 25.906 24.036 21.8588 18.6869 13.4861 10.8042 5.20085 6.86162 4.69 3.17186
internal_count=520 452 430 377 353 258 156 123 102 89 60 95
is_linear=0
shrinkage=0.05


Tree=56
num_leaves=15
num_cat=0
split_feature=2 13 15 26 26 26 8 18 12 26 16 15 25 16
split_gain=1.58698 1.59044 1.7894 1.49057 2.4919 1.59892 1.11597 1.16697 2.24447 1.96151 1.54546 1.20495 0.913631 0.292863
threshold=23.785000000000004 0.63150000000000006 1.5000000000000002 1.1931099126164333 1.0770060508093089 0.81111646862686004 -0.044999999999999991 -0.20999999999999999 0.13450000000000004 -0.072241644227624871 125.50000000000001 3.5000000000000004 -1.1526934293640394 119.50000000000001
decision_type=2 10 2 2 2 2 2 2 2 2 2 2 2 2
left_child=3 2 -2 4 5 6 -1 9 10 -8 -9 -10 -11 -5
right_child=1 -3 -4 13 -6 -7 7 8 11 12 -12 -13 -14 -15
leaf_value=-0.018023675303585843 0.019717957440605671 0.018516526429999493 -0.043643450738688298 0.0016898839491660544 0.054308130451439056 -0.032595283993525924 0.043919140703330944 0.046126985068045308 0.011999508229721251 0.024150683030967176 -0.0054996695468463508 -0.040144000676033742 -0.022358426340723311 -0.032497973749897775
leaf_weight=2.2427746076136961 0.79912698082625766 1.4170880047604439 4.0606131665408611 0.70212803874164764 1.9795896727591742 1.556708208285271 4.7821706449612975 2.0522112734615696 1.0752287618815901 0.70928040891885791 2.400754845701158 2.473494490608573 1.865236742421996 1.5793083691969512
leaf_count=32 9 34 101 15 20 40 50 27 14 4 37 50 44 43
internal_value=0.0012109 -0.0193259 -0.0316375 0.00728128 0.0116882 0.00480858 0.0096912 0.0145928 0.000838513 0.0276624 0.022389 -0.0251803 -0.00637342 -0.0246678
internal_weight=29.6957 6.27683 4.85974 23.4189 21.1374 19.1579 17.6012 15.3584 8.00169 7.35669 4.45297 3.54872 2.57452 2.28144
internal_count=520 144 110 376 318 298 258 226 128 98 64 64 48 58
is_linear=0
shrinkage=0.05


Tree=57
num_leaves=15
num_cat=0
split_feature=2 26 26 23 6 10 2 24 15 15 9 11 25 10
split_gain=1.46316 1.40283 2.27891 2.14221 1.38216 2.22639 1.44597 1.33316 1.36695 1.23819 1.11193 1.11586 0.3455 0.31323
threshold=23.785000000000004 1.1931099126164333 1.0770060508093089 4.5000000000000009 1.0000000180025095e-35 0.087550000000000017 23.165000000000003 -0.95877792760838521 1.5000000000000002 4.5000000000000009 -0.040499999999999987 -0.010499999999999997 -1.0429134611539568 -0.088399999999999992
decision_type=2 2 2 2 2 2 2 2 2 2 2 2 2 2
left_child=1 2 3 12 5 10 -6 -2 -9 -8 -5 -12 -1 -11
right_child=7 -3 -4 4 6 -7 9 8 -10 13 11 -13 -14 -15
leaf_value=0.0013485696869494899 0.022265118845551279 -0.024241612371456462 0.051585012666664265 -0.0386062866549228 0.053293765695642197 0.032218988594076264 0.027270727141967606 0.015911769141881582 -0.038185486467429725 0.0054029596862752638 0.015954470029552338 -0.023167903420543201 -0.036372896845539446 -0.028584495218469647
leaf_weight=0.66467458941042457 0.87157863751053799 2.2372305160388342 2.0313121806830159 1.9895060136914366 2.2887640539556733 2.7455044519156218 2.0041972957551484 0.8889381866902103 4.3886671289801598 0.58768689259886775 3.3319976683706161 2.1470640981569673 2.1721106087789073 1.1660226583480828
leaf_count=6 19 58 20 30 21 30 25 10 115 5 33 47 62 39
internal_value=0.00118126 0.00698052 0.0112326 0.0045873 0.0118956 0.000130772 0.0289301 -0.0187492 -0.0279904 0.00600898 -0.0140767 -0.00058591 -0.0294866 -0.0193689
internal_weight=29.5153 23.3661 21.1288 19.0975 16.2607 10.2141 6.04667 6.14918 5.27761 3.75791 7.46857 5.47906 2.83679 1.75371
internal_count=520 376 318 298 230 140 90 144 125 69 110 80 68 44
is_linear=0
shrinkage=0.05


Tree=58
num_leaves=15
num_cat=0
split_feature=2 13 26 26 23 7 6 10 2 7 13 7 16 13
split_gain=1.34498 1.49365 1.31408 2.08512 2.0144 1.29173 1.27859 2.08494 1.31417 1.87196 1.25633 1.02647 0.709947 0.374481
threshold=23.785000000000004 0.63150000000000006 1.1931099126164333 1.0770060508093089 4.5000000000000009 -0.097499999999999989 1.0000000180025095e-35 0.11380000000000001 23.165000000000003 -1.0000000180025095e-35 0.33750000000000008 -0.036499999999999998 128.50000000000003 0.18550000000000003
decision_type=2 10 2 2 2 2 2 2 2 2 8 2 2 8
left_child=2 5 3 4 13 -2 7 10 -8 -10 11 -6 -13 -1
right_child=1 -3 -4 -5 6 -7 8 -9 9 -11 -12 12 -14 -15
leaf_value=0.0019756594396150144 0.011986609797726316 0.018176383994916941 -0.023727262035351679 0.049045224822770829 -0.02355947757130622 -0.041985588458819008 0.050709554747309517 0.034593685902169449 0.028296820746415981 -0.030024146943106452 -0.03718547401844894 -0.0049598624239738202 0.031162990892120448 -0.036406874484052297
leaf_weight=0.67538961768151695 0.96479720436036531 1.423537418246269 2.1942211920395485 2.0801761792972675 1.6959914080798739 3.6463042860850687 2.3348774611949912 2.2140316087752581 2.4283401956781749 1.3207998452708123 2.2481233589351177 2.1416964493691824 1.8655900526791809 2.0928628863766789
leaf_count=13 8 34 58 20 22 102 21 22 26 43 50 31 15 55
internal_value=0.00117244 -0.0181211 0.0067113 0.0108075 0.00438381 -0.0305691 0.0114233 5.40972e-05 0.0277302 0.00575496 -0.0123535 0.00152192 0.0147221 -0.0290032
internal_weight=29.3267 6.03464 23.2921 21.0979 19.0177 4.6111 16.2495 10.1654 6.08402 3.74914 7.9514 5.70328 4.00729 2.76825
internal_count=520 144 376 318 298 110 230 140 90 69 118 68 46 68
is_linear=0
shrinkage=0.05


Tree=59
num_leaves=15
num_cat=0
split_feature=3 24 2 10 11 2 2 0 2 13 2 3 23 23
split_gain=1.31062 1.95455 1.45316 1.81026 1.8849 1.41285 3.2643 1.60045 1.2408 0.970761 0.968661 1.44804 0.816572 0.671821
threshold=0.015500000000000002 -0.72064439447454853 23.875000000000004 0.087550000000000017 -0.012499999999999999 22.975000000000005 23.155000000000005 70.265000000000015 23.525000000000002 0.15850000000000003 23.385000000000002 0.019500000000000003 7.5000000000000009 10.500000000000002
decision_type=2 2 2 2 2 2 2 2 2 8 2 2 2 2
left_child=-1 10 3 4 5 7 -7 -3 9 -8 -2 -12 -10 -6
right_child=1 2 -4 -5 13 6 8 -9 12 -11 11 -13 -14 -15
leaf_value=-0.032418105060031399 0.05117284332028052 -0.039406143723632596 -0.029464897544459596 0.033842951379886486 -0.0396434531119364 0.052132522209988263 0.0098653103409321562 0.016536574071450049 -0.007927291975437253 -0.038324727169289044 0.032712690084388797 -0.026646298760968207 0.031608475882897079 0.00095162482032896663
leaf_weight=1.6654678313061619 1.9344209879636789 2.0629583494737882 2.977025161497294 2.9975689612328997 2.8422785936854735 2.9229875002056342 1.0584394093602898 1.4496206380426881 1.8775232229381802 2.1303532943129539 1.0891619026660921 1.038432730361819 1.7542401039972899 1.3244909606873987
leaf_count=68 19 35 76 29 87 28 10 18 25 43 11 36 16 19
internal_value=0.00115134 0.00425494 -0.00176635 0.00345876 -0.00332203 0.00623646 0.0157396 -0.0177706 -0.00452863 -0.0237927 0.0324353 0.00448441 0.0138708 -0.0290528
internal_weight=29.125 27.4595 23.3975 20.4205 17.4229 13.2561 9.74354 3.51258 6.82056 3.18879 4.06202 2.12759 3.63176 4.16677
internal_count=520 452 386 310 281 175 122 53 94 53 66 47 41 106
is_linear=0
shrinkage=0.05


Tree=60
num_leaves=13
num_cat=0
split_feature=26 26 10 24 12 15 7 16 10 9 9 11
split_gain=1.25735 2.18548 1.81081 2.04401 1.56041 1.37213 1.29016 1.72186 1.26215 1.18622 1.10374 1.60204
threshold=-1.5788965662037384 -0.46041196845974225 -0.064249999999999988 -0.72064439447454853 0.14000000000000004 1.5000000000000002 0.023000000000000003 131.50000000000003 0.016950000000000003 -0.044999999999999991 -0.031499999999999993 0.27850000000000008
decision_type=2 2 2 2 2 2 2 2 2 2 2 2
left_child=-1 6 9 4 8 -5 7 10 -4 -3 11 -2
right_child=1 2 3 5 -6 -7 -8 -9 -10 -11 -12 -13
leaf_value=-0.033371946519388039 -0.018744934866221401 0.029309516259311288 -0.0087184059204471528 0.0069080947406416409 -0.026863874731338402 -0.045435780487754589 -0.012705692341399955 -0.012242670898697306 0.051348716960970098 -0.0099144257943271502 0.052030226860503341 0.03627758274200666
leaf_weight=1.590436508879068 1.7008135477080935 3.1216751020401716 1.0391104100272084 1.2649273462593464 1.0556412534788249 5.2558243474923074 1.9796320069581277 1.7864494333043692 1.1938570002093909 2.904935926198962 3.917079413309696 1.7178892716765402
leaf_count=34 28 27 28 16 41 187 34 22 18 38 39 16
internal_value=-4.9529e-05 0.00304195 -0.00872248 -0.0211798 0.00924576 -0.0357134 0.0191571 0.0266438 0.0293458 0.0116826 0.0364463 0.0108566
internal_weight=28.5283 26.9378 15.836 9.80936 3.28861 6.52075 11.1019 9.12223 2.23297 6.02661 7.33578 3.4187
internal_count=528 494 355 290 87 203 139 105 46 65 83 44
is_linear=0
shrinkage=0.05


Tree=61
num_leaves=15
num_cat=0
split_feature=13 24 7 23 0 12 19 13 16 2 2 9 26 9
split_gain=1.53804 1.52401 1.4974 1.67294 1.99083 1.85086 1.12226 1.07849 0.857173 0.55935 0.441913 0.425599 0.280594 0.0494038
threshold=0.19550000000000003 2.2191001955163321 0.029000000000000001 7.5000000000000009 109.15000000000002 0.84150000000000003 11.500000000000002 0.26650000000000007 131.50000000000003 23.165000000000003 23.865000000000006 -0.073499999999999982 0.93529390081136377 -0.031499999999999993
decision_type=10 2 2 2 2 2 2 10 2 2 2 2 2 2
left_child=1 12 3 4 6 8 -2 -8 10 -4 13 -9 -1 -5
right_child=2 -3 9 5 -6 -7 7 11 -10 -11 -12 -13 -14 -15
leaf_value=-0.041894624179472754 0.015919429913414662 0.016742975895818493 0.0080735636419182258 0.020986464250186559 0.035674663473079703 -0.018969280261010326 0.0031750646275508008 -0.00026767038309671512 0.00072845606412799701 -0.034454657386991668 0.0099119377811112651 -0.041427148615596966 -0.0055868819808805106 0.053008044407987391
leaf_weight=2.9255660185590417 1.6495102373883179 1.2544442042708395 0.61048255115747396 2.2632933855056745 1.511972942855208 1.5175469564273942 2.453074867837131 0.74329300690442712 1.8960938286036251 1.9289834187366066 1.8343853577971456 3.5692524677142461 1.013024130836129 3.1593216890469193
leaf_count=62 27 8 12 27 21 27 37 11 25 64 29 119 28 31
internal_value=-4.99982e-05 -0.0222767 0.00565492 0.0103904 -0.00430137 0.0232558 -0.0145102 -0.0230238 0.0314354 -0.0248384 0.0383985 -0.0357188 -0.0355783 0.0449914
internal_weight=28.3302 5.19303 23.1372 20.5977 9.9271 10.6706 8.41513 6.76562 9.15309 2.53947 7.257 4.31255 3.93859 5.42262
internal_count=528 98 430 354 215 139 194 167 112 76 87 130 90 58
is_linear=0
shrinkage=0.05


Tree=62
num_leaves=14
num_cat=0
split_feature=13 24 7 23 0 12 19 1 13 2 2 9 18
split_gain=1.44487 1.45565 1.41013 1.52376 1.85695 1.62116 1.05964 1.05033 1.03557 0.541998 0.500232 0.415237 0.414995
threshold=0.19550000000000003 2.2191001955163321 0.029000000000000001 7.5000000000000009 109.15000000000002 0.74900000000000011 11.500000000000002 70.18950000000001 0.26650000000000007 23.165000000000003 23.875000000000004 -0.073499999999999982 -0.42499999999999993
decision_type=10 2 2 2 2 2 2 2 10 2 2 2 2
left_child=1 12 3 4 6 7 -2 -5 -8 -4 -9 -10 -1
right_child=2 -3 9 5 -6 -7 8 10 11 -11 -12 -13 -14
leaf_value=-0.0014131874180945167 0.015328699828358447 0.016237004433790666 0.0079031596252925902 0.0028610274258936879 0.034253724498939618 -0.0094661007692874981 0.0030590530533728968 0.051357027639397583 -0.00026198215472903223 -0.034032625892896226 0.011445103240401856 -0.040998800372764786 -0.041759122498996298
leaf_weight=0.84386185836046923 1.6655459944158844 1.2598792091011999 0.61393644288182203 2.4218134284019452 1.5367957009002555 2.5994589952751985 2.4566325950436294 3.9388204468414187 0.74317672941834123 1.8691807412542401 1.7679258342832325 3.4399481290020009 2.9941376596689255
leaf_count=20 27 8 12 25 21 38 37 47 11 64 29 119 70
internal_value=-2.45634e-05 -0.0217623 0.00548732 0.0100546 -0.00407312 0.0222578 -0.014084 0.0323285 -0.0225027 -0.024372 0.0425426 -0.0352083 -0.0350139
internal_weight=28.1511 5.09788 23.0532 20.5701 9.8421 10.728 8.3053 8.12856 6.63976 2.48312 5.70675 4.18312 3.838
internal_count=528 98 430 354 215 139 194 101 167 76 76 130 90
is_linear=0
shrinkage=0.05


Tree=63
num_leaves=15
num_cat=0
split_feature=13 24 11 24 23 15 22 10 5 0 5 5 5 18
split_gain=1.35352 1.38971 1.18128 1.35327 2.4423 1.8287 1.57913 1.32541 1.09941 1.74732 1.17768 0.985599 0.965793 0.403569
threshold=0.19550000000000003 2.2191001955163321 0.48650000000000004 -0.46953221214599167 7.5000000000000009 7.5000000000000009 3.5000000000000004 -0.15459999999999999 0.24200000000000002 109.65500000000002 0.10700000000000001 0.052000000000000005 -0.36549999999999994 -0.42499999999999993
decision_type=10 2 2 2 2 2 2 2 2 2 2 2 2 2
left_child=1 13 3 8 7 6 -6 -5 10 -10 -2 -8 -9 -1
right_child=2 -3 -4 4 5 -7 11 12 9 -11 -12 -13 -14 -15
leaf_value=-0.0013814828096365775 0.008362096757328524 0.015747060237362991 -0.024081544187448983 0.020307073955664338 0.047233470136333514 -0.020016244597750518 -0.022174041389666804 -0.00015577730749493526 -0.022134815122098368 0.038626938370866934 0.068783058196874608 0.021825751331126769 -0.042107313032549332 -0.041254854362644193
leaf_weight=0.84303773753345002 1.7508905106224202 1.2651029899716375 2.0713020712137213 0.91871736943722293 3.6183582246303541 1.7775622094050048 1.4526055632159116 1.9661751170642725 1.9332499867305162 0.98867834825068701 1.2587982350960372 1.6468788916245101 3.5967967347241805 2.8939686394296618
leaf_count=20 38 8 64 11 26 36 22 27 58 11 15 18 104 70
internal_value=-1.21098e-05 -0.0212463 0.00530323 0.00918051 0.00068056 0.0174748 0.0287032 -0.0207249 0.0274481 0.00303157 0.0444848 0.000825944 -0.029563 -0.0344503
internal_weight=27.9821 5.00211 22.98 20.9087 14.9771 8.4954 6.71784 6.48169 5.93162 2.92193 3.00969 3.09948 5.56297 3.73701
internal_count=528 98 430 366 244 102 66 142 122 69 53 40 131 90
is_linear=0
shrinkage=0.05


Tree=64
num_leaves=15
num_cat=0
split_feature=13 24 7 23 0 26 3 7 19 13 9 2 9 18
split_gain=1.27589 1.32671 1.30827 1.25953 1.66104 1.51437 1.17805 1.10071 0.980642 1.00104 0.566385 0.513862 0.409224 0.392418
threshold=0.19550000000000003 2.2191001955163321 0.029000000000000001 7.5000000000000009 109.15000000000002 -1.2208207792309047 0.044500000000000005 -0.074499999999999997 11.500000000000002 0.26650000000000007 -0.023499999999999997 23.165000000000003 -0.073499999999999982 -0.42499999999999993
decision_type=10 2 2 2 2 2 2 2 2 10 2 2 2 2
left_child=1 13 3 4 8 7 -7 -5 -2 -10 -8 -4 -11 -1
right_child=2 -3 11 5 -6 6 10 -9 9 12 -12 -13 -14 -15
leaf_value=-0.0013504917063411218 0.014916943076076945 0.01527257560371296 0.007574347091329924 0.019004713262931669 0.032424522114752261 -0.0033764923614282277 0.013065104276640885 -0.025138049433930887 0.0034282938017135868 5.5435506914236058e-05 0.053503495254802053 -0.033498444131252129 -0.040348994410747706 -0.0407551345712601
leaf_weight=0.84223277587443579 1.6681775376200727 1.2701247632503507 0.61340389307588283 1.7379372045397761 1.5631567984819401 1.6237097159028033 2.1103408820927143 1.9575160136446355 2.4331391020677984 0.73166370484978394 3.357242600992322 1.7957488228566942 3.256180880125608 2.7976896176114709
leaf_count=20 27 8 12 15 21 34 26 33 37 11 31 64 119 70
internal_value=5.60266e-05 -0.0207431 0.0052081 0.00959168 -0.00346935 0.0205819 0.0327396 -0.00475193 -0.0132098 -0.0215425 0.0423287 -0.0238865 -0.034411 -0.0338935
internal_weight=27.7583 4.91005 22.8482 20.4391 9.65232 10.7867 7.09129 3.69545 8.08916 6.42098 5.46758 2.40915 3.98784 3.63992
internal_count=528 98 430 354 215 139 91 48 194 167 57 76 130 90
is_linear=0
shrinkage=0.05


Tree=65
num_leaves=13
num_cat=0
split_feature=6 26 5 22 18 7 9 2 2 18 0 18
split_gain=1.0995 1.44108 1.08611 2.39206 2.02148 1.2754 0.787667 0.757733 0.736396 0.686488 0.402151 0.0152496
threshold=1.2500000000000002 1.1074904315197058 0.10700000000000001 3.5000000000000004 -0.024999999999999998 0.019000000000000003 -0.014499999999999997 23.525000000000002 23.155000000000005 -0.42499999999999993 57.485000000000007 0.015000000000000001
decision_type=2 2 2 2 2 2 2 2 2 2 2 2
left_child=1 2 3 6 5 9 7 -1 -8 -4 -5 -12
right_child=-2 -3 4 10 -6 -7 8 -9 -10 -11 11 -13
leaf_value=-0.027502674304426079 -0.034399686998994587 0.029861573053953344 0.0041230366907549975 0.00063874178125093045 0.04087204248386074 0.022397236734980668 0.029402291094210345 0.0067552197095465602 -0.0066788781084897693 -0.036267033118652418 -0.043026872185042669 -0.010194641264887653
leaf_weight=2.1021560803055763 1.9034872879274178 2.1833869665861121 1.2918582949787376 0.62920617870986362 2.1434548730030647 1.3342311601154504 2.6299851443618625 2.7211195100098848 1.8097175871953366 2.1895877229981129 4.1953231026418507 0.79142862372100342
leaf_count=21 67 28 27 9 37 28 24 27 28 70 121 17
internal_value=-0.00532083 -0.00173388 -0.00606203 -0.0134126 0.00936437 -0.00927616 0.00270716 -0.0103345 0.0161708 -0.0237038 -0.0363909 -0.0403894
internal_weight=25.9249 24.0215 21.8381 14.8789 6.95913 4.81568 9.26298 4.82328 4.4397 3.48145 5.61596 4.98675
internal_count=504 437 409 247 162 125 100 48 52 97 147 138
is_linear=0
shrinkage=0.05


Tree=66
num_leaves=15
num_cat=0
split_feature=16 16 25 13 6 24 24 12 9 23 8 5 9 9
split_gain=1.08748 1.3957 1.07228 1.67151 0.918807 1.78375 1.21995 1.12216 0.914228 0.314732 0.271056 0.13688 0.0460066 0.229835
threshold=126.50000000000001 116.50000000000001 -1.0676820372468581 0.55100000000000016 1.0000000180025095e-35 -0.28685517520646148 0.41071888827797182 -0.54649999999999987 -0.023499999999999997 3.5000000000000004 -0.064999999999999988 0.59650000000000014 -1.0000000180025095e-35 0.017500000000000005
decision_type=2 2 2 10 2 2 2 2 2 2 2 2 2 2
left_child=1 9 -2 10 5 -3 -7 -6 -9 -1 -4 -12 -10 -14
right_child=2 4 3 -5 7 6 -8 8 12 -11 11 -13 13 -15
leaf_value=0.0012926034049809429 0.0044236518614168109 -0.034297416777332952 -0.0037744448892755231 0.015561732444045641 -0.010979661078237979 0.038002652730121184 -0.0087638870789541398 -0.0005710823630053326 0.054788867332891011 -0.033073224115909898 -0.043400696539497248 -0.0082981481756444018 -0.0019069749412383111 0.02810289227089964
leaf_weight=0.79589526169002356 3.9810554012656212 1.8227037768810985 0.81011548731476057 1.3744377316907046 1.3358523165807117 1.7693491093814357 2.2065537450835109 1.4308749353513106 1.6561638899147499 1.6185142165049908 4.4326713401824218 0.87011192087084044 0.80602219887078141 0.79186388943344355
leaf_count=16 31 55 13 28 28 18 29 33 17 44 129 18 26 19
internal_value=-0.00515665 0.00403403 -0.0159722 -0.0260602 0.0113683 -0.00289334 0.0155029 0.0235594 0.0336069 -0.024684 -0.0362907 -0.0398713 0.0452371 0.018058
internal_weight=25.7022 14.2338 11.4684 7.48734 11.8194 5.79861 3.9759 6.02078 4.68492 2.41441 6.1129 5.30278 3.25405 1.59789
internal_count=504 285 219 188 225 102 47 123 95 60 160 147 62 45
is_linear=0
shrinkage=0.05


Tree=67
num_leaves=12
num_cat=0
split_feature=15 2 25 21 2 16 9 2 7 18 18
split_gain=1.94857 2.13316 1.48617 1.87019 1.89954 1.39224 1.10072 1.48245 1.06913 1.05247 0.780755
threshold=7.5000000000000009 23.125000000000004 -1.7996391003184098 3.5000000000000004 23.295000000000005 122.50000000000001 -0.011499999999999998 23.435000000000006 -0.013999999999999997 -0.099999999999999992 -0.014999999999999998
decision_type=2 2 2 2 2 2 2 2 2 2 2
left_child=2 5 -1 8 -5 -2 7 -6 -4 -8 -9
right_child=1 -3 3 4 6 -7 9 10 -10 -11 -12
leaf_value=-0.034168995706992639 0.03895377502841503 -0.043251492911902889 0.0031755474963365941 -0.03722789444524869 0.026487168107644222 -0.017671646742880815 0.04585496927923835 -0.036870944203204324 0.04021271812181626 -0.0043821810526318032 0.0091283946292229252
leaf_weight=1.320848461240536 0.98117442615330164 4.4902030853554606 3.4689716659486294 2.3887212416157109 1.1522883037105263 1.5086840521544216 1.5621426692232492 2.2328242235817077 4.0624371636658934 1.4889634670689638 0.82158080674707301
leaf_count=12 14 164 33 67 15 36 19 63 36 32 13
internal_value=-0.00495827 -0.0256411 0.00376067 0.00839642 -0.00611808 0.00941059 0.00738922 -0.0087505 0.0255252 0.0263088 -0.0252982
internal_weight=25.4788 6.98006 18.4988 17.1779 9.64652 2.48986 7.2578 4.20669 7.53141 3.05111 3.05441
internal_count=504 214 290 278 209 50 142 91 69 51 76
is_linear=0
shrinkage=0.05


Tree=68
num_leaves=13
num_cat=0
split_feature=15 2 25 3 16 16 16 9 10 13 15 5
split_gain=1.82204 2.06395 1.41404 1.76215 1.31132 1.0695 1.00399 1.13177 0.8619 1.84254 2.43553 0.481614
threshold=7.5000000000000009 23.125000000000004 -1.7996391003184098 0.23750000000000002 122.50000000000001 131.50000000000003 119.50000000000001 -1.0000000180025095e-35 0.078200000000000006 0.36350000000000005 4.5000000000000009 0.13600000000000004
decision_type=2 2 2 2 2 2 2 2 2 8 2 2
left_child=2 4 -1 5 -2 6 7 -4 9 10 -8 -7
right_child=1 -3 3 -5 -6 11 8 -9 -10 -11 -12 -13
leaf_value=-0.033649356991945059 0.037655328613982006 -0.042849456897949258 -0.033923357272602803 0.044753165696422667 -0.01727159949383978 -0.034088248713204053 0.038395115636152791 0.01655674359659854 0.033064130659770798 -0.032473962705620057 -0.023043549140780308 0.0036593309781928936
leaf_weight=1.2904008701443732 0.99829698540270273 4.3194325203076005 1.7223612610250714 1.780185043811797 1.4900856865569947 1.642700552940368 3.5019667940214259 1.0883787432685519 3.1227764254435897 1.5799943143501876 1.6952140429057179 0.98135874420404423
leaf_count=12 14 164 45 9 36 36 34 22 39 43 33 17
internal_value=-0.00479432 -0.0250641 0.00360837 0.00811994 0.00924175 0.00138785 0.00769507 -0.0151611 0.0149798 0.00346702 0.0178704 -0.0228569
internal_weight=25.2132 6.80782 18.4053 17.1149 2.48838 15.3348 12.7107 2.81074 9.89995 6.77718 5.19718 2.62406
internal_count=504 214 290 278 50 269 216 67 149 110 67 53
is_linear=0
shrinkage=0.05


Tree=69
num_leaves=12
num_cat=0
split_feature=15 2 9 7 23 21 0 0 24 24 11
split_gain=1.69352 1.99593 1.29179 1.0474 1.66491 1.41389 2.06298 0.638485 0.797182 0.986041 0.584846
threshold=7.5000000000000009 23.125000000000004 0.012000000000000002 -0.013999999999999997 11.500000000000002 3.5000000000000004 96.200000000000017 58.725000000000009 -0.80432718729207731 2.2191001955163321 0.35150000000000003
decision_type=2 2 2 2 2 2 2 2 2 2 2
left_child=3 2 -2 4 7 -5 10 -1 -9 -10 -7
right_child=1 -3 -4 5 -6 6 -8 8 9 -11 -12
leaf_value=0.010453539394753422 -0.017470133414894746 -0.04244711017985462 0.036984690593308223 0.031903701100808514 0.026360196933773328 -0.035985856782361034 0.029722658530563079 0.0082539549327833601 -0.043730219743798759 0.003837897158660434 0.0019345316303092071
leaf_weight=0.92426351271570073 1.4667516490444534 4.1559841013513505 1.0202174466103313 4.4290575906634331 1.651444476097822 2.1772113768383865 1.9188193650916217 1.0334220426157106 3.5798409758135685 1.2304519265890119 1.3519689603708682
leaf_count=8 36 164 14 40 15 74 32 17 71 10 23
internal_value=-0.00470257 -0.0244976 0.0090688 0.00338155 -0.009016 0.0138068 -0.0035716 -0.0199303 -0.0255612 -0.0329961 -0.0242394
internal_weight=24.9394 6.64295 2.48697 18.2965 8.41942 9.87706 5.448 6.76798 5.84371 4.81029 3.52918
internal_count=504 214 50 290 121 169 129 106 98 81 97
is_linear=0
shrinkage=0.05


Tree=70
num_leaves=15
num_cat=0
split_feature=2 13 26 26 23 13 12 25 10 23 26 25 10 16
split_gain=2.38139 1.7303 1.08974 1.45102 1.58147 1.08484 0.8335 0.775495 1.22503 1.18069 0.744052 0.470252 0.352009 0.286588
threshold=23.785000000000004 0.63150000000000006 1.1931099126164333 1.0770060508093089 4.5000000000000009 0.17300000000000001 -0.090499999999999983 0.30263508891333496 -0.0036999999999999997 6.5000000000000009 -1.2208207792309047 -1.0767689296156264 -0.058799999999999998 125.50000000000001
decision_type=2 10 2 2 2 10 2 2 2 2 2 2 2 2
left_child=2 -2 3 4 11 6 -6 9 -9 12 -11 -1 -7 -12
right_child=1 -3 -4 -5 5 7 -8 8 -10 10 13 -13 -14 -15
leaf_value=0.007942253426307222 -0.041559059112576215 0.014088880832474643 -0.020362246984203178 0.045370177520109072 0.013998578012898128 0.012725726022321249 -0.026842040030465641 0.029284092393586987 -0.028825740058964822 0.0030191370630592955 0.052431881697555797 -0.033534392448559623 -0.016259834694498106 0.018477146181658952
leaf_weight=0.47402749210596118 3.4988436126150182 1.4348522494547067 1.7689175279811014 2.1038744994439176 1.4118172554299238 0.91853138990700278 1.8020766754634667 0.55348686687648307 1.238702584058045 1.7233676426112712 3.0864166896790204 1.759995928965522 1.3937611649744193 2.6801632731221616
leaf_count=4 109 35 54 21 13 9 30 4 49 19 32 65 38 37
internal_value=0.00247355 -0.0257282 0.00999652 0.0136729 0.00746207 0.0136309 -0.00983685 0.0204005 -0.00681895 0.0255477 0.0342145 -0.0249991 -0.00437988 0.0417135
internal_weight=25.8488 4.9337 20.9151 19.1462 17.0423 14.8083 3.21389 11.5944 1.79219 9.80224 7.48995 2.23402 2.31229 5.76658
internal_count=519 144 375 321 300 231 43 188 53 135 88 69 47 69
is_linear=0
shrinkage=0.05


Tree=71
num_leaves=15
num_cat=0
split_feature=2 13 2 3 5 18 13 18 11 1 23 23 13 11
split_gain=2.2271 1.66264 1.05909 1.1303 1.50605 1.06439 1.0775 0.976757 0.841913 0.581006 0.427433 0.382458 0.230789 0.160134
threshold=23.785000000000004 0.63150000000000006 22.880000000000006 0.018500000000000006 -0.13599999999999998 -0.064999999999999988 0.21650000000000003 -0.42499999999999993 -0.40749999999999992 69.46350000000001 7.5000000000000009 9.5000000000000018 0.22900000000000004 0.08450000000000002
decision_type=2 10 2 2 2 2 10 2 2 2 2 2 8 2
left_child=2 -2 8 12 5 6 -5 9 -1 -6 -8 -7 -4 -9
right_child=1 -3 3 4 7 11 10 13 -10 -11 -12 -13 -14 -15
leaf_value=0.013120342217134789 -0.041117776217763663 0.013618839861430929 0.0039214682526166117 -0.013235927058632217 0.020870169603400667 -0.032162546711445895 0.0044007314070466175 0.046738101412231066 -0.033017954317646203 -0.014563458650480851 0.039180607285484004 0.0011717332222902412 -0.026704577506176372 0.015460212183211891
leaf_weight=0.92765629384666715 3.3734903824515632 1.4444225635379551 0.55518141342327232 1.8197184335440395 1.2839470924809666 1.3711942955851655 1.6882121367380025 4.2532473942264737 1.5143758282065451 1.377223966643214 1.8639844097197054 1.2440312821418045 1.0419605141505599 1.9285299228504298
leaf_count=10 109 35 12 21 15 34 28 68 42 35 15 12 38 45
internal_value=0.00240708 -0.0251874 0.009638 0.013821 0.0177753 0.00145618 0.0136099 0.0308696 -0.0167715 0.00356328 0.027249 -0.0203678 -0.0186478 0.0404917
internal_weight=25.6872 4.81791 20.8693 18.4272 16.8301 7.98714 5.37191 8.84295 2.44203 2.66117 3.5522 2.61523 1.59714 6.18178
internal_count=519 144 375 323 273 110 64 163 52 50 43 46 50 113
is_linear=0
shrinkage=0.05


Tree=72
num_leaves=15
num_cat=0
split_feature=2 13 26 26 23 13 12 2 7 11 6 25 24 13
split_gain=2.07405 1.59753 1.00139 1.31338 1.44887 0.944076 0.832403 0.760016 1.15062 0.542447 1.51629 0.466279 0.443378 0.292531
threshold=23.785000000000004 0.63150000000000006 1.1931099126164333 1.0770060508093089 4.5000000000000009 0.17300000000000001 -0.10549999999999998 22.950000000000006 0.023000000000000003 0.078500000000000014 -0.74999999999999989 -1.0767689296156264 0.27370305780017212 0.36000000000000004
decision_type=2 10 2 2 2 10 2 2 2 2 2 2 2 10
left_child=2 -2 3 4 11 6 -6 -7 9 12 -11 -1 -9 -10
right_child=1 -3 -4 -5 5 7 -8 8 13 10 -12 -13 -14 -15
leaf_value=0.0080750430588526212 -0.040678020293466753 0.013164991845235965 -0.020048201607810373 0.04260258859339288 0.014594555419362942 -0.011812890915888394 -0.026333541858216236 0.049581037091824542 0.008029724477559631 0.028922051726646615 -0.026648548220128094 -0.03316690760535751 0.014764564831355829 -0.023388040785287615
leaf_weight=0.47214314341545138 3.2533252947032443 1.4537396798841653 1.7330487305298437 2.1488333712331942 1.3745236089453103 1.1751116281375278 1.7978601339273144 3.0410391418263298 0.59576200507581123 2.2280429545789961 1.0385680790059266 1.7132706115953755 2.7246972937136889 0.8145846021361649
leaf_count=4 109 35 54 21 12 20 31 34 14 21 40 65 31 28
internal_value=0.00228069 -0.024656 0.00920961 0.0127254 0.00678381 0.012669 -0.00935256 0.0189469 0.0231382 0.029344 0.00914936 -0.024519 0.037742 -0.0122912
internal_weight=25.5646 4.70706 20.8575 19.1244 16.9756 14.7902 3.17238 11.6178 10.4427 9.03235 3.26661 2.18541 5.76574 1.41035
internal_count=519 144 375 321 300 231 43 188 168 126 61 69 65 42
is_linear=0
shrinkage=0.05


Tree=73
num_leaves=15
num_cat=0
split_feature=2 24 2 3 5 25 18 25 18 1 23 5 26 11
split_gain=1.93396 1.34005 0.962226 1.01424 1.33676 1.00862 1.00035 0.871905 0.809333 0.794314 0.505651 0.437315 0.420259 0.317345
threshold=23.785000000000004 -0.95877792760838521 22.880000000000006 0.018500000000000006 -0.13599999999999998 -0.72154976026776829 -0.064999999999999988 -1.1526934293640394 -0.42499999999999993 70.077000000000012 10.500000000000002 -0.42149999999999993 -0.77621918267619527 0.096500000000000016
decision_type=2 2 2 2 2 2 2 2 2 2 2 2 2 2
left_child=2 -2 9 -4 6 -6 7 -5 12 -1 -8 -9 -7 -10
right_child=1 -3 3 4 5 8 10 11 13 -11 -12 -13 -14 -15
leaf_value=-0.032826819223478923 0.017495856902373326 -0.035814675581613074 -0.018238070754772892 0.027784534808209572 -0.0062252815908617094 0.021755335011611296 -0.032955101502729525 0.011635009548626675 0.051273452244416484 0.012149747289686371 0.0043408378735346051 -0.020544649404885304 -0.011062559788574502 0.012887980031772703
leaf_weight=1.4322322001680796 0.89900189545005549 3.7019487181678405 1.547650668304416 2.916869692504406 1.431500130333015 0.80619277060031924 1.4692993159405987 1.0041028307750823 3.9232645132578652 0.96109955385327328 1.1094683557748792 1.4450427023693917 1.2037552511319596 1.5506672337651251
leaf_count=35 20 124 50 18 19 9 36 14 59 17 10 32 35 41
internal_value=0.00216364 -0.0241341 0.00882058 0.0127946 0.0165048 0.0287517 0.00108381 0.0128673 0.0353872 -0.0165075 -0.0201799 -0.00780332 0.00495529 0.0440699
internal_weight=25.4021 4.60095 20.8011 18.4078 16.8602 8.91538 7.94478 5.36602 7.48388 2.39333 2.57877 2.44915 2.00995 5.47393
internal_count=519 144 375 323 273 163 110 64 144 52 46 46 44 100
is_linear=0
shrinkage=0.05


Tree=74
num_leaves=15
num_cat=0
split_feature=2 13 26 26 23 10 13 25 11 5 9 25 16 13
split_gain=1.79205 1.52599 0.907875 1.19012 1.33085 0.891395 1.30358 0.99834 1.28188 0.820787 1.26972 0.445336 0.348102 0.270913
threshold=23.785000000000004 0.63150000000000006 1.1931099126164333 1.0770060508093089 4.5000000000000009 -0.049249999999999995 0.17300000000000001 0.30263508891333496 -0.033999999999999996 -0.17599999999999996 -1.0000000180025095e-35 -1.0767689296156264 125.50000000000001 0.29650000000000004
decision_type=2 10 2 2 2 2 10 2 2 2 2 2 2 10
left_child=2 -2 3 4 11 -6 -7 8 12 -10 -11 -1 -8 -9
right_child=1 -3 -4 -5 5 6 7 13 9 10 -12 -13 -14 -15
leaf_value=0.0077777528644747303 -0.039882241064510132 0.013071398828747947 -0.019629929562523532 0.039956534510382002 0.032173082784804637 -0.022582175568468092 0.0085928178265986272 0.0063078613500843934 0.0021879722569306949 0.0019135811287134493 0.061194229780819925 -0.032742823195184498 -0.019756306598441672 -0.025912906925301862
leaf_weight=0.47154296189546618 3.0492266737855962 1.4527813857421277 1.6890889080241311 2.1905238190665832 3.0051107509061792 2.4590458991005901 1.2413625186309283 0.48735050298273541 1.7753535415977304 1.362671112641699 2.1319860885850872 1.6612820099108052 1.303804484196007 0.99234957899898291
leaf_count=4 109 35 54 21 28 38 17 11 23 24 22 65 27 41
internal_value=0.00205791 -0.0235243 0.00842844 0.0117658 0.00608119 0.0117073 0.00436255 0.0129921 0.0199653 0.0322572 0.0436475 -0.0241611 -0.00740587 -0.0170366
internal_weight=25.2735 4.50201 20.7715 19.0824 16.8919 14.759 11.7539 9.29488 7.81518 5.27001 3.49466 2.13282 2.54517 1.4797
internal_count=519 144 375 321 300 231 203 165 113 69 46 69 44 52
is_linear=0
shrinkage=0.05


Tree=75
num_leaves=14
num_cat=0
split_feature=11 10 11 10 12 13 5 0 14 0 22 7 24
split_gain=1.47747 1.34957 1.45616 1.57313 1.27192 1.26066 1.70984 1.59348 1.03876 0.793134 0.662437 0.573159 0.146076
threshold=0.46700000000000003 0.072150000000000006 0.078500000000000014 0.021100000000000004 0.74900000000000011 0.13300000000000003 0.022500000000000003 83.000000000000014 5.5000000000000009 69.180000000000021 5.5000000000000009 -0.026499999999999996 2.4223044302660264
decision_type=2 2 2 2 2 8 2 2 2 2 2 2 2
left_child=1 2 3 5 10 -1 8 -8 -7 -10 -3 -9 -11
right_child=-2 4 -4 -5 -6 6 7 11 9 12 -12 -13 -14
leaf_value=0.02781955188661972 -0.033408286295389993 0.0067052486570078444 -0.034315016262832121 0.040408113883317089 -0.010061168239782309 0.011618098046515896 -0.025602784432759665 0.0017039267441376468 0.0016807605599390288 -0.040316805994485221 0.050254363657367032 0.042210276812429497 -0.0070239807343307238
leaf_weight=1.890460501424976 1.7632405390031625 1.6574331894516938 1.9257491743192066 1.5160808134824026 1.4962054267525671 1.4287553085014248 0.97524772118777114 1.3623418314382434 1.603207168169315 4.3078323076479137 2.3372499453835189 1.9616382010281086 0.86528676748275746
leaf_count=17 71 23 90 13 16 19 44 23 19 110 37 27 7
internal_value=0.0012934 0.00518183 -0.00182381 0.00390534 0.0247139 -0.00231425 -0.00859272 0.0148069 -0.02113 -0.0286409 0.0371455 0.0298421 -0.036788
internal_weight=25.0907 23.3275 17.8366 15.9109 5.49089 14.3948 12.5043 4.29923 8.20508 6.77633 3.99468 3.32398 5.17312
internal_count=516 445 369 279 76 266 249 94 155 136 60 50 117
is_linear=0
shrinkage=0.05


Tree=76
num_leaves=14
num_cat=0
split_feature=11 0 10 11 15 24 2 26 25 25 13 13 1
split_gain=1.4117 1.29258 1.49559 1.54503 1.48936 1.71205 1.70752 0.770561 0.650419 0.631264 0.369204 0.229571 0.0239947
threshold=0.46700000000000003 57.600000000000009 0.072150000000000006 0.078500000000000014 9.5000000000000018 0.27370305780017212 23.185000000000006 -0.18882030714404449 0.14932401534386966 -1.3050665276923856 0.39950000000000008 0.15850000000000003 100.16250000000001
decision_type=2 2 2 2 2 2 2 2 2 2 10 8 2
left_child=1 -1 3 4 5 7 -7 -3 11 -6 -4 -9 -8
right_child=-2 2 10 -5 9 6 12 8 -10 -11 -12 -13 -14
leaf_value=-0.031246047620419631 -0.032991067111839793 0.049849787164099324 0.007965046472415388 -0.033529877031261826 0.012247673158153026 0.015160267553018421 -0.034484919795575379 0.0070625304109150607 0.023577163817357912 -0.034085636720343752 0.039034753136369553 -0.021809805322976338 -0.0088525846526990182
leaf_weight=1.2714609922841251 1.7102562291547645 2.1871445742435824 2.0834922124631694 1.8073361909482617 0.42063783295452628 4.1383019825443625 1.6112970346584918 0.51899623125791383 2.5787530848756433 1.8306604432873417 2.9986468865536153 0.72452518111094844 1.030060715973377
leaf_count=24 71 21 36 88 5 38 30 9 36 72 34 33 19
internal_value=0.00128479 0.00507019 0.00844661 0.00073024 0.00668081 0.0135069 -0.0038721 0.0308687 0.0119224 -0.0243242 0.0297011 -0.0119828 -0.0296652
internal_weight=24.9116 23.2013 21.9299 16.8477 15.0404 12.7891 6.77966 6.00942 3.82227 2.2513 5.08214 1.24352 2.64136
internal_count=516 445 421 351 263 186 87 99 78 77 70 42 49
is_linear=0
shrinkage=0.05


Tree=77
num_leaves=15
num_cat=0
split_feature=0 26 26 15 6 5 25 5 0 22 16 16 5 5
split_gain=1.1281 1.12299 1.18734 1.47876 1.10638 0.978264 1.20378 0.995271 1.11336 1.23529 0.879617 1.51551 1.13704 0.0799145
threshold=57.600000000000009 -1.5788965662037384 -0.67689097792996578 9.5000000000000018 -1.0000000180025095e-35 -0.06649999999999999 -1.0767689296156264 0.13600000000000004 99.435000000000016 10.500000000000002 131.50000000000003 125.50000000000001 -0.12049999999999998 -0.59699999999999986
decision_type=2 2 2 2 2 2 2 2 2 2 2 2 2 2
left_child=-1 -2 10 4 13 6 -6 -7 -9 -10 11 12 -3 -4
right_child=1 2 3 -5 5 7 -8 8 9 -11 -12 -13 -14 -15
leaf_value=-0.031983950225628263 -0.02985615962031541 0.023622641195390384 -0.0020879723901205869 -0.033914555854568679 0.013934555774474531 0.040435719135395648 -0.031919381918202303 -0.026656370375050132 -0.012435728486082882 0.043467867927462621 -0.0055975607037340551 0.050002229437884772 -0.022872371519441614 -0.028348805632428465
leaf_weight=1.3522097943350697 1.2331741377711321 1.927311144769192 0.53153869975358237 1.9082582751289017 2.4246443137526517 2.8720998829230497 1.5097937276586915 1.0773186101578178 1.1829718817025425 1.1635999577119944 2.0225008055567741 3.011733110062778 1.4007108286023209 1.1394870588555974
leaf_count=26 34 19 5 103 17 37 50 60 32 10 26 23 32 42
internal_value=0.00113507 0.00428063 0.00738579 -0.00180791 0.00556974 0.0120839 -0.0065641 0.0230397 0.0026055 0.0199907 0.02114 0.0292703 0.00329039 -0.0239046
internal_weight=24.7574 23.4051 22.172 13.8097 11.9015 10.2304 3.93444 6.29599 3.42389 2.34657 8.36226 6.33976 3.32802 1.67103
internal_count=516 490 456 356 253 206 67 139 102 42 100 74 51 47
is_linear=0
shrinkage=0.05


Tree=78
num_leaves=14
num_cat=0
split_feature=11 24 15 23 22 21 13 3 9 9 10 5 12
split_gain=1.30184 1.18479 1.75179 1.67287 2.00186 0.844423 0.850906 0.773964 0.629683 1.25175 0.620323 0.230337 0.0233441
threshold=0.46700000000000003 -0.46953221214599167 9.5000000000000018 10.500000000000002 3.5000000000000004 2.5000000000000004 0.13950000000000004 0.23750000000000002 -0.027499999999999997 -0.054999999999999993 0.072150000000000006 0.43200000000000005 0.08450000000000002
decision_type=2 2 2 2 2 2 10 2 2 2 2 2 2
left_child=1 2 8 4 5 6 -3 -8 9 -1 -5 -6 -10
right_child=-2 3 -4 10 11 -7 7 -9 12 -11 -12 -13 -14
leaf_value=0.032516012463660572 -0.032409971678656613 0.017681570294275483 -0.024436282665685757 0.0006134493142627049 -0.040817595738791353 0.024305879004628026 -0.035352528822495496 0.0024807302587859757 0.015669575286774429 -0.024922125782716308 0.033028402301968129 -0.0024297863857039993 0.051283242240419684
leaf_weight=0.92008615471422672 1.6377880233339954 1.5355570688843743 0.90718088066205371 2.6114152716472736 3.4947660709731281 2.1089514582417905 1.883592320140451 2.3152916636317968 1.293854387942708 0.89980831835418917 2.5137829054147005 0.57254229253157962 1.8896621805615721
leaf_count=10 71 9 50 31 135 34 38 18 26 31 23 15 25
internal_value=0.000968965 0.00460531 0.0220845 -0.00234732 -0.0124398 0.003017 -0.007259 -0.0180265 0.0331847 0.00534995 0.0193088 -0.0369598 0.0440144
internal_weight=24.5843 22.9465 5.91059 17.0359 11.9107 7.84339 5.73444 4.19888 5.00341 1.81989 5.1252 4.06731 3.18352
internal_count=516 445 142 303 249 99 65 56 92 41 54 150 51
is_linear=0
shrinkage=0.05


Tree=79
num_leaves=15
num_cat=0
split_feature=11 0 10 11 15 5 7 0 12 25 25 12 26 11
split_gain=1.24393 1.1384 1.23107 1.4407 1.2649 1.51917 1.44655 1.16362 0.92919 0.90358 0.604006 0.335434 0.447653 0.0384251
threshold=0.46700000000000003 57.600000000000009 0.072150000000000006 0.078500000000000014 9.5000000000000018 -0.13599999999999998 -0.042499999999999989 70.265000000000015 0.74900000000000011 -1.0767689296156264 -1.3050665276923856 0.64250000000000018 -0.74494621240981662 -0.12849999999999998
decision_type=2 2 2 2 2 2 2 2 2 2 2 2 2 2
left_child=1 -1 3 4 5 9 -7 -8 11 -3 -6 12 -4 -11
right_child=-2 2 8 -5 10 6 7 -9 -10 13 -12 -13 -14 -15
leaf_value=-0.030207098319868432 -0.032001484261503468 0.0085181463808753199 -0.0092607329197487362 -0.033009102989500216 0.012289719472449388 -0.013583054620418736 -0.002657933827732167 0.04809804389845055 -0.0064416094002536783 -0.030398858574619738 -0.033061743480519511 0.049816018924928027 0.026065911846116521 -0.0055413122970123622
leaf_weight=1.1923091243952573 1.5897456482052792 3.9407130368053913 0.85871830210089717 1.7337368759326626 0.41839445568621192 1.2269501779228527 1.3199812918901344 4.1130850538611412 1.2901686765253542 1.3302101218141618 1.6926298290491093 1.8062680135481057 1.1502613080665463 0.73724339343608125
leaf_count=24 71 28 17 88 5 21 27 57 14 36 72 15 24 17
internal_value=0.000948379 0.00449231 0.00765697 0.000531496 0.0063087 0.0125209 0.0273517 0.0372704 0.0268418 -0.00547599 -0.0230122 0.0370973 0.0129065 -0.026231
internal_weight=24.4004 22.8107 21.6184 16.5129 14.7792 12.6682 6.66002 5.43307 5.10542 6.00817 2.11102 3.81525 2.00898 2.06745
internal_count=516 445 421 351 263 186 105 84 70 81 77 56 41 53
is_linear=0
shrinkage=0.05


Tree=80
num_leaves=14
num_cat=0
split_feature=6 11 2 16 2 12 0 14 13 16 21 15 13
split_gain=1.42553 1.25497 0.866609 0.983922 0.862191 1.77953 1.88389 0.85978 0.740862 0.61568 0.406536 0.396307 0.140321
threshold=1.2500000000000002 0.48650000000000004 22.880000000000006 116.50000000000001 23.165000000000003 0.58550000000000002 81.780000000000015 5.5000000000000009 0.33950000000000008 123.50000000000001 7.5000000000000009 3.5000000000000004 0.21800000000000003
decision_type=2 2 2 2 2 2 2 2 10 2 2 2 10
left_child=1 2 -1 -4 12 6 -6 -8 9 -9 -10 -11 -5
right_child=-2 -3 3 4 5 -7 7 8 10 11 -12 -13 -14
leaf_value=-0.019172675082427402 -0.032632706818285361 -0.02960207778600988 -0.017842444564322473 0.010038874899935206 -0.036545876636910855 0.032149652221531974 0.034385321012787143 0.030152174572268098 -0.030505046126507975 0.011629989323287203 0.0038538984850366611 -0.01843852918784326 0.038410227525610491
leaf_weight=1.5478969793766832 1.6693917997181404 1.3115827571600664 1.6240395512431884 1.5060161817818905 2.1683964114636165 4.1389822349883607 1.3544388776645178 1.3585634697228557 1.3409841496031734 1.2421542098745706 1.0441370015032587 1.2026307419873772 3.0877362205646932
leaf_count=33 70 59 38 17 82 39 20 18 38 16 23 27 36
internal_value=0.00212485 0.00591365 0.00928224 0.0122829 0.0157167 0.00831147 -0.00390138 0.0086625 -0.000967544 0.011779 -0.0187686 -0.00422001 0.0325664
internal_weight=24.597 22.9276 21.616 20.0681 18.444 13.8503 9.7113 7.54291 6.18847 3.80335 2.38512 2.44478 4.59375
internal_count=516 446 387 354 316 263 224 142 122 61 61 43 53
is_linear=0
shrinkage=0.05


Tree=81
num_leaves=15
num_cat=0
split_feature=26 11 16 2 2 12 0 10 10 16 16 24 9 10
split_gain=1.28903 1.2454 0.853997 0.896384 0.911595 1.59224 1.29593 1.00294 1.46086 1.49991 0.486838 0.347854 0.200572 0.19499
threshold=1.1931099126164333 0.48650000000000004 116.50000000000001 22.880000000000006 23.155000000000005 0.58550000000000002 81.780000000000015 -0.11055 -0.037749999999999999 124.50000000000001 126.50000000000001 -0.81186116883646531 -1.0000000180025095e-35 0.032250000000000008
decision_type=2 2 2 2 2 2 2 2 2 2 2 2 2 2
left_child=1 2 12 -4 10 6 11 -8 -9 13 -5 -6 -1 -10
right_child=-2 -3 3 4 5 -7 7 8 9 -11 -12 -13 -14 -15
leaf_value=-0.026788077118926064 -0.031836069059627402 -0.029699095900453571 -0.01783585027096133 0.046597577004787089 0.0032430657654396755 0.030654888989495102 -0.025784285300937012 0.038067520966391134 0.0012545095128109604 -0.028130495318296291 0.008922607821324563 -0.035447435751904829 0.0018121121253312491 0.030242813606059789
leaf_weight=0.96923790127038956 1.560548003297298 1.3266653507016588 1.4609806137159491 2.0995464730076518 0.52738914452493224 4.1716656233184031 0.93745509721339715 2.6224687155336239 0.93489240435881438 2.1153005168307573 1.9926193496212361 1.9617387647740523 0.71701798867435218 1.049693272449076
leaf_count=26 60 62 31 21 13 39 19 20 23 70 25 70 18 19
internal_value=0.00197306 0.00551465 0.00890189 0.0119991 0.0151633 0.00804326 -0.00316705 0.007474 0.0148503 -0.00455287 0.0336072 -0.0286698 -0.0184795 0.0215828
internal_weight=24.4472 22.8867 21.56 19.8737 18.4128 14.3206 10.1489 7.65981 6.72235 4.09989 4.09217 2.48913 1.68626 1.98459
internal_count=516 456 394 350 319 273 234 151 132 112 46 83 44 42
is_linear=0
shrinkage=0.05


Tree=82
num_leaves=12
num_cat=0
split_feature=6 11 2 16 2 12 1 13 21 25 16
split_gain=1.2891 1.12954 0.762225 0.867202 0.746855 1.49486 1.71929 0.778564 0.969331 0.498208 0.139069
threshold=1.2500000000000002 0.48650000000000004 22.880000000000006 116.50000000000001 23.165000000000003 0.58550000000000002 81.693000000000012 0.33750000000000008 7.5000000000000009 -0.18023979160142647 126.50000000000001
decision_type=2 2 2 2 2 2 2 8 2 2 2
left_child=1 2 -1 -4 10 6 -6 9 -9 -8 -5
right_child=-2 -3 3 4 5 -7 7 8 -10 -11 -12
leaf_value=-0.018316444463013306 -0.031857460609689879 -0.028833921112749218 -0.017119631410359108 0.038590375669077928 -0.035715826295312822 0.029239552433739619 0.027646745944569125 -0.031076319929928698 0.0148911644199977 -0.0040289996922757481 0.012606384931924217
leaf_weight=1.5089025069028235 1.5776312998495985 1.2419043509289611 1.5826553488150263 2.3258412508294013 2.044446805957703 4.2025099610909811 3.3031701766885915 1.4129810451995584 1.3453186745755372 1.4226535395719011 2.3133062710985541
leaf_count=33 70 59 38 26 82 39 39 42 29 32 27
internal_value=0.0018083 0.00539296 0.00856904 0.0113793 0.0145917 0.00763894 -0.00376017 0.00815002 -0.0106596 0.0190729 0.0301667
internal_weight=24.2813 22.7037 21.4618 19.9529 18.3702 13.7311 9.52857 7.48412 2.7583 4.72582 4.63915
internal_count=516 446 387 354 316 263 224 142 71 71 53
is_linear=0
shrinkage=0.05


Tree=83
num_leaves=15
num_cat=0
split_feature=6 11 2 16 8 9 13 9 5 0 13 25 2 22
split_gain=1.22186 1.07057 0.713059 0.809475 0.739154 1.04339 1.17382 1.33945 1.51629 1.42146 1.13753 0.943038 0.429637 0.218814
threshold=1.2500000000000002 0.48650000000000004 22.880000000000006 116.50000000000001 -0.084999999999999992 -0.06699999999999999 0.13950000000000004 -0.011499999999999998 0.10700000000000001 82.625000000000014 0.30450000000000005 -1.3963056051382445 23.595000000000002 3.5000000000000004
decision_type=2 2 2 2 2 2 8 2 2 2 8 2 2 2
left_child=1 2 -1 -4 -5 -6 -7 11 9 10 -9 -8 -13 -14
right_child=-2 -3 3 4 5 6 7 8 -10 -11 -12 12 13 -15
leaf_value=-0.017900246106779122 -0.031454913167599428 -0.028460162960827179 -0.016728813928810433 -0.015942612622359988 0.041562745830653045 0.039355443415310526 0.017554432978343089 0.035586778536287576 0.043692523299815815 -0.031133577140860649 -0.010694623037089287 -0.032324393814827636 0.011778674568814169 -0.012908181890213864
leaf_weight=1.490508964285264 1.5318910661153484 1.2092658993788052 1.5625256951898361 1.1279725376516676 2.5477774580940755 1.8141496353782489 1.0912962555885313 1.9313436476513612 2.1686160271055996 1.4434424992650745 1.7719603248406199 2.859335582237704 0.78566884109750368 0.80865053716115654
leaf_count=33 70 59 38 12 24 18 7 26 37 47 39 59 14 33
internal_value=0.00163089 0.0051095 0.00819186 0.0109075 0.0140036 0.0167322 0.0100446 0.00336868 0.0164808 -0.000227942 0.0158765 -0.013805 -0.0232989 -0.000891786
internal_weight=24.1444 22.6125 21.4032 19.9127 18.3502 17.2222 14.6745 12.8603 7.31536 5.14675 3.7033 5.54495 4.45365 1.59432
internal_count=516 446 387 354 316 304 280 262 149 112 65 113 106 47
is_linear=0
shrinkage=0.05


Tree=84
num_leaves=14
num_cat=0
split_feature=6 26 5 16 12 12 12 0 3 6 16 5 7
split_gain=1.16406 1.05621 0.863952 1.41073 0.993183 1.19196 1.56252 1.02601 0.980317 0.932507 0.803202 0.342752 0.128406
threshold=1.2500000000000002 -1.5788965662037384 -0.36549999999999994 132.50000000000003 -0.22449999999999998 0.14950000000000002 0.47300000000000003 99.435000000000016 0.051500000000000011 1.0000000180025095e-35 127.50000000000001 0.13600000000000004 -1.0000000180025095e-35
decision_type=2 2 2 2 2 2 2 2 2 2 2 2 2
left_child=1 -1 10 4 7 9 -7 -4 12 -6 -3 -5 -8
right_child=-2 2 3 11 5 6 8 -9 -10 -11 -12 -13 -14
leaf_value=-0.028880969989617179 -0.031056317728469274 0.00016601479799999207 -0.033485401746307902 -0.034683016813649721 -0.0035177768162726088 -0.031703797849016009 0.0029090252477172243 0.010386570727464857 0.028783053036213865 0.044412717515597666 0.038452309286740628 0.00014008551979134248 -0.021417692695344985
leaf_weight=1.1513184164650798 1.4879274554550637 2.1780433489475497 1.5438653337769292 1.757161496439948 1.1554628117009853 1.5388629105873404 0.48573570093140761 2.0639483658596873 3.0300783691927791 3.1977221011184156 2.7320119065698236 0.93933752132579673 0.69328833743929086
leaf_count=33 70 34 49 44 22 62 18 28 26 55 25 23 27
internal_value=0.00153608 0.00492603 0.00796444 0.00193608 0.0087738 0.0164318 0.000527874 -0.01158 0.0161359 0.03341 0.0243707 -0.025796 -0.0146599
internal_weight=23.9548 22.4668 21.3155 16.4055 13.709 10.1012 5.74797 3.60781 4.2091 4.35318 4.91006 2.6965 1.17902
internal_count=516 446 413 354 287 210 133 77 71 77 59 67 45
is_linear=0
shrinkage=0.05


Tree=85
num_leaves=15
num_cat=0
split_feature=24 26 16 26 2 2 12 0 12 13 26 25 23 10
split_gain=1.34473 1.18872 1.17169 1.15678 0.776597 1.12924 1.2214 1.66824 1.21823 0.656136 0.683319 0.337433 0.307355 0.239143
threshold=2.6267181571519473 -1.5788965662037384 116.50000000000001 1.1559597609029795 22.880000000000006 23.165000000000003 0.58550000000000002 81.780000000000015 0.74900000000000011 0.33750000000000008 0.58685003304895444 -0.28209052147947244 3.5000000000000004 -0.09484999999999999
decision_type=2 2 2 2 2 2 2 2 2 8 2 2 2 2
left_child=1 -1 12 4 -4 -6 7 -7 -8 11 -11 -9 -3 -5
right_child=-2 2 3 13 5 6 8 9 -10 10 -12 -13 -14 -15
leaf_value=-0.028188512730574794 -0.03238213444233734 0.0047316099407860189 -0.012675868093014006 0.0047241199399630134 0.040578269458314192 -0.033398366610373313 0.050210468585590411 0.030012691665493293 -0.00055934575170374248 -0.022256272225963894 0.018104534338763491 0.0012602661586311821 -0.028980858556960448 -0.026406336494038202
leaf_weight=1.0818299544043899 1.1854276657104481 0.62343693524599331 1.1590051613748134 0.50868806056678284 4.7508283751085427 1.7056641215458492 2.2037336849607518 2.8482696905266494 1.8374227308668194 1.5714822430163624 0.83863459061831225 1.5122512262314556 1.1763936760835347 1.0236085192300368
leaf_count=31 12 14 29 7 53 76 22 33 32 50 22 33 40 48
internal_value=0.00553273 0.00877616 0.0117718 0.0154254 0.0190258 0.0217309 0.012105 0.000459492 0.0315947 0.0121894 -0.00702146 0.0221365 -0.0197842 -0.0182873
internal_weight=24.0267 22.8412 21.7594 19.9596 18.4273 17.2683 12.5175 8.4763 4.04116 6.77064 2.41012 4.36052 1.79983 1.5323
internal_count=502 490 459 405 350 321 268 214 54 138 72 66 54 55
is_linear=0
shrinkage=0.05


Tree=86
num_leaves=15
num_cat=0
split_feature=24 26 2 3 2 12 12 12 12 25 10 1 21 2
split_gain=1.27259 1.12474 0.955156 1.03331 0.780294 1.2907 1.03586 1.08943 1.00316 0.614393 1.03314 0.529531 0.466531 0.435536
threshold=2.6267181571519473 -1.5788965662037384 22.880000000000006 0.015500000000000002 23.165000000000003 0.58550000000000002 0.14000000000000004 -0.53799999999999992 0.74900000000000011 0.44866061890724424 -0.034099999999999998 69.569000000000003 7.5000000000000009 23.665000000000003
decision_type=2 2 2 2 2 2 2 2 2 2 2 2 2 2
left_child=1 -1 -3 -4 11 6 7 -6 -7 10 -9 -5 -12 -8
right_child=-2 2 3 4 5 8 13 9 -10 -11 12 -13 -14 -15
leaf_value=-0.027808252182976497 -0.031898021114995415 -0.018798282393334548 -0.023477783985699288 0.0096643427977054913 -0.025228366328745706 0.046231395174118478 -0.03374928316632049 0.02335131691761794 -0.00010846844079745258 0.037260623271489039 -0.029275382447645021 0.043462930486968018 0.0097840244891809411 0.0008672276079967772
leaf_weight=1.0561202401295364 1.1590943932533253 1.5564385554753268 0.84179734159261244 2.653521845117214 0.91783794062213075 2.2774370010010889 1.6307229939848187 2.229691508226106 1.8071854272857306 1.6106049660593269 1.2780594096984503 3.011587125249207 0.55551664065569628 1.3133603690657762
leaf_count=31 12 45 53 33 28 21 52 22 27 23 68 35 18 34
internal_value=0.00520463 0.00835981 0.0112696 0.0143745 0.0171026 0.00938904 -0.00132351 0.00959396 0.0297399 0.0181631 0.0047293 0.031457 -0.018165 -0.0220023
internal_weight=23.899 22.7399 21.6838 20.1273 19.2855 13.6204 9.53579 6.59171 4.08462 5.67387 4.06327 5.66511 1.83358 2.94408
internal_count=502 490 459 414 361 293 245 159 48 131 108 68 86 86
is_linear=0
shrinkage=0.05


Tree=87
num_leaves=15
num_cat=0
split_feature=16 26 11 11 2 12 12 12 11 3 2 13 13 19
split_gain=0.963214 1.01612 1.08215 0.904099 1.24396 0.977656 0.475997 0.828639 1.55254 0.867069 1.52777 0.686105 0.531344 0.308327
threshold=116.50000000000001 -1.5788965662037384 -0.42849999999999994 -0.40749999999999992 22.880000000000006 -0.61449999999999994 0.74900000000000011 0.64250000000000018 0.078500000000000014 0.10350000000000002 23.185000000000006 0.19550000000000003 0.63150000000000006 10.500000000000002
decision_type=2 2 2 2 2 2 2 2 2 2 2 10 10 2
left_child=13 -2 -3 -4 -5 -6 7 8 9 11 -11 -7 -10 -1
right_child=1 2 3 4 5 6 -8 -9 12 10 -12 -13 -14 -15
leaf_value=0.0036239447955557984 -0.026830516864827 -0.026136410364725023 0.046000998821312769 -0.028072739515379842 -0.023512444179565727 -0.0047974914749321206 -0.0044216204263024866 0.045710781402703182 -0.026424053674882271 0.024569230473066292 -0.023917153465035715 0.039580770785023478 0.0092937891372638203 -0.030638153175323868
leaf_weight=0.64406581036746757 0.97949941083789127 0.91784111689777148 1.0720832422375774 1.0540909348055603 0.80052351206542738 0.78799086390061912 2.0292173684574655 1.7084443070925761 1.9840921950526529 2.7826788257807493 1.8683916274458168 4.8171641521621495 0.97267901385202993 1.3500566277652977
leaf_count=11 27 19 6 33 26 22 34 14 95 25 40 76 24 50
internal_value=0.00492296 0.00825387 0.0110616 0.0139489 0.0098912 0.0135224 0.0164839 0.019426 0.0130504 0.0218549 0.00430604 0.0335601 -0.0152948 -0.0220577
internal_weight=23.7688 21.7747 20.7952 19.8774 18.8053 17.7512 16.9507 14.9214 13.213 10.2562 4.65107 5.60516 2.95677 1.99412
internal_count=502 441 414 395 389 356 330 296 282 163 65 98 119 61
is_linear=0
shrinkage=0.05


Tree=88
num_leaves=15
num_cat=0
split_feature=16 26 11 11 2 12 3 25 22 13 5 9 19 6
split_gain=0.905612 0.963849 1.02649 0.867277 1.17714 0.926327 0.78767 0.534446 1.08214 1.44481 0.533356 0.402335 0.298668 0.174289
threshold=116.50000000000001 -1.5788965662037384 -0.42849999999999994 -0.40749999999999992 22.880000000000006 -0.61449999999999994 0.015500000000000002 0.037573082092890807 3.5000000000000004 0.62800000000000011 0.19750000000000004 -0.027499999999999997 10.500000000000002 -0.74999999999999989
decision_type=2 2 2 2 2 2 2 2 2 10 2 2 2 2
left_child=12 -2 -3 -4 -5 -6 -7 8 13 10 -10 -9 -1 -8
right_child=1 2 3 4 5 6 7 11 9 -11 -12 -13 -14 -15
leaf_value=0.0035500004842823453 -0.026470671223962256 -0.025785171671613025 0.044756866883692792 -0.027693070793498926 -0.023209835964344172 -0.020041597210669518 0.032753922668891891 0.001803883167799899 -0.032480064321423509 0.030123210171794423 0.0061834803409333162 0.036839998289742985 -0.030233721547496595 0.012280484549248341
leaf_weight=0.64540291577577846 0.95733172353357332 0.89795369189233554 1.0745213162154055 1.0294516435824217 0.78387354267762788 0.64019634388386037 1.9887381410226224 1.1078622676432131 2.4034146452322607 0.83588352473452676 0.82859835820272554 3.9955115776974699 1.314004147890955 5.1133664711378533
leaf_count=11 27 19 6 33 26 39 15 35 78 9 19 74 50 61
internal_value=0.00464625 0.00787813 0.0106134 0.0134242 0.00944874 0.0129748 0.0158539 0.0183445 0.0106027 -0.00866895 -0.0234489 0.0307759 -0.0216664 0.0213485
internal_weight=23.6161 21.6567 20.6994 19.8014 18.7269 17.6974 16.9136 16.2734 11.17 4.0679 3.23201 5.10337 1.95941 7.1021
internal_count=502 441 414 395 389 356 330 291 182 106 97 109 61 76
is_linear=0
shrinkage=0.05


Tree=89
num_leaves=15
num_cat=0
split_feature=24 26 16 26 2 2 12 0 12 13 26 22 16 23
split_gain=1.14733 0.96774 0.976066 0.987012 0.602482 0.871242 1.04536 1.46697 0.991579 0.592787 0.618043 0.361667 0.391301 0.28634
threshold=2.6267181571519473 -1.5788965662037384 116.50000000000001 1.1559597609029795 22.880000000000006 23.165000000000003 0.58550000000000002 81.780000000000015 0.74900000000000011 0.33750000000000008 0.58685003304895444 3.5000000000000004 124.50000000000001 3.5000000000000004
decision_type=2 2 2 2 2 2 2 2 2 8 2 2 2 2
left_child=1 -1 13 4 -4 -6 7 -7 -8 11 -11 -9 -13 -3
right_child=-2 2 3 -5 5 6 8 9 -10 10 -12 12 -14 -15
leaf_value=-0.026712691200291763 -0.031189362179189634 0.0046244216360423708 -0.01159956640937926 -0.017982577140760261 0.0355543649986109 -0.032610897035342527 0.045379969124991745 0.029859470890748026 -0.00056930724725826835 -0.022020287796934289 0.016571145335473724 0.017500388108205804 -0.014403313752823397 -0.028095824509075124
leaf_weight=0.98442167975009098 1.1115294080227602 0.61673550261184829 1.0932670831680358 1.4628787394613016 4.8048490434885052 1.6157852918840925 2.1917949947528532 2.453056386904791 1.8186028525233267 1.5274474723264577 0.84405799861997355 0.88068110588937976 0.97315494250506163 1.1095088436268268
leaf_count=31 12 14 29 55 53 76 22 25 32 50 22 14 27 40
internal_value=0.00439392 0.00742012 0.0101137 0.0134647 0.0167968 0.0191517 0.0105556 -0.000301367 0.0285883 0.0107447 -0.00744385 0.0202754 0.00157426 -0.0189975
internal_weight=23.4878 22.3762 21.3918 19.6656 18.2027 17.1094 12.3046 8.29418 4.0104 6.6784 2.37151 4.30689 1.85384 1.72624
internal_count=502 490 459 405 350 321 268 214 54 138 72 66 41 54
is_linear=0
shrinkage=0.05


Tree=90
num_leaves=13
num_cat=0
split_feature=26 26 19 10 13 24 9 2 16 25 0 26
split_gain=0.816776 1.17413 1.34995 1.20205 0.878965 1.6392 0.61624 0.596874 0.669952 0.336215 0.423886 0.19804
threshold=-1.5788965662037384 -0.67689097792996578 13.000000000000002 -0.091499999999999984 0.12450000000000001 -0.72064439447454853 -0.0044999999999999997 23.745000000000001 127.50000000000001 -1.4298224056432189 108.70500000000001 -1.0797096700873816
decision_type=2 2 2 2 8 2 2 2 2 2 2 2
left_child=-1 7 3 -3 -5 6 -6 11 -9 -7 -11 -2
right_child=1 2 -4 4 5 9 -8 8 -10 10 -12 -13
leaf_value=-0.027844259094323351 0.0097392726886728533 0.026861473133207428 -0.034694499712391781 0.020806207618880579 -0.0099516035230901526 -0.0013903265075792624 0.030149660605256715 -0.019518731909257545 0.016177948393242794 -0.039886232381502539 0.0029283006467097344 0.033553114505372475
leaf_weight=1.0726591995917285 2.4981258483603597 2.7464716723188767 1.9536817651242024 1.4031776962801732 0.9492026083171371 1.0128295123577116 1.4168482576496897 1.3730276552960279 1.9466934772208331 3.2154194675385965 0.5188302514143287 3.3228218276053703
leaf_count=34 29 30 83 14 35 7 27 31 19 150 16 34
internal_value=0.0023699 0.00494958 -0.0045622 0.00306767 -0.00662207 -0.0139303 0.0158849 0.0177963 0.000313206 -0.0289692 -0.0345756 0.0262593
internal_weight=23.4298 22.3571 13.2165 11.2628 8.51631 7.11313 2.36605 9.14067 3.31972 4.74708 3.73425 5.82095
internal_count=509 475 362 279 249 235 62 113 50 173 166 63
is_linear=0
shrinkage=0.05


Tree=91
num_leaves=12
num_cat=0
split_feature=15 8 10 22 12 5 9 5 24 9 12
split_gain=0.808125 1.03776 1.63781 0.767731 1.4171 0.959374 0.918061 0.529684 0.774866 0.512961 0.291282
threshold=7.5000000000000009 1.0000000180025095e-35 -0.09484999999999999 3.5000000000000004 -0.11549999999999998 -0.084499999999999978 -0.027499999999999997 -0.71849999999999981 1.1257880309213457 -0.079499999999999987 0.14000000000000004
decision_type=2 2 2 2 2 2 2 2 2 2 2
left_child=3 2 -2 7 -5 -6 9 -1 -9 -7 -8
right_child=1 -3 -4 4 5 6 10 8 -10 -11 -12
leaf_value=0.037003929765043408 0.015829100964618089 0.014070368908372139 -0.039984639462170526 -0.033393132787215257 -0.024692853279661926 0.010794521850757495 0.040706696590340138 0.023146283660075137 -0.0066101052709364857 -0.024737019830994599 0.0077045413548474514
leaf_weight=1.6712653618305919 1.2833921276032922 1.9349519643001256 3.1039519000332794 1.7569031352177287 0.84654448041692631 1.3133508190512682 1.73974040336906 3.3941072779707664 3.6752260439097881 0.90380633482709516 1.6437492161057887
leaf_count=12 17 40 164 67 23 18 17 36 38 41 36
internal_value=0.00227096 -0.0118344 -0.0237503 0.00790008 -0.00302978 0.00861737 0.0166304 0.0174169 0.00877439 -0.00687656 0.030089
internal_weight=23.267 6.3223 4.38734 16.9447 8.20409 6.44719 5.60065 8.7406 7.06933 2.21716 3.38349
internal_count=509 221 181 288 202 135 112 86 74 59 53
is_linear=0
shrinkage=0.05


Tree=92
num_leaves=15
num_cat=0
split_feature=26 26 19 6 25 2 8 2 12 25 10 6 26 18
split_gain=0.772918 1.05817 1.28075 1.13773 0.576416 0.732224 0.704992 0.547475 0.713153 0.472172 0.316996 1.92574 0.204452 0.192523
threshold=-1.5788965662037384 -0.67689097792996578 13.000000000000002 0.15000000000000005 -1.5214652147831911 23.385000000000002 -1.0000000180025095e-35 23.745000000000001 0.66550000000000009 -1.1526934293640394 -0.10259999999999998 0.8500000000000002 0.054548596146463478 -0.18499999999999997
decision_type=2 2 2 2 2 2 2 2 2 2 2 2 2 2
left_child=-1 7 3 9 -5 10 -7 13 -9 -3 -6 -12 -8 -2
right_child=1 2 -4 4 5 6 12 8 -10 -11 11 -13 -14 -15
leaf_value=-0.027401117962751406 0.032257719616688767 0.0062049247007360669 -0.034188659650974888 -0.014285328798344987 0.044489582716314563 0.017895358451430306 0.0029512414404715328 0.016382799817695103 -0.020615253432354042 -0.03272077489099972 0.033167810129829563 -0.027458205250902607 -0.027572648405359359 0.0092315991421037368
leaf_weight=1.0419576233252907 3.2640268979594111 0.7159584574401382 1.877194116124884 1.0715142656117684 1.0281184017658231 1.2323326230980458 0.50304404087364663 1.9586532590910795 1.3267694171518085 1.6112094416748686 2.696055056992916 1.1263074353337286 1.0943837219383565 2.546061091125015
leaf_count=34 32 5 83 10 5 28 12 30 20 73 39 56 51 31
internal_value=0.00220618 0.00473315 -0.00441963 0.00303723 0.0114318 0.0162521 -0.00348937 0.0169172 0.000117627 -0.0224796 0.0263971 0.0133141 -0.0205249 0.0250046
internal_weight=23.0936 22.0516 12.9561 11.0789 8.75176 7.68024 2.82976 9.09551 3.28542 2.32717 4.85048 3.82236 1.59743 5.81009
internal_count=509 475 362 279 201 191 91 113 50 78 100 95 63 63
is_linear=0
shrinkage=0.05


Tree=93
num_leaves=15
num_cat=0
split_feature=26 26 19 6 26 26 26 18 2 12 25 7 10 16
split_gain=0.737294 0.983109 1.2212 1.07326 0.55353 0.844661 1.88153 0.536899 0.506575 0.672169 0.456305 0.200131 0.146309 0.122962
threshold=-1.5788965662037384 -0.67689097792996578 13.000000000000002 0.15000000000000005 1.1931099126164333 1.0770060508093089 0.59018434807399911 -0.34999999999999992 23.745000000000001 0.66550000000000009 -1.1526934293640394 -0.021499999999999995 -0.09484999999999999 126.50000000000001
decision_type=2 2 2 2 2 2 2 2 2 2 2 2 2 2
left_child=-1 8 3 10 5 6 7 -5 11 -10 -3 -2 -6 -9
right_child=1 2 -4 4 12 -7 -8 13 9 -11 -12 -13 -14 -15
leaf_value=-0.027035103080957131 0.0059197834510892125 0.0060745464061787513 -0.033766809702649801 -0.0041280032219612834 0.0040664472441389651 0.037765394585088263 -0.032444671157376176 0.037962662988940757 0.015796567551021167 -0.020171718023018117 -0.032299836558934085 0.029459779196092398 -0.020903943670798217 0.0086713063684886876
leaf_weight=1.017423241399231 1.837456847541034 0.71621558815240893 1.81957211252302 1.3090671941172325 0.47743104118853807 1.9383689225651322 1.481609891168773 1.5165005982853461 1.9666780224069955 1.3105484480038283 1.5648091170005454 3.9910664111375844 0.68041801219806053 1.3038691452238707
leaf_count=34 25 5 83 35 7 19 60 21 30 20 73 38 37 22
internal_value=0.00205735 0.004529 -0.004368 0.00291078 0.0110549 0.0159581 0.0038517 0.0206609 0.0162371 5.97579e-05 -0.0220717 0.0239924 -0.0134947 0.0302355
internal_weight=22.931 21.9136 12.8079 10.9883 8.70726 7.54942 5.61105 4.12944 9.10575 3.27723 2.28102 5.82852 1.15785 2.82037
internal_count=509 475 362 279 201 157 138 78 113 50 78 63 44 43
is_linear=0
shrinkage=0.05


Tree=94
num_leaves=14
num_cat=0
split_feature=15 8 10 22 12 22 5 5 12 5 12 11 11
split_gain=0.729777 0.928981 1.51515 0.721174 1.29112 0.910007 1.17654 0.670778 0.693121 0.479861 0.712424 0.978094 0.124654
threshold=7.5000000000000009 1.0000000180025095e-35 -0.09484999999999999 3.5000000000000004 -0.11549999999999998 7.5000000000000009 0.19750000000000004 0.24200000000000002 0.13450000000000004 -0.71849999999999981 -0.20199999999999999 0.077500000000000013 0.059500000000000004
decision_type=2 2 2 2 2 2 2 2 2 2 2 2 2
left_child=3 2 -2 9 -5 6 -6 -7 -9 -1 -11 -12 -3
right_child=1 12 -4 4 5 7 -8 8 -10 10 11 -13 -14
leaf_value=0.035241366205626547 0.014962063816123661 -0.0024531413754907321 -0.039363654436138013 -0.032812420738981739 -0.032731213952377942 0.033672168865091792 0.020011750029430259 0.020641255480715697 -0.024004766051296578 0.021656742872240311 -0.027644182897284948 0.014939037272777454 0.018775823011088436
leaf_weight=1.6496304161846636 1.2650511525571344 0.70203341916203488 2.9325902883429071 1.6801819666288818 1.5552128734998363 2.3362406222149734 0.94138896046206344 0.65803197864443042 0.85432301508262753 3.492227173410356 1.661107443273073 1.8258026181720195 1.2259749679360537
leaf_count=12 17 11 164 67 41 30 14 13 37 34 23 17 29
internal_value=0.00190683 -0.0116891 -0.0232627 0.00728645 -0.0033991 0.00779626 -0.012808 0.0210473 -0.00409525 0.0165457 0.00826376 -0.00698685 0.012848
internal_weight=22.7798 6.12565 4.19764 16.6541 8.02538 6.3452 2.4966 3.8486 1.51235 8.62877 6.97914 3.48691 1.92801
internal_count=509 221 181 288 202 135 55 80 50 86 74 40 40
is_linear=0
shrinkage=0.05


Tree=95
num_leaves=13
num_cat=1
split_feature=6 27 24 26 0 26 0 0 13 5 10 5
split_gain=0.678205 0.623104 1.72531 0.964824 1.37575 0.90056 0.674673 0.499451 0.27439 0.394604 0.299844 0.239573
threshold=1.2500000000000002 0 1.0793638163467387 -0.46041196845974225 100.64500000000002 1.1802096517260428 57.485000000000007 58.240000000000002 0.89350000000000007 0.59650000000000014 -0.097699999999999995 -0.13599999999999998
decision_type=2 1 2 2 2 2 2 2 8 2 2 2
left_child=1 3 5 11 7 6 -3 -5 9 10 -8 -1
right_child=-2 2 -4 4 -6 -7 8 -9 -10 -11 -12 -13
leaf_value=0.0089234215199848633 -0.027927349025267886 0.0073820248267950084 0.014295268266313499 0.0097004000210665249 0.026945189949124607 0.017289414630631734 -0.0013925056554118527 -0.032712736265136759 0.00070530449697869119 -0.0019850504623159086 -0.040991888054593965 0.041440094745124612
leaf_weight=1.5386019279249015 1.1795096620917309 1.0047287764027713 4.9275436401367196 0.4296357091516273 1.3853534478694198 0.73750421870499927 0.59978203475475389 1.652271067490801 0.62059813551604737 1.0258430244866756 4.7529895834159097 2.0539519703015685
leaf_count=20 70 15 39 6 22 11 8 76 18 29 173 23
internal_value=-0.00138102 0.00134527 -0.00451404 0.00778457 -0.00192986 -0.0201297 -0.0251149 -0.0236526 -0.0301195 -0.0328077 -0.0374724 0.0324893
internal_weight=21.9083 20.7288 13.669 7.05981 3.46726 8.74145 8.00394 2.08191 6.99921 6.37861 5.35277 3.59255
internal_count=510 440 293 147 104 254 243 82 228 210 181 43
cat_boundaries=0 1
cat_threshold=9
is_linear=0
shrinkage=0.05


Tree=96
num_leaves=15
num_cat=0
split_feature=25 16 25 25 21 3 26 12 16 0 26 16 25 5
split_gain=0.70508 0.987825 0.718088 0.768306 0.823716 0.822326 0.921594 0.712871 0.629529 0.610512 0.36445 0.290126 0.287221 0.276048
threshold=-1.1692230697726143 131.50000000000003 -0.72154976026776829 -0.68654830813356649 4.5000000000000009 0.044500000000000005 0.49382349867437686 0.08450000000000002 128.50000000000003 101.36500000000002 -0.016245962890269566 115.50000000000001 -1.0767689296156264 0.20750000000000002
decision_type=2 2 2 2 2 2 2 2 2 2 2 2 2 2
left_child=8 2 12 -4 -5 6 -6 10 -1 11 -7 -8 -2 -3
right_child=1 13 3 4 5 7 9 -9 -10 -11 -12 -13 -14 -15
leaf_value=-0.0036468508929086586 0.0010105262756765195 -0.035911175949493647 0.035815239621977184 -0.027959695181462754 -0.026730349487392158 0.011622482283552574 0.010125757091421834 0.032266176758694032 0.025871124665812647 0.027414062728958095 -0.02089941079228394 -0.021856864137710805 -0.030459015990449697 -0.0020109830222261984
leaf_weight=3.0160963181406286 0.96982173714786801 2.0357468437869097 0.79834302677772839 1.1267049503512669 2.0698912995867413 0.85232679918408372 0.43724392820149682 2.6786971273832023 2.8214242998510599 1.2842424735426901 0.67983489343896508 0.73903808509930968 1.2900071935728181 0.90362703707069147
leaf_count=29 12 71 9 34 101 17 7 39 20 17 41 46 36 31
internal_value=-0.001287 -0.00672598 -4.24966e-05 0.00575751 0.000254041 0.00638756 -0.00775631 0.020173 0.0123171 0.0113173 -0.00536258 -0.0107784 -0.0207866 -0.0286455
internal_weight=21.703 15.8655 12.9262 10.6663 9.86798 8.74127 4.53042 4.21086 5.83752 2.46052 1.53216 1.17628 2.25983 2.93937
internal_count=510 461 359 311 302 268 171 97 49 70 58 53 48 102
is_linear=0
shrinkage=0.05


Tree=97
num_leaves=15
num_cat=0
split_feature=25 16 25 25 13 16 5 5 10 13 8 13 18 5
split_gain=0.661117 0.938135 0.682368 0.737691 1.26708 0.582225 0.542725 1.07665 0.530558 0.353288 0.350067 0.334666 0.317015 0.268548
threshold=-1.1692230697726143 131.50000000000003 -0.72154976026776829 -0.68654830813356649 0.38900000000000007 128.50000000000003 0.062500000000000014 0.22550000000000003 -0.10259999999999998 0.50700000000000012 0.045000000000000005 0.63150000000000006 -0.099999999999999992 0.20750000000000002
decision_type=2 2 2 2 10 2 2 2 2 10 2 10 2 2
left_child=5 2 12 -4 8 -1 9 -8 -5 -6 -10 -9 -2 -3
right_child=1 13 3 4 6 -7 7 11 10 -11 -12 -13 -14 -15
leaf_value=-0.0035126408057279909 -0.030666202414180534 -0.035460544914246252 0.035018021152247315 0.010734335008025352 -0.021577081692337546 0.024868407247630758 0.041879937615705048 -0.020558688840211392 -0.029130714694752109 0.010649906149664904 0.0061269149103076233 0.010016376038604074 0.0018370947238311799 -0.0019639104497311049
leaf_weight=3.0130545422434833 1.2654899624176326 1.9728438716847443 0.79845391772687335 0.7758649429306369 0.69578045979142167 2.8285612631589174 2.0610901382751767 0.663952026516199 3.2465918012894694 0.83639186806976795 0.4760909155011176 1.0351471574977038 0.96147549012675781 0.90300635620951641
leaf_count=29 27 71 9 9 24 20 23 43 147 16 9 31 21 31
internal_value=-0.00129549 -0.00660825 -8.32423e-05 0.00558447 0.000161447 0.0118559 0.0154698 0.0240273 -0.0173863 -0.00672647 -0.0242791 -0.00512166 -0.0204125 -0.0281631
internal_weight=21.5338 15.6922 12.8163 10.5894 9.79091 5.84162 5.29236 3.76019 4.49855 1.53217 3.72268 1.6991 2.22697 2.87585
internal_count=510 461 359 311 302 49 137 97 165 40 156 74 48 102
is_linear=0
shrinkage=0.05


Tree=98
num_leaves=15
num_cat=0
split_feature=25 16 25 3 5 26 5 26 16 13 22 0 25 5
split_gain=0.615248 0.897175 0.653832 0.712264 0.824882 0.87468 1.01515 0.547629 0.538564 0.504693 0.483083 0.451719 0.279662 0.261226
threshold=-1.1692230697726143 131.50000000000003 -0.72154976026776829 0.096500000000000016 -0.11249999999999999 -1.1181658176405309 0.22550000000000003 -0.016245962890269566 128.50000000000003 0.40750000000000003 6.5000000000000009 101.36500000000002 -1.0767689296156264 0.20750000000000002
decision_type=2 2 2 2 2 2 2 2 2 8 2 2 2 2
left_child=8 2 12 4 -4 -6 7 -7 -1 -9 -8 -12 -2 -3
right_child=1 13 3 -5 5 6 10 9 -10 -11 11 -13 -14 -15
leaf_value=-0.003383304320393998 0.0012599813192397421 -0.03501411794211514 -0.028443262852157487 0.027987560839041109 -0.025235363218674107 0.038901482631546282 0.016234841388744793 -0.019793874333036362 0.023907652000257715 0.019427217892524298 -0.029431807909780162 0.0056018344540406896 -0.029759814100020605 -0.0019179400926055497
leaf_weight=3.0101289469748762 0.96082187164574895 1.9123851296026253 1.2006495464593152 1.7026538555510331 0.91009343927725872 2.2808555266819899 0.72046901239082251 0.61380366096273298 2.8351326808333397 0.66802709689363848 1.3405995238572361 1.0685104774311183 1.2350121091585595 0.90240168431773771
leaf_count=29 12 71 55 27 31 32 11 29 20 13 84 29 36 31
internal_value=-0.00125111 -0.00642386 -3.46714e-05 0.00552492 -0.00123154 0.00587291 0.012834 0.0280738 0.0114125 0.000202337 -0.00711188 -0.0168081 -0.0200395 -0.0276879
internal_weight=21.3615 15.5163 12.7015 10.5057 8.80301 7.60236 6.69227 3.56269 5.84526 1.28183 3.12958 2.40911 2.19583 2.81479
internal_count=510 461 359 311 284 229 198 74 49 42 124 113 48 102
is_linear=0
shrinkage=0.05


Tree=99
num_leaves=15
num_cat=0
split_feature=6 25 25 25 5 11 13 8 10 11 16 1 25 5
split_gain=0.629669 0.575268 0.964013 0.842149 1.10416 1.05096 1.03404 0.77205 0.61858 0.548475 0.404607 0.308544 0.30553 0.0792874
threshold=1.2500000000000002 -1.1692230697726143 -0.72154976026776829 -0.68654830813356649 0.10700000000000001 0.48650000000000004 0.38900000000000007 0.045000000000000005 -0.09484999999999999 -0.10299999999999999 128.50000000000003 57.491500000000009 -1.0767689296156264 0.21350000000000002
decision_type=2 2 2 2 2 2 10 2 2 2 2 2 2 2
left_child=1 10 12 -4 7 6 9 8 -5 -6 -1 -10 -3 -8
right_child=-2 2 3 4 5 -7 13 -9 11 -11 -12 -13 -14 -15
leaf_value=-0.00050464272767254627 -0.02723411952746066 -0.0014502451840517159 0.035004201682401877 0.0075642858112175901 0.013887334834298867 -0.023233542892911404 0.044684099983030384 0.01656063633809185 0.0016263314379713408 -0.024154240581389024 0.024417780802753145 -0.03617135191698384 -0.034432653537436159 0.012977453103187328
leaf_weight=2.7973636705428406 1.1187430946156371 1.061289372853935 0.76915235631168144 0.85722856037318695 0.98955502547323815 0.82005122746340919 1.4612512567546221 0.71386289410293091 0.52414162037893275 0.88252253294922278 2.7695455551147461 3.1768744972068816 1.7822684904094828 1.4690290032885966
leaf_count=25 70 15 7 10 12 50 13 10 9 47 18 131 53 40
internal_value=-0.00129398 0.00137538 -0.00394285 0.00297288 -0.00204129 0.012366 0.0214015 -0.0169278 -0.0242083 -0.00621198 0.0137245 -0.0316111 -0.0257028 0.036135
internal_weight=21.1929 20.0741 14.5072 11.6637 10.8945 5.62241 4.80236 5.27211 4.55824 1.87208 5.56691 3.70102 2.84356 2.93028
internal_count=510 440 397 329 322 162 112 160 150 59 43 140 68 53
is_linear=0
shrinkage=0.05


Tree=100
num_leaves=14
num_cat=0
split_feature=26 26 12 24 22 18 23 13 15 13 18 13 24
split_gain=0.637231 0.59543 1.35382 1.07783 1.60364 0.655574 0.598309 0.595536 0.746354 0.409672 0.327995 0.288074 0.27058
threshold=-1.5788965662037384 -0.79929448100594558 0.19600000000000004 -0.46953221214599167 3.5000000000000004 -0.28499999999999998 11.500000000000002 0.13300000000000003 3.5000000000000004 0.21800000000000003 -0.25499999999999995 0.26650000000000007 -0.95383872065009145
decision_type=2 2 2 2 2 2 2 8 2 10 2 8 2
left_child=-1 5 3 9 7 -2 -7 -5 -9 -3 -11 -10 -4
right_child=1 2 12 4 -6 6 -8 8 11 10 -12 -13 -14
leaf_value=-0.025064232237229429 0.029637173604754243 -0.004853691033039737 0.0029510842408204505 0.028746016625409605 -0.03464721020639306 -0.013414134064844331 0.018919805555411218 0.018116216492071398 0.0001208488440198337 0.0028290701960804136 0.038083853224815681 -0.028238364554369351 -0.035272371233847979
leaf_weight=0.89435676066205161 3.2362393224611878 0.71184913930483418 0.37928786966949735 1.4867203747853555 2.0152729621622711 2.2793882358819295 1.5396858463063834 1.8103532595559952 1.5455801757052543 1.0362808429636063 2.3241907865740359 1.101530810119584 1.8392642675898976
leaf_count=33 37 29 16 8 113 38 16 22 17 28 43 33 82
internal_value=0.00297379 0.00522166 -0.000861482 0.00636439 -0.00458852 0.01609 0.000842529 0.0091242 -0.00148846 0.0244563 0.0303542 -0.0161871 -0.0298511
internal_weight=22.2 21.3056 14.2503 12.0318 7.95946 7.05531 3.81907 5.94418 4.45746 4.07232 3.36047 2.64711 2.21855
internal_count=515 482 391 293 193 91 54 80 72 100 71 50 98
is_linear=0
shrinkage=0.05


Tree=101
num_leaves=15
num_cat=0
split_feature=16 25 13 15 13 14 13 13 11 13 9 6 15 11
split_gain=0.625039 0.52381 1.25233 1.20338 0.796377 0.921131 0.687416 0.612398 0.725072 0.653251 0.484424 0.400529 0.30728 0.280981
threshold=116.50000000000001 -0.046998869353706611 0.13950000000000004 1.5000000000000002 0.21650000000000003 5.5000000000000009 0.24950000000000003 0.17300000000000001 0.12200000000000001 0.50700000000000012 0.019000000000000003 -0.44999999999999996 3.5000000000000004 0.35150000000000003
decision_type=2 2 8 2 10 2 10 10 2 10 2 2 2 2
left_child=13 2 -2 -4 -5 -6 -7 -3 -9 -10 12 -11 -8 -1
right_child=1 7 3 4 5 6 10 8 9 11 -12 -13 -14 -15
leaf_value=-0.028486251336574054 0.026952606197956554 -0.01739201879504124 0.022240429175605272 -0.037448348786673524 0.020286522008486615 0.011285775481024428 -0.003189158671854242 0.031897980291197461 -0.023366517791878913 0.026287361754626811 0.0060279980133362554 -0.006859982171869252 -0.037660103326547817 0.0048127584133853462
leaf_weight=1.154607505537572 2.2390341148711768 0.50761523586697599 1.7278875950723893 1.9817864287178943 1.6056786926928932 1.2514921396505059 1.0444622570648792 3.7730779780540615 0.83779727853834662 1.2269987585023048 0.7900743163190781 0.97889681509695936 2.3896845150738955 0.53862432739697386
leaf_count=45 22 30 19 43 24 18 21 68 56 14 23 41 75 16
internal_value=0.00283215 0.00558413 -0.000627836 -0.008151 -0.0155794 -0.00558263 -0.0151297 0.0153831 0.0197365 0.000500484 -0.023618 0.0140263 -0.0302597 -0.0200397
internal_weight=22.0477 20.3545 13.0301 10.7911 9.06318 7.08139 5.47571 7.32439 6.81677 3.04369 4.22422 2.2059 3.43415 1.69323
internal_count=515 454 245 223 204 161 137 209 179 111 119 55 96 61
is_linear=0
shrinkage=0.05


Tree=102
num_leaves=15
num_cat=0
split_feature=3 24 10 11 8 13 13 18 13 2 26 26 3 2
split_gain=0.622734 1.25027 0.95834 1.09232 0.71035 0.689825 1.72738 1.05737 0.737395 0.571678 0.526884 0.447458 0.319346 0.306741
threshold=0.015500000000000002 -0.72064439447454853 0.10975000000000001 -0.012499999999999999 0.045000000000000005 0.13800000000000004 0.21650000000000003 -0.42499999999999993 0.39950000000000008 23.785000000000004 0.094529076695968675 1.1464377273947917 0.019500000000000003 23.845000000000002
decision_type=2 2 2 2 2 8 10 2 10 2 2 2 2 2
left_child=-1 12 3 5 13 -3 -7 -8 10 -4 -9 -12 -2 -5
right_child=1 2 9 4 -6 6 7 8 -10 -11 11 -13 -14 -15
leaf_value=-0.02472720063382685 0.040567925057397446 0.023452273873847063 0.03563093002600886 -0.038855256470570192 0.01093318881438618 -0.036776862551863382 -0.025572410256440997 0.037168912138697476 -0.012376601825026543 -0.0024519926121649048 -0.01373049608518799 0.019306748267858762 0.0064786854088375763 -0.0036275195677303793
leaf_weight=0.9279360708314951 1.6433529220521479 2.0390536785125777 1.5271160600241267 2.6836927162948956 0.67950157448649395 1.8597520296461878 0.88947233883664445 2.4848975716158703 1.0454825977794824 1.4175543258897958 1.0684595392085614 1.0687780154403297 1.5375165259465573 1.0096329641528425
leaf_count=63 14 21 14 104 9 42 26 29 31 31 29 18 44 40
internal_value=0.00269186 0.00497708 -0.000767419 -0.0062243 -0.024579 0.00292738 -0.00400739 0.00892351 0.0173606 0.0213239 0.0250919 0.00367852 0.0295812 -0.0320499
internal_weight=21.8822 20.9543 17.7734 14.8287 4.37283 10.4559 8.41684 6.55709 5.66762 2.94467 4.62214 2.13724 3.18087 3.69333
internal_count=515 452 394 349 153 196 175 133 107 45 76 47 58 144
is_linear=0
shrinkage=0.05


Tree=103
num_leaves=15
num_cat=0
split_feature=3 24 10 11 8 12 1 10 25 2 2 23 3 24
split_gain=0.597979 1.17254 0.906596 1.02404 0.683776 0.60025 0.88618 0.757477 0.600241 0.681215 0.540027 0.375186 0.301452 0.0771243
threshold=0.015500000000000002 -0.72064439447454853 0.10975000000000001 -0.012499999999999999 0.045000000000000005 -0.54649999999999987 82.986000000000004 -0.15459999999999999 -1.3963056051382445 23.075000000000003 23.785000000000004 11.500000000000002 0.019500000000000003 0.24672710936913472
decision_type=2 2 2 2 2 2 2 2 2 2 2 2 2 2
left_child=-1 12 3 5 11 7 8 -3 -7 -10 -4 -5 -2 -8
right_child=1 2 10 4 -6 6 13 -9 9 -11 -12 -13 -14 -15
leaf_value=-0.024411199646411367 0.039337571135312915 0.013595440730031405 0.034668479080498388 -0.038595072552698825 0.010705695053505397 0.015254181147632238 0.031016349742894175 -0.031391900533393573 0.0059084215228844966 -0.032937981979347865 -0.0023819181506701528 -0.0012142288579185115 0.0062721069039036476 0.0088836344920245267
leaf_weight=0.90644195745699363 1.641340173780921 0.79771986883133683 1.5190042513422661 2.7000499384012033 0.68046887964010228 1.4069996178150219 1.8851484754122796 1.4274755362421334 1.5818523648194909 1.5123122793156651 1.4157605427317319 0.90133910952135909 1.5415799589827655 1.7497220598161218
leaf_count=63 14 12 14 127 9 8 23 48 32 47 31 17 44 26
internal_value=0.00260877 0.00485608 -0.00076289 -0.00612084 -0.0240676 0.00276141 0.00909971 -0.0160493 -0.005595 -0.0164859 0.0207321 -0.0315366 0.028651 0.0245777
internal_weight=21.6672 20.7608 17.5779 14.6431 4.28186 10.3612 8.13603 2.2252 4.50116 3.09416 2.93476 3.60139 3.18292 3.63487
internal_count=515 452 394 349 153 196 136 60 87 79 45 144 58 49
is_linear=0
shrinkage=0.05


Tree=104
num_leaves=15
num_cat=0
split_feature=3 24 10 11 8 13 13 18 13 2 23 23 3 23
split_gain=0.576053 1.09562 0.853311 0.966303 0.658178 0.640042 1.60419 0.983974 0.690736 0.510228 0.419358 0.365485 0.284688 0.276953
threshold=0.015500000000000002 -0.72064439447454853 0.10975000000000001 -0.012499999999999999 0.045000000000000005 0.13800000000000004 0.21650000000000003 -0.42499999999999993 0.39950000000000008 23.785000000000004 7.5000000000000009 11.500000000000002 0.019500000000000003 2.5000000000000004
decision_type=2 2 2 2 2 8 10 2 10 2 2 2 2 2
left_child=-1 12 3 5 11 -3 -7 -8 10 -4 13 -5 -2 -9
right_child=1 2 9 4 -6 6 7 8 -10 -11 -12 -13 -14 -15
leaf_value=-0.024099929988930607 0.038152874489508853 0.022413223451302811 0.0337356540643459 -0.038159163990006871 0.010482831200937423 -0.036105711562687361 -0.025075795667380892 0.017604235541397877 -0.012214870268251216 -0.0023138314735482459 0.036192862030179504 -0.0011856651516559053 0.0060722139279895922 -0.0080160553544411286
leaf_weight=0.8856852375902261 1.6388049200177222 2.0384165821597025 1.5108160809613758 2.6081092921085616 0.68142437748610962 1.7889979560859499 0.86203880561516122 1.095642432104792 1.031188186490908 1.4140199394896624 2.1967786708846688 0.90100039495155204 1.5455285131465641 1.2749630985781548
leaf_count=63 14 21 14 127 9 42 26 20 31 31 24 17 44 32
internal_value=0.00256988 0.00478044 -0.000702927 -0.00594723 -0.0235641 0.00268033 -0.00409153 0.00842474 0.0166014 0.0201584 0.0241328 -0.0310341 0.0277547 0.0055349
internal_weight=21.4734 20.5877 17.4034 14.4786 4.19053 10.288 8.24961 6.46061 5.59857 2.92484 4.56738 3.50911 3.18433 2.37061
internal_count=515 452 394 349 153 196 175 133 107 45 76 144 58 52
is_linear=0
shrinkage=0.05


Tree=105
num_leaves=15
num_cat=0
split_feature=26 26 23 7 26 10 1 11 18 2 13 1 2 26
split_gain=0.818722 0.867883 0.945851 0.710452 0.784868 0.667762 0.74226 0.594559 1.00982 0.709895 0.454367 0.355134 0.031629 0.0312007
threshold=1.1931099126164333 1.0770060508093089 4.5000000000000009 -0.015499999999999998 -1.362619663608557 0.087550000000000017 100.42600000000002 0.11200000000000002 -0.18499999999999997 22.950000000000006 0.11600000000000002 83.010000000000019 23.695000000000004 -0.89398799877264945
decision_type=2 2 2 2 2 2 2 2 2 2 8 2 2 2
left_child=1 2 10 5 -5 6 13 9 12 -6 -1 -11 -9 -4
right_child=-2 -3 3 4 7 -7 -8 8 -10 11 -12 -13 -14 -15
leaf_value=0.010533344814589323 -0.026606599987377036 0.031740485623532821 -0.0079600963093758373 -0.02064007932441975 -0.0043136648950359577 0.012018720511437583 0.0096411622553623771 0.0040834322158941781 -0.027024674086032614 0.041448076994904881 -0.03224106042500751 0.0073700771109082731 0.023041808648586362 -0.034715216049351232
leaf_weight=0.28763702139259328 1.0612366832792748 1.9372473121620704 0.89617112558335099 0.61714285286143855 1.2787552145309602 2.2532836026512086 1.1923603822942821 0.82892685639672015 1.049363008700311 3.3561948682181537 1.6013231137767434 1.5416802312247453 1.0281027331948278 1.5613142661750381
leaf_count=5 59 20 19 19 20 37 27 18 41 54 79 37 22 29
internal_value=0.00368551 0.00656144 0.00220726 0.00669286 0.0144761 -0.00634105 -0.0178228 0.0186724 -0.000303071 0.0263994 -0.0243362 0.0337898 0.0189706 -0.0300826
internal_weight=20.4907 19.4295 17.4923 15.6033 9.70017 5.90313 3.64985 9.08302 2.90639 6.17663 1.88896 4.89788 1.85703 2.45749
internal_count=486 427 407 323 211 112 75 192 81 111 84 91 40 48
is_linear=0
shrinkage=0.05


Tree=106
num_leaves=14
num_cat=0
split_feature=26 26 16 16 15 18 24 26 12 26 11 0 26
split_gain=0.779656 0.814126 0.771537 0.778641 0.718301 1.07874 0.511107 1.07911 0.611155 0.620775 0.493139 0.343769 0.343307
threshold=1.1931099126164333 1.0770060508093089 116.50000000000001 118.50000000000001 7.5000000000000009 -0.4499999999999999 -0.80432718729207731 -0.8497699501424939 -0.20199999999999999 0.047373035868200165 -0.40749999999999992 68.695000000000007 -1.2208207792309047
decision_type=2 2 2 2 2 2 2 2 2 2 2 2 2
left_child=1 2 -1 -4 6 -6 -5 12 9 -9 -7 -10 -8
right_child=-2 -3 3 4 5 10 7 8 11 -11 -12 -13 -14
leaf_value=-0.027089825778043509 -0.02626292285560175 0.030645684008656665 0.03281339108537748 0.025968040541397886 0.015952327279357376 0.0082366132505724277 0.0025009471828559802 0.022908526566481964 0.0021865156266833714 -0.013154680052107015 -0.036834213471092975 -0.034772655951118163 0.029881080020819701
leaf_weight=1.0498619098216391 1.035117937484755 1.9417385887354601 1.2525112801231468 1.8862693631090284 1.1944581100251528 0.35524346027523312 2.2133570201694965 1.1499092495068972 0.6716745486482768 1.7195216268301008 2.2428390905261031 1.7231373679824171 1.9183618240058482
leaf_count=49 59 20 20 26 28 7 28 10 10 33 113 67 16
internal_value=0.00348598 0.00629404 0.00205344 0.00538265 0.00120401 -0.01529 0.00754197 0.0017008 -0.0123812 0.00348289 -0.0300951 -0.0268161 0.0185591
internal_weight=20.354 19.3189 17.3771 16.3273 15.0748 3.79254 11.2822 9.39596 5.26424 2.86943 2.59808 2.39481 4.13172
internal_count=486 427 407 358 338 148 190 164 120 43 120 77 44
is_linear=0
shrinkage=0.05


Tree=107
num_leaves=14
num_cat=0
split_feature=26 24 26 24 24 23 26 15 15 16 15 13 25
split_gain=0.748261 0.760859 0.803843 0.96197 1.00563 0.809553 1.14714 0.674016 0.354635 0.40977 0.3985 0.161399 0.017241
threshold=1.1931099126164333 2.6267181571519473 1.0770060508093089 1.0793638163467387 0.5207508020594146 4.5000000000000009 -1.1971749915264944 2.5000000000000004 7.5000000000000009 117.50000000000001 11.500000000000002 0.21650000000000003 -0.41579979247779975
decision_type=2 2 2 2 2 2 2 2 2 2 2 10 2
left_child=1 2 3 4 5 -1 12 -8 -9 -10 -11 -5 -7
right_child=-2 -3 -4 11 -6 6 7 8 9 10 -12 -13 -14
leaf_value=-0.025531850128159977 -0.02592408362193729 -0.021985493880169685 0.033980906176651303 0.0071334643993617485 -0.028847940335136851 -0.0040003062864461796 -0.0093765727002503314 0.032038263008169067 0.023959865156190793 -0.023112504995172513 0.011045150113858199 0.029645810061100116 -0.024808885265516157
leaf_weight=0.97668931167574058 1.0099259407725174 1.2343745045363892 1.8080478259362269 2.1520069669932118 1.9632464919704933 0.58252785913646221 1.3131929694209166 3.8001123175490648 0.59082447877153788 0.81403182772919513 0.78310423507355154 2.2649206982459873 0.89266455406323675
leaf_count=63 59 13 19 17 53 8 31 77 12 47 24 26 37
internal_value=0.00340845 0.00616164 0.00915665 0.00455367 -0.00324435 0.00411295 0.0096861 0.0178263 0.0242801 0.00498242 -0.00856026 0.0220191 -0.0215278
internal_weight=20.1857 19.1757 17.9414 16.1333 11.7164 9.75315 8.77646 7.30127 5.98807 2.18796 1.59714 4.41693 1.47519
internal_count=486 427 414 395 352 299 236 191 160 83 71 43 45
is_linear=0
shrinkage=0.05


Tree=108
num_leaves=14
num_cat=0
split_feature=26 24 24 26 5 5 1 25 22 5 14 13 13
split_gain=0.711909 0.716914 0.760169 1.04709 0.914476 0.596219 0.665863 0.521471 1.17651 0.377917 0.283038 0.138161 0.0657773
threshold=1.1931099126164333 2.6267181571519473 1.6857699612764641 -1.2208207792309047 -0.13599999999999998 0.32800000000000007 112.34550000000002 -0.046998869353706611 3.5000000000000004 -0.41599999999999993 5.5000000000000009 0.33750000000000008 0.38900000000000007
decision_type=2 2 2 2 2 2 2 2 2 2 2 8 10
left_child=1 2 3 10 9 7 11 8 -6 -5 -1 -7 -9
right_child=-2 -3 -4 4 5 6 -8 12 -10 -11 -12 -13 -14
leaf_value=0.0012244019886745079 -0.025590080187806914 -0.021518315521150525 0.027566438366897018 0.0050941412594081919 0.023931998236379769 -0.00051072172854579271 0.022634024558620146 0.010091721231605871 -0.026017869718479969 -0.024196251365640797 -0.031262524329202172 -0.025256735828346685 0.037374338775101858
leaf_weight=0.82789283432066452 0.98562209983356197 1.2201886381953944 3.2121454980224362 1.4425126698333772 1.8972825349774258 0.85501516261138033 0.61247336398810137 1.2479443231131782 1.005218577571213 1.5232508922927142 1.4099359894171419 0.93792061577551078 2.8779841000214219
leaf_count=14 59 13 23 31 26 32 6 39 51 53 43 52 44
internal_value=0.00319188 0.00588042 0.0087956 0.00317696 0.00916311 0.0164266 -0.0039338 0.0230168 0.00439878 -0.0122576 -0.0225777 -0.017864 0.0327009
internal_weight=20.0554 19.0698 17.8496 14.6374 12.3996 9.43384 2.40541 7.02843 2.9025 2.96576 2.23783 1.79294 4.12593
internal_count=486 427 414 391 334 250 90 160 77 84 57 84 83
is_linear=0
shrinkage=0.05


Tree=109
num_leaves=14
num_cat=0
split_feature=26 2 13 26 23 24 13 26 21 24 0 12 10
split_gain=0.677689 0.756541 0.811329 0.503239 0.75151 0.982802 1.11835 0.465367 0.368794 0.311893 0.255767 0.196916 0.149783
threshold=1.1931099126164333 23.745000000000001 0.46450000000000008 1.0770060508093089 7.5000000000000009 -0.7564095225042281 0.11100000000000002 -1.362619663608557 1.5000000000000002 -0.3241029171721525 101.38500000000001 -0.37099999999999994 0.00080000000000000004
decision_type=2 2 10 2 2 2 8 2 2 2 2 2 2
left_child=1 3 11 4 5 -1 -7 -6 -8 -9 -4 -3 -11
right_child=-2 2 10 -5 7 6 8 9 -10 12 -12 -13 -14
leaf_value=0.021816754577968937 -0.025260906720695798 0.00017993552209201355 -0.0065254012660077272 0.030209621119856356 -0.0079318710222201199 0.018971732352935179 -0.0018206616627224046 -0.0006740861849391204 -0.037559965378570537 0.0096433570323692357 0.019405769008901504 -0.033223274435322206 0.033347256475936497
leaf_weight=1.2467380212619925 0.9621695508249094 0.51683946233242783 1.0224172235466542 1.8570660925470281 1.1769523620605467 0.85713347699493425 1.0534437317401173 1.2996185817755757 2.3712105921003968 2.2090555224567652 1.1512582437135277 1.6405479935929168 2.5554690656717867
leaf_count=29 59 9 39 17 21 7 11 36 110 25 26 68 29
internal_value=0.00298385 0.00561126 -0.0110494 0.010936 0.00614266 -0.0070631 -0.0180106 0.0158588 -0.0294625 0.0209454 0.0089958 -0.0276984 0.0259364
internal_weight=19.9199 18.9578 4.33106 14.6267 12.7696 5.52853 4.28179 7.2411 3.42465 6.06414 2.17368 2.15739 4.76452
internal_count=486 427 142 285 268 157 128 111 121 90 65 77 54
is_linear=0
shrinkage=0.05


Tree=110
num_leaves=15
num_cat=0
split_feature=12 10 12 6 24 2 12 0 13 13 2 2 3 13
split_gain=0.859901 0.843348 0.98409 0.765084 1.19847 1.26445 0.660812 0.425909 0.351493 0.298455 0.276116 0.262307 0.25994 0.113533
threshold=-0.61449999999999994 -0.049249999999999995 -0.22449999999999998 1.0000000180025095e-35 -0.3241029171721525 23.355000000000004 0.14000000000000004 82.625000000000014 0.38900000000000007 0.22100000000000003 23.085000000000004 23.165000000000003 0.035500000000000011 0.79900000000000015
decision_type=2 2 2 2 2 2 2 2 10 8 2 2 2 8
left_child=12 -2 -3 4 13 10 8 -7 9 -5 -6 -8 -1 -4
right_child=1 2 3 6 5 7 11 -9 -10 -11 -12 -13 -14 -15
leaf_value=0.0024783202989644305 0.023692314475104361 -0.031174372542956443 -0.033492973558920613 0.017960275164207156 0.00015662715564061945 0.029814257675316116 0.011074708195564453 -0.00082819618378776052 0.040698491663835087 -0.0115954020301666 -0.028943410264753461 -0.020265945575988192 -0.031392096525296669 -0.0018634083434803891
leaf_weight=0.55785220093094112 3.3946341928094688 1.3444643530529035 1.7903445798438062 0.88112048315815727 1.2946859961375454 2.8827335198875517 0.3091936707496642 1.5271652061492202 1.5267129596322773 0.65770640037953865 1.1528324719984082 0.65554657450411469 1.4501556695904581 0.45286070951260615
leaf_count=17 39 73 82 16 13 29 2 33 26 38 28 49 50 20
internal_value=0.000568766 0.00450076 -0.00124002 0.00381416 -0.00440045 0.00658192 0.0195506 0.0210111 0.0288761 0.00573638 -0.0179697 -0.0096971 -0.0242867 -0.029651
internal_weight=19.878 17.87 14.4754 13.1309 9.10062 6.85742 4.03028 4.4099 3.06554 1.53883 2.44752 0.96474 2.00801 2.24321
internal_count=515 448 409 336 205 103 131 62 80 54 41 51 67 102
is_linear=0
shrinkage=0.05


Tree=111
num_leaves=15
num_cat=0
split_feature=12 10 12 6 24 2 12 0 13 13 25 2 2 24
split_gain=0.813041 0.782767 0.938654 0.728578 1.13475 1.18793 0.624501 0.395162 0.330917 0.285809 0.272871 0.26729 0.255511 0.183573
threshold=-0.61449999999999994 -0.049249999999999995 -0.22449999999999998 1.0000000180025095e-35 -0.3241029171721525 23.355000000000004 0.14000000000000004 82.625000000000014 0.38900000000000007 0.22100000000000003 0.48622663580622266 23.085000000000004 23.165000000000003 -0.95877792760838521
decision_type=2 2 2 2 2 2 2 2 10 8 2 2 2 2
left_child=10 -2 -3 4 13 11 8 -7 9 -5 -1 -6 -8 -4
right_child=1 2 3 6 5 7 12 -9 -10 -11 -12 -13 -14 -15
leaf_value=-0.031150707192107836 0.022739720509650778 -0.030760405539122418 0.0010748968723047049 0.017542892873923622 0.00015220601882561953 0.028713196272068704 0.010943638180756589 -0.00080334036651762456 0.039586912970699079 -0.011397644517378203 0.0031576665283145951 -0.028551656277439521 -0.020020486516694153 -0.033596385933248117
leaf_weight=1.4312079376541103 3.4017044948414012 1.3087951100897086 0.37155383965000544 0.88078091247007173 1.2947266278788352 2.8819798997137696 0.30922793596982945 1.5266480441205201 1.5193688131403176 0.65312963421456527 0.53742384654469777 1.1246552756056187 0.64298392680939287 1.8170815028715885
leaf_count=52 39 73 13 16 13 29 2 33 26 38 15 28 49 89
internal_value=0.000457339 0.00428913 -0.00128804 0.00365655 -0.00439751 0.00627505 0.0190433 0.0202333 0.0280974 0.00558526 -0.023876 -0.0176386 -0.00951004 -0.0292192
internal_weight=19.7013 17.7326 14.3309 13.0221 9.01665 6.82801 4.00549 4.40863 3.05328 1.53391 1.96863 2.41938 0.952212 2.18864
internal_count=515 448 409 336 205 103 131 62 80 54 67 41 51 102
is_linear=0
shrinkage=0.05


Tree=112
num_leaves=15
num_cat=0
split_feature=12 10 12 26 16 16 14 0 3 1 24 25 0 13
split_gain=0.76882 0.726545 0.895891 0.696952 0.587026 0.793962 0.695628 0.447601 0.599003 0.460696 0.270039 0.26467 0.114834 0.105622
threshold=-0.61449999999999994 -0.049249999999999995 -0.22449999999999998 -1.5788965662037384 116.50000000000001 132.50000000000003 4.5000000000000009 93.760000000000005 0.044500000000000005 108.4175 -0.95877792760838521 0.48622663580622266 69.975000000000009 0.27950000000000008
decision_type=2 2 2 2 2 2 2 2 2 2 2 2 2 10
left_child=11 -2 -3 -4 -5 6 12 8 10 13 -8 -1 -6 -9
right_child=1 2 3 4 5 -7 7 9 -10 -11 -12 -13 -14 -15
leaf_value=-0.030744071138969299 0.021826522739254936 -0.030351776713919084 -0.025105051198153202 -0.016544639837085786 0.0038105221503026651 -0.012845948189780756 0.01233676663749125 0.0023221309177663585 0.034581658006699996 0.019619016039336093 -0.01726578873007201 0.0031009862221826551 -0.019355738684923532 -0.021278673449255468
leaf_weight=1.3918582312762762 3.4084888072684452 1.2744320018682671 0.90025665401481347 1.3098112584557267 0.38710189750417789 1.9431955103063963 0.60275349300354719 0.41017150972038485 4.9033051393926144 0.6716548919212072 0.50901885842904337 0.53814464155584563 0.58741038595326245 0.6890402955468744
leaf_count=52 39 73 36 40 10 49 10 9 64 15 35 15 33 35
internal_value=0.000353146 0.00408754 -0.00133047 0.00350917 0.00741783 0.0115132 0.017679 0.0225354 0.0282056 4.70214e-05 -0.00297457 -0.0234695 -0.0128842 -0.015561
internal_weight=19.5266 17.5966 14.1882 12.9137 12.0135 10.7037 8.76046 7.78594 6.01508 1.77087 1.11177 1.93 0.974512 1.09921
internal_count=515 448 409 336 300 260 211 168 109 59 45 67 43 44
is_linear=0
shrinkage=0.05


Tree=113
num_leaves=15
num_cat=0
split_feature=16 26 2 15 16 2 13 13 1 0 3 24 1 26
split_gain=0.536434 0.525893 0.493649 0.624954 0.597746 1.05843 1.56866 0.517953 0.339349 0.267894 0.327665 0.441688 0.189479 0.169501
threshold=116.50000000000001 1.1162514401563481 23.785000000000004 2.5000000000000004 126.50000000000001 22.995000000000001 0.33750000000000008 0.63150000000000006 70.109000000000009 100.08500000000002 0.044500000000000005 -0.88440095837224353 102.80700000000002 0.90968157006454942
decision_type=2 2 2 2 2 2 8 10 2 2 2 2 2 2
left_child=13 2 4 -4 9 -6 8 -5 -7 10 11 -2 -3 -1
right_child=1 12 3 7 5 6 -8 -9 -10 -11 -12 -13 -14 -15
leaf_value=-0.027555686792119501 0.018400773534197477 -0.025925757598968042 0.015714404107021521 -0.032198001298517742 -0.031392486253077001 0.037105961434116423 -0.022858064162890452 0.0073826761854179773 0.0052895252370206104 -0.0022235754911664072 0.028277015503688049 -0.018961756460319147 0.0035456011606793017 0.0012128098575013065
leaf_weight=1.0814819170627767 0.57806626753881574 0.9688817833084602 0.90362529340200071 1.5769863147288563 1.118594159837812 1.8224439118057492 1.6273744031786916 0.75370391667820502 1.7424697335809467 1.0269212163984773 4.5637746036518365 0.58645719219930981 0.45636252779513597 0.57135584764182556
leaf_count=48 13 55 14 70 30 15 54 29 38 24 65 36 9 15
internal_value=0.00014733 0.00312156 0.00603074 -0.00947318 0.0102691 -0.00100245 0.00955691 -0.0210247 0.0261201 0.0195708 0.0232277 -0.000482496 -0.0189181 -0.0209025
internal_weight=19.3785 17.7257 16.3004 3.23432 13.0661 6.31088 5.19229 2.33069 3.56491 6.75522 5.7283 1.16452 1.42524 1.65284
internal_count=515 452 388 113 275 137 107 99 53 138 114 49 64 63
is_linear=0
shrinkage=0.05


Tree=114
num_leaves=15
num_cat=0
split_feature=12 10 12 6 26 26 21 12 5 13 25 13 2 13
split_gain=0.692559 0.690916 0.820436 0.699704 0.711978 0.597903 0.956181 0.570189 0.508399 0.308511 0.279313 0.26751 0.241382 0.140473
threshold=-0.61449999999999994 -0.049249999999999995 -0.22449999999999998 1.0000000180025095e-35 -0.72341810534070217 -1.2208207792309047 1.5000000000000002 0.14000000000000004 -0.056999999999999995 0.38900000000000007 0.72078222086185295 0.22100000000000003 23.165000000000003 0.11100000000000002
decision_type=2 2 2 2 2 2 2 2 2 10 2 8 2 10
left_child=10 -2 -3 4 5 6 -4 9 -7 11 -1 -5 -9 -6
right_child=1 2 3 7 13 8 -8 12 -10 -11 -12 -13 -14 -15
leaf_value=-0.030323963528142907 0.020902738466779331 -0.029771118629969409 0.017128379243322576 0.016739630069895994 0.00052145570137966375 0.025761736563410964 -0.027625040951134772 0.010610940155309907 -0.0058058430296637435 0.037917903936349653 0.0039926193661204831 -0.011327381105011025 -0.019599549331555402 -0.031133396970099366
leaf_weight=1.3578163776546741 3.3945791218429848 1.229544338420969 1.1213290952146064 0.86884598899632659 0.3729893700219592 2.3437263593077664 2.0158905847929418 0.30633874237537373 1.5639221915043888 1.4965234384872017 0.51097737834788848 0.63637966103851806 0.62190323113463819 1.3751869234256444
leaf_count=54 39 73 9 16 8 24 62 2 34 26 13 38 49 68
internal_value=2.69332e-05 0.00359784 -0.00172871 0.00295324 -0.0049991 0.00301749 -0.0113553 0.0181509 0.0145191 0.026841 -0.0228199 0.00508852 -0.00929712 -0.0266474
internal_weight=19.216 17.3472 13.9526 12.723 8.79304 7.04487 3.13722 3.92999 3.90765 3.00175 1.86879 1.50523 0.928242 1.74818
internal_count=515 448 409 336 205 129 71 131 58 80 67 54 51 76
is_linear=0
shrinkage=0.05


Tree=115
num_leaves=15
num_cat=0
split_feature=25 16 3 26 2 12 0 2 16 12 11 18 11 3
split_gain=0.864302 0.651342 0.554295 0.553273 0.419661 1.10193 0.789361 0.708683 0.963962 0.653669 0.390947 0.30745 0.380616 0.23951
threshold=-1.7996391003184098 116.50000000000001 0.015500000000000002 -1.5788965662037384 23.165000000000003 0.58550000000000002 81.780000000000015 23.055000000000003 123.50000000000001 -0.47849999999999993 0.08950000000000001 -0.014999999999999998 -0.26599999999999996 0.017500000000000005
decision_type=2 2 2 2 2 2 2 2 2 2 2 2 2 2
left_child=-1 -2 -3 -4 7 6 -6 8 -5 -8 11 12 -11 -12
right_child=1 2 3 4 5 -7 9 -9 -10 10 13 -13 -14 -15
leaf_value=-0.029833513073728841 -0.019839602300283487 -0.020849978822460882 -0.019793036680573646 0.024957167423921723 -0.030437546470582 0.02605982347751383 -0.02315023781804661 0.038240579112199843 -0.019257550026088265 0.019217724949817817 0.0098664794831247876 0.030522776835813004 -0.011562762439936839 -0.019962031262098084
leaf_weight=1.0916714239865566 1.552607638528573 0.68754547554999845 0.59151335852221265 1.4504054696299058 1.3912001354619841 2.9743149415589869 0.80177300190553413 2.3194241295568645 1.4987544580362735 0.82406383007765205 0.35976029187440861 1.4531043553724816 1.26735323225148 0.636046257102862
leaf_count=15 64 55 23 20 82 37 33 30 48 6 4 20 35 45
internal_value=0.000692865 0.00405094 0.00735036 0.00977912 0.0121129 0.00500079 -0.00646858 0.0223291 0.00330078 0.00358853 0.0116365 0.0184207 0.00285872 -0.0096416
internal_weight=18.8995 17.8079 16.2553 15.5677 14.9762 9.70762 6.7333 5.26858 2.94916 5.3421 4.54033 3.54452 2.09142 0.995807
internal_count=517 502 438 383 360 262 225 98 68 143 110 61 41 49
is_linear=0
shrinkage=0.05


Tree=116
num_leaves=15
num_cat=0
split_feature=25 24 5 26 16 14 9 9 12 25 22 26 26 2
split_gain=0.822494 0.773173 0.879926 0.821446 0.676464 0.651961 0.64683 1.1952 0.27416 0.308346 0.116267 0.153943 0.156461 0.0366008
threshold=-1.7996391003184098 1.6857699612764641 -0.13599999999999998 -1.189607425012581 123.50000000000001 3.5000000000000004 -0.027499999999999997 -0.073499999999999982 -0.22449999999999998 0.14932401534386966 10.500000000000002 -0.016245962890269566 1.1074904315197058 23.465000000000003
decision_type=2 2 2 2 2 2 2 2 2 2 2 2 2 2
left_child=-1 2 4 13 -2 -5 7 -7 9 -8 11 -10 -13 -4
right_child=1 -3 3 5 -6 6 8 -9 10 -11 -12 12 -14 -15
leaf_value=-0.029409417122989195 0.0033607389775701883 0.022985664566457568 -0.0028245372324041569 -0.019902571225323865 -0.034607713881394532 0.020396124894102478 -0.016449446230929397 -0.02922115601054405 0.036805224923035999 0.015288796824200715 0.0048470250431002261 -0.0059662308222179451 0.017119515481908865 -0.024870638032739093
leaf_weight=1.067088564857843 1.6905387418810325 3.1129432255402198 0.52704127132892853 0.63282064022496243 1.9190270318649707 1.6158933811821046 0.46566455042920984 1.2772092851810164 2.770178864011541 0.6015041652135551 0.9141406810376792 0.65763550449627561 0.58748106565326452 0.87963938037864864
leaf_count=15 38 26 10 50 86 29 29 63 42 15 34 38 7 35
internal_value=0.000543857 0.00383429 -0.00148163 0.00578043 -0.0199539 0.0114057 0.0154215 -0.00338768 0.0236833 0.000181747 0.0278825 0.0311147 0.00769985 -0.0212164
internal_weight=18.7188 17.6517 14.5388 10.9292 3.60957 9.52253 8.88971 2.8931 5.9966 1.06717 4.92944 4.0153 1.24512 1.40668
internal_count=517 502 476 352 124 307 257 92 165 44 121 87 45 45
is_linear=0
shrinkage=0.05


Tree=117
num_leaves=15
num_cat=0
split_feature=25 24 5 26 16 7 13 1 16 25 21 26 26 14
split_gain=0.783295 0.721684 0.824919 0.780549 0.651887 0.533087 0.692903 0.43887 0.256353 0.2724 0.549884 0.213347 0.0802938 0.0649443
threshold=-1.7996391003184098 1.6857699612764641 -0.13599999999999998 -1.189607425012581 123.50000000000001 -0.042499999999999989 0.64200000000000013 70.283000000000015 116.50000000000001 0.037573082092890807 3.5000000000000004 -0.83602561000267983 -0.95307624461402696 4.5000000000000009
decision_type=2 2 2 2 2 2 8 2 2 2 2 2 2 2
left_child=-1 2 4 -4 -2 7 8 -5 -7 10 -10 -12 -8 -11
right_child=1 -3 3 5 -6 6 12 -9 9 13 11 -13 -14 -15
leaf_value=-0.0289934091322991 0.0032532651782288431 0.022113287649193795 -0.02090771397983409 0.012465989567562631 -0.0341792629259026 -0.0034076490219077933 0.0026031585162219996 -0.02484738617458573 0.022710068580506611 0.0062609781788082186 0.0069635444390206795 -0.021936850173485317 -0.01943419673293801 0.033748810976880393
leaf_weight=1.0432344395667339 1.6920642945915507 3.1134004304185501 1.3869055702816719 0.54869773052632875 1.8599660710897294 0.71491013467310871 0.27245591580867767 0.90797439194284379 1.2210822794586422 0.78360627684742024 0.41339211910963058 0.74197033536620416 0.60129572311416346 3.2565037098247576
leaf_count=15 38 26 45 8 86 31 4 42 23 33 6 47 42 71
internal_value=0.000406885 0.00362953 -0.00154296 0.00550526 -0.0195503 0.0110052 0.0159061 -0.0114391 0.021035 0.0238505 0.0065364 -0.013163 -0.0148405 0.0307174
internal_weight=18.5575 17.5142 14.4008 10.8488 3.55203 9.46189 8.00522 1.45667 7.13146 6.41655 2.37644 1.15536 0.873752 4.04011
internal_count=517 502 476 352 124 307 257 50 211 180 76 53 46 104
is_linear=0
shrinkage=0.05


Tree=118
num_leaves=15
num_cat=0
split_feature=24 24 13 7 11 5 5 21 7 5 1 7 0 12
split_gain=0.746332 0.670844 0.644476 1.03559 0.676765 0.727919 0.452692 0.491922 0.950122 0.446206 0.330426 0.305486 0.23835 0.186863
threshold=2.6267181571519473 2.2191001955163321 0.38900000000000007 -0.042499999999999989 0.11200000000000002 -0.13599999999999998 0.32800000000000007 6.5000000000000009 -0.074499999999999997 -0.36549999999999994 112.34550000000002 1.0000000180025095e-35 82.495000000000019 -0.087499999999999981
decision_type=2 2 10 2 2 2 2 2 2 2 2 2 2 2
left_child=1 2 3 -1 5 9 7 8 -4 -5 -8 12 -7 -13
right_child=-2 -3 6 4 -6 11 10 -9 -10 -11 -12 13 -14 -15
leaf_value=-0.034583413932023264 -0.028764496580317295 0.027363267043688713 0.025112219988676771 0.0056994247541224197 -0.025356439261940495 0.0034422440769065451 -0.022548970413838673 0.027374211025862322 -0.021238771831627354 -0.026766441178338575 0.012393921916935273 -0.01521248980901134 0.033412266455445393 0.010082236977195564
leaf_weight=1.7728433059528494 0.99831701256334682 1.522411573678254 0.99422723799943913 1.6569186255801471 0.95828767830971617 1.1954747873824101 0.78567937645129837 2.9451301479712129 1.4822429273044684 0.99750134907663035 0.29676490183919668 0.42296556290239096 1.8428745842538772 0.54226560564711679
leaf_count=54 14 12 8 31 59 40 64 58 59 40 5 29 30 14
internal_value=0.00027178 0.00340781 -0.000370832 -0.00841512 0.000982858 0.00758994 0.0108157 0.0164063 -0.000759482 -0.0104868 -0.0116177 0.0192756 0.0253926 -0.00310262
internal_weight=18.4139 17.4156 15.8932 9.38913 7.61629 6.658 6.50404 5.4216 2.47647 2.65442 1.08244 4.00358 3.03835 0.965231
internal_count=517 503 491 297 243 184 194 125 67 71 69 113 70 43
is_linear=0
shrinkage=0.05


Tree=119
num_leaves=15
num_cat=0
split_feature=25 24 5 26 16 14 7 1 16 25 10 15 1 1
split_gain=0.715194 0.656502 0.735784 0.7167 0.623786 0.590725 0.609592 0.405028 0.352143 0.361595 0.221889 0.102295 0.436809 0.11032
threshold=-1.7996391003184098 1.6857699612764641 -0.13599999999999998 -1.189607425012581 123.50000000000001 3.5000000000000004 -0.042499999999999989 70.283000000000015 116.50000000000001 -0.72154976026776829 0.082200000000000009 9.5000000000000018 82.566500000000005 70.266000000000005
decision_type=2 2 2 2 2 2 2 2 2 2 2 2 2 2
left_child=-1 2 4 -4 -2 -5 7 -7 -8 -10 11 12 13 -11
right_child=1 -3 3 5 -6 6 8 -9 9 10 -12 -13 -14 -15
leaf_value=-0.028211675519659491 0.0033323579033466473 0.020923252912696172 -0.020463432734978231 -0.019521796736816682 -0.033537774144691758 0.012143571961824265 -0.005907751524839691 -0.023929975205569116 -0.0063476756732405758 -0.0062648396517798709 0.0020386379703774236 0.0053980516560864526 0.041589152203917831 0.012429713464725878
leaf_weight=1.0004056356847311 1.6743694355245726 3.0969407800585023 1.3538256208412374 0.61417003278620441 1.7759890633169559 0.53963995631784267 0.80017480114474082 0.84898142842575908 0.56853349390439678 0.66527484520338453 0.97394731501117338 0.83311642776243378 2.8537181096617132 0.64041621936485171
leaf_count=15 38 26 45 50 86 8 33 40 17 28 38 35 36 22
internal_value=0.000178164 0.0032821 -0.00170773 0.00498895 -0.0189172 0.0103015 0.0141929 -0.0106963 0.0196226 0.0231178 0.0264337 0.0300583 0.0329941 0.00431854
internal_weight=18.2395 17.2391 14.1422 10.6918 3.45036 9.33797 8.7238 1.38862 7.33518 6.53501 5.96647 4.99253 4.15941 1.30569
internal_count=517 502 476 352 124 307 257 48 209 176 159 121 86 50
is_linear=0
shrinkage=0.05


Tree=120
num_leaves=13
num_cat=0
split_feature=5 25 3 15 7 5 5 2 13 2 6 16
split_gain=0.561664 0.697077 0.683717 0.680542 0.529144 0.437066 0.800471 0.397795 0.607032 0.180768 0.156355 0.134588
threshold=-0.36549999999999994 -0.046998869353706611 0.015500000000000002 2.5000000000000004 -0.042499999999999989 -0.43349999999999994 -0.71849999999999981 23.405000000000005 0.45800000000000007 23.165000000000003 0.55000000000000016 127.50000000000001
decision_type=2 2 2 2 2 2 2 2 10 2 2 2
left_child=5 3 -3 9 -5 6 -1 10 -9 -2 -4 -10
right_child=1 2 7 4 -6 -7 -8 8 11 -11 -12 -13
leaf_value=0.019771092520222196 0.015354685976201869 -0.02177223111527804 0.028500972703068141 0.001239500580603099 -0.032049004248074268 0.032717031799069686 -0.019797581522587177 -0.023254584339283832 -0.00066495191037759709 -0.0053045789440915635 0.002673858480885893 0.020989881751152573
leaf_weight=1.893528501736 1.2355003901757311 0.74147164262830934 2.3337475406005983 1.5641985929105429 3.2184153741691262 1.203485195524993 1.3022267995402219 0.82636315992567722 1.0355446874164047 1.289569101296365 0.98293727706186462 0.96821358194574703
leaf_count=35 16 66 36 29 124 15 25 54 30 26 37 17
internal_value=0.00172353 -0.00328695 0.00759217 -0.0132212 -0.0228301 0.0155061 0.00277178 0.0136851 -0.000655928 0.00629213 0.0232394 0.013303
internal_weight=18.5952 14.196 6.88828 7.30768 4.78261 4.39924 3.19576 6.14681 2.83012 2.52507 3.31668 2.00376
internal_count=510 435 240 195 153 75 60 174 101 42 73 47
is_linear=0
shrinkage=0.05


Tree=121
num_leaves=15
num_cat=0
split_feature=5 3 15 3 5 5 5 6 10 6 9 15 2 19
split_gain=0.529339 0.646403 0.681867 0.647082 0.417999 0.754297 0.353245 0.365539 0.512095 0.349286 0.293826 0.180515 0.157378 0.0765754
threshold=-0.36549999999999994 0.060500000000000005 2.5000000000000004 0.015500000000000002 -0.43349999999999994 -0.71849999999999981 -0.064499999999999988 1.0000000180025095e-35 0.14335000000000001 -1.4499999999999997 0.021000000000000001 3.5000000000000004 23.165000000000003 11.500000000000002
decision_type=2 2 2 2 2 2 2 2 2 2 2 2 2 2
left_child=4 3 12 -2 5 -1 -5 8 -8 -4 13 -9 -3 -11
right_child=1 2 9 6 -6 -7 7 11 -10 10 -12 -13 -14 -15
leaf_value=0.019101605384200058 -0.021502226125540022 0.014926463143769659 0.0059873886291912396 -0.0094805147226571587 0.031950004236273234 -0.01936653973534283 -0.021331784008389088 0.0038410056256992274 0.016464021865542744 -0.0045576365473981913 0.0020091842326364316 0.030195365309040486 -0.0045735348398248119 -0.034510526962217014
leaf_weight=1.8968624193221328 0.72618848062120189 1.2360723605379464 0.56842191703617562 0.82922684284858483 1.1949825107585663 1.2872893707826736 0.70775930210947879 1.1912355120293798 0.89492201199755073 0.58236042736098204 0.62609720765613008 2.5870601806091145 1.2585736580658702 2.8763050022535026
leaf_count=35 66 16 7 32 15 25 40 26 17 15 26 62 24 104
internal_value=0.00169169 -0.00319815 -0.0129213 0.00718698 0.0150893 0.00263801 0.0130587 0.0174734 -0.00201005 -0.0227 -0.0270845 0.024429 0.00659494 -0.0316205
internal_weight=18.4634 14.0842 7.14783 6.93639 4.37913 3.18415 6.2102 5.38098 1.60268 4.65318 4.08476 3.7783 2.49465 3.45867
internal_count=510 435 192 243 75 60 177 145 57 152 145 88 40 119
is_linear=0
shrinkage=0.05


Tree=122
num_leaves=15
num_cat=0
split_feature=5 25 3 15 7 5 5 5 13 23 5 7 15 12
split_gain=0.500543 0.599979 0.621651 0.610369 0.498115 0.39992 0.710872 0.261748 0.300904 0.459511 0.365762 0.125222 0.0674292 0.0216324
threshold=-0.36549999999999994 -0.046998869353706611 0.015500000000000002 2.5000000000000004 -0.042499999999999989 -0.43349999999999994 -0.71849999999999981 -0.060999999999999992 0.38900000000000007 5.5000000000000009 0.22550000000000003 -0.013999999999999997 3.5000000000000004 0.20200000000000004
decision_type=2 2 2 2 2 2 2 2 10 2 2 2 2 2
left_child=5 3 -3 11 -5 6 -1 -4 9 -9 -10 -2 -6 -12
right_child=1 2 7 4 12 -7 -8 8 10 -11 13 -13 -14 -15
leaf_value=0.018454711569089646 -0.0041471321330467199 -0.02123661319977288 -0.0076934047777655785 0.0015055054513446638 -0.0041233928794275187 0.031203916418527478 -0.018944394777850246 0.01442990801372664 0.032080561046987227 -0.020182203007846164 0.0040834659064212554 0.013211437389561036 -0.033721982349572743 -0.0042632924726194272
leaf_weight=1.9001537384465335 1.2349463060963901 0.71139068622141799 0.74974083551205772 1.5424462964292613 0.52725436072796616 1.1865033484064067 1.2728293882682922 1.3036562339402724 2.284545936621726 0.64270083012524981 0.46891472372226395 1.2871997938491411 2.5615426244912669 0.65732940635643899
leaf_count=35 20 66 27 29 16 15 25 33 31 39 16 22 108 28
internal_value=0.00163743 -0.00314182 0.00698175 -0.012464 -0.0217664 0.0146827 0.00250759 0.0127945 0.016421 2.99441e-05 0.0236472 0.00594767 -0.0309137 -0.00050202
internal_weight=18.3312 13.9717 6.81828 7.15339 4.63124 4.35949 3.17298 6.10689 5.35715 1.94636 3.41079 2.52215 3.0888 1.12624
internal_count=510 435 240 195 153 75 60 174 147 72 75 42 124 44
is_linear=0
shrinkage=0.05


Tree=123
num_leaves=15
num_cat=0
split_feature=5 2 5 13 23 5 5 3 3 13 25 3 3 25
split_gain=0.474729 0.566383 0.852161 0.581896 0.408775 0.382759 0.670029 0.291842 0.248552 0.21279 0.203603 0.182414 0.134229 0.112931
threshold=-0.36549999999999994 23.625000000000004 -0.13299999999999998 0.55100000000000016 11.500000000000002 -0.43349999999999994 -0.71849999999999981 0.12250000000000001 0.030500000000000003 0.65250000000000019 0.88812669684032464 0.23750000000000002 0.067500000000000018 -0.55464729590210859
decision_type=2 2 2 10 2 2 2 2 2 10 2 2 2 2
left_child=5 2 11 4 -3 6 -1 8 10 -5 -4 -2 -10 -14
right_child=1 3 7 9 -6 -7 -8 -9 12 -11 -12 -13 13 -15
leaf_value=0.017829638620341648 -0.024055135394293617 -0.035294326629814465 -0.01527249476715262 0.01852416714092258 0.001395004548456723 0.03047774089071616 -0.018531003609723908 -0.0073537259168840021 0.026541185585579264 -0.0068825503334719821 0.009189430788801833 0.0015190226246599705 0.013800005174352578 -0.0046267614020380756
leaf_weight=1.9034051944036035 1.5778575444128367 2.0196114139398555 0.42208655225112846 0.60589238791726507 0.91572711034677912 1.1780763540882642 1.2588291559368374 0.98810600186698128 2.9233322062063962 0.91000947495922446 1.1224779863841829 0.80116071924567211 0.6058550076559186 0.97438592626713194
leaf_count=35 59 101 25 14 21 15 25 20 68 38 36 6 16 31
internal_value=0.00156388 -0.0031113 0.003941 -0.0160148 -0.0264025 0.0142859 0.00238052 0.0124836 0.016308 0.00659886 -0.000870265 -0.017542 0.0212872 0.00504829
internal_weight=18.2068 13.8665 9.41526 4.45124 2.93534 4.34031 3.16223 7.03624 6.04814 1.5159 1.54456 2.37902 4.50357 1.58024
internal_count=510 435 261 174 122 75 60 196 176 52 61 65 115 47
is_linear=0
shrinkage=0.05


Tree=124
num_leaves=15
num_cat=0
split_feature=5 2 5 13 23 5 15 26 26 15 13 22 0 0
split_gain=0.449008 0.528653 0.798701 0.55967 0.396227 0.366453 0.656056 0.295797 0.732425 0.208839 0.204137 0.163741 0.159123 0.151464
threshold=-0.36549999999999994 23.625000000000004 -0.13299999999999998 0.55100000000000016 11.500000000000002 -0.43349999999999994 5.5000000000000009 -0.034319970954372676 1.0770060508093089 3.5000000000000004 0.64200000000000013 8.5000000000000018 69.045000000000016 100.64500000000002
decision_type=2 2 2 10 2 2 2 2 2 2 8 2 2 2
left_child=5 2 9 4 -3 6 -1 -4 11 -2 -5 -9 -8 -10
right_child=1 3 7 10 -6 -7 12 8 13 -11 -12 -13 -14 -15
leaf_value=0.018808805979490997 0.0025252507784025917 -0.034862545880943313 0.021103931412898753 0.018172927867022778 0.0013615088591693505 0.029770539586212119 0.0022543624325674894 -0.025303242834535236 0.0011846891756263837 -0.024137735989394934 -0.0067279875968050259 0.00050147176012804728 -0.024262099666307466 0.026276141307562728
leaf_weight=1.7051736011635514 0.78468610439449582 1.9563865575473749 3.2378871273249388 0.60604624263942208 0.91593847586773325 1.1697268346324587 0.5882056802511213 0.93784726900048399 1.0001399354077878 1.5669829268008468 0.9074090556241573 0.84453771403059363 0.85851112310774624 1.0063598854467271
leaf_count=19 15 101 71 14 21 15 7 49 36 50 38 30 34 10
internal_value=0.00151006 -0.00305761 0.00375411 -0.0156161 -0.0259427 0.0138988 0.00225683 0.0120118 0.00145756 -0.017142 0.0065064 -0.0172905 -0.016966 0.0183233
internal_weight=18.0858 13.7642 9.37844 4.38578 2.87233 4.32162 3.15189 7.02677 3.78888 2.35167 1.51346 1.78238 1.44672 2.0065
internal_count=510 435 261 174 122 75 60 196 125 65 52 79 41 46
is_linear=0
shrinkage=0.05


Tree=125
num_leaves=15
num_cat=0
split_feature=2 2 0 16 13 13 10 2 24 25 5 25 18 10
split_gain=0.802687 0.430333 0.432647 0.407034 0.459981 0.383777 0.649228 0.623311 0.445389 0.568046 0.407228 0.35258 0.22797 0.165594
threshold=23.785000000000004 22.950000000000006 70.265000000000015 127.50000000000001 0.45800000000000007 0.42300000000000004 0.11380000000000001 23.185000000000006 0.41071888827797182 -0.54038600177328366 0.13050000000000003 -1.3963056051382445 -0.14499999999999996 -0.050799999999999991
decision_type=2 2 2 2 8 8 2 2 2 2 2 2 2 2
left_child=1 2 -1 -2 -5 7 13 -3 9 -9 -11 -10 -12 -7
right_child=3 5 -4 4 -6 6 -8 8 11 10 12 -13 -14 -15
leaf_value=-0.022850030651907674 -0.031417000014001349 0.026627698922267129 0.0089989313853474952 -0.019304863086645203 0.017260967158107352 0.002911061846074159 0.018182242262678405 0.033365403908046092 0.0085155133322283583 -0.01539295083558731 -0.0038570727622778858 -0.020913156977757929 0.023655557177645906 -0.0274747618269237
leaf_weight=1.4570330539718299 1.5283462882507586 3.9912110816221649 1.1499682511202989 0.5723109231330451 0.90118255303241324 0.34408702515065681 0.74907372426241625 0.93599470029584964 0.93871032819151912 1.4527127156034123 0.89954420761205156 1.6874022411648182 0.75434607081115324 1.1322768353857109
leaf_count=44 90 55 24 24 25 5 15 12 8 52 39 42 14 67
internal_value=0.000902356 0.00573361 -0.0102012 -0.0192337 0.000995759 0.00946008 -0.0070902 0.013227 0.00278028 0.0120997 -0.000872043 -0.0109464 0.0128767 -0.0220772
internal_weight=18.4942 15.4924 2.607 3.00184 1.47349 12.8854 2.22544 10.6599 6.66871 4.0426 3.1066 2.62611 1.65389 1.47636
internal_count=516 377 68 139 49 309 87 222 167 117 105 50 53 72
is_linear=0
shrinkage=0.05


Tree=126
num_leaves=15
num_cat=0
split_feature=2 0 16 13 13 2 11 26 3 2 12 2 15 12
split_gain=0.765317 0.408852 0.389778 0.442479 0.370513 0.4094 0.519332 0.403142 0.389329 0.328057 0.448458 0.44969 0.292874 0.728375
threshold=23.785000000000004 57.415000000000006 127.50000000000001 0.46450000000000008 0.48500000000000004 22.950000000000006 -0.40749999999999992 -1.0370952469521377 0.092000000000000012 23.185000000000006 -0.53799999999999992 23.335000000000004 3.5000000000000004 0.47300000000000003
decision_type=2 2 2 10 8 2 2 2 2 2 2 2 2 2
left_child=1 -1 -2 -4 5 6 -3 -6 -8 -7 -11 -12 -13 -14
right_child=2 4 3 -5 7 9 8 -9 -10 10 11 12 13 -15
leaf_value=-0.015735454605219825 -0.03101919258523796 0.018766068581559658 -0.019074755237781738 0.01684513879188344 0.012325636770661052 0.024603498639857047 0.006051265494250657 -0.024042743412055756 -0.029858081123952232 -0.018968815503395912 -0.0099200152021793418 0.029936015444829069 -0.012618543709957559 0.025875306888783697
leaf_weight=1.0987960402853811 1.484489346854388 0.5389835801906887 0.56256493087857939 0.90192361455410719 0.48979481775313616 4.0493506942875666 0.75371831865049621 0.87210088968277044 1.0118757486343382 0.57329955429304114 1.293719600187617 1.653508420102298 1.867734036408365 1.1932547301985321
leaf_count=24 90 8 24 25 6 58 29 61 20 25 44 21 63 18
internal_value=0.000855458 0.00557346 -0.0189503 0.000905918 0.0081327 0.0108397 -0.00622708 -0.0112824 -0.0178835 0.0147568 0.00625239 0.0110222 0.0174993 0.00506392
internal_weight=18.3451 15.3961 2.94898 1.46449 14.2973 12.9354 2.30458 1.3619 1.76559 10.6309 6.58152 6.00822 4.7145 3.06099
internal_count=516 377 139 49 353 286 57 67 49 229 171 146 102 81
is_linear=0
shrinkage=0.05


Tree=127
num_leaves=14
num_cat=0
split_feature=10 26 26 9 22 13 15 1 11 9 0 11 22
split_gain=0.43015 0.717974 0.641595 0.754714 0.714746 0.445035 0.422069 0.373859 0.32032 0.382282 0.242565 0.191274 0.0123557
threshold=-0.064249999999999988 -0.46041196845974225 -1.2208207792309047 -0.040499999999999987 1.5000000000000002 0.24550000000000002 2.5000000000000004 69.921000000000006 -0.40749999999999992 0.098000000000000018 101.36500000000002 0.11650000000000002 5.5000000000000009
decision_type=2 2 2 2 2 10 2 2 2 2 2 2 2
left_child=5 2 4 -4 -2 -1 7 -3 -8 10 -10 -5 -6
right_child=1 6 3 11 12 -7 8 -9 9 -11 -12 -13 -14
leaf_value=-0.0081236481945237103 0.014117054796595342 0.015809108233297474 -0.011971333641985269 0.030037434531943453 -0.029028228993301704 0.021731130496281996 0.007204659709586822 -0.014460908971783827 -0.037757245191330321 0.0074449758177408988 0.00098359381229216197 0.0049212830049660747 -0.0053045058892006135
leaf_weight=1.1986147537827516 1.044524531811476 1.1308927806094264 1.3615997456945477 2.723842226783745 1.2103660372085867 2.9450674527324736 0.3154362961649898 0.96553323045372952 2.483032794902102 0.29336604848504055 0.40064767759758968 1.524719077395275 0.60331281251274038
leaf_count=22 9 19 32 33 34 42 6 32 193 3 27 37 27
internal_value=0.000745344 -0.003557 0.0055134 0.0145243 -0.0113538 0.0131948 -0.0160515 0.00170006 -0.0247137 -0.0288488 -0.0335074 0.0236788 -0.0258266
internal_weight=18.201 14.0573 8.46836 5.61016 2.8582 4.14368 5.58891 2.09643 3.49248 3.17705 2.88368 4.24856 1.81368
internal_count=516 452 172 102 70 64 280 51 229 223 220 70 61
is_linear=0
shrinkage=0.05


Tree=128
num_leaves=15
num_cat=0
split_feature=2 10 26 9 24 13 16 13 3 26 6 11 13 13
split_gain=0.712747 0.375234 0.796393 0.646175 0.551279 0.724693 0.371611 0.426894 0.314912 0.314815 0.126384 0.101742 0.0303281 0.111438
threshold=23.785000000000004 -0.064249999999999988 -0.46041196845974225 -0.040499999999999987 -0.72064439447454853 0.12450000000000001 127.50000000000001 0.46450000000000008 0.03450000000000001 -1.1328033526616486 1.0500000000000003 -0.045499999999999992 0.39750000000000008 0.40050000000000008
decision_type=2 2 2 2 2 8 2 10 2 2 2 2 10 10
left_child=1 10 3 -3 8 -6 -2 -8 11 -5 -1 -4 -7 -14
right_child=6 2 4 9 5 12 7 -9 -10 -11 -12 -13 13 -15
leaf_value=0.0034424555946234317 -0.030531318314903289 -0.010343369955816056 0.0053894639112957096 0.00027989683583576162 0.0092347887891486482 -0.035965382925142751 -0.018833591688792461 0.016521207389747779 0.021956951373774916 0.027477889621818491 0.023023411539352362 -0.015867110866680401 0.0069901076654408367 -0.01452674877800479
leaf_weight=1.6685433639213454 1.4322757148183876 1.7734433580189941 0.28945116046816111 1.4718964742496603 0.93650187039747868 1.9951156505849215 0.55300180055201031 0.89854120113886893 0.72229841817170382 3.0445759883150463 2.1550352061167359 0.45180989499203839 0.2691544797271489 0.39842711202800274
leaf_count=25 90 35 6 28 13 114 24 25 6 39 26 43 4 38
internal_value=0.000696432 0.0052804 0.000290707 0.011405 -0.0131212 -0.0220213 -0.0185753 0.000863779 0.00882051 0.0202717 0.0169638 -0.00923846 -0.0325344 -0.00686208
internal_weight=18.0601 15.1763 11.3527 6.28992 5.06276 3.5992 2.88382 1.45154 1.46356 4.51647 3.82358 0.741261 2.6627 0.667582
internal_count=516 377 326 102 224 169 139 49 55 67 51 49 156 42
is_linear=0
shrinkage=0.05


Tree=129
num_leaves=15
num_cat=0
split_feature=2 0 16 13 10 26 9 24 13 3 26 0 11 13
split_gain=0.678985 0.359767 0.355764 0.410834 0.3454 0.804512 0.528451 0.480058 0.657135 0.303285 0.233313 0.15981 0.0994067 0.05291
threshold=23.785000000000004 57.415000000000006 127.50000000000001 0.46450000000000008 -0.064249999999999988 -0.46041196845974225 -0.040499999999999987 -0.72064439447454853 0.12450000000000001 0.03450000000000001 -1.1328033526616486 100.82000000000001 -0.045499999999999992 0.39750000000000008
decision_type=2 2 2 10 2 2 2 2 8 2 2 2 2 10
left_child=1 -1 -2 -4 11 6 -6 9 -9 12 -8 -3 -7 -10
right_child=2 4 3 -5 5 7 10 8 13 -11 -12 -13 -14 -15
leaf_value=-0.014971450559582489 -0.03014252309133619 0.026080487731370002 -0.018611788649391166 0.016124546079481585 -0.0099871918495539561 0.0053288571302570172 0.001970326017934758 0.0090110491745472917 -0.03470043679415908 0.021542324850442666 0.027278449454919026 0.0039301939429924578 -0.015696084088073187 -0.0054273287265879403
leaf_weight=1.0749125804286475 1.3921320748049759 1.9687427754979574 0.54376413475256391 0.89919601147994399 1.1645280639640985 0.28947855904698372 1.3936550980433815 0.93659413792192969 1.7902623413829135 0.71872837794944644 2.9961953568272288 1.6938121514394877 0.44496578583493718 0.61334990011528123
leaf_count=24 90 20 24 25 29 6 25 13 106 6 37 28 43 40
internal_value=0.00063065 0.00510689 -0.0183081 0.00077425 0.00754215 0.0022204 0.014053 -0.0115498 -0.0203052 0.00864862 0.0211001 0.0188767 -0.00911465 -0.0310198
internal_weight=17.9203 15.0852 2.83509 1.44296 14.0103 10.3478 5.55438 4.79338 3.34021 1.45317 4.38985 3.66255 0.734444 2.40361
internal_count=516 377 139 49 353 305 91 214 159 55 62 48 49 146
is_linear=0
shrinkage=0.05


Tree=130
num_leaves=15
num_cat=0
split_feature=12 3 12 12 14 24 15 19 24 0 10 10 25 6
split_gain=0.520173 0.676446 0.545973 0.51679 0.498727 0.519626 0.752284 0.575777 0.493469 0.263831 0.254668 0.399382 0.229178 0.143687
threshold=0.14000000000000004 0.27400000000000008 0.64250000000000018 0.74900000000000011 5.5000000000000009 -0.46953221214599167 3.5000000000000004 11.500000000000002 -0.95877792760838521 69.575000000000003 -0.049249999999999995 0.021100000000000004 0.53575340819462136 0.65000000000000002
decision_type=2 2 2 2 2 2 2 2 2 2 2 2 2 2
left_child=1 4 8 -4 10 12 13 -8 -2 -5 -1 -12 -6 -7
right_child=2 -3 3 9 5 6 7 -9 -10 -11 11 -13 -14 -15
leaf_value=0.034876856407215689 0.0087061406701713952 -0.024634387223448771 0.019043918614968729 0.0042916720288951353 0.026424309764931587 0.017098662372271613 0.009269384133869343 -0.033786736656658226 -0.030455344696550531 -0.023984600541468674 -0.016927236109136483 0.019879410989823803 -0.0012399838967535463 -0.0027785616718587589
leaf_weight=1.247163547202945 0.54021976795047555 0.74417949654162008 1.4224680601619186 1.0303064165636895 1.2325634150765838 1.3870124700479212 0.58200191077776287 1.7679080575471742 2.8981503810500717 0.84551733965054143 0.49548221868462849 0.46003319346345961 0.99719049222767342 1.0759371060412375
leaf_count=9 16 11 21 14 21 17 20 100 123 44 43 9 35 30
internal_value=-0.00242018 0.00471607 -0.012244 0.00246207 0.00925243 0.00158029 -0.00753636 -0.0235393 -0.0237272 -0.0123619 0.0256299 0.00189731 0.017499 0.0101204
internal_weight=16.7261 9.98947 6.73666 3.29829 9.24529 7.04261 4.81286 2.34991 3.43837 1.87582 2.20268 0.955515 2.22975 2.46295
internal_count=513 295 218 79 284 223 167 120 139 58 61 52 56 47
is_linear=0
shrinkage=0.05


Tree=131
num_leaves=15
num_cat=0
split_feature=10 14 3 8 11 18 12 12 25 15 26 11 2 7
split_gain=0.494321 0.777448 0.611809 0.521457 0.477794 0.398989 0.620818 0.765703 0.571565 0.256696 0.221025 0.385442 0.167606 0.143533
threshold=-0.049249999999999995 5.5000000000000009 0.10550000000000001 -0.044999999999999991 0.26550000000000007 -0.42499999999999993 0.14000000000000004 -0.16849999999999998 -0.43725291352322976 8.5000000000000018 -0.79929448100594558 -0.10299999999999999 23.085000000000004 -0.048999999999999995
decision_type=2 2 2 2 2 2 2 2 2 2 2 2 2 2
left_child=1 -1 5 -3 12 10 7 -7 -8 -5 -2 -12 -4 -10
right_child=2 3 4 9 -6 6 8 -9 13 -11 11 -13 -14 -15
leaf_value=0.032885868550186041 0.023297130038402114 0.015593611976663917 -0.006430875230712208 -0.02378745753545429 0.0062215841989389006 -0.020523136012787414 0.012221804116978921 0.022270376443333458 0.00044162183482088306 0.0041656561520456549 0.017228796394758873 -0.018792761116608842 -0.035785825546393056 -0.033272157001488278
leaf_weight=1.2647503940388558 1.3538695406168701 1.2701143343001606 1.2107157825957986 1.5136392309796094 0.87520966283045698 0.67715447605587575 0.48591595073230687 2.0291978305904168 0.32669770671054865 0.83423385443165887 0.41847955249249946 0.57375163282267816 1.9154784029815344 1.7919361738022395
leaf_count=10 17 17 21 36 12 70 7 57 11 25 8 41 66 115
internal_value=-0.00231239 0.00981265 -0.00776458 -0.00362777 -0.0213706 0.000992907 -0.00651355 0.00891467 -0.0205705 -0.0155777 0.0148537 -0.00257824 -0.028731 -0.0295988
internal_weight=16.5411 4.88274 11.6584 3.61799 4.0014 7.657 5.3109 2.70635 2.60455 2.34787 2.3461 0.992231 3.12619 2.11863
internal_count=513 88 425 78 99 326 260 127 133 61 66 49 87 126
is_linear=0
shrinkage=0.05


Tree=132
num_leaves=14
num_cat=0
split_feature=10 13 9 23 6 12 7 15 26 1 6 12 12
split_gain=0.476528 0.379486 0.450887 0.833552 0.64677 0.837 0.333993 0.281092 0.506067 0.265964 0.232382 0.271727 0.225404
threshold=-0.064249999999999988 0.55100000000000016 -0.031499999999999993 11.500000000000002 0.75000000000000011 0.36950000000000005 0.044000000000000004 4.5000000000000009 -0.44276982127591297 57.77450000000001 -0.44999999999999996 0.14000000000000004 -0.61449999999999994
decision_type=2 10 2 2 2 2 2 2 2 2 2 2 2
left_child=12 2 3 -2 5 7 -7 -4 -9 -10 -3 -12 -1
right_child=1 10 4 -5 -6 6 -8 8 9 -11 11 -13 -14
leaf_value=-0.0020452835793882389 -0.036598742506197254 0.019741649651813076 0.024781587144864472 0.010723358895478674 -0.027523515990563935 -0.028889829299650161 0.0054918183541226217 0.016704128577326397 0.0090644830250307205 -0.024785948020681136 0.011576640710345844 -0.018493123201397961 0.01974246126324225
leaf_weight=1.6633640746586027 2.1645851968787615 1.0487539656460287 2.1149884257465583 0.7900723956990986 1.0753907004836945 1.1363293053582308 0.64548412431031454 1.4745252523571251 0.23763104225508891 0.86978052172344178 0.53279137308709212 0.55601424886845052 2.0493462393060353
leaf_count=37 88 21 28 12 89 44 14 29 5 68 16 38 24
internal_value=-0.00223833 -0.00685969 -0.0106896 -0.024433 -0.00308625 0.00410789 -0.0189378 0.0146401 0.00173342 -0.0166677 0.00937506 -0.005281 0.0116184
internal_weight=16.3591 12.6463 10.5088 2.95466 7.55413 6.47874 1.78181 4.69693 2.58194 1.10741 2.13756 1.08881 3.71271
internal_count=513 452 377 100 277 188 58 130 102 73 75 54 61
is_linear=0
shrinkage=0.05


Tree=133
num_leaves=15
num_cat=0
split_feature=10 14 9 3 11 18 12 12 24 6 16 26 11 2
split_gain=0.450054 0.734893 0.693154 0.564727 0.53101 0.369897 0.576424 0.712361 0.641211 0.393279 0.351412 0.209958 0.366707 0.167282
threshold=-0.049249999999999995 5.5000000000000009 -0.048999999999999995 0.10550000000000001 0.28250000000000003 -0.42499999999999993 0.14000000000000004 0.08450000000000002 0.24672710936913472 0.25000000000000006 132.50000000000003 -0.79929448100594558 -0.10299999999999999 23.085000000000004
decision_type=2 2 2 2 2 2 2 2 2 2 2 2 2 2
left_child=1 -1 -3 5 13 11 7 9 -8 -7 -4 -2 -13 -5
right_child=3 2 10 4 -6 6 8 -9 -10 -11 -12 12 -14 -15
leaf_value=0.031961979506807806 0.022632901045132908 0.019522000518225207 -0.025626366250753679 -0.0061955023549673865 0.0082411381469396621 0.010364606574834581 -0.029524717372560023 0.029120759852276547 0.014901665657633997 -0.024160293308683519 0.0065756840229609613 0.016754814638504655 -0.018511404030930219 -0.035461938938600293
leaf_weight=1.2403701748698948 1.3362392657436433 1.1250769505277274 1.7238221021834794 1.191517487633974 0.80430990573950101 0.69755534455179924 2.1044165184721355 1.0557133073452858 0.4131643462460487 0.90179028490092605 0.73600134626030911 0.4107381848152728 0.56044165580533511 1.8928211111342532
leaf_count=10 17 12 50 21 11 17 129 14 4 96 16 8 41 67
internal_value=-0.00221288 0.00939118 -0.00368612 -0.00749912 -0.02072 0.00100691 -0.00633244 0.0086211 -0.0200702 -0.0109079 -0.0168755 0.0143999 -0.00266303 -0.028441
internal_weight=16.194 4.82527 3.5849 11.3687 3.88865 7.48006 5.17264 2.65506 2.51758 1.59935 2.45982 2.30742 0.97118 3.08434
internal_count=513 88 78 425 99 326 260 127 133 113 66 66 49 88
is_linear=0
shrinkage=0.05


Tree=134
num_leaves=14
num_cat=0
split_feature=10 18 12 12 9 15 24 13 12 13 12 26 3
split_gain=0.431877 0.376399 0.480623 1.29883 0.587014 0.547176 0.579476 0.379602 0.315191 0.427423 0.212867 0.163874 0.10793
threshold=-0.064249999999999988 -0.42499999999999993 0.14000000000000004 0.057000000000000002 0.021000000000000001 2.5000000000000004 2.3564913622742241 0.086000000000000007 0.64250000000000018 0.20400000000000004 -0.61449999999999994 -0.69093374988153522 0.026500000000000006
decision_type=2 2 2 2 2 2 2 8 2 8 2 2 2
left_child=10 8 3 4 7 -4 -7 -3 9 -2 -1 -9 -11
right_child=1 2 5 -5 -6 6 -8 11 -10 12 -12 -13 -14
leaf_value=-0.0021335726869144487 0.014722681672415673 0.0088143043374749423 0.0033607889261439115 0.028952404167946873 0.011684629564799091 -0.038121934681795408 0.0084002658514800363 0.0016664192414749133 0.019355663847490451 0.0014147896551124114 0.019043919847772466 -0.03539736301765619 -0.024046191836421
leaf_weight=1.6494726298842581 0.71087137190624994 0.24427435267716546 1.3722341293469069 1.4679575541522352 0.75462690240237851 2.5912440650863577 0.4349147006869315 0.23515655007213254 1.3332920300308613 0.40140307997353375 2.0327664809301504 1.9252500663278636 0.83865575888194144
leaf_count=37 17 4 24 24 21 141 5 5 21 12 24 135 43
internal_value=-0.00207272 -0.00656075 -0.0115148 0.000255014 -0.0168341 -0.0216507 -0.0310101 -0.0265871 0.00656386 -0.00577491 0.0111278 -0.0321123 -0.0188522
internal_weight=15.9921 12.3099 9.02566 4.62727 3.15931 4.39839 3.02616 2.40468 3.28422 1.95093 3.68224 2.16041 1.24006
internal_count=513 452 359 189 165 170 146 144 93 72 61 140 55
is_linear=0
shrinkage=0.05


Tree=135
num_leaves=15
num_cat=0
split_feature=6 16 24 22 25 22 5 16 5 3 10 2 2 26
split_gain=0.457555 0.429534 0.366525 0.485672 0.683441 0.396802 0.305688 0.521311 0.450893 0.281105 0.27273 0.562549 0.472992 0.115971
threshold=1.2500000000000002 116.50000000000001 2.6267181571519473 3.5000000000000004 -0.046998869353706611 5.5000000000000009 0.32800000000000007 123.50000000000001 -0.060999999999999992 0.083500000000000019 -0.049249999999999995 23.555000000000003 23.085000000000004 0.17654482022824491
decision_type=2 2 2 2 2 2 2 2 2 2 2 2 2 2
left_child=1 13 3 10 5 -5 8 -8 -6 -7 -3 12 -12 -1
right_child=-2 2 -4 4 6 9 7 -9 -10 -11 11 -13 -14 -15
leaf_value=-0.022337437058284795 -0.021923918179124049 0.029568068689513595 -0.014668919245905061 -0.029360327577966246 -0.0089982345456706709 -0.012493372705824707 0.01492654962153727 -0.023030025885530846 0.025097985640665454 0.017301456600180044 0.012026256612301951 0.024474164332490774 -0.020943529449794138 0.0022090626202424641
leaf_weight=0.73271346557886008 0.74681471602525462 2.4823575871996582 0.82184846326708871 1.285734922857958 0.72950100153684827 0.59845352824777343 0.87243030127137877 0.79893746285233647 2.796359761501658 0.60726883262395859 1.1279483241960373 1.5636112836655227 1.3722273590974507 0.43751191720366478
leaf_count=39 63 26 10 67 32 35 30 46 71 9 13 28 31 14
internal_value=0.00267239 0.00501134 0.00758928 0.00975286 0.000801728 -0.0169763 0.0106883 -0.00504635 0.017614 0.00355349 0.0187668 0.00763276 -0.00688296 -0.016371
internal_weight=16.9737 16.2269 15.0567 14.2348 7.68869 2.49146 5.19723 1.67137 3.52586 1.20572 6.54614 4.06379 2.50018 1.17023
internal_count=514 451 398 388 290 111 179 76 103 44 98 72 44 53
is_linear=0
shrinkage=0.05


Tree=136
num_leaves=15
num_cat=0
split_feature=6 16 24 24 3 22 25 22 5 16 5 3 16 23
split_gain=0.436826 0.408273 0.347467 0.474922 0.945747 0.61564 0.54374 0.334695 0.28536 0.501363 0.423813 0.271293 0.188704 0.12641
threshold=1.2500000000000002 116.50000000000001 2.6267181571519473 1.0793638163467387 0.12150000000000001 3.5000000000000004 -0.046998869353706611 5.5000000000000009 0.32800000000000007 123.50000000000001 -0.060999999999999992 0.083500000000000019 127.50000000000001 4.5000000000000009
decision_type=2 2 2 2 2 2 2 2 2 2 2 2 2 2
left_child=1 13 3 4 5 -3 7 -7 10 -10 -8 -9 -5 -1
right_child=-2 2 -4 12 -6 6 8 11 9 -11 -12 -13 -14 -15
leaf_value=0.0028055730079326949 -0.021651138468557124 0.030819034611134055 -0.01438574851615243 0.0056665832867561355 -0.027797055876004034 -0.027175983005962245 -0.0088275141873101672 -0.012297801275342961 0.014577222667518513 -0.022738077241085106 0.02421491456979627 0.01701009282452141 0.029604525617171334 -0.022333670201041451
leaf_weight=0.42076016101055447 0.73140284465625782 1.4513651118613724 0.81595899350941259 1.8846932321321226 1.1193212047219265 1.0897377696819606 0.72586134471930597 0.59359874424990244 0.87262909417040624 0.78200555162038654 2.7900534481741488 0.60399922961369157 2.2208357537165284 0.73518343840260059
leaf_count=11 63 16 10 25 42 58 32 35 30 46 71 9 24 42
internal_value=0.0024764 0.00477373 0.00729943 0.00941915 0.00279752 0.00905856 0.00168066 -0.0149374 0.0102615 -0.00498059 0.0169491 0.00349764 0.0218778 -0.0161261
internal_weight=16.8374 16.106 14.9501 14.1341 10.0286 8.90925 7.45789 2.28734 5.17055 1.65463 3.51591 1.1976 4.10553 1.15594
internal_count=514 451 398 388 339 297 281 102 179 76 103 44 49 53
is_linear=0
shrinkage=0.05


Tree=137
num_leaves=15
num_cat=0
split_feature=6 16 24 24 3 22 25 22 25 9 16 3 16 23
split_gain=0.416877 0.387636 0.329173 0.447457 0.900346 0.586705 0.511503 0.3231 0.279768 0.501136 0.281435 0.261849 0.177369 0.122915
threshold=1.2500000000000002 116.50000000000001 2.6267181571519473 1.0793638163467387 0.12150000000000001 3.5000000000000004 -0.046998869353706611 5.5000000000000009 0.30263508891333496 -1.0000000180025095e-35 128.50000000000003 0.083500000000000019 127.50000000000001 4.5000000000000009
decision_type=2 2 2 2 2 2 2 2 2 2 2 2 2 2
left_child=1 13 3 4 5 -3 7 -7 -8 10 -10 -9 -5 -1
right_child=-2 2 -4 12 -6 6 8 11 9 -11 -12 -13 -14 -15
leaf_value=0.0027634326478220435 -0.021382814105931434 0.030001363918531834 -0.01410814204290972 0.0054796316552563401 -0.02743132745860007 -0.026822101404678358 0.019179274328451332 -0.012105450668408006 0.020500205894751985 -0.022320254220342992 -0.0087259937210019019 0.016723980972207047 0.028682905662227788 -0.022051598990447872
leaf_weight=0.42105937004089422 0.71647947735618878 1.4438230562955086 0.81023710407316762 1.8856377692427493 1.0915705056395371 1.0627885102294352 2.4903060009237414 0.58888871769886442 1.2927770677488268 0.77278672403190585 0.58916855708230276 0.600804986897856 2.2099954441655427 0.72052188229281455
leaf_count=11 63 16 10 25 42 58 56 35 42 60 21 9 24 42
internal_value=0.00227664 0.00453421 0.00700847 0.0090857 0.00262149 0.00874221 0.00151439 -0.0146936 0.00984661 -0.00176038 0.0114976 0.00344232 0.0211719 -0.0158823
internal_weight=16.6968 15.9804 14.8388 14.0285 9.93291 8.84134 7.39752 2.25248 5.14504 2.65473 1.88195 1.18969 4.09563 1.14158
internal_count=514 451 398 388 339 297 281 102 179 123 63 44 49 53
is_linear=0
shrinkage=0.05


Tree=138
num_leaves=15
num_cat=0
split_feature=6 11 24 24 3 11 26 11 13 3 2 5 2 11
split_gain=0.398065 0.308656 0.322503 0.370703 0.622219 0.490656 0.435759 0.432234 0.278201 0.151946 0.148932 0.140344 0.159412 0.155737
threshold=1.2500000000000002 0.48650000000000004 2.6267181571519473 1.6857699612764641 0.10550000000000001 -0.29349999999999993 -1.1971749915264944 -0.31549999999999995 0.17300000000000001 0.16750000000000004 23.515000000000004 0.32800000000000007 23.335000000000004 -0.10299999999999999
decision_type=2 2 2 2 2 2 2 2 10 2 2 2 2 2
left_child=1 2 3 4 5 -1 -7 -6 -8 -9 -3 12 -10 -13
right_child=-2 10 -4 -5 7 6 8 9 11 -11 -12 13 -14 -15
leaf_value=-0.017891703925605993 -0.021118893869039156 0.0054966014418271368 -0.014289670736151325 0.021582926943347021 0.0093498206140553916 -0.011320224950878026 -0.0062158556994595937 -0.02962688712834697 0.0053729062915984331 -0.0013354890536509008 -0.021272489834024425 0.01415642487065559 0.029715096765158856 -0.0073633156392413635
leaf_weight=0.52363098110072037 0.70202549768146205 0.26306718587875444 0.82688195072114545 3.0145869534462699 0.86046623811125789 0.80093165463767579 0.62460008228663433 1.3029324869858094 1.4073718363652004 0.72160377912223328 0.69616085791494697 0.64783357968553901 3.3488327248487622 0.82275896449573316
leaf_count=19 63 5 11 26 16 26 30 63 50 15 55 9 79 47
internal_value=0.00208641 0.00430503 0.00639707 0.00847959 0.00341498 0.0102791 0.0140518 -0.0136764 0.0180819 -0.0233186 -0.0148727 0.021042 0.0246969 0.00400952
internal_weight=16.5637 15.8617 14.9024 14.0755 11.061 8.17596 7.65233 2.885 6.8514 2.02454 0.959228 6.2268 4.7562 1.47059
internal_count=514 451 391 380 354 260 241 94 215 78 60 185 129 56
is_linear=0
shrinkage=0.05


Tree=139
num_leaves=15
num_cat=0
split_feature=6 16 24 22 25 12 5 10 22 0 11 0 3 11
split_gain=0.379006 0.362384 0.295373 0.412526 0.559969 0.458751 0.677934 0.737005 0.346052 0.264719 0.415622 0.293885 0.252846 0.159924
threshold=1.2500000000000002 116.50000000000001 2.6267181571519473 3.5000000000000004 -0.046998869353706611 -0.20199999999999999 -0.71849999999999981 0.050550000000000005 5.5000000000000009 57.835000000000008 0.077500000000000013 101.38500000000001 0.083500000000000019 -0.12649999999999997
decision_type=2 2 2 2 2 2 2 2 2 2 2 2 2 2
left_child=1 -1 3 5 8 -3 -7 -8 -5 -6 13 -12 -10 -11
right_child=-2 2 -4 4 9 6 7 -9 12 10 11 -13 -14 -15
leaf_value=-0.015743058807441753 -0.020859325197965274 0.028426037246517624 -0.013560443130626786 -0.02817597543743729 0.025196676973799428 0.024956292133386012 -0.030120848288628106 0.012022741852822184 -0.012079865016452971 -0.0020832281132163034 -0.021439887677484105 0.0073127470456687167 0.016269799752245222 0.021096217372935249
leaf_weight=1.1216950539965189 0.68802259722724635 2.9722576425410807 0.79909804463386613 1.1822323277592652 0.81786186248064119 1.0349641740322115 1.1841039743740078 1.2003659149631856 0.58389403496403225 0.84855125565081868 1.274863882455975 0.81454405037220556 0.59564044000580907 1.341098805889487
leaf_count=53 63 37 10 67 5 10 33 18 35 23 86 29 9 36
internal_value=0.00186363 0.00403958 0.0064635 0.00845413 0.000139375 0.0168254 0.0025914 -0.0116215 -0.016259 0.00915838 0.00190069 -0.011492 0.00313256 0.0142766
internal_weight=16.4592 15.7712 14.6495 13.8504 7.45869 6.39169 3.41943 2.38447 2.36177 5.09692 4.27906 2.08941 1.17953 2.18965
internal_count=514 451 398 388 290 98 61 51 111 179 174 115 44 59
is_linear=0
shrinkage=0.05


Tree=140
num_leaves=15
num_cat=0
split_feature=26 1 20 12 26 22 9 14 2 10 9 9 11 13
split_gain=0.339502 0.801878 0.423384 0.465082 0.359157 0.751375 0.507561 0.346783 0.57366 0.296774 0.274983 0.265025 0.25674 0.241299
threshold=-0.46041196845974225 94.565000000000012 1.0000000180025095e-35 -1.0919999999999999 -1.2208207792309047 1.5000000000000002 -0.040499999999999987 5.5000000000000009 23.385000000000002 -0.011299999999999999 0.042500000000000003 -0.06699999999999999 0.11650000000000002 0.11100000000000002
decision_type=2 2 2 2 2 2 2 2 2 2 2 2 2 8
left_child=4 2 3 -2 5 -1 -6 -3 -9 -8 13 -10 -11 -5
right_child=1 7 -4 10 6 -7 9 8 11 12 -12 -13 -14 -15
leaf_value=0.017291653784767852 0.011654217795303371 0.025341034903376067 0.008592849305517224 0.0029462362788164466 -0.0093887464997171044 -0.023212371891836971 -0.0036992123880720744 0.017415382539091168 0.0062154320529882118 0.035165636512071351 0.0036523698187219816 -0.023033153277166235 0.0049638431710676695 -0.038370083037890523
leaf_weight=1.1429733056575062 0.22422129940241742 0.87369055964518327 0.5868575433269142 0.24179578991606643 1.1539226337336002 1.5378817738965151 0.72319547459483136 1.4125188116449865 0.61878623277880285 1.9592145757051214 0.32378777291160066 1.4642458611633626 1.4188659769715739 2.5372580983676016
leaf_count=10 2 18 21 7 32 60 13 21 13 22 11 76 39 171
internal_value=0.000643914 -0.00608952 -0.0202137 -0.0261064 0.00756684 -0.0059374 0.0143037 0.00797101 -0.00104169 0.0215035 -0.0310105 -0.0151467 0.0265115 -0.0349469
internal_weight=16.2192 8.28316 3.91392 3.32706 7.93605 2.68086 5.2552 4.36924 3.49555 4.10128 3.10284 2.08303 3.37808 2.77905
internal_count=516 340 212 191 176 70 106 128 110 74 189 89 61 178
is_linear=0
shrinkage=0.05


Tree=141
num_leaves=15
num_cat=0
split_feature=26 1 20 12 26 22 9 14 9 16 7 10 11 13
split_gain=0.311431 0.756796 0.405354 0.451912 0.335541 0.714547 0.478527 0.330669 0.543683 0.349511 0.286574 0.280878 0.243964 0.236216
threshold=-0.46041196845974225 94.565000000000012 1.0000000180025095e-35 -1.0919999999999999 -1.2208207792309047 1.5000000000000002 -0.040499999999999987 5.5000000000000009 -0.06699999999999999 123.50000000000001 0.063500000000000015 -0.011299999999999999 0.11650000000000002 0.11100000000000002
decision_type=2 2 2 2 2 2 2 2 2 2 2 2 2 8
left_child=4 2 3 -2 5 -1 -6 -3 -9 -10 13 -8 -13 -5
right_child=1 7 -4 10 6 -7 11 8 9 -11 -12 12 -14 -15
leaf_value=0.016857240655508723 0.01155543205409916 0.024837009126867166 0.0084330480152331553 0.0029175523113932891 -0.0091589608199721898 -0.022750044486514506 -0.0036227838403743852 0.019648280450785104 0.0069640108941105621 -0.023360745093964963 0.0043501046883761014 0.03424931477455969 0.0048153578090651666 -0.037986530826186006
leaf_weight=1.1396616213023665 0.22340073622763323 0.86730572255328287 0.58702455740421999 0.24179580155759861 1.1489456137642262 1.5116709035355596 0.72264061914756883 1.0384748249780389 0.94714235514402423 1.4847420196747405 0.30601090658456076 1.9383412222377985 1.4202861137455327 2.470807493198663
leaf_count=10 2 18 21 7 32 60 13 15 34 61 8 22 39 174
internal_value=0.00071691 -0.00578986 -0.0196766 -0.0255545 0.00735188 -0.005771 0.0138627 0.00785836 -0.000991638 -0.0129624 -0.030493 0.0208708 0.0257629 -0.0345367
internal_weight=16.0483 8.1667 3.82904 3.24201 7.88155 2.65133 5.23021 4.33766 3.47036 2.43188 3.01861 4.08127 3.35863 2.7126
internal_count=516 340 212 191 176 70 106 128 110 95 189 74 61 181
is_linear=0
shrinkage=0.05


Tree=142
num_leaves=15
num_cat=0
split_feature=26 26 24 13 8 24 0 3 15 14 16 13 25 26
split_gain=0.307438 0.527218 0.557582 0.71102 0.620935 0.480724 0.269831 0.621424 0.268733 0.211255 0.135131 0.10771 0.0943793 0.00310858
threshold=-1.5788965662037384 -0.67689097792996578 -0.46953221214599167 0.11100000000000002 -0.064999999999999988 2.3564913622742241 99.435000000000016 0.03450000000000001 7.5000000000000009 2.5000000000000004 125.50000000000001 0.24950000000000003 -0.65614625221206213 0.79400293199086114
decision_type=2 2 2 8 2 2 2 2 2 2 2 10 2 2
left_child=-1 8 6 -4 -5 9 7 -3 10 -6 12 -10 -2 -8
right_child=1 2 3 4 5 -7 13 -9 11 -11 -12 -13 -14 -15
leaf_value=-0.02009019843947972 0.011662579956042647 -0.02368402621537985 0.01869352574630816 0.013523441552652157 0.00098529368033561872 0.0014737340869952062 0.0049223200057100444 0.016382746868241541 0.0066132855540523838 -0.038440374282733746 0.023000403352526282 -0.011876936694834535 -0.0037903661559811441 0.022446635738330056
leaf_weight=0.61141391610726792 1.0486179552972315 0.86959386663511251 0.57766044442541886 0.50532250944524726 0.31973635195754235 1.0549650853499768 0.74897509010042973 1.0346788654569534 0.55422131158411481 2.733149686828261 2.9346706550568342 0.79463966237381101 1.2021964499726885 0.89080248889513314
leaf_count=32 11 89 6 8 6 14 25 27 11 179 34 30 29 15
internal_value=0.000794621 0.00281435 -0.00505609 -0.0144287 -0.0211677 -0.0272472 0.00882589 -0.00376889 0.01261 -0.0350869 0.017144 -0.00469858 0.00478189 0.0193392
internal_weight=15.8806 15.2692 8.73488 5.19083 4.61317 4.10785 3.54405 1.90427 6.53435 3.05289 5.18549 1.34886 2.25081 1.63978
internal_count=516 484 369 213 207 199 156 116 115 185 74 41 40 40
is_linear=0
shrinkage=0.05


Tree=143
num_leaves=15
num_cat=0
split_feature=26 26 24 13 10 12 24 9 13 19 10 9 16 26
split_gain=0.298996 0.482638 0.522985 0.680687 0.565841 0.259147 0.258048 0.234531 0.216518 0.153782 0.112124 0.302101 0.11026 0.0737987
threshold=-1.5788965662037384 -0.67689097792996578 -0.46953221214599167 0.11100000000000002 -0.15459999999999999 0.13450000000000004 -0.32902508920363166 -0.044999999999999991 0.21800000000000003 10.500000000000002 0.087550000000000017 -1.0000000180025095e-35 127.50000000000001 -0.44276982127591297
decision_type=2 2 2 8 2 2 2 2 10 2 2 2 2 2
left_child=-1 6 5 -4 -5 8 12 -6 -3 -7 11 -8 -2 -9
right_child=1 2 3 4 7 9 10 13 -10 -11 -12 -13 -14 -15
leaf_value=-0.019846516972212166 -0.011849648929806417 -0.0058572946537958975 0.018400420649536127 0.011606480474404407 -0.0052914949515770601 0.0076721509165564999 -0.0079303216250171775 -0.002477002393146863 0.020450754717577367 -0.017392106724576837 0.024131990148072709 0.017296576599045915 0.0065832844306375361 -0.036547305279523871
leaf_weight=0.6005294930655517 0.799882613122463 0.54543629696126927 0.57355275587178756 0.5863086846657074 1.4186563125113005 0.28946682810783375 1.3427901039831338 0.32821370754390811 2.163477074354887 0.52030696417205036 2.0986397070810199 1.6607904657721513 0.61748704593628645 2.1852801089407938
leaf_count=32 32 30 6 11 39 2 25 14 63 61 22 24 12 143
internal_value=0.000820889 0.00282072 -0.00479061 -0.0139751 -0.0206743 0.00865186 0.0121736 -0.0268649 0.0150026 -0.00914388 0.0167513 0.00685474 -0.00441786 -0.0340696
internal_weight=15.7308 15.1303 8.6107 5.09201 4.51846 3.51869 6.51959 3.93215 2.70891 0.809774 5.10222 3.00358 1.41737 2.51349
internal_count=516 484 369 213 207 156 115 196 93 63 71 49 44 157
is_linear=0
shrinkage=0.05


Tree=144
num_leaves=15
num_cat=0
split_feature=15 21 14 6 7 2 18 10 0 13 13 0 10 2
split_gain=0.290276 0.459961 0.423947 0.851959 0.314141 0.30309 0.28474 0.278145 0.43376 0.192439 0.135217 0.121894 0.118823 0.0951576
threshold=7.5000000000000009 5.5000000000000009 5.5000000000000009 0.65000000000000002 -0.013999999999999997 23.705000000000002 -0.084999999999999978 0.087550000000000017 83.055000000000021 0.28350000000000003 0.21800000000000003 58.010000000000012 -0.13439999999999999 23.165000000000003
decision_type=2 2 2 2 2 2 2 2 2 10 10 2 2 2
left_child=2 -2 10 4 7 9 -6 8 -4 11 -1 -3 -5 -11
right_child=1 5 3 12 6 -7 -8 -9 -10 13 -12 -13 -14 -15
leaf_value=0.00091667301535957614 -0.024648168805553369 0.0083815943848604534 -0.027151212734769899 -0.00056518305798933775 0.023939034810133875 -0.015876273788006847 -0.0034969608283988091 0.010696427687893431 0.0059755942628673406 0.024366639916303907 0.024598380914022593 -0.014188529760196878 -0.029761243156058409 0.001045423006933269
leaf_weight=0.87191897560842102 1.523493243323174 0.19787176116369742 0.9550316352397189 0.45822194963693608 2.2604033969109882 0.45267837855499227 1.0099772319663336 1.4731601676903663 1.4157048682682214 0.86835368466563501 1.7773431715322656 0.38680672412738204 1.2683398664230479 0.69316447793971747
leaf_count=27 75 5 23 10 44 55 29 31 29 15 34 39 67 33
internal_value=0.000778179 -0.0092933 0.00484633 -0.00096566 0.00725017 0.00405565 0.0166313 -0.00251703 -0.0114652 0.0119697 0.0191913 -0.00608115 -0.0250619 0.0184639
internal_weight=15.6125 4.12237 11.4901 8.84084 7.11428 2.59888 3.27038 3.8439 2.37074 2.1462 2.64926 0.584678 1.72656 1.56152
internal_count=516 222 294 233 156 147 73 83 52 92 61 44 77 48
is_linear=0
shrinkage=0.05


Tree=145
num_leaves=15
num_cat=0
split_feature=14 10 6 15 2 8 2 2 5 0 24 26 11 15
split_gain=0.429766 0.471831 0.378281 0.365624 0.917349 0.547548 0.499952 0.443666 0.349978 0.38702 0.31416 0.139961 0.109829 0.099252
threshold=5.5000000000000009 -0.049249999999999995 -1.4499999999999997 4.5000000000000009 23.185000000000006 0.045000000000000005 22.975000000000005 23.295000000000005 -0.32549999999999996 70.185000000000016 -1.3135349340888378 0.91911766485420421 -0.08249999999999999 2.5000000000000004
decision_type=2 2 2 2 2 2 2 2 2 2 2 2 2 2
left_child=1 -1 -3 7 6 11 -5 -2 -9 -10 -4 -6 -11 -12
right_child=3 2 10 4 5 -7 -8 8 9 12 13 -13 -14 -15
leaf_value=0.028359545697215324 -0.013347740367833892 0.016015402363069274 0.011579979201079608 -0.013713571446946302 -0.035992433673944939 0.009081168415430484 0.021201708608238244 0.027332578447331404 0.014645023010730951 0.0026349140775674836 0.00094244745473881476 -0.0010367983714105811 -0.019365948761884268 -0.026476770198039835
leaf_weight=1.1035196287557485 1.9723688036901874 0.68201321177184615 0.25138929276727173 0.86419579433277283 3.0009995091240862 0.48056374164298166 1.4960020445287225 0.98668602434918318 1.3006685706786814 0.49583283299580228 0.31474302336573456 0.37360164197161783 0.96876001870259609 1.0173244447214527
leaf_count=10 43 10 7 33 170 12 29 11 18 12 13 20 52 76
internal_value=-0.00254983 0.011195 -0.00329018 -0.00699362 -0.014501 -0.0271844 0.00814081 0.00210202 0.0113236 -0.000130714 -0.0145859 -0.0332441 -0.0138707 -0.0223721
internal_weight=15.3087 3.36899 2.26547 11.9397 6.21536 3.85516 2.3602 5.72432 3.75195 2.76526 1.58346 3.3746 1.46459 1.33207
internal_count=516 116 106 400 264 202 62 136 93 82 96 190 64 89
is_linear=0
shrinkage=0.05


Tree=146
num_leaves=15
num_cat=0
split_feature=14 9 2 12 16 5 10 6 23 24 13 9 5 24
split_gain=0.409626 0.474268 0.479922 0.585324 0.640592 0.575282 0.44587 0.361603 0.322015 0.305698 0.295545 0.196798 0.0924455 0.0259615
threshold=5.5000000000000009 -0.073499999999999982 23.565000000000001 -0.22449999999999998 134.50000000000003 -0.26449999999999996 -0.049249999999999995 -1.4499999999999997 11.500000000000002 -1.3135349340888378 0.33400000000000007 -1.0000000180025095e-35 -0.060999999999999992 -0.83376125003453849
decision_type=2 2 2 2 2 2 2 2 2 2 10 2 2 2
left_child=6 10 3 4 -3 -5 -1 -8 -4 -9 -2 12 -7 -11
right_child=1 2 8 5 -6 11 7 9 -10 13 -12 -13 -14 -15
leaf_value=0.027794413146775266 -0.0074817784608117209 -0.032436436388237226 -0.03395276380573338 -0.015167355972524235 0.012272645182855419 0.010173034233404966 0.015709507461115928 0.011468598186256453 0.0016214519145184233 -0.0025498038068348192 0.019064266852726715 0.024875756775530361 -0.0061572026740329315 -0.024891030157205087
leaf_weight=1.0903285034000876 1.045789334457367 1.5178589267889022 1.9173369603231551 1.2016052938997726 0.54835236864164461 0.56169573776423731 0.68005076469853554 0.2508643351029608 0.7011436098255216 0.40899242449086182 1.6144929092843083 1.7181909084320122 0.97660798218566947 0.89886422303970726
leaf_count=10 23 70 137 28 13 8 10 7 23 25 27 39 32 64
internal_value=-0.00238667 -0.00675484 -0.0119316 -0.00328624 -0.0204382 0.00695138 0.0110833 -0.0031243 -0.0266115 -0.0142695 0.00943568 0.0167588 0.00146429 -0.0220366
internal_weight=15.1322 11.8031 9.14279 6.52431 2.06621 4.4581 3.3291 2.23877 2.61848 1.55872 2.66028 3.25649 1.5383 1.30786
internal_count=516 400 350 190 83 107 116 106 160 96 50 79 40 89
is_linear=0
shrinkage=0.05


Tree=147
num_leaves=15
num_cat=0
split_feature=14 9 2 12 16 5 10 6 23 24 13 9 15 5
split_gain=0.392351 0.447857 0.459314 0.554223 0.619158 0.544803 0.42281 0.34645 0.312554 0.308463 0.278773 0.184006 0.0983293 0.08871
threshold=5.5000000000000009 -0.073499999999999982 23.565000000000001 -0.22449999999999998 134.50000000000003 -0.26449999999999996 -0.049249999999999995 -1.4499999999999997 11.500000000000002 -1.3723042264164325 0.33400000000000007 -1.0000000180025095e-35 2.5000000000000004 -0.060999999999999992
decision_type=2 2 2 2 2 2 2 2 2 2 10 2 2 2
left_child=6 10 3 4 -3 -5 -1 -8 -4 -9 -2 13 -11 -7
right_child=1 2 8 5 -6 11 7 9 -10 12 -12 -13 -14 -15
leaf_value=0.027241575745382097 -0.0073023744440645329 -0.032007837750927963 -0.033545508057106842 -0.014814088276289869 0.012057816426306416 0.0099923368300952591 0.015409492166555306 0.011795622628653215 0.0015879264525501997 0.0010741024706413776 0.018486448693582316 0.024180571310667757 -0.025979297215988767 -0.00601261482148744
leaf_weight=1.0774552468210461 1.0425589135847979 1.475736428983508 1.8572517875581982 1.1928188784513603 0.5480404240079223 0.56135295715648481 0.67814459232613478 0.2415265946183357 0.7012592484243213 0.31187913601752215 1.6130033258814362 1.7082160491263547 0.98430348210968077 0.9741975059732797
leaf_count=10 23 70 137 28 13 8 10 5 23 13 27 39 78 32
internal_value=-0.00229496 -0.00659602 -0.011677 -0.00319608 -0.0200335 0.00675664 0.0109369 -0.00299696 -0.0261757 -0.0139879 0.00913392 0.0163104 -0.021837 0.00147166
internal_weight=14.9677 11.6744 9.01887 6.46036 2.02378 4.43659 3.29331 2.21585 2.55851 1.53771 2.65556 3.24377 1.29618 1.53555
internal_count=516 400 350 190 83 107 116 106 160 96 50 79 91 40
is_linear=0
shrinkage=0.05


Tree=148
num_leaves=15
num_cat=0
split_feature=14 9 2 12 16 5 14 23 13 9 3 24 5 12
split_gain=0.377387 0.42301 0.439595 0.524937 0.598464 0.515974 0.405069 0.30334 0.262956 0.171999 0.150088 0.282523 0.0851274 0.0492338
threshold=5.5000000000000009 -0.073499999999999982 23.565000000000001 -0.22449999999999998 134.50000000000003 -0.26449999999999996 2.5000000000000004 11.500000000000002 0.33400000000000007 -1.0000000180025095e-35 0.17550000000000004 -0.83376125003453849 -0.060999999999999992 -0.090499999999999983
decision_type=2 2 2 2 2 2 2 2 10 2 2 2 2 2
left_child=6 8 3 4 -3 -5 13 -4 -2 12 11 -8 -7 -1
right_child=1 2 7 5 -6 9 10 -9 -10 -11 -12 -13 -14 -15
leaf_value=0.0016820511068023816 -0.0071272051873929598 -0.031584659065488775 -0.033140695624777464 -0.014468415814144323 0.011846716999405473 0.0098148506084110645 0.017545826426240696 0.0015550917397539627 0.017925441099581392 0.023502684505148645 0.027789366875553792 -0.011284417562082734 -0.0058713901303275662 -0.016060141700557546
leaf_weight=0.30126396869309247 1.0394310886040323 1.4351635200437138 1.7996216319734233 1.1843598741106669 0.547742653870955 0.56102076417300628 0.66215279302559826 0.7013734655920415 1.6116429585963485 1.6987002955284025 1.079296877607703 0.78750498418230463 0.9718611591961237 0.42495498468633774
leaf_count=20 23 70 137 28 13 8 19 23 27 39 9 46 32 22
internal_value=-0.002201 -0.00644321 -0.0114292 -0.00311022 -0.0196379 0.00656693 0.0108289 -0.0257457 0.00884107 0.0158736 0.0189221 0.00367108 0.00147801 -0.0119893
internal_weight=14.8061 11.5509 8.89984 6.39885 1.98291 4.41594 3.25517 2.501 2.65107 3.23158 2.52895 1.44966 1.53288 0.726219
internal_count=516 400 350 190 83 107 116 160 50 79 74 65 40 42
is_linear=0
shrinkage=0.05


Tree=149
num_leaves=15
num_cat=0
split_feature=14 9 2 12 16 5 14 23 16 9 3 24 5 12
split_gain=0.357986 0.399633 0.420732 0.497356 0.578486 0.488702 0.390905 0.294369 0.252654 0.160731 0.142203 0.271438 0.0816915 0.0666961
threshold=5.5000000000000009 -0.073499999999999982 23.565000000000001 -0.22449999999999998 134.50000000000003 -0.26449999999999996 2.5000000000000004 11.500000000000002 127.50000000000001 -1.0000000180025095e-35 0.17550000000000004 -0.83376125003453849 -0.060999999999999992 -0.14249999999999996
decision_type=2 2 2 2 2 2 2 2 2 2 2 2 2 2
left_child=6 8 3 4 -3 -5 13 -4 -2 12 11 -8 -7 -1
right_child=1 2 7 5 -6 9 10 -9 -10 -11 -12 -13 -14 -15
leaf_value=0.002842828577081998 -0.0065346360839823522 -0.031166901391778745 -0.032738468308323769 -0.014130220172665048 0.011639278244162016 0.0096405191036301116 0.017223716674237867 0.0015229345119439246 0.01790746187566233 0.022841702645427214 0.027233209285416241 -0.011069981726242357 -0.0057334546433004249 -0.016579901918512538
leaf_weight=0.27282772597391158 1.1277720084181049 1.3960783772636185 1.7443373299902307 1.1762144747190157 0.54745910491328675 0.56069901690352486 0.65957648167386684 0.70148624060675491 1.5190383740700779 1.6896350801689606 1.0670072492212055 0.78212988225277413 0.96959628257900499 0.44760069774929467
leaf_count=17 31 70 137 28 13 8 19 23 19 39 9 46 32 25
internal_value=-0.00213981 -0.00629625 -0.0111882 -0.0030285 -0.0192513 0.00638211 0.0105848 -0.0253217 0.00855689 0.0154479 0.0185673 0.00362694 0.00148337 -0.0118474
internal_weight=14.6615 11.4323 8.78551 6.33968 1.94354 4.39614 3.22914 2.44582 2.64681 3.21993 2.50871 1.44171 1.5303 0.720428
internal_count=516 400 350 190 83 107 116 160 50 79 74 65 40 42
is_linear=0
shrinkage=0.05


Tree=150
num_leaves=15
num_cat=0
split_feature=5 5 5 15 0 12 18 26 12 2 23 9 7 2
split_gain=0.339815 0.522939 0.338627 0.368823 0.496559 0.362437 0.412613 0.335898 0.323126 0.213653 0.210482 0.20989 0.214769 0.157699
threshold=-0.43349999999999994 -0.36549999999999994 -0.26799999999999996 9.5000000000000018 57.835000000000008 0.74900000000000011 -0.4499999999999999 -0.79929448100594558 -0.21849999999999997 23.625000000000004 2.5000000000000004 -0.027499999999999997 -0.074499999999999997 23.595000000000002
decision_type=2 2 2 2 2 2 2 2 2 2 2 2 2 2
left_child=7 -2 -3 5 -5 6 -4 -1 10 -7 -8 12 -10 -12
right_child=1 2 3 4 -6 9 8 -9 11 -11 13 -13 -14 -15
leaf_value=0.0066273048970369331 0.025832859153125512 -0.01965146800519758 -0.011764344414883646 0.014444683037601665 -0.026719828189983225 0.0061338070199507232 0.011555886707262963 -0.024816780758291638 0.015321142401551413 -0.021633674970096557 -0.019745561800609289 0.028073609287413509 -0.010280895552947129 0.004902373378928941
leaf_weight=0.80320736672729287 1.2426231171702955 0.97142708208411832 0.90215941448695502 0.36050986521877249 1.0893610912025904 0.58777349069714524 0.92425462900427691 1.3029558283742524 0.57678573951125145 0.68269086617510766 0.60925283946562536 3.0007590982131771 0.73908812785520728 0.55106038600206375
leaf_count=16 17 33 45 7 104 9 32 46 8 33 28 72 44 20
internal_value=0.000354086 0.00382502 -0.000608477 0.00285228 -0.0147662 0.00706279 0.0113546 -0.0145522 0.0157622 -0.0117437 -0.000627399 0.0223063 0.00271119 -0.011189
internal_weight=14.3439 12.2377 10.9951 10.0237 1.44987 8.57382 7.30336 2.10616 6.4012 1.27046 2.08457 4.31663 1.31587 1.16031
internal_count=514 452 435 402 111 291 249 62 204 42 80 124 52 48
is_linear=0
shrinkage=0.05


Tree=151
num_leaves=15
num_cat=0
split_feature=5 5 26 5 5 5 13 0 11 13 10 18 24 16
split_gain=0.318943 0.501081 0.321879 0.320765 0.362561 0.77002 0.451269 0.498175 0.365168 0.339952 0.208603 0.204958 0.373179 0.0739068
threshold=-0.43349999999999994 -0.36549999999999994 -0.79929448100594558 -0.26799999999999996 -0.051499999999999997 0.10700000000000001 0.24950000000000003 69.250000000000014 0.48650000000000004 0.27150000000000007 -0.10259999999999998 -0.25499999999999995 -0.51498030508086401 123.50000000000001
decision_type=2 2 2 2 2 2 8 2 2 10 2 2 2 2
left_child=2 -2 -1 -3 6 10 -5 -8 9 13 -6 12 -11 -7
right_child=1 3 -4 4 5 8 7 -9 -10 11 -12 -13 -14 -15
leaf_value=0.00647854967515301 0.025230454616476817 -0.019293317644411841 -0.024353450565276786 0.025337853854174017 0.0030741701153320037 0.0037438128966507341 0.015639337812295616 -0.02256853092255881 -0.016612128619176946 -0.017500866317832837 -0.03078959223588415 0.025518692965323123 0.015314789695987943 -0.015498828880045015
leaf_weight=0.80352061009034548 1.2328051222721104 0.95887123653665085 1.2809454184025533 1.9615823304047784 0.35174578893929709 0.27876919717527915 0.69417638750746824 0.78012147033587098 0.48211971588898439 0.51558193261734797 1.4340042118565186 1.9845610167831216 1.0344947291305289 0.43094000942073762
leaf_count=16 17 33 46 33 7 20 12 53 55 35 77 54 22 34
internal_value=0.0002651 0.00364547 -0.0142212 -0.000708328 0.00268166 -0.00426001 0.0138329 -0.00552841 0.00677283 0.0120903 -0.0254102 0.0178175 0.00181715 -0.0101716
internal_weight=14.2242 12.1398 2.08447 10.907 9.9481 6.51222 3.43588 1.4743 4.72647 4.24435 1.78575 3.53464 1.55008 0.709709
internal_count=514 452 62 435 402 304 98 65 220 165 84 111 57 54
is_linear=0
shrinkage=0.05


Tree=152
num_leaves=15
num_cat=0
split_feature=5 5 5 5 5 13 1 11 13 5 10 18 24 16
split_gain=0.29889 0.48087 0.303312 0.346186 0.725522 0.424084 0.480528 0.348568 0.32319 0.29046 0.232922 0.194082 0.358934 0.0722627
threshold=-0.43349999999999994 -0.36549999999999994 -0.26799999999999996 -0.051499999999999997 0.10700000000000001 0.24950000000000003 69.271500000000017 0.48650000000000004 0.27150000000000007 -0.71849999999999981 -0.12694999999999998 -0.25499999999999995 -0.51498030508086401 123.50000000000001
decision_type=2 2 2 2 2 8 2 2 10 2 2 2 2 2
left_child=9 -2 -3 5 10 -4 -7 8 13 -1 -5 12 -10 -6
right_child=1 2 3 4 7 6 -8 -9 11 -11 -12 -13 -14 -15
leaf_value=0.0032030504320240544 0.024641749883392381 -0.018941270319952158 0.024568824604979726 0.0042259465907094982 0.0037028390120467354 0.015335236866779066 -0.022284889307924157 -0.016428548091527963 -0.017302164812221427 -0.026158968002118373 -0.030645900290097207 0.024752339503178403 0.014931041693696563 -0.015334238444661252
leaf_weight=1.1702003474347296 1.2232792946742836 0.94675406638998438 1.953346942318601 0.3230247115716337 0.27882544172462065 0.69241994246840455 0.76369360450189561 0.47449940082151432 0.50712639302946283 0.89340240822639394 1.422994542168454 1.9749148042174089 1.0337492332328111 0.42467933450825512
leaf_count=35 17 33 33 6 20 12 53 55 35 27 78 54 22 34
internal_value=0.000163779 0.00346013 -0.00082545 0.00250127 -0.00431103 0.013428 -0.00543544 0.0064264 0.0116519 -0.0138981 -0.0250049 0.0172562 0.00168818 -0.0100446
internal_weight=14.0829 12.0193 10.796 9.84927 6.43981 3.40946 1.45611 4.69379 4.2193 2.0636 1.74602 3.51579 1.54088 0.703505
internal_count=514 452 435 402 304 98 65 220 165 62 84 111 57 54
is_linear=0
shrinkage=0.05


Tree=153
num_leaves=15
num_cat=0
split_feature=5 5 26 16 6 12 9 24 21 23 13 7 7 0
split_gain=0.282922 0.461528 0.30574 0.292741 0.502748 0.513126 0.385219 0.39713 0.258281 0.191298 0.183023 0.263597 0.140367 0.0748603
threshold=-0.43349999999999994 -0.36549999999999994 -0.79929448100594558 126.50000000000001 1.0000000180025095e-35 0.47300000000000003 0.019000000000000003 -0.83376125003453849 5.5000000000000009 11.500000000000002 0.42300000000000004 0.025500000000000005 -1.0000000180025095e-35 58.240000000000002
decision_type=2 2 2 2 2 2 2 2 2 2 8 2 2 2
left_child=2 -2 -1 4 5 -3 7 -5 -7 -9 12 -12 -6 -10
right_child=1 3 -4 6 10 8 -8 9 13 -11 11 -13 -14 -15
leaf_value=0.0064245961908262804 0.024066344447505293 -0.026393507670932279 -0.023671807107374581 0.0072717138284062151 0.026016839361189894 0.017826858192655792 0.010555656934676602 -0.029573855751636048 0.0043062870717982911 0.001341321424771026 -0.016330827339935648 0.013762276702748622 0.00081232503380839209 -0.014980204267681277
leaf_weight=0.79926173901185427 1.2140463442774478 1.0364830123726263 1.2460901557933546 0.81712773500476066 1.9458511640550555 1.0478507615625856 1.013214847363997 1.9981418493553067 0.23272114526480425 0.49986594542860974 0.46020342758856703 0.461513118352741 0.76126020355150292 0.41376152774319053
leaf_count=16 17 60 46 26 45 13 35 109 3 9 39 11 45 40
internal_value=4.75565e-05 0.00328013 -0.0136633 -0.000938029 0.00560172 -0.00887558 -0.00979485 -0.0170194 0.00765932 -0.0247726 0.0160602 -0.00194232 0.0210602 -0.00963872
internal_weight=13.9474 11.902 2.04535 10.688 6.35964 2.73082 4.32835 3.31514 1.69433 2.49801 3.62883 0.921717 2.70711 0.646483
internal_count=514 452 62 435 256 116 179 144 56 118 140 50 90 43
is_linear=0
shrinkage=0.05


Tree=154
num_leaves=14
num_cat=0
split_feature=5 5 26 12 10 12 12 6 12 1 24 3 25
split_gain=0.268584 0.438458 0.292984 0.278412 0.574338 0.526233 0.58368 0.45563 0.372267 0.292023 0.145726 0.0276213 0.00173492
threshold=-0.43349999999999994 -0.36549999999999994 -0.79929448100594558 -0.22449999999999998 -0.10259999999999998 0.14000000000000004 0.47300000000000003 -0.14999999999999999 0.74900000000000011 57.571000000000005 -0.92334339168776725 0.096500000000000016 -0.83347945121734834
decision_type=2 2 2 2 2 2 2 2 2 2 2 2 2
left_child=2 -2 -1 4 -3 7 -7 -5 11 -10 -6 -8 -11
right_child=1 3 -4 5 10 6 8 -9 9 12 -12 -13 -14
leaf_value=0.0062808015317578061 0.023503863675009895 0.010114162397552392 -0.023227447253891212 -0.010155211252615013 0.001840803062505024 -0.027320840721922007 0.004049778888192088 0.024775388369117426 0.010660246516261709 -0.002619419942796047 -0.030044940179482362 0.020608093984899028 -0.021859009957692795
leaf_weight=0.7995688212104145 1.2051057606004167 1.1911354069598021 1.2260748650878674 0.64357992191799018 0.29238483449444164 1.1260417271987533 0.99389626947231613 2.5743918941589072 0.45354472473263729 0.31890773400664096 1.36181790725095 0.91427655424922705 0.72279454697855028
leaf_count=16 17 23 46 22 10 85 38 83 5 4 110 10 45
internal_value=4.66872e-05 0.00321111 -0.0133536 -0.000925847 -0.0120718 0.00407971 -0.00654296 0.0170381 0.00497482 -0.0102668 -0.0258389 0.0163417 -0.0201368
internal_weight=13.8235 11.7979 2.02564 10.5928 2.84534 7.74743 4.52946 3.21797 3.40342 1.49525 1.6542 1.90817 1.0417
internal_count=514 452 62 435 143 292 187 105 102 54 120 48 49
is_linear=0
shrinkage=0.05


Tree=155
num_leaves=15
num_cat=0
split_feature=16 26 11 22 25 3 13 15 18 22 13 5 3 26
split_gain=0.341113 0.342547 0.309962 0.275875 0.386152 0.307391 0.479141 0.389878 0.373717 0.272228 0.258464 0.22411 0.184204 0.117879
threshold=116.50000000000001 -1.5788965662037384 -0.42849999999999994 3.5000000000000004 -0.046998869353706611 0.12150000000000001 0.13950000000000004 3.5000000000000004 -0.37999999999999995 5.5000000000000009 0.70150000000000012 -0.060999999999999992 0.083500000000000019 1.1074904315197058
decision_type=2 2 2 2 2 2 8 2 2 2 8 2 2 2
left_child=13 -2 -3 5 9 -4 -7 -8 -9 -5 11 -6 -11 -1
right_child=1 2 3 4 10 6 7 8 -10 12 -12 -13 -14 -15
leaf_value=-0.022425027558213993 -0.01819176324761123 -0.016042751501511424 0.031878919569108009 -0.024729079407797505 -0.0072162014470785914 0.025633607323274018 0.011684400052505605 0.0062084370705074226 -0.027758765854361295 -0.010116394802499762 -0.011148980382253142 0.017505553025856664 0.014870074846641372 0.0029341256264381454
leaf_weight=0.74365768802817978 0.53088801493868132 0.44636191218159993 1.2413214427651817 0.91460875817574283 0.56036828295327357 1.0948680886067448 1.4145354251377287 0.84003932168707196 1.0465876354719514 0.4723065582802517 0.54979157622437913 3.5467338352464202 0.54980439716018736 0.33983432082459331
leaf_count=52 30 20 17 67 28 9 19 17 31 35 40 127 10 11
internal_value=0.002198 0.00484097 0.00706505 0.00905714 0.00156175 0.0162678 0.00676876 -0.00399301 -0.0157232 -0.0133466 0.00902519 0.01338 0.00403107 -0.0168805
internal_weight=14.2917 13.2082 12.6773 12.231 6.59361 5.63735 4.39603 3.30116 1.88663 1.93672 4.65689 4.1071 1.02211 1.08349
internal_count=513 450 420 400 307 93 76 67 48 112 195 155 45 63
is_linear=0
shrinkage=0.05


Tree=156
num_leaves=15
num_cat=0
split_feature=16 26 12 22 22 7 9 13 3 0 18 7 7 1
split_gain=0.323709 0.328142 0.281333 0.347109 0.351247 0.318431 0.29667 0.204188 0.156699 0.15337 0.138857 0.131688 0.219417 0.184825
threshold=116.50000000000001 -1.5788965662037384 -0.61449999999999994 3.5000000000000004 5.5000000000000009 -0.029499999999999995 -0.048999999999999995 0.17300000000000001 0.06950000000000002 69.100000000000009 -0.024999999999999998 0.029000000000000001 0.088500000000000009 69.90000000000002
decision_type=2 2 2 2 2 2 2 10 2 2 2 2 2 2
left_child=-1 -2 6 9 8 -6 -3 -7 -5 -4 -11 13 -13 -9
right_child=1 2 3 4 5 7 -8 11 -10 10 -12 12 -14 -15
leaf_value=-0.016626658943414196 -0.017981297256689743 0.0092911194317774753 0.00088891922009641348 0.0047927926595189765 -0.012598805263885749 -0.0099368570042565451 -0.021988828186273623 -0.0041451472827037815 -0.023062597203120316 0.027169835530984794 0.0042953056489384743 -0.014880129932159251 0.013385126752273414 0.02260117093163843
leaf_weight=1.0686532979598276 0.52217250526882608 0.5897875651717186 1.175451637012882 0.29420366778504081 0.81329490244388303 0.24234915454872208 0.73973881581332424 0.44441132654901627 0.79943798494059592 2.5775381362764165 1.3472278848057615 0.41400586708914477 0.34381779469549656 2.8102321912301704
leaf_count=63 30 8 17 13 42 23 49 23 54 41 23 41 4 82
internal_value=0.00201256 0.00460193 0.00679254 0.00944422 0.000919849 0.00690241 -0.010081 0.0123182 -0.0168591 0.0179038 0.0217844 0.0153767 -0.00173705 0.0188332
internal_weight=14.1823 13.1137 12.5915 11.262 6.16175 5.06811 1.32953 4.25482 1.09364 5.10022 3.92477 4.01247 0.757824 3.25464
internal_count=513 450 420 363 282 215 57 173 67 81 64 150 45 105
is_linear=0
shrinkage=0.05


Tree=157
num_leaves=13
num_cat=0
split_feature=16 26 11 11 6 24 7 24 2 0 26 13
split_gain=0.303553 0.313102 0.285714 0.207238 0.81147 0.344465 0.273587 0.317747 0.741138 0.240539 0.11732 0.111277
threshold=116.50000000000001 -1.5788965662037384 -0.42849999999999994 0.078500000000000014 -0.54999999999999993 -1.5121442248886063 -0.042499999999999989 0.27370305780017212 23.155000000000005 69.895000000000024 1.1074904315197058 0.46450000000000008
decision_type=2 2 2 2 2 2 2 2 2 2 2 10
left_child=10 -2 -3 6 11 -6 -4 9 -9 -8 -1 -5
right_child=1 2 3 4 5 -7 7 8 -10 -11 -12 -13
leaf_value=-0.02193277511741119 -0.017774493916150626 -0.015729904486766106 -0.0055179581965447179 0.0024264218972391101 0.0093085447935636768 -0.029427798333176027 -0.0034326793757245254 0.018330617301133119 -0.02056405248902779 0.028845594091372075 0.0031091224636842453 0.021948793632733235
leaf_weight=0.71774661389645256 0.51368550607003172 0.4344881852157404 1.2258686809800536 1.5263069253414872 0.24211346544325341 1.3136035962379535 0.44224601017776999 2.0041557041695346 1.0815046346397137 3.0862064820248634 0.33918073365930468 1.1660721176303921
leaf_count=52 30 20 33 33 3 125 28 31 44 87 11 16
internal_value=0.00179351 0.00431605 0.00646964 0.00840845 -0.000542946 -0.0221159 0.0127715 0.0164408 0.00300168 0.0249353 -0.0162919 0.014536
internal_weight=14.0932 13.0363 12.5226 12.0881 4.2481 1.55572 7.83998 6.61411 3.08566 3.52845 1.05693 2.69238
internal_count=513 450 420 400 177 128 223 190 75 115 63 49
is_linear=0
shrinkage=0.05


Tree=158
num_leaves=15
num_cat=0
split_feature=16 26 11 22 5 21 3 13 15 18 24 11 5 1
split_gain=0.287912 0.299934 0.274334 0.265244 0.343052 0.530156 0.293518 0.468481 0.358641 0.346414 0.189354 0.271754 0.153032 0.376288
threshold=116.50000000000001 -1.5788965662037384 -0.42849999999999994 3.5000000000000004 0.18700000000000003 6.5000000000000009 0.12150000000000001 0.13950000000000004 3.5000000000000004 -0.37999999999999995 -0.3241029171721525 0.077500000000000013 0.32800000000000007 109.75500000000001
decision_type=2 2 2 2 2 2 2 8 2 2 2 2 2 2
left_child=-1 -2 -3 6 5 -5 -4 -8 -9 -10 11 -7 -6 -14
right_child=1 2 3 4 12 10 7 8 9 -11 -12 -13 13 -15
leaf_value=-0.016048243096682985 -0.017571283181285396 -0.015561638504858592 0.03049755909861156 -0.02729144547947529 0.019660538307730735 0.00928669910202525 0.024857075137463353 0.010714600656841555 0.0056387773615079427 -0.027376300600006565 0.018034458877099206 -0.018788946744071354 -0.013784165778142125 0.017631347487041617
leaf_weight=1.0428845164133242 0.50541942031122644 0.42819907725788553 1.2098543661413694 1.1226978676277215 1.2855133551638576 0.99132932070642421 1.069119985681027 1.4021363048814239 0.83786143001634572 1.0219970805337655 0.63421052857302429 0.57328987616347149 1.1464604057837275 0.71467614197172213
leaf_count=63 30 20 17 85 35 37 9 19 17 31 14 38 87 11
internal_value=0.00161249 0.00408448 0.00620666 0.00811938 0.000810416 -0.00914653 0.0152231 0.00603602 -0.0045175 -0.0157321 0.00575352 -0.00431549 0.0109918 0.000225395
internal_weight=13.9856 12.9428 12.4373 12.0091 6.46818 3.32153 5.54097 4.33111 3.26199 1.85986 2.19883 1.56462 3.14665 1.86114
internal_count=513 450 420 400 307 174 93 76 67 48 89 75 133 98
is_linear=0
shrinkage=0.05


Tree=159
num_leaves=15
num_cat=0
split_feature=16 26 11 22 5 3 13 15 18 25 11 3 24 5
split_gain=0.273964 0.289994 0.26591 0.251694 0.333527 0.278623 0.447929 0.341479 0.334299 0.259844 0.253369 0.457674 0.267046 0.129886
threshold=116.50000000000001 -1.5788965662037384 -0.42849999999999994 3.5000000000000004 -0.11249999999999999 0.12150000000000001 0.13950000000000004 3.5000000000000004 -0.37999999999999995 -0.046998869353706611 0.077500000000000013 0.051500000000000011 -1.5121442248886063 0.19750000000000004
decision_type=2 2 2 2 2 2 8 2 2 2 2 2 2 2
left_child=-1 -2 -3 5 -5 -4 -7 -8 -9 13 -11 12 -12 -6
right_child=1 2 3 4 9 6 7 8 -10 10 11 -13 -14 -15
leaf_value=-0.015725197206188073 -0.017371596021439679 -0.015396213743451088 0.029823579176807859 -0.016943395201933064 -0.016574297264294303 0.024352618743132163 0.010401006112019953 0.0055091757268827465 -0.027007754834437788 0.020734802718050491 0.0091133412733864841 0.016844346500227127 -0.024603451468901676 0.0055841105472580997
leaf_weight=1.0319169783033437 0.49736693222075601 0.42205987451597948 1.1982319562230239 1.0308701526373596 0.72363827505614231 1.057709341868758 1.4023360698483887 0.83820912847295359 0.99839203536976151 2.117304091807461 0.23965164646505965 0.92353470437228669 0.92894581117434794 0.44467857386916876
leaf_count=63 30 20 17 72 48 9 19 17 31 59 3 18 93 14
internal_value=0.00154283 0.00396955 0.00606972 0.00796503 0.000805187 0.0149058 0.00590039 -0.00444884 -0.0154569 0.00633063 0.0116857 -0.00121621 -0.016675 -0.00945473
internal_weight=13.8548 12.8229 12.3256 11.9035 6.40862 5.49488 4.29665 3.23894 1.8366 5.37775 4.20944 2.09213 1.1686 1.16832
internal_count=513 450 420 400 307 93 76 67 48 235 173 114 96 62
is_linear=0
shrinkage=0.05


Tree=160
num_leaves=13
num_cat=0
split_feature=5 5 5 10 11 6 7 7 0 26 11 13
split_gain=0.290974 0.334269 0.385914 0.348296 0.50719 0.273155 0.407568 0.364905 0.246128 0.398902 0.159289 0.144143
threshold=-0.71849999999999981 -0.13599999999999998 -0.051499999999999997 -0.049249999999999995 0.26550000000000007 -0.14999999999999999 -0.074499999999999997 -0.029499999999999995 96.200000000000017 -0.016245962890269566 0.35150000000000003 0.24150000000000002
decision_type=2 2 2 2 2 2 2 2 2 2 2 8
left_child=-1 3 11 -2 -5 6 -4 -7 9 -9 -11 -3
right_child=1 2 5 4 -6 7 -8 8 -10 10 -12 -13
leaf_value=0.015365298980101059 0.0041000949901492589 0.026414823361079851 0.0075031947695320123 -0.030814059037064346 0.0086585140020722304 -0.017907274238281978 -0.0274487246998537 0.015794789476965644 0.020611546433281613 -0.022765356494760854 0.0049251837507531234 0.00082331937729947637
leaf_weight=1.4647849411703653 1.5861597983166573 0.8677874752320337 0.80078725866042066 2.0378622001735489 0.61296409997157741 0.53438293642829959 1.1455035000108171 0.79060013382695471 1.5905417056637814 0.79459084942937275 0.30720950907561928 0.87416248850058775
leaf_count=34 35 12 17 81 13 41 78 22 43 77 22 36
internal_value=-0.000408288 -0.00338067 0.00290446 -0.0131831 -0.0218151 -0.00367558 -0.0154023 0.00394321 0.0105424 -0.00212076 -0.0163747 0.0185563
internal_weight=13.4073 11.9426 7.70557 4.23699 2.65083 5.96362 1.94629 4.01733 3.48294 1.8924 1.1018 1.74195
internal_count=511 477 348 129 94 300 95 205 164 121 99 48
is_linear=0
shrinkage=0.05


Tree=161
num_leaves=15
num_cat=0
split_feature=22 3 5 25 24 6 5 9 9 26 5 24 5 13
split_gain=0.28334 0.475105 0.524855 0.346459 0.317395 0.387659 0.302842 0.278901 0.218213 0.189012 0.156241 0.123372 0.0709117 0.0377651
threshold=3.5000000000000004 0.12250000000000001 -0.71849999999999981 -0.046998869353706611 -0.32902508920363166 1.0000000180025095e-35 0.19750000000000004 -0.027499999999999997 -1.0000000180025095e-35 -1.2545968851420788 0.031500000000000007 -0.95877792760838521 0.28800000000000003 0.42300000000000004
decision_type=2 2 2 2 2 2 2 2 2 2 2 2 2 8
left_child=1 -1 -3 6 5 11 -2 12 9 -4 -9 -5 -7 -12
right_child=3 2 8 4 -6 7 -8 10 -10 -11 13 -13 -14 -15
leaf_value=0.025764820931460514 -0.027681327527228596 0.019801108302600734 0.0021953167354497889 0.0029408727710816258 0.020330738228621123 0.003033691768582732 0.0067539735681542978 -0.0058110467752189648 0.003912783083051913 -0.023060744626414734 0.020612094964847377 -0.02556393246814604 -0.017086749282473234 0.0025554607779011427
leaf_weight=1.2664822649676351 1.5241475627990437 1.0925924628972996 0.79022975172847454 0.23528426745906472 0.60247224557679135 0.25163548369891886 0.40983406919985998 0.43831943860277656 1.4705212747794587 1.7763779342640194 1.2386719747446473 0.99394558928906895 0.49812536430545151 0.69815046270377945
leaf_count=20 117 15 13 11 8 9 17 28 36 43 34 78 44 38
internal_value=-0.000376847 0.00667945 -0.00146711 -0.00694327 0.000933969 -0.00504585 -0.0205692 0.00492718 -0.0100114 -0.0168494 0.012481 -0.0212362 -0.0124594 0.0171898
internal_weight=13.2868 6.3962 5.12972 6.89059 4.9566 4.35413 1.93398 3.1249 4.03713 2.56661 2.37514 1.22923 0.749761 1.93682
internal_count=511 127 107 384 250 242 134 153 92 56 100 89 53 72
is_linear=0
shrinkage=0.05


Tree=162
num_leaves=15
num_cat=0
split_feature=22 3 5 25 24 6 5 16 9 24 5 24 1 5
split_gain=0.270741 0.448287 0.497026 0.328321 0.307692 0.369262 0.292734 0.270539 0.266995 0.201902 0.149578 0.120284 0.0886681 0.0829756
threshold=3.5000000000000004 0.12250000000000001 -0.71849999999999981 -0.046998869353706611 -0.32902508920363166 1.0000000180025095e-35 0.19750000000000004 128.50000000000003 -0.027499999999999997 1.1257880309213457 0.031500000000000007 -0.95877792760838521 70.077000000000012 0.25900000000000006
decision_type=2 2 2 2 2 2 2 2 2 2 2 2 2 2
left_child=1 -1 -3 6 5 11 -2 9 13 -4 -10 -5 -9 -7
right_child=3 2 7 4 -6 8 -8 12 10 -11 -12 -13 -14 -15
leaf_value=0.025133150271022454 -0.027234511590467497 0.019322274748116437 0.00092848959128260459 0.0029128696743567408 0.020032168903875491 0.0038302687417732686 0.0066572221906935035 -0.0052749088713983337 -0.00572729104966695 -0.025965938619278331 0.016758834865555381 -0.025236639865502036 0.010576469682142632 -0.017319565643489892
leaf_weight=1.2587291486561296 1.4889987795613704 1.0885697556659568 0.89218150684610131 0.23528250772505999 0.59594936040230084 0.23259688273537849 0.40954145160503674 0.77794905018527039 0.43714684492442879 1.3831370798870919 1.9310303631937129 0.9700701010879127 0.96030247095040977 0.50917295110411942
leaf_count=20 117 15 21 11 8 7 17 19 28 30 72 78 22 46
internal_value=-0.000333354 0.00656932 -0.0013787 -0.00679657 0.000900528 -0.00501328 -0.0201491 -0.00972739 0.00473793 -0.0183565 0.01214 -0.0209126 0.00414665 -0.0122961
internal_weight=13.1707 6.36087 5.10214 6.80979 4.91125 4.3153 1.89854 4.01357 3.10995 2.27532 2.36818 1.20535 1.73825 0.74177
internal_count=511 127 107 384 250 242 134 92 153 51 100 89 41 53
is_linear=0
shrinkage=0.05


Tree=163
num_leaves=15
num_cat=0
split_feature=15 16 9 14 6 15 7 12 26 21 26 25 0 8
split_gain=0.258268 0.365114 0.427473 0.340385 0.471139 0.265806 0.228664 0.306059 0.209364 0.186916 0.148764 0.139894 0.0712581 0.0342193
threshold=7.5000000000000009 119.50000000000001 -1.0000000180025095e-35 5.5000000000000009 0.75000000000000011 4.5000000000000009 0.015500000000000002 0.11250000000000002 1.0770060508093089 3.5000000000000004 -0.76224531615348423 -0.046998869353706611 69.045000000000016 -0.044999999999999991
decision_type=2 2 2 2 2 2 2 2 2 2 2 2 2 2
left_child=1 2 -1 -3 5 9 8 -8 -2 -5 -7 -11 -9 -6
right_child=6 3 -4 4 13 10 7 12 -10 11 -12 -13 -14 -15
leaf_value=-0.026066239346819571 -0.027186200276771447 0.021880131425516838 0.010014129050150306 0.022502037418874511 -0.0016081306246947509 0.0063679127044872792 0.01660157163677219 0.0029768019345121893 0.0025357773519871433 -0.011163497313955538 -0.015300452544779176 0.0087699160288190019 -0.017395565398935556 -0.022287863561353705
leaf_weight=0.97407739283517003 1.102260165847839 2.0648503915872407 0.70055444538593181 1.8279621805995705 0.41455123748164624 0.67503652814775705 0.80176168971229322 0.24586676841136068 0.60529560851864506 0.49756015161983436 0.7677170207025481 1.1416465141810497 0.50969206995796412 0.7281933909980578
leaf_count=51 101 45 20 20 16 14 32 11 35 20 35 34 39 38
internal_value=-0.000324733 0.00381372 -0.0128718 0.00829013 0.00120891 0.00834505 -0.0107208 0.00287755 -0.0196051 0.0147071 -0.0067057 0.000782073 -0.0128468 -0.0190375
internal_weight=13.057 9.79215 1.67463 8.11752 6.05267 4.90992 3.26488 1.55732 1.70756 3.46717 1.44275 1.63921 0.755559 1.14274
internal_count=511 293 71 222 177 123 218 82 136 74 49 54 50 54
is_linear=0
shrinkage=0.05


Tree=164
num_leaves=15
num_cat=0
split_feature=22 3 5 25 24 6 5 16 9 24 5 24 1 5
split_gain=0.251586 0.424838 0.466961 0.302246 0.29896 0.344069 0.276916 0.248692 0.247983 0.183753 0.142783 0.115793 0.0843548 0.0674156
threshold=3.5000000000000004 0.12250000000000001 -0.71849999999999981 -0.046998869353706611 -0.32902508920363166 1.0000000180025095e-35 0.19750000000000004 128.50000000000003 -0.027499999999999997 1.1257880309213457 0.031500000000000007 -0.95877792760838521 70.077000000000012 0.28800000000000003
decision_type=2 2 2 2 2 2 2 2 2 2 2 2 2 2
left_child=1 -1 -3 6 5 11 -2 9 13 -4 -10 -5 -9 -7
right_child=3 2 7 4 -6 8 -8 12 10 -11 -12 -13 -14 -15
leaf_value=0.024425720809063179 -0.026615093517066188 0.018629629442895129 0.00065502831025773811 0.0028567050422829716 0.019673892458419578 0.0029925668960260436 0.0064875464101005718 -0.0053256521678431076 -0.0057545538232123264 -0.025330386868509872 0.016123188435097427 -0.024837880381238908 0.010117539083935707 -0.016612990904690646
leaf_weight=1.2379554635845123 1.4425597756053319 1.0771662844344967 0.88976718927733722 0.23402510397136211 0.58638429408892978 0.25048916006926392 0.40509361156728108 0.77082292945124187 0.43407965369988355 1.3398065110668538 1.9133013892569577 0.94140151666942962 0.95076753210742027 0.47843939287122339
leaf_count=20 117 15 21 11 8 9 17 19 28 30 72 78 22 44
internal_value=-0.000418692 0.00628056 -0.00149749 -0.00669782 0.000756304 -0.00510211 -0.0196279 -0.00963898 0.00439125 -0.0179684 0.011567 -0.0205454 0.00378682 -0.0120416
internal_weight=12.9521 6.26629 5.02833 6.68577 4.83812 4.25174 1.84765 3.95116 3.07631 2.22957 2.34738 1.17543 1.72159 0.728929
internal_count=511 127 107 384 250 242 134 92 153 51 100 89 41 53
is_linear=0
shrinkage=0.05


Tree=165
num_leaves=14
num_cat=0
split_feature=24 3 22 5 3 25 1 13 18 6 2 9 9
split_gain=0.298653 0.617629 0.418209 0.531735 0.320955 0.291882 0.197841 0.158127 0.148331 0.160892 0.0866461 0.367249 0.0444508
threshold=1.0793638163467387 0.12150000000000001 3.5000000000000004 0.10700000000000001 0.015500000000000002 -1.4298224056432189 57.654000000000003 0.27150000000000007 -1.0000000180025095e-35 1.0500000000000003 23.465000000000003 -0.011499999999999998 -0.075999999999999984
decision_type=2 2 2 2 2 2 2 10 2 2 2 2 2
left_child=1 2 -1 6 -5 -2 -4 -6 9 -8 -9 12 -12
right_child=5 -3 3 4 7 -7 8 10 -10 -11 11 -13 -14
leaf_value=0.021520369037565275 -0.0043249514579773215 -0.028025031602321622 0.0045050831222335783 -0.015276277621714799 -0.0058361798451074497 0.020660645683143485 -0.030926948660631105 0.022311909076954822 0.0016289533626937932 0.0023739547942165022 0.0012258834132435059 0.018154729633816948 -0.016983910410389269
leaf_weight=1.1101428780239055 1.463173618540168 1.1603211256442589 0.48243322293274138 0.42932731495238829 0.48776792420540038 1.9221550158690668 1.4987614830606619 1.5051558131817731 0.41628900484647569 0.26647478539962333 0.26913999847601988 0.96080387290567248 0.49634985206648707
leaf_count=19 26 53 13 60 35 36 110 35 29 20 10 26 46
internal_value=0.000476561 -0.00429457 0.00193228 -0.00360576 0.00720921 0.0113379 -0.0178187 0.0124918 -0.0226198 -0.0268594 0.0159838 0.00430614 -0.0135136
internal_weight=12.4683 9.08297 7.92265 6.8125 4.14854 3.38533 2.66396 3.71922 2.18153 1.76524 3.23145 1.72629 0.76549
internal_count=518 456 403 384 212 62 172 152 159 130 117 82 56
is_linear=0
shrinkage=0.05


Tree=166
num_leaves=14
num_cat=0
split_feature=24 3 22 5 3 25 1 13 18 6 9 9 10
split_gain=0.282334 0.592119 0.398869 0.499246 0.308033 0.274113 0.190713 0.150796 0.143627 0.156748 0.0765684 0.442954 0.118818
threshold=1.0793638163467387 0.12150000000000001 3.5000000000000004 0.10700000000000001 0.015500000000000002 -1.4298224056432189 57.654000000000003 0.27150000000000007 -1.0000000180025095e-35 1.0500000000000003 -0.011499999999999998 -0.079499999999999987 -0.097699999999999995
decision_type=2 2 2 2 2 2 2 10 2 2 2 2 2
left_child=1 2 -1 6 -5 -2 -4 -6 9 -8 11 -9 -13
right_child=5 -3 3 4 7 -7 8 10 -10 -11 -12 12 -14
leaf_value=0.020998297458067541 -0.0041992828244825356 -0.027659744209789672 0.0044317612192457355 -0.015115106185341835 -0.0057459247919315615 0.020027745888271022 -0.030538394157353863 0.020988227552126367 0.0016049552259599508 0.002348882593707914 0.021239662122937639 0.0048489768359546272 -0.019830086204710006
leaf_weight=1.105829986045135 1.4615802420303228 1.1308193327859042 0.48243867722339961 0.42303230287507165 0.48640048841480199 1.9155253929784528 1.455756619339809 0.7604863931192074 0.41633920988533613 0.26652608474250894 1.5874210922047507 0.23164065368473419 0.63322927139233909
leaf_count=19 26 53 13 60 35 36 110 11 29 20 42 4 60
internal_value=0.000419182 -0.00425409 0.00186261 -0.00358201 0.00691899 0.0109786 -0.0174471 0.0121191 -0.0222221 -0.0264557 0.0155457 0.00401264 -0.0141645
internal_weight=12.357 8.97992 7.8491 6.74327 4.12221 3.37711 2.62106 3.69918 2.13862 1.72228 3.21278 1.62536 0.86487
internal_count=518 456 403 384 212 62 172 152 159 130 117 75 64
is_linear=0
shrinkage=0.05


Tree=167
num_leaves=14
num_cat=0
split_feature=24 3 22 5 3 25 1 13 6 24 9 9 10
split_gain=0.266538 0.568454 0.379882 0.470185 0.296611 0.257405 0.183846 0.144476 0.118113 0.0851513 0.0701036 0.425952 0.116056
threshold=1.0793638163467387 0.12150000000000001 3.5000000000000004 0.10700000000000001 0.015500000000000002 -1.4298224056432189 57.654000000000003 0.27150000000000007 1.1500000000000001 -0.79513787115597279 -0.011499999999999998 -0.079499999999999987 -0.097699999999999995
decision_type=2 2 2 2 2 2 2 10 2 2 2 2 2
left_child=1 2 -1 6 -5 -2 -4 -6 9 -8 11 -9 -13
right_child=5 -3 3 4 7 -7 8 10 -10 -11 -12 12 -14
leaf_value=0.020488327790495749 -0.0040772260529039058 -0.027299475726892987 0.004359620199878342 -0.014956614605199113 -0.0056571244347611814 0.019412385647022686 0.00045945116939116737 0.020605709572952543 0.0024338382084782631 -0.027731835727288962 0.020642017900211265 0.0048038813611966952 -0.019591952543577852
leaf_weight=1.1016844413243214 1.4600433721207084 1.102375663933344 0.48244812316261265 0.41689157928340126 0.48506488767452571 1.9092949368059642 0.26307287486270103 0.75458768033422419 0.26409317541401822 1.57023325166665 1.5808353462489333 0.23151483200490364 0.62133616779465339
leaf_count=19 26 53 13 60 35 36 10 11 22 127 42 4 60
internal_value=0.000373088 -0.00420343 0.00181133 -0.00354253 0.00667671 0.01063 -0.0170838 0.011807 -0.0218313 -0.0249521 0.0151803 0.00395232 -0.013951
internal_weight=12.2435 8.87414 7.77176 6.67008 4.09023 3.36934 2.57985 3.67334 2.0974 1.83331 3.18827 1.60744 0.852851
internal_count=518 456 403 384 212 62 172 152 159 137 117 75 64
is_linear=0
shrinkage=0.05


Tree=168
num_leaves=13
num_cat=0
split_feature=13 9 9 5 16 15 2 2 23 5 16 0
split_gain=0.262955 0.419528 0.526629 0.487895 0.509707 0.218389 0.22248 0.202493 0.198486 0.219068 0.189283 0.013809
threshold=0.13950000000000004 -0.073499999999999982 -0.011499999999999998 -0.13599999999999998 134.50000000000003 7.5000000000000009 23.485000000000003 23.405000000000005 11.500000000000002 0.68000000000000016 125.50000000000001 69.100000000000009
decision_type=8 2 2 2 2 2 2 2 2 2 2 2
left_child=-1 10 8 4 11 6 -5 -7 9 -3 -2 -4
right_child=1 2 3 5 -6 7 -8 -9 -10 -11 -12 -13
leaf_value=0.01481749992300932 -0.0049328486086411237 -0.032941821427685605 -0.0024817015513524665 -0.0023832563747512811 0.013462549945561404 0.0095701268355296281 0.025892416849617413 -0.016380384963227315 0.0042044146345097668 -0.0005000273920409017 0.018124163386236083 -0.027798503190195611
leaf_weight=1.5578521991847072 0.78291509719565455 1.7354443413787519 0.27212993963621457 0.74788966774940835 0.49439103668555606 0.60856425715610363 1.4929410334443671 0.47519612533506006 0.32493077963590611 0.68115382117684919 1.8317578542046247 1.1323214925359932
leaf_count=38 34 131 11 34 11 26 33 54 9 34 31 72
internal_value=0.000330899 -0.00289765 -0.00848661 0.0014941 -0.0145969 0.0119347 0.0186318 -0.00420879 -0.0228197 -0.0266204 0.0117655 -0.0259653
internal_weight=12.1375 10.5796 7.96496 5.22343 1.89884 3.32459 2.24083 1.08376 2.74153 2.4166 2.61467 1.40445
internal_count=518 480 415 241 94 147 67 80 174 165 65 83
is_linear=0
shrinkage=0.05


Tree=169
num_leaves=15
num_cat=0
split_feature=24 3 22 5 3 13 25 1 18 6 13 2 9 3
split_gain=0.250179 0.528689 0.360271 0.434944 0.284837 0.250882 0.421284 0.171839 0.142938 0.14698 0.13539 0.0893752 0.317721 0.0414513
threshold=1.0793638163467387 0.12150000000000001 3.5000000000000004 0.10700000000000001 0.015500000000000002 0.13950000000000004 -1.3304710352697187 57.654000000000003 -1.0000000180025095e-35 1.0500000000000003 0.27150000000000007 23.465000000000003 -0.011499999999999998 0.023500000000000004
decision_type=2 2 2 2 2 8 2 2 2 2 10 2 2 2
left_child=1 2 -1 7 -5 -2 -7 -4 9 -9 -6 -12 13 -13
right_child=5 -3 3 4 10 6 -8 8 -10 -11 11 12 -14 -15
leaf_value=0.019923814640876863 0.023210191135808751 -0.026704267480739521 0.004151542854044777 -0.014834898677991504 -0.0054963262244341199 -0.017884127449178645 0.013531840800692177 -0.029758226418733626 0.0019019411498897134 0.0022824824574079676 0.021005233071389764 0.0012374086795289994 0.016449157492677651 -0.016509927299436788
leaf_weight=1.0846185979898999 1.0109325172379624 1.0568759912857784 0.47855300945229862 0.41213168390095223 0.48148559371475164 0.92922243988141451 1.3896828849101437 1.3725065659964459 0.41198360791895505 0.26289057661779236 1.4673524906393143 0.25549841439351328 0.93761741474736571 0.47636822651838884
leaf_count=19 9 53 13 60 35 23 30 110 29 20 35 8 26 48
internal_value=0.00030751 -0.00417641 0.00166937 -0.0035875 0.00631887 0.0102795 -0.00065252 -0.0167035 -0.0213408 -0.025696 0.0114188 0.0147162 0.00339055 -0.0131772
internal_weight=12.0277 8.69788 7.64101 6.55639 4.03045 3.32984 2.31891 2.52593 2.04738 1.6354 3.61832 3.13684 1.66948 0.731867
internal_count=518 456 403 384 212 62 53 172 159 130 152 117 82 56
is_linear=0
shrinkage=0.05


Tree=170
num_leaves=14
num_cat=0
split_feature=26 2 2 3 18 26 12 2 13 12 6 16 24
split_gain=0.281409 0.409074 0.530668 0.411058 0.402783 0.343813 0.332424 0.33155 0.15273 0.116933 0.176501 0.101403 0.0780945
threshold=-0.67689097792996578 23.185000000000006 23.065000000000001 0.039500000000000007 -0.064999999999999988 0.49382349867437686 0.74900000000000011 23.555000000000003 0.17300000000000001 0.47300000000000003 -0.34999999999999992 134.50000000000003 1.0880892082700795
decision_type=2 2 2 2 2 2 2 2 10 2 2 2 2
left_child=6 2 4 5 -2 -3 8 -8 -1 10 -10 -5 -4
right_child=1 3 12 11 -6 -7 7 -9 9 -11 -12 -13 -14
leaf_value=-0.0024271963337574301 -0.02169681506554054 -0.016145537356339144 0.0038864506995064927 -0.030364698098968135 0.010471290465635387 0.015672980104786027 0.010920393143633416 -0.021647372996595596 -0.0077356076969276599 0.025362256768972191 0.014991296909976141 -0.00039592417161375118 0.027467159996581489
leaf_weight=0.74455792270600785 1.2521404797444122 0.46238715609069947 0.90542049892246701 1.4334141013096084 0.91209036728832904 1.0743392612785099 0.61533050891011931 0.68978912616148591 0.8317416803911325 1.9427878061542285 0.70144309243187364 0.34949521772796277 0.87157993670552969
leaf_count=22 56 52 35 131 25 49 9 35 30 30 16 16 8
internal_value=0.00197621 -0.00430391 0.00606531 -0.0151689 -0.00911508 0.00350848 0.00962343 -0.00821626 0.0156571 0.0192077 0.00447547 -0.0267433 0.0211784
internal_weight=12.7865 7.26087 3.94123 3.31964 2.16423 1.53673 5.52565 1.30512 4.22053 3.47597 1.53318 1.78291 1.777
internal_count=514 372 124 248 81 101 142 44 98 76 46 147 43
is_linear=0
shrinkage=0.05


Tree=171
num_leaves=14
num_cat=0
split_feature=26 2 2 25 18 26 22 26 9 25 16 18 0
split_gain=0.263995 0.394874 0.505895 0.504714 0.384772 0.326185 0.441986 0.294418 0.177836 0.107952 0.10293 0.0218151 0.00107806
threshold=-0.67689097792996578 23.185000000000006 23.065000000000001 0.44866061890724424 -0.064999999999999988 -1.2208207792309047 1.5000000000000002 0.49382349867437686 -0.014499999999999997 -1.1379863761030033 134.50000000000003 -1.0000000180025095e-35 70.050000000000026
decision_type=2 2 2 2 2 2 2 2 2 2 2 2 2
left_child=5 2 4 10 12 6 -1 -5 -7 -4 -3 -8 -2
right_child=1 3 9 7 -6 8 11 -9 -10 -11 -12 -13 -14
leaf_value=0.014808381513844344 -0.02362693064632173 -0.030914815204890596 0.028049460910805582 -0.013980109434031308 0.010226659663205968 0.00096359893503569012 -0.022295722011971136 0.01643132640028358 0.023034624538627056 0.0030833125515173786 -0.00052692041901785877 -0.001977789135295234 -0.0037777837233703253
leaf_weight=0.71256043482571829 0.77843511581886582 1.5008281824411827 0.83581162244081497 0.37897352746222157 0.91115774412173811 1.3943565834779295 0.76186144642997522 1.0364530368242411 2.2542136930860579 0.9308078597532583 0.3531587260076775 0.3715027798898517 0.4551019724458456
leaf_count=8 39 141 7 47 25 33 48 43 42 36 17 11 17
internal_value=0.00192069 -0.00420093 0.00600156 -0.0149534 -0.00889475 0.00933599 -0.00584494 0.00587202 0.0166216 0.0207643 -0.0273392 -0.0196846 -0.0212739
internal_weight=12.6752 7.18073 3.91131 3.26941 2.14469 5.49449 1.84592 1.41543 3.64857 1.76662 1.85399 1.13336 1.23354
internal_count=514 372 124 248 81 142 67 90 75 43 158 59 56
is_linear=0
shrinkage=0.05


Tree=172
num_leaves=14
num_cat=0
split_feature=26 2 2 25 18 26 22 26 2 25 16 18 0
split_gain=0.247344 0.378386 0.486368 0.480742 0.370334 0.306945 0.426182 0.28378 0.171944 0.104946 0.100139 0.0212361 0.00110077
threshold=-0.67689097792996578 23.185000000000006 23.065000000000001 0.44866061890724424 -0.064999999999999988 -1.2208207792309047 1.5000000000000002 0.49382349867437686 23.705000000000002 -1.1379863761030033 134.50000000000003 -1.0000000180025095e-35 70.050000000000026
decision_type=2 2 2 2 2 2 2 2 2 2 2 2 2
left_child=5 2 4 10 12 6 -1 -5 -7 -4 -3 -8 -2
right_child=1 3 9 7 -6 8 11 -9 -10 -11 -12 -13 -14
leaf_value=0.014527908637281357 -0.023320306891848389 -0.030526992759856621 0.027592460954193456 -0.013840346357114229 0.0099876116212988513 0.022119525812111719 -0.022016340774025533 0.016039604549350585 0.00041592172434436566 0.0030082128583830245 -0.00052006345517207925 -0.0019513107121523602 -0.0037204969174611802
leaf_weight=0.70938796736299981 0.76278272550553106 1.4577014372334818 0.82403385266661644 0.3738874252885579 0.91027474566362832 2.3295089795719837 0.74604428140446533 1.0331833887612445 1.3107731484342364 0.93129565124399938 0.3531099164392798 0.3712916881777345 0.45441893441602588
leaf_count=8 39 141 7 47 25 37 48 43 38 36 17 11 17
internal_value=0.00183449 -0.00412742 0.00587748 -0.014731 -0.00877408 0.00901882 -0.00576055 0.00564852 0.0160784 0.0203748 -0.0269424 -0.0194194 -0.0209813
internal_weight=12.5677 7.10069 3.88281 3.21788 2.12748 5.46701 1.82672 1.40707 3.64028 1.75533 1.81081 1.11734 1.2172
internal_count=514 372 124 248 81 142 67 90 75 43 158 59 56
is_linear=0
shrinkage=0.05


Tree=173
num_leaves=15
num_cat=0
split_feature=14 16 12 16 15 8 16 14 9 12 5 5 26 23
split_gain=0.237081 0.265027 0.262932 0.695684 0.355198 0.231645 0.327374 0.186256 0.271658 0.164698 0.230798 0.208246 0.0987233 0.0709304
threshold=2.5000000000000004 116.50000000000001 -0.22449999999999998 133.50000000000003 7.5000000000000009 0.045000000000000005 117.50000000000001 5.5000000000000009 -0.048999999999999995 0.74900000000000011 0.22550000000000003 -0.26799999999999996 0.40536024744200289 3.5000000000000004
decision_type=2 2 2 2 2 2 2 2 2 2 2 2 2 2
left_child=-1 13 3 7 9 6 -6 -3 -9 10 11 -4 -12 -2
right_child=1 2 4 -5 5 -7 -8 8 -10 -11 12 -13 -14 -15
leaf_value=-0.017308404098858397 0.0019826200643860295 0.0046383546907906676 0.0034033641889818517 0.019019716508723486 0.010724888623490154 0.011496753792871756 -0.024752696585130497 0.0035934341303665296 -0.030254045300792995 -0.0015705662078927089 -0.010245963293610508 0.029425196933416376 0.0080806819250629179 -0.018730240178727282
leaf_weight=0.49017367686610569 0.32514276716392565 0.41160167613998089 1.3268286527600111 1.0969587655854409 0.2991969254799185 0.39916120097041119 0.93181043560616672 0.53278577933087978 1.3617650545202176 0.97283881553448726 0.48867517570033658 2.7950226676184711 0.47368429426569492 0.55729394004447386
leaf_count=44 15 15 26 27 5 9 99 11 88 28 27 61 16 43
internal_value=0.00174551 0.00379967 0.00627224 -0.00443185 0.0109756 -0.00676685 -0.0151877 -0.0179657 -0.0227825 0.016033 0.0191058 0.0233487 -0.00170434 -0.0140994
internal_weight=12.4629 11.9728 11.0903 3.40311 7.68722 1.63017 1.23101 2.30615 1.89455 6.05705 5.08421 4.12185 0.962359 0.882437
internal_count=514 470 412 141 271 113 104 114 99 158 130 87 43 58
is_linear=0
shrinkage=0.05


Tree=174
num_leaves=15
num_cat=0
split_feature=14 16 2 26 25 2 16 12 12 24 10 16 0 23
split_gain=0.228538 0.254524 0.277058 0.538829 0.426844 0.229485 0.20262 0.201554 0.346381 0.195127 0.0951044 0.08535 0.0849234 0.0691859
threshold=2.5000000000000004 116.50000000000001 23.185000000000006 -0.67689097792996578 0.44866061890724424 22.975000000000005 123.50000000000001 0.74900000000000011 0.47300000000000003 0.83884333705911152 -0.0097499999999999983 134.50000000000003 112.78500000000001 3.5000000000000004
decision_type=2 2 2 2 2 2 2 2 2 2 2 2 2 2
left_child=-1 13 5 7 11 6 -3 8 -4 -7 -6 -5 -12 -2
right_child=1 2 3 4 10 9 -8 -9 -10 -11 12 -13 -14 -15
leaf_value=-0.017113660627581791 0.0019581444779930169 0.011795883468864008 -0.0041101844449936446 -0.029363531497773206 0.014520456739759447 0.0028256791125342785 -0.012074355882243986 -0.005065475722730123 0.02518252948563714 0.030095135896110771 -0.011871833583275922 -0.00076019429847973144 0.0069823778182568925 -0.01851050188280182
leaf_weight=0.48253694555023585 0.32524336862843561 0.72258051461539963 1.1857008889783158 1.3294767831102965 0.45791062945500016 1.2150284503586593 0.84013239201158285 1.1212797590997068 1.8337978748604653 1.4068220071494577 0.30746814358280961 0.35479462111834426 0.22499114135280252 0.54782526270719245
leaf_count=44 15 18 38 126 7 37 41 37 26 15 47 17 3 43
internal_value=0.00162991 0.00366192 0.00609968 -0.000460303 -0.0150302 0.014812 -0.000741033 0.0100439 0.015519 0.0217272 0.00713477 -0.0258661 -0.00454739 -0.0139109
internal_weight=12.3556 11.8731 11 6.81542 2.67464 4.18456 1.56271 4.14078 3.0195 2.62185 0.99037 1.68427 0.532459 0.873069
internal_count=514 470 412 301 200 111 59 101 64 52 57 143 50 58
is_linear=0
shrinkage=0.05


Tree=175
num_leaves=14
num_cat=0
split_feature=2 2 12 10 3 10 12 23 26 6 5 16 7
split_gain=0.376767 0.395087 0.388265 0.383577 0.359097 0.285896 0.256711 0.20786 0.233771 0.192759 0.159062 0.0984765 0.0314228
threshold=22.950000000000006 23.165000000000003 0.47300000000000003 -0.037749999999999999 0.051500000000000011 -0.097699999999999995 0.74900000000000011 11.500000000000002 0.49382349867437686 0.55000000000000016 -0.099499999999999991 124.50000000000001 -0.026499999999999996
decision_type=2 2 2 2 2 2 2 2 2 2 2 2 2
left_child=10 11 3 5 12 -3 -6 8 -5 -10 -1 -2 -4
right_child=1 2 4 7 6 -7 -8 -9 9 -11 -12 -13 -14
leaf_value=-0.024118407061246669 0.0022033175095711086 -0.011829830427705008 0.00099996743748780536 -0.031207935179786025 0.026103573028607649 0.015690277301650155 -0.0010324720184738535 0.0043496938794537754 0.014157140157193705 -0.012792813637913784 0.002603413125840795 0.022991348381046744 -0.014923930960675858
leaf_weight=0.78498115763068199 0.99322804645635132 0.6724509974010292 0.24543880071723867 1.5187873032991781 1.5891426006564873 1.3377131151501069 1.2031189964618532 0.45524262357503165 0.31839878705795843 0.33870893443236127 0.55200722301378913 1.9365376177011056 0.41309724311577156
leaf_count=28 23 28 15 137 29 33 25 12 6 62 32 37 41
internal_value=0.00183557 0.00528466 -0.00092115 -0.0095444 0.0102156 0.0056125 0.0172222 -0.0194808 -0.0242663 0.000928668 -0.0166926 0.018298 -0.0119645
internal_weight=12.3589 11.0219 8.0921 4.6413 3.4508 2.01016 2.79226 2.63114 2.1759 0.657108 1.33699 2.92977 0.658536
internal_count=508 448 388 278 110 61 54 217 205 68 60 60 56
is_linear=0
shrinkage=0.05


Tree=176
num_leaves=15
num_cat=0
split_feature=2 2 12 10 3 10 12 23 26 6 5 25 2 0
split_gain=0.359802 0.372021 0.365296 0.363755 0.343752 0.272622 0.24294 0.201247 0.225761 0.188516 0.154298 0.116423 0.247244 0.0332954
threshold=22.950000000000006 23.165000000000003 0.47300000000000003 -0.037749999999999999 0.051500000000000011 -0.097699999999999995 0.74900000000000011 11.500000000000002 0.49382349867437686 0.55000000000000016 -0.099499999999999991 -1.0767689296156264 23.125000000000004 70.265000000000015
decision_type=2 2 2 2 2 2 2 2 2 2 2 2 2 2
left_child=10 11 3 5 13 -3 -6 8 -5 -10 -1 -2 -13 -4
right_child=1 2 4 7 6 -7 -8 -9 9 -11 -12 12 -14 -15
leaf_value=-0.023800612239589597 0.025877921049312885 -0.011627032551318341 0.0011763364938753621 -0.030815674335361427 0.025413955357288399 0.015268280452420799 -0.0010043839401853141 0.0042823623613539039 0.014013860885323623 -0.012671848925145543 0.0025568057537162635 -0.0088968940578389322 0.017205088462151696 -0.01488698556337022
leaf_weight=0.76943661214318126 1.1854116814211013 0.66753801936283741 0.24138413550099391 1.4750558569794527 1.5780718704918402 1.3336941169109175 1.202896593371406 0.45500912843272079 0.31585967738647003 0.33449756709160283 0.55219032044988192 0.96377571905031689 0.77235456078778952 0.41130445274757221
leaf_count=28 11 28 11 137 29 33 25 12 6 62 32 37 12 45
internal_value=0.00172875 0.00511572 -0.00094398 -0.00936406 0.0098692 0.0054121 0.0167434 -0.0191346 -0.0239139 0.000926904 -0.0164303 0.017742 0.00475928 -0.0118291
internal_weight=12.2585 10.9369 8.01531 4.58165 3.43366 2.00123 2.78097 2.58042 2.12541 0.650357 1.32163 2.92154 1.73613 0.652689
internal_count=508 448 388 278 110 61 54 217 205 68 60 60 49 56
is_linear=0
shrinkage=0.05


Tree=177
num_leaves=13
num_cat=0
split_feature=16 26 7 11 16 26 24 7 16 11 9 26
split_gain=0.242103 0.264834 0.40666 0.436289 0.287012 0.277237 0.330944 0.191144 0.151854 0.1195 0.113174 0.0464856
threshold=116.50000000000001 -0.67689097792996578 -1.0000000180025095e-35 -0.10949999999999999 117.50000000000001 -1.2208207792309047 1.2500845508979217 -0.026499999999999996 134.50000000000003 -0.10749999999999998 -0.014499999999999997 0.90968157006454942
decision_type=2 2 2 2 2 2 2 2 2 2 2 2
left_child=11 5 3 7 -4 6 -2 -3 -6 -5 -7 -1
right_child=1 2 4 9 8 10 -8 -9 -10 -11 -12 -13
leaf_value=-0.018735345796272038 -0.016954525015745566 -0.00039949710487394223 0.0094236017523888112 0.0051036978525600312 -0.026561785838565413 0.0031219213927211401 0.012529481061546206 0.022386075274530085 0.0029009984892127035 -0.020294499837224828 0.024037038698214844 0.00034692539948270618
leaf_weight=0.56129366060486141 0.93430904566775985 1.3364022709429266 0.32118798024021122 0.18079113587737117 1.5877316220430655 1.2531043970957401 0.90636058989912271 1.7304469439550305 0.30686575244180847 0.6596894642570974 2.0147632479201993 0.35622725659050047
leaf_count=46 49 29 10 2 153 23 11 33 17 85 36 14
internal_value=0.00166176 0.0041394 -0.00280197 0.00662976 -0.0163236 0.011556 -0.00313644 0.0148003 -0.0224361 -0.0150266 0.0186276 -0.0150094
internal_weight=12.1492 11.2317 6.12312 3.90733 2.21579 5.10854 1.84067 3.06685 1.8946 0.840481 3.26787 0.917521
internal_count=508 448 329 149 180 119 60 62 170 87 59 60
is_linear=0
shrinkage=0.05


Tree=178
num_leaves=14
num_cat=0
split_feature=2 2 12 10 3 10 12 23 26 6 5 16 0
split_gain=0.337799 0.353919 0.338261 0.334165 0.324685 0.255457 0.227007 0.190866 0.220936 0.180973 0.147393 0.0919527 0.0331404
threshold=22.950000000000006 23.165000000000003 0.47300000000000003 -0.037749999999999999 0.051500000000000011 -0.097699999999999995 0.74900000000000011 11.500000000000002 0.49382349867437686 0.55000000000000016 -0.099499999999999991 124.50000000000001 70.265000000000015
decision_type=2 2 2 2 2 2 2 2 2 2 2 2 2
left_child=10 11 3 5 12 -3 -6 8 -5 -10 -1 -2 -4
right_child=1 2 4 7 6 -7 -8 -9 9 -11 -12 -13 -14
leaf_value=-0.023363141689820413 0.0019042581681631553 -0.011416358839556809 0.001217763760360482 -0.030342459253960737 0.024571996896403721 0.014642433823136189 -0.0010283174755307471 0.0041487906327658999 0.013854333767451611 -0.012366338519924566 0.0025165188401141641 0.021817626780689811 -0.014729985041963455
leaf_weight=0.74820682045537978 0.98312893090769504 0.66251260461285699 0.23954902996774796 1.4228443893371165 1.5518786873435604 1.3188974738586683 1.1936539863236246 0.45242165774106968 0.31274168577510852 0.32398362149251625 0.54503399890381909 1.8966896712081505 0.40522168931784108
leaf_count=28 23 28 11 137 29 33 25 12 6 62 32 37 45
internal_value=0.00157611 0.00489091 -0.00106272 -0.00922934 0.00939788 0.00502261 0.016139 -0.0187002 -0.0234349 0.00110851 -0.016115 0.0172625 -0.0116669
internal_weight=12.0568 10.7635 7.8837 4.4934 3.3903 1.98141 2.74553 2.51199 2.05957 0.636725 1.29324 2.87982 0.644771
internal_count=508 448 388 278 110 61 54 217 205 68 60 60 56
is_linear=0
shrinkage=0.05


Tree=179
num_leaves=15
num_cat=0
split_feature=2 2 12 3 12 24 24 11 5 0 2 24 3 0
split_gain=0.32273 0.333661 0.318525 0.310973 0.214849 0.197056 0.327265 0.27502 0.161339 0.147597 0.116971 0.0935978 0.09137 0.0324506
threshold=22.950000000000006 23.165000000000003 0.47300000000000003 0.051500000000000011 0.74900000000000011 2.2191001955163321 0.2610688046702701 -0.010499999999999997 -0.06649999999999999 69.535000000000011 23.595000000000002 0.83884333705911152 0.031500000000000007 70.265000000000015
decision_type=2 2 2 2 2 2 2 2 2 2 2 2 2 2
left_child=8 11 5 13 -5 6 7 10 -1 -9 -3 12 -2 -4
right_child=1 2 3 4 -6 -7 -8 9 -10 -11 -12 -13 -14 -15
leaf_value=-0.023399297918940652 0.010881671219151972 -0.0039667083096220765 0.0012059708055398861 0.023922727948796435 -0.0010004419008722459 0.0086084767862735327 -0.02772867212598228 0.0062540734018279882 0.003228656687145494 -0.019874685015992294 0.016308808636417232 0.023069310945555175 -0.0057193876924976012 -0.014578026217851332
leaf_weight=0.75548800686374307 0.73946941806934618 0.60566108691273191 0.23957487387815524 1.541699620545842 1.1934357865247873 0.59790470451116551 1.1254761157324535 0.21757614146918169 0.52343112905509837 0.90170560526894405 0.99039921397343278 1.4150072080083189 0.71766273281536996 0.39954098587622866
leaf_count=31 17 40 11 29 25 11 72 9 29 122 24 18 25 45
internal_value=0.00147257 0.00472815 -0.00108566 0.00907637 0.0156915 -0.00905916 -0.0130197 -0.00110061 -0.0158665 -0.0142411 0.0100506 0.0167393 0.00370528 -0.0115353
internal_weight=11.964 10.6851 7.81297 3.37425 2.73514 4.43872 3.84082 2.71534 1.27892 1.11928 1.59606 2.87214 1.45713 0.639116
internal_count=508 448 388 110 54 278 267 195 60 131 64 60 42 56
is_linear=0
shrinkage=0.05


Tree=180
num_leaves=15
num_cat=0
split_feature=15 16 15 5 18 23 10 16 13 16 11 6 16 18
split_gain=0.303216 0.299733 0.262761 0.252409 0.351774 0.197354 0.262882 0.243682 0.207135 0.0821669 0.0945034 0.0800493 0.0762775 0.0679368
threshold=7.5000000000000009 119.50000000000001 6.5000000000000009 1.1965000000000001 -0.4499999999999999 4.5000000000000009 -0.15459999999999999 131.50000000000003 0.19550000000000003 117.50000000000001 -0.40749999999999992 -0.34999999999999992 122.50000000000001 -0.024999999999999998
decision_type=2 2 2 2 2 2 2 2 10 2 2 2 2 2
left_child=1 2 -1 4 -2 6 -3 8 -7 -6 -11 -9 -8 -10
right_child=3 5 -4 -5 9 7 12 11 13 10 -12 -13 -14 -15
leaf_value=-0.018712755229921607 0.0073469232069066975 0.013423515183742758 0.0099155901623819986 0.010781755248669983 0.00054317864557737157 -0.0020742537529179336 0.0021926044099337973 -0.010047484548384902 0.025344451923520944 0.00087751997527577604 -0.029681993447915191 0.0055203494123042983 -0.019814403601627773 0.0046413167028126106
leaf_weight=1.1110324347391705 0.75189926405437346 0.39795509073883295 0.50681331451050926 0.4501788537018 0.26533793122507732 0.87823691696394224 0.2798548958962781 0.6838089837692678 3.0521482014446502 0.2204502334352586 1.3587208578828716 0.72875500214286126 0.62887961644446477 1.0196384302107633
leaf_count=58 33 7 10 11 21 21 10 18 71 11 146 23 53 28
internal_value=0.0019342 0.00637075 -0.00938263 -0.00982228 -0.0153993 0.0103929 -0.00464024 0.0136912 0.018181 -0.0239947 -0.0267297 -0.00305679 -0.0154391 0.0220974
internal_weight=12.3337 9.28712 1.61785 3.04659 2.59641 7.66928 1.30669 6.36259 4.95002 1.84451 1.57917 1.41256 0.908735 4.07179
internal_count=521 299 68 222 211 231 70 161 120 178 157 41 63 99
is_linear=0
shrinkage=0.05


Tree=181
num_leaves=15
num_cat=0
split_feature=15 16 15 5 18 23 10 16 13 16 25 6 16 24
split_gain=0.282224 0.280017 0.252723 0.243 0.338308 0.183796 0.255121 0.228398 0.194098 0.0797673 0.0927177 0.0769163 0.0744153 0.0671406
threshold=7.5000000000000009 119.50000000000001 6.5000000000000009 1.1965000000000001 -0.4499999999999999 4.5000000000000009 -0.15459999999999999 131.50000000000003 0.19550000000000003 117.50000000000001 -1.5553415818264207 -0.34999999999999992 122.50000000000001 -0.68327244319381342
decision_type=2 2 2 2 2 2 2 2 10 2 2 2 2 2
left_child=1 2 13 4 -2 6 -3 8 -7 -6 -11 -9 -8 -1
right_child=3 5 -4 -5 9 7 12 11 -10 10 -12 -13 -14 -15
leaf_value=0.00036879387566995031 0.0071890529649784353 0.013248613289282025 0.0097506752671955212 0.010621211789360518 0.00053747300716740698 -0.002026115411156952 0.0021685266429325857 -0.0098650310383631406 0.02136576695361362 0.0010197368497379513 -0.029249132457064383 0.0054050159616420707 -0.019576366804706341 -0.022412937103110007
leaf_weight=0.35810619394760568 0.751948834105861 0.3962919726036489 0.50653614872135211 0.44927264936268319 0.26536164956633101 0.87791480764280994 0.27991570311132796 0.68021973222494125 4.0538926948793232 0.21014186507090959 1.3315473827242379 0.72843648132402428 0.61715698591433465 0.73878177674487044
leaf_count=19 33 7 10 11 21 21 10 18 99 4 153 23 53 39
internal_value=0.0018485 0.00613231 -0.00913436 -0.00955367 -0.0150848 0.0100255 -0.00452767 0.0132066 0.0175622 -0.0236125 -0.0263454 -0.003003 -0.0152248 -0.0183464
internal_weight=12.2455 9.23725 1.60342 3.00827 2.559 7.63383 1.29336 6.34046 4.93181 1.80705 1.54169 1.40866 0.897073 1.09689
internal_count=521 299 68 222 211 231 70 161 120 178 157 41 63 58
is_linear=0
shrinkage=0.05


Tree=182
num_leaves=15
num_cat=0
split_feature=15 16 15 12 8 18 22 11 3 5 11 16 18 16
split_gain=0.260773 0.262614 0.244536 0.237279 0.313639 0.173002 0.3174 0.368958 0.275815 0.233435 0.152703 0.0960613 0.0679818 0.065478
threshold=7.5000000000000009 119.50000000000001 6.5000000000000009 -0.53799999999999992 0.045000000000000005 -0.024999999999999998 3.5000000000000004 0.36800000000000005 0.017500000000000005 -0.084499999999999978 -0.36199999999999993 117.50000000000001 -0.34999999999999992 132.50000000000003
decision_type=2 2 2 2 2 2 2 2 2 2 2 2 2 2
left_child=1 2 -1 13 10 6 12 8 -8 -7 -5 -12 -3 -2
right_child=3 5 -4 4 -6 9 7 -9 -10 -11 11 -13 -14 -15
leaf_value=-0.01808557933040424 -0.0033583704509214671 0.0065238685344072333 0.0095884709342852724 0.0048596926671833768 0.009560524268910589 -0.013580729661221751 0.0094088806391257034 0.016104399231340195 -0.022105502641785919 0.0106606061537319 0.00040580815026084566 -0.029694544776823557 0.026884011118053192 0.01351171034706625
leaf_weight=1.0821739673847313 0.43732358136912841 1.4487754036672416 0.50627314159646619 0.13284478522837195 0.37304451083764423 1.0373829563031902 0.36762807168997857 0.84313742455560703 1.0800319556728935 0.96227897924836803 0.26852186094038266 1.3610407986852804 1.8631458147428919 0.39806186174973845
leaf_count=58 30 29 10 2 10 29 8 25 82 36 22 147 22 11
internal_value=0.00172123 0.00584389 -0.00896849 -0.0092927 -0.0162538 0.00962159 0.0135578 -0.0010422 -0.0135281 -0.00225027 -0.0232008 -0.0264665 0.0215561 0.00766223
internal_weight=12.1617 9.19083 1.58845 2.97084 2.13545 7.60238 5.60272 2.2908 1.44766 1.99966 1.76241 1.62956 3.31192 0.835385
internal_count=521 299 68 222 181 231 166 115 90 65 171 169 51 41
is_linear=0
shrinkage=0.05


Tree=183
num_leaves=15
num_cat=0
split_feature=15 16 15 5 18 24 24 3 0 5 16 13 16 25
split_gain=0.243542 0.248119 0.235208 0.228522 0.319058 0.164415 0.216431 0.261726 0.195768 0.125916 0.118786 0.103049 0.0756177 0.185117
threshold=7.5000000000000009 119.50000000000001 6.5000000000000009 1.1965000000000001 -0.4499999999999999 2.5632817584291256 1.0793638163467387 0.12150000000000001 69.895000000000024 0.31900000000000006 123.50000000000001 0.24000000000000002 117.50000000000001 -1.6114881691732299
decision_type=2 2 2 2 2 2 2 2 2 2 2 10 2 2
left_child=1 2 -1 4 -2 6 7 8 -3 11 -11 -10 -6 -14
right_child=3 5 -4 -5 12 -7 -8 -9 9 10 -12 -13 13 -15
leaf_value=-0.017731120056703836 0.0070993353254331639 -0.0068008281982559178 0.0094289309841131957 0.010459875494757631 0.00053063745906409005 -0.0068205075674407124 0.022599704943626672 -0.013419601897863998 -0.00013429579513950639 0.0096346016117726894 -0.010601502594839498 0.022620970193377665 0.0054727746724120277 -0.029563312307374474
leaf_weight=1.0689461653819288 0.74334127840120401 0.83818932052236039 0.50602402351796616 0.44617586815729726 0.26532710203901033 0.73037865571677674 1.976325867231935 0.72384156461339433 0.59156341396737921 0.41526962956413616 0.49647087557241321 1.7823887798585927 0.11978066200390491 1.3549764388881151
leaf_count=58 33 37 10 11 21 12 28 25 27 13 34 55 2 155
internal_value=0.00172468 0.00571014 -0.00873196 -0.00898762 -0.0144813 0.00938986 0.0117748 0.00425171 0.00936714 0.0141161 -0.0011661 0.0185914 -0.0229267 -0.0256561
internal_weight=12.059 9.1294 1.57497 2.9296 2.48343 7.55443 6.82405 4.84772 4.12388 3.28569 0.911741 2.37395 1.74008 1.47476
internal_count=521 299 68 222 211 231 219 191 166 129 47 82 178 157
is_linear=0
shrinkage=0.05


Tree=184
num_leaves=15
num_cat=0
split_feature=15 16 15 12 8 18 7 5 22 12 10 11 16 24
split_gain=0.225516 0.232045 0.226237 0.222577 0.296852 0.169201 0.300308 0.219004 0.187178 0.262572 0.187136 0.146848 0.0914131 0.071618
threshold=7.5000000000000009 119.50000000000001 6.5000000000000009 -0.53799999999999992 0.045000000000000005 -0.024999999999999998 -0.021499999999999995 -0.084499999999999978 3.5000000000000004 -0.087499999999999981 0.087550000000000017 -0.36199999999999993 117.50000000000001 -0.68327244319381342
decision_type=2 2 2 2 2 2 2 2 2 2 2 2 2 2
left_child=1 2 13 -2 11 6 10 -7 -8 -10 -3 -5 -13 -1
right_child=3 5 -4 4 -6 7 8 -9 9 -11 -12 12 -14 -15
leaf_value=0.00083601016627326934 0.0076293634713673454 -0.010602520905821713 0.009272012942443824 0.0048350715374034445 0.0094068267459267857 -0.013492473923810656 0.028296545465145304 0.01006685774551695 -0.014439402237811164 0.013905611145271815 0.0104913749835783 0.00038904461880827292 -0.029032552193934243 -0.021678590297228947
leaf_weight=0.35517515195533622 0.82478278322378207 1.307956987642682 0.50578844663687039 0.13152105920016799 0.3700564729515462 1.0284762645023873 1.8589954091003171 0.95451644540298808 0.39514623244758551 1.0296037029474985 0.94058010191656638 0.2687354623340078 1.295831491355784 0.7010174816241469
leaf_count=19 41 38 10 2 10 29 28 36 37 40 23 22 147 39
internal_value=0.0016589 0.00549677 -0.00850164 -0.0087073 -0.0155901 0.00906293 0.0129919 -0.00257906 0.020771 0.0033314 -0.00126543 -0.0225101 -0.0257978 -0.017383
internal_weight=11.9682 9.07726 1.56198 2.89093 2.06614 7.51528 5.53228 1.98299 3.28375 1.42475 2.24854 1.69609 1.56457 1.05619
internal_count=521 299 68 222 181 231 166 65 105 77 61 171 169 58
is_linear=0
shrinkage=0.05


Tree=185
num_leaves=15
num_cat=0
split_feature=5 1 10 13 26 12 19 5 9 13 25 6 12 12
split_gain=0.189616 0.415623 0.211113 0.278285 0.252931 0.248065 0.229312 0.151547 0.146193 0.131164 0.0866559 0.068088 0.0604874 0.0527818
threshold=0.32800000000000007 112.34550000000002 0.10975000000000001 0.48500000000000004 -1.1328033526616486 -0.52699999999999991 11.500000000000002 -0.26799999999999996 -0.027499999999999997 0.46450000000000008 -0.28209052147947244 1.0000000180025095e-35 -0.22449999999999998 0.31950000000000006
decision_type=2 2 2 8 2 2 2 2 2 10 2 2 2 2
left_child=2 10 3 4 -1 6 -6 8 -7 -4 -2 13 -13 -9
right_child=1 -3 9 -5 5 7 -8 11 -10 -11 -12 12 -14 -15
leaf_value=-0.01395196825075405 0.0022831015476800984 0.013280755077335549 -0.0011970440617033598 -0.020070549602642911 0.0091414932986592159 0.0099736888335607617 -0.019989550450680998 -0.0044508119745256943 -0.0092174120243419498 0.020927453963576245 -0.026095763548524671 0.0014089792254753332 0.023565996876069244 0.0088559268765900142
leaf_weight=0.9143141609383737 0.13603737927041937 0.41676393733359862 0.83431163046043355 0.63961136469151814 0.39257719926535883 0.87024936079978932 0.63438658905215561 0.62727323709987393 1.1148130718502196 1.0922393397195262 1.0469659370137385 0.50225957023212542 1.5516051549348064 0.4790386040112935
leaf_count=39 5 7 27 55 9 15 50 31 35 24 127 38 44 15
internal_value=-0.000221304 -0.0123118 0.00275013 -0.00140879 0.00254926 0.00659813 -0.00983758 0.0109456 -0.00028134 0.0142111 -0.0232814 0.0163703 0.0203833 0.00278001
internal_weight=11.2524 1.59977 9.65268 7.72613 7.08652 6.1722 1.02696 5.14524 1.98506 1.92655 1.183 3.16018 2.05386 1.10631
internal_count=521 139 382 331 276 237 59 178 50 51 132 128 82 46
is_linear=0
shrinkage=0.05


Tree=186
num_leaves=15
num_cat=0
split_feature=5 0 26 10 13 2 2 15 12 25 25 25 26 13
split_gain=0.178461 0.400046 0.202221 0.247724 0.266756 0.207067 0.315184 0.346671 0.206356 0.0909117 0.091038 0.0846138 0.0641421 0.0044513
threshold=0.32800000000000007 112.30500000000002 -1.5788965662037384 0.10975000000000001 0.48500000000000004 22.880000000000006 23.185000000000006 3.5000000000000004 0.47300000000000003 0.44866061890724424 -1.6114881691732299 -0.28209052147947244 0.047373035868200165 0.15850000000000003
decision_type=2 2 2 2 8 2 2 2 2 2 2 2 2 10
left_child=2 11 -1 4 5 13 12 -8 9 10 -9 -2 -7 -4
right_child=1 -3 3 -5 -6 6 7 8 -10 -11 -12 -13 -14 -15
leaf_value=-0.01538795094529416 0.0022695700297990953 0.013021595380719002 -0.0014107221004871066 0.017692514114593851 -0.01869081551946819 0.022465248627248156 0.01220960562848194 0.0016401810482038698 0.0060149552784840681 0.0016890352590907571 -0.026717290019433421 -0.025741192159454241 0.0041582997154295176 -0.014063748529759038
leaf_weight=0.41693244862835754 0.13596984499599774 0.41685753082856525 0.33393747312947919 1.7589335282682439 0.57141267257975403 1.4615897884359585 1.3216515802778306 0.20019766362383729 0.54620861954754207 0.27556120394729067 1.0565330970857782 1.019265187962447 1.2811874918406827 0.3715851177694276
leaf_count=27 5 7 10 40 53 21 37 5 13 17 96 127 33 30
internal_value=-0.000236123 -0.0120332 0.00264987 0.00490048 0.000126903 0.00387841 0.00722546 -0.00299425 -0.0134876 -0.0200696 -0.0234749 -0.022921 0.0173096 -0.0124135
internal_weight=11.1678 1.57209 9.59573 9.1788 7.41986 6.84845 6.14293 3.40015 2.0785 1.53229 1.25673 1.15524 2.74278 0.705523
internal_count=521 139 382 355 315 262 222 168 131 118 101 132 54 40
is_linear=0
shrinkage=0.05


Tree=187
num_leaves=14
num_cat=0
split_feature=3 25 2 2 13 13 16 15 0 5 7 10 15
split_gain=0.173005 0.226492 0.218564 0.28919 0.311323 0.355148 0.313577 0.201901 0.201023 0.155393 0.140573 0.135925 0.109476
threshold=0.016500000000000004 1.2270280247929388 23.785000000000004 23.665000000000003 0.13950000000000004 0.38900000000000007 134.50000000000003 1.5000000000000002 69.045000000000016 0.062500000000000014 0.019000000000000003 -0.14049999999999999 4.5000000000000009
decision_type=2 2 2 2 8 10 2 2 2 2 2 2 2
left_child=-1 2 3 4 -2 6 8 -4 -6 12 -9 -10 -7
right_child=1 -3 7 -5 5 9 -8 10 11 -11 -12 -13 -14
leaf_value=-0.016414027020086777 0.013922119979127401 0.018595736009102588 0.0072578848179886543 0.018449152879281117 -0.00013509914365612575 0.006024609464637805 0.0084439803530127928 -0.02538250986708512 0.0021193053530695785 0.014932888115344704 0.0029963154161391091 -0.029952228864234577 -0.014203669740619505
leaf_weight=0.47626377898268479 1.3427468303707373 0.7074323548004039 0.3602016308577739 1.2210207525640724 0.91755290143191892 0.5002985832979906 0.58432073553558428 0.96341867948649429 0.23079509893431982 1.1837087846361098 0.31347963886219077 1.8922636421048111 0.3821771708317101
leaf_count=72 28 9 10 35 33 14 17 80 6 36 26 122 33
internal_value=-0.000314998 0.00176109 -0.0010396 0.00266944 -0.00202525 -0.00730619 -0.0153305 -0.0136622 -0.0208583 0.0071802 -0.0201594 -0.0269035 -0.00562731
internal_weight=11.0757 10.5994 9.89198 8.25488 7.03386 5.69112 3.62493 1.6371 3.04061 2.06618 1.2769 2.12306 0.882476
internal_count=521 449 440 324 289 261 178 116 161 83 106 128 47
is_linear=0
shrinkage=0.05


Tree=188
num_leaves=15
num_cat=0
split_feature=3 25 3 10 24 22 3 13 0 8 13 10 5 18
split_gain=0.16909 0.216701 0.212069 0.195396 0.188855 0.413006 0.273863 0.286367 0.274504 0.0820619 0.0798105 0.0593868 0.0312231 0.0333722
threshold=0.016500000000000004 1.2270280247929388 0.03450000000000001 0.10975000000000001 -0.51498030508086401 3.5000000000000004 0.12150000000000001 0.13800000000000004 70.185000000000016 0.025000000000000005 0.46450000000000008 -0.058799999999999998 0.44550000000000006 0.030000000000000002
decision_type=2 2 2 2 2 2 2 8 2 2 10 2 2 2
left_child=-1 2 11 4 -4 6 -6 -8 -9 12 -5 -2 13 -7
right_child=1 -3 3 10 5 9 7 8 -10 -11 -12 -13 -14 -15
leaf_value=-0.016233749636996465 0.002028745870499133 0.018265451961335416 0.01186287088304425 -2.4192443666814721e-05 0.018415621608299938 -0.027107201233308922 0.012673385947932254 0.0032350872236233705 -0.022543799311574398 0.0018666204634212478 0.018977554093072804 -0.019839900183280974 -0.0007567826511625475 -0.00058183335957041199
leaf_weight=0.46877010382013473 0.17225947650149465 0.70242335973307568 0.99797228840179375 0.77200989623088367 0.93739836884197014 1.1354998772731049 0.88943263469263945 1.4987976645352321 1.2628674978041088 0.20119474222883571 0.92211765702813864 0.6405601181322681 0.20306385698495422 0.17278717225417484
leaf_count=72 5 9 33 21 20 131 12 34 51 8 21 75 13 16
internal_value=-0.000277738 0.0017828 -0.000978941 0.00196054 -0.00202943 -0.00555318 0.00298723 -0.00408168 -0.0114124 -0.0211012 0.0135236 -0.0166428 -0.0236846 -0.0253737
internal_weight=10.9772 10.5084 9.80596 8.99314 7.29901 6.30104 4.5885 3.6511 2.76167 1.71255 1.69413 0.81282 1.51135 1.30829
internal_count=521 449 440 360 318 285 117 97 85 168 42 80 160 147
is_linear=0
shrinkage=0.05


Tree=189
num_leaves=15
num_cat=0
split_feature=5 1 2 26 2 16 0 12 18 18 0 16 5 25
split_gain=0.166529 0.372244 0.190329 0.222341 0.204282 0.289905 0.112906 0.126974 0.162989 0.108359 0.0801735 0.195857 0.182952 0.0694592
threshold=0.32800000000000007 112.34550000000002 22.880000000000006 -1.5788965662037384 23.785000000000004 127.50000000000001 57.415000000000006 -0.22449999999999998 -0.28499999999999998 -1.0000000180025095e-35 69.535000000000011 124.50000000000001 -0.056999999999999995 -0.20629601362605168
decision_type=2 2 2 2 2 2 2 2 2 2 2 2 2 2
left_child=2 13 -1 -4 6 -6 -5 8 -8 -10 -9 -12 -13 -2
right_child=1 -3 3 4 5 -7 7 10 9 -11 11 12 -14 -15
leaf_value=-0.013053216773154472 0.0016029486861693029 0.012537401444081107 -0.014480962315787955 -0.0052237823266050023 -0.020135642579596408 0.0093994836109701843 0.0101167066573358 0.022876544269830698 -0.017047850539578205 0.0049959717129495988 0.01511669143845959 -0.017427802688313794 0.0077284511131064356 -0.025019101843859672
leaf_weight=0.72657026047818263 0.14890606410335738 0.40646526240743686 0.38320403487886956 0.45965836290270079 0.63889038580236934 0.82881637281388976 1.1507977547007611 1.9469793430762399 0.47513760300353158 0.32420625400845537 1.3543515579076486 0.49227713776053472 0.58781043667113775 0.96451440569944757
leaf_count=43 7 7 26 12 50 31 32 38 28 21 46 24 31 125
internal_value=-0.0002675 -0.0117765 0.0025553 0.00508523 0.00745903 -0.00640683 0.0108934 0.0126164 0.00109376 -0.0102994 0.0165887 0.00636325 -0.00660347 -0.0223849
internal_weight=10.8886 1.51989 9.3687 8.64213 8.25893 1.46771 6.79122 6.33156 1.95014 0.799344 4.38142 2.43444 1.08009 1.11342
internal_count=521 139 382 339 313 81 232 220 81 49 139 101 55 132
is_linear=0
shrinkage=0.05


Tree=190
num_leaves=15
num_cat=0
split_feature=0 3 24 24 7 10 18 16 16 2 11 2 11 16
split_gain=0.198457 0.22251 0.164461 0.228186 0.247794 0.358622 0.164699 0.317732 0.283134 0.142797 0.127863 0.0725817 0.0480748 0.0142725
threshold=57.415000000000006 0.015500000000000002 -0.72064439447454853 -0.53106690057249717 -0.026499999999999996 0.087550000000000017 -0.039999999999999994 124.50000000000001 122.50000000000001 22.995000000000001 -0.28449999999999992 23.355000000000004 0.32300000000000006 132.50000000000003
decision_type=2 2 2 2 2 2 2 2 2 2 2 2 2 2
left_child=-1 -2 11 -4 5 -5 8 -8 10 -10 -6 -3 -13 -9
right_child=1 2 3 4 6 -7 7 13 9 -11 -12 12 -14 -15
leaf_value=-0.013879804194922803 -0.015075297540984044 0.021983787709444279 -0.016216722293088667 -0.018785889136416763 0.007353074310658546 0.011546305515496728 0.014191946558229166 -0.018044928330835784 -0.0017300946008654249 0.023798705468472039 -0.015100504735718943 -0.0056936572275305287 0.0075646145378950123 -0.0019179953398698506
leaf_weight=0.77963419049047011 0.42105953488498826 0.99504076945595332 0.46318940899800232 1.3056098587112468 0.34181950753554702 0.81807978742290277 0.71364723134321006 0.51013343810336664 0.49198667565360699 2.6764748247805983 0.41144031460862285 0.36947114230133593 0.40246666193706915 0.4429590409854427
leaf_count=25 66 17 53 57 8 16 20 37 22 80 39 22 21 22
internal_value=0.00183371 0.00413326 0.00625011 0.00236725 0.00521667 -0.00714566 0.0102861 -0.00213663 0.0149271 0.0203706 -0.00652896 0.0168669 0.00158686 -0.0153694
internal_weight=11.143 10.3634 9.94232 8.17534 7.71215 2.12369 5.58846 1.66674 3.92172 3.16846 0.75326 1.76698 0.771938 0.953092
internal_count=505 480 414 354 301 73 228 79 149 102 47 60 43 59
is_linear=0
shrinkage=0.05


Tree=191
num_leaves=15
num_cat=0
split_feature=0 7 23 22 26 22 2 2 18 11 18 5 0 15
split_gain=0.18781 0.17292 0.366451 0.3281 0.189801 0.178931 0.181183 0.159832 0.17592 0.174218 0.123611 0.120438 0.103115 0.0665229
threshold=57.415000000000006 -0.026499999999999996 11.500000000000002 10.500000000000002 -1.362619663608557 9.5000000000000018 23.785000000000004 22.950000000000006 -0.084999999999999978 -0.40749999999999992 -0.014999999999999998 0.20750000000000002 99.435000000000016 6.5000000000000009
decision_type=2 2 2 2 2 2 2 2 2 2 2 2 2 2
left_child=-1 2 3 13 -3 6 7 9 -9 -6 -10 -8 -7 -2
right_child=1 4 -4 -5 5 12 11 8 10 -11 -12 -13 -14 -15
leaf_value=-0.01362692095572232 -0.027063012637508484 -0.011783588040729754 0.014661520222542638 0.0083034415174488094 0.012091884839095379 -0.012306404850274814 -0.013990142865123926 0.024576595646629985 -0.0099520947119958372 -0.011961358229784893 0.0098718122501694691 0.0077054306499517696 0.006773702910767382 -0.0023173053690751719
leaf_weight=0.77312108606565821 1.0628901560558004 0.29667563026305188 0.73902918631210912 0.63948310562409449 0.41734329075552523 0.65782574104377978 0.3717185690475161 3.0165890937205386 0.4324963700491935 0.61148887395393081 0.76090563309844739 0.33381402597296983 0.40282071789260954 0.54611886932980258
leaf_count=25 53 22 14 20 9 66 35 96 16 37 42 16 23 31
internal_value=0.00167041 0.00392509 -0.00509105 -0.0140981 0.00778298 0.00998017 0.0130741 0.0159812 0.0195473 -0.00105344 0.00142563 -0.00522589 -0.0052894 -0.0227714
internal_weight=11.0623 10.2892 2.98752 2.24849 7.30168 7.005 5.94436 5.23882 4.20999 1.02883 1.1934 0.705533 1.06065 1.60901
internal_count=505 480 118 104 362 340 251 200 154 46 58 51 89 84
is_linear=0
shrinkage=0.05


Tree=192
num_leaves=15
num_cat=0
split_feature=3 24 10 7 11 2 14 2 2 13 2 7 26 15
split_gain=0.169205 0.243602 0.222225 0.325718 0.28345 0.233438 0.252711 0.240465 0.317655 0.0689603 0.0686142 0.0630517 0.0591909 0.0571635
threshold=0.015500000000000002 -0.72064439447454853 0.10410000000000001 -0.026499999999999996 0.078500000000000014 22.950000000000006 5.5000000000000009 23.155000000000005 23.615000000000006 0.41700000000000004 23.355000000000004 0.021000000000000001 0.57573682163715756 6.5000000000000009
decision_type=2 2 2 2 2 2 2 2 2 10 2 2 2 2
left_child=-1 10 3 13 5 6 -5 -7 11 -4 -2 -9 -12 -3
right_child=1 2 9 4 -6 7 -8 8 -10 -11 12 -13 -14 -15
leaf_value=-0.014952475680877916 0.021408964859861782 -0.022886874742069473 -0.00064542726122394619 0.0099982968274443737 -0.015722251204221386 0.022593323196561814 -0.019816727369104271 -0.01906367666988415 0.014219708917782882 0.016007914658111071 -0.0062524667241188872 0.001091058105237313 0.0084484953267874446 -0.0013680716563928648
leaf_weight=0.41639589716214764 0.97888618102297076 1.1326135504059465 0.77366646594600741 0.46073234814684838 0.77375225516152557 1.6198758707614618 0.59517093980684943 0.5763438048888927 0.87218703201506287 1.1206807473208753 0.40656362427398562 0.37842664867639542 0.36062779743224382 0.51759102987125505
leaf_count=67 17 45 24 15 66 33 35 51 38 28 33 18 10 25
internal_value=0.001517 0.00340254 -0.000581308 -0.00485851 0.00197134 0.00731644 -0.0082719 0.0128781 -0.000680948 0.0113334 0.0164113 -0.0146037 0.00152828 -0.0192004
internal_weight=10.9835 10.5671 8.82104 6.92669 5.27649 4.50274 1.0559 3.44683 1.82696 1.89435 1.74608 0.95477 0.767191 1.6502
internal_count=505 438 378 326 256 190 50 140 107 52 60 69 43 70
is_linear=0
shrinkage=0.05


Tree=193
num_leaves=15
num_cat=0
split_feature=0 3 24 24 16 18 3 24 2 15 5 2 2 26
split_gain=0.174739 0.203049 0.156676 0.222334 0.192141 0.211572 0.1957 0.299815 0.157061 0.124614 0.0799186 0.0662002 0.065214 0.0576069
threshold=57.415000000000006 0.015500000000000002 -0.72064439447454853 1.6857699612764641 131.50000000000003 -0.39999999999999997 0.066500000000000017 0.41071888827797182 23.065000000000001 6.5000000000000009 0.18950000000000003 23.055000000000003 23.355000000000004 0.57573682163715756
decision_type=2 2 2 2 2 2 2 2 2 2 2 2 2 2
left_child=-1 -2 12 4 5 9 11 -8 -9 -4 -6 -7 -3 -14
right_child=1 2 3 -5 10 6 7 8 -10 -11 -12 -13 13 -15
leaf_value=-0.013353742140242401 -0.014733473907192585 0.020972483439765835 -0.0034190631468206767 0.012216461446131704 -0.02102580452532218 0.001770256324319275 0.016444607481802362 0.0051389823200281327 -0.019275546747844069 0.018537105744322418 0.0019566139093680894 -0.021065283663381226 -0.0061677351635487966 0.0083410325144279897
leaf_weight=0.76145172887481827 0.40790043986635183 0.97032697824761072 0.5523312602308551 2.3652479979209602 0.68982892707572308 0.21231646067463161 1.0022467426606456 0.55412878026254453 0.59476401255233213 1.0414549369015729 0.28441835462581366 0.69809683179482818 0.40531119506340474 0.35991212469525635
leaf_count=25 66 17 34 36 59 16 37 11 36 35 18 72 33 10
internal_value=0.00142109 0.00363006 0.00570118 0.00190973 -0.00361013 0.00160613 -0.00577413 0.00322831 -0.0105884 0.0125435 -0.0167238 -0.0176008 0.0160838 0.00151566
internal_weight=10.8997 10.1383 9.73038 7.99483 5.62959 4.65534 3.06155 2.15114 1.14889 1.59379 0.974247 0.910413 1.73555 0.765223
internal_count=505 480 414 354 318 241 172 84 47 69 77 88 60 43
is_linear=0
shrinkage=0.05


Tree=194
num_leaves=13
num_cat=0
split_feature=0 11 13 24 18 6 7 18 11 11 18 0
split_gain=0.165949 0.150202 0.156363 0.294535 0.317367 0.106623 0.1344 0.201232 0.134944 0.0895362 0.073065 0.0651237
threshold=57.415000000000006 0.46700000000000003 0.24550000000000002 2.1476540123856211 -0.014999999999999998 -1.0499999999999998 -0.046499999999999993 -0.039999999999999994 0.078500000000000014 -0.033999999999999996 -0.42499999999999993 68.995000000000019
decision_type=2 2 10 2 2 2 2 2 2 2 2 2
left_child=-1 2 3 4 10 -4 -7 -8 9 -9 -2 -3
right_child=1 11 5 -5 -6 6 7 8 -10 -11 -12 -13
leaf_value=-0.013111441992795759 -0.0028776724955387051 0.0038952606145058071 -0.0038963570466083114 0.013430506964017193 0.0086720729544675079 -0.0041587710687498742 0.019825127331540623 -0.0051459353458109284 -0.013370076033623441 0.01408760210640103 -0.025277270905451777 -0.015592806355522629
leaf_weight=0.75538213842082846 0.8048022244474855 0.14310371194733384 0.75974133331328442 0.97911121696233738 0.82438245450611813 0.67052922915899937 3.3417895395250503 0.35200236592208967 0.35231844161171466 0.47210259456188042 0.92933937627822161 0.44182573660509661
leaf_count=25 34 8 19 11 36 34 128 31 35 15 66 63
internal_value=0.00129943 0.00346699 0.00537975 -0.00254767 -0.0107182 0.00978243 0.0120913 0.0148195 -0.0019755 0.00755498 -0.0197364 -0.0113755
internal_weight=10.8264 10.071 9.48612 3.53764 2.55852 5.94848 5.18874 4.51821 1.17642 0.824105 1.73414 0.584929
internal_count=505 480 409 147 136 262 243 209 81 46 100 71
is_linear=0
shrinkage=0.05


Tree=195
num_leaves=14
num_cat=0
split_feature=5 3 25 11 7 26 16 26 15 1 18 15 1
split_gain=0.268263 0.271161 0.294731 0.288889 0.20787 0.247738 0.201669 0.24385 0.179501 0.294647 0.159984 0.0797479 0.0485681
threshold=-0.36549999999999994 0.10550000000000001 -1.1692230697726143 0.078500000000000014 -0.074499999999999997 0.58685003304895444 134.50000000000003 -1.0370952469521377 9.5000000000000018 70.266000000000005 -0.42499999999999993 4.5000000000000009 69.480500000000021
decision_type=2 2 2 2 2 2 2 2 2 2 2 2 2
left_child=6 3 -3 8 -5 10 7 -1 9 -2 -6 -9 -10
right_child=1 2 -4 4 5 -7 -8 11 12 -11 -12 -13 -14
leaf_value=0.013925472329616712 -0.0085457855643273004 0.003100388359275048 -0.026756881702740695 0.0093603622240563226 0.0011393631644804351 0.0076669747065743268 0.024548972797626276 0.0019746533128297199 0.0039866494754927468 0.021702434569395516 -0.027109067697284092 -0.017436337004019985 -0.011868358069449567
leaf_weight=0.78041600179858517 0.47627508250298056 1.067598248831928 1.065776981442468 0.54060158319771323 0.5539797832607295 0.46953268273500715 0.76760972547344852 0.53380579082295299 0.15806875482667226 2.2048332535196096 1.1258894651255102 0.50835575564997271 0.30374786496395245
leaf_count=16 29 24 73 10 23 39 9 14 10 74 119 35 39
internal_value=0.0010348 -0.00367554 -0.0155945 0.00232804 -0.00817692 -0.0141593 0.0125104 0.000539106 0.0111226 0.0154673 -0.0208444 -0.0113955 -0.00742674
internal_weight=10.5565 7.9663 2.13338 5.83293 2.69 2.1494 2.59019 1.82258 3.14292 2.68111 1.67987 1.04216 0.461817
internal_count=514 440 97 343 191 181 74 65 152 103 142 49 49
is_linear=0
shrinkage=0.05


Tree=196
num_leaves=15
num_cat=0
split_feature=5 3 25 11 7 16 15 7 15 1 23 0 13 1
split_gain=0.259083 0.256912 0.284667 0.26773 0.199728 0.195304 0.200881 0.177132 0.170362 0.279939 0.16902 0.101889 0.0503696 0.0477616
threshold=-0.36549999999999994 0.10550000000000001 -1.1692230697726143 0.078500000000000014 -0.074499999999999997 134.50000000000003 4.5000000000000009 0.019000000000000003 9.5000000000000018 70.266000000000005 3.5000000000000004 101.38500000000001 0.36150000000000004 69.480500000000021
decision_type=2 2 2 2 2 2 2 2 2 2 2 2 10 2
left_child=5 3 -3 8 -5 6 -1 10 9 -2 -6 -9 -8 -10
right_child=1 2 -4 4 7 -7 12 11 13 -11 -12 -13 -14 -15
leaf_value=0.01173506995735088 -0.0084208087795083139 0.0030200387541409815 -0.026410148028458987 0.0092031794938890986 0.0047334115937887992 0.024160763372445864 -0.015841182503941686 -0.0076092135739653528 0.0039600520281366115 0.02103470133450161 -0.026324333710552511 0.011489284396484542 0.001145888729041207 -0.011762051653235982
leaf_weight=0.9230054857907819 0.47407383465906683 1.067802553996444 1.03957586386241 0.53945137700066004 0.2162946303142238 0.75727683422155667 0.44284343253821135 0.44743398739956308 0.15789478982333083 2.1931309345527552 1.0563326266419606 0.40041276346892118 0.4452468462404795 0.30029389093397185
leaf_count=19 29 24 73 10 23 9 31 43 10 74 103 12 15 39
internal_value=0.000969988 -0.00367789 -0.015325 0.00219802 -0.00795935 0.0122811 0.000486056 -0.0138756 0.0106765 0.0149306 -0.0212857 0.00274693 -0.0112284 -0.00734391
internal_weight=10.4611 7.8927 2.10738 5.78532 2.65993 2.56837 1.8111 2.12047 3.12539 2.6672 1.27263 0.847847 0.88809 0.458189
internal_count=514 440 97 343 191 74 65 181 152 103 126 55 46 49
is_linear=0
shrinkage=0.05


Tree=197
num_leaves=14
num_cat=0
split_feature=5 3 25 11 7 26 16 26 23 11 18 15 11
split_gain=0.249509 0.243528 0.274985 0.247989 0.191926 0.233891 0.189971 0.233913 0.168299 0.212485 0.155878 0.0733955 0.00949035
threshold=-0.36549999999999994 0.10550000000000001 -1.1692230697726143 0.078500000000000014 -0.074499999999999997 0.58685003304895444 134.50000000000003 -1.0370952469521377 4.5000000000000009 -0.15499999999999997 -0.42499999999999993 4.5000000000000009 -0.12649999999999997
decision_type=2 2 2 2 2 2 2 2 2 2 2 2 2
left_child=6 3 -3 8 -5 10 7 -1 9 -2 -6 -9 -10
right_child=1 2 -4 4 5 -7 -8 11 12 -11 -12 -13 -14
leaf_value=0.013569614297034058 0.0092883723158991762 0.002941763848839052 -0.026068339736691794 0.0090486447525916693 0.0012917091473023852 0.0075302865709531118 0.023780381930676407 0.0017353234200405477 0.0022787466992828802 -0.016157095879285956 -0.026515681401305363 -0.017110009281384356 0.019097449355174767
leaf_weight=0.77321477932855498 0.91027535469038412 1.0680066361092033 1.014301051473012 0.53833759599365327 0.54772768804105032 0.46615396143170063 0.7471729302778839 0.53436929918825626 0.39844562200596545 0.45833463291637622 1.0771137604897374 0.49482058023568243 1.3416728424490427
leaf_count=16 33 24 73 10 23 39 9 14 24 46 119 35 49
internal_value=0.000900774 -0.00367952 -0.0150621 0.00207347 -0.007747 -0.0135996 0.0120286 0.000409674 0.0102435 -0.00245676 -0.020221 -0.0112921 0.0174834
internal_weight=10.3699 7.82037 2.08231 5.73806 2.62933 2.091 2.54958 1.8024 3.10873 1.36861 1.62484 1.02919 1.74012
internal_count=514 440 97 343 191 181 74 65 152 79 142 49 73
is_linear=0
shrinkage=0.05


Tree=198
num_leaves=15
num_cat=0
split_feature=5 3 3 16 26 12 12 2 2 0 1 15 10 26
split_gain=0.239276 0.233333 0.229306 0.184126 0.225601 0.176242 0.251623 0.228104 0.257333 0.150776 0.210738 0.152419 0.129722 0.0724691
threshold=-0.36549999999999994 0.060500000000000005 0.015500000000000002 134.50000000000003 -1.0370952469521377 -0.22449999999999998 -0.16849999999999998 23.425000000000004 23.755000000000006 96.200000000000017 70.364000000000019 5.5000000000000009 0.021100000000000004 0.36111280935827017
decision_type=2 2 2 2 2 2 2 2 2 2 2 2 2 2
left_child=3 2 -2 4 -1 -3 -7 -8 -9 10 12 -11 -4 -6
right_child=1 5 9 -5 13 6 7 8 -10 11 -12 -13 -14 -15
leaf_value=0.013298328454628614 -0.014645524955830998 -0.023621590881463893 -0.0063325014202969239 0.023407583794974155 -0.016975124815979594 0.015491864711271267 -0.022171197549487546 0.014794229661572192 -0.012631628717219956 -0.0016880133664485368 -0.014122827282629112 0.023414993368789997 0.015029735561658087 0.0017354189119786032
leaf_weight=0.77002071449533116 0.40465099096763868 0.85337511668331023 0.41303162323311049 0.73729657940566529 0.48491605994058773 0.44394706963794384 0.73532322957180429 0.86352388921659418 0.60886250308249146 0.68336794129572798 0.71553837094688777 1.0169266665761822 1.0142146573634816 0.53648663620697334
leaf_count=16 66 78 26 9 24 12 38 26 36 29 68 27 34 25
internal_value=0.000880755 -0.00362489 0.00398453 0.0118071 0.00035757 -0.0116842 -0.00242572 -0.00973509 0.00293111 0.00856513 -0.000923755 0.016437 0.00878571 -0.0111508
internal_weight=10.2815 7.75276 4.24773 2.52872 1.79142 3.50503 2.65166 2.20771 1.47239 3.84308 2.14278 1.70029 1.42725 1.0214
internal_count=514 440 250 74 65 190 112 100 62 184 128 56 60 49
is_linear=0
shrinkage=0.05


Tree=199
num_leaves=15
num_cat=0
split_feature=5 3 11 15 5 15 19 23 15 0 15 9 10 9
split_gain=0.231126 0.222088 0.22881 0.179011 0.233971 0.174283 0.153092 0.125964 0.118885 0.155766 0.0939736 0.175246 0.102734 0.0871555
threshold=-0.36549999999999994 0.060500000000000005 0.48650000000000004 5.5000000000000009 -0.43349999999999994 1.5000000000000002 13.000000000000002 11.500000000000002 9.5000000000000018 58.140000000000008 3.5000000000000004 -1.0000000180025095e-35 0.021100000000000004 0.021000000000000001
decision_type=2 2 2 2 2 2 2 2 2 2 2 2 2 2
left_child=3 2 8 -1 -5 -3 7 13 10 -10 12 -12 -2 -7
right_child=1 5 -4 4 -6 6 -8 -9 9 -11 11 -13 -14 -15
leaf_value=0.019310586343862571 -0.009698588534625999 0.0053068052954454272 -0.014735674893593471 -0.014996966912364624 0.012691037440942788 -0.02726117119589665 0.0039739841174214526 0.001837312443787451 0.0099073311160122884 -0.014958844761344148 0.023079105526005311 -0.0025551018468686635 0.0084350242100489047 -0.00029085699731301801
leaf_weight=1.4171567420125941 0.48029829468578167 0.71934159961529109 0.40485213423380617 0.63434732181485742 0.45702453004196264 1.51371640135767 0.45603554116678413 0.40553519304376084 0.23369059711694706 0.4173598792986013 1.3536006679059944 0.67583342688158099 0.65386153128929436 0.36476008046884079
leaf_count=27 23 18 56 40 7 103 31 10 4 61 40 41 25 28
internal_value=0.000820243 -0.00362733 0.00382215 0.0115882 -0.00287806 -0.0115332 -0.016191 -0.0202013 0.00844323 -0.00543865 0.0119201 0.016517 -0.000190446 -0.0239445
internal_weight=10.1874 7.67889 4.2195 2.50853 1.09137 3.45939 2.74005 2.28401 3.81464 0.65105 3.16359 2.02943 1.13416 1.87848
internal_count=514 440 250 74 47 190 172 141 194 65 129 81 48 131
is_linear=0
shrinkage=0.05


Tree=200
num_leaves=15
num_cat=0
split_feature=11 2 11 12 11 16 18 0 15 5 15 10 12 12
split_gain=0.161421 0.15858 0.190277 0.16618 0.316077 0.20099 0.183151 0.168832 0.135289 0.123167 0.0799324 0.0853279 0.0577503 0.0405399
threshold=-0.40749999999999992 22.975000000000005 0.48650000000000004 0.08450000000000002 -0.10749999999999998 132.50000000000003 -0.25499999999999995 57.600000000000009 6.5000000000000009 -0.06649999999999999 7.5000000000000009 0.021100000000000004 0.66550000000000009 0.24150000000000002
decision_type=2 2 2 2 2 2 2 2 2 2 2 2 2 2
left_child=-1 9 3 4 6 7 8 -5 -3 -2 11 -9 13 -12
right_child=1 2 -4 5 -6 -7 -8 10 -10 -11 12 -13 -14 -15
leaf_value=0.013320950029715851 -0.021187492015528504 -0.0020651146451962118 -0.016045020457800551 -0.006418037611115048 -0.020176038901104809 -0.0092612904819932684 -0.0099122995707755651 0.00047316249633333468 0.020083838097043047 0.0029377922149086519 0.0036358985922833017 0.021701867063392284 0.0077333504859995184 -0.010895234932216053
leaf_weight=0.98336767754517573 0.64529859280446544 0.82465570024214707 0.45787425973685447 0.48168808361515392 0.88867217907682095 0.57127915471210133 0.49712946231011113 0.60436532227322537 0.86713730427436531 0.46208179870154598 0.15945781668415282 2.3381201541051269 0.33332717383746058 0.2713485307758674
leaf_count=25 29 24 66 10 113 29 45 18 20 27 10 60 9 34
internal_value=0.000269246 -0.00224512 0.000775649 0.00346279 -0.00471228 0.00864925 0.005924 0.0124064 0.0125311 -0.0145035 0.0156966 0.0185676 0.00038269 -0.00673464
internal_weight=10.3858 9.40244 8.29506 7.83718 3.07759 4.75959 2.18892 4.18831 1.69179 1.10738 3.70662 2.94249 0.764134 0.430806
internal_count=519 494 438 372 202 170 89 141 44 56 131 78 53 44
is_linear=0
shrinkage=0.05


Tree=201
num_leaves=15
num_cat=0
split_feature=11 3 10 25 16 5 9 7 12 24 3 3 11 13
split_gain=0.156542 0.171613 0.258166 0.23336 0.219254 0.160011 0.187611 0.243215 0.212611 0.128256 0.0957592 0.0874972 0.0755718 0.0913412
threshold=-0.40749999999999992 0.10550000000000001 0.087550000000000017 -0.427983903428653 134.50000000000003 0.10700000000000001 -0.027499999999999997 -0.074499999999999997 0.14000000000000004 -0.79513787115597279 0.054500000000000014 0.28800000000000009 -0.28449999999999992 0.24150000000000002
decision_type=2 2 2 2 2 2 2 2 2 2 2 2 2 8
left_child=-1 3 4 -2 11 9 7 -7 -8 -5 -10 -3 -11 -14
right_child=1 2 -4 5 -6 6 8 -9 10 12 -12 -13 13 -15
leaf_value=0.013005287301140528 0.017166378473391003 -0.024554930771369169 0.0086728381558577455 0.0057499625259608738 0.0045382283945228424 0.011251831188402879 0.018868438930427216 -0.019333414114133671 -0.013814778321208558 0.0027461328333374104 0.006748151914780451 -0.00043326734760209743 0.0012783639261169455 -0.023769409458537435
leaf_weight=0.98120168223977167 1.0634550914983254 1.7549235732876707 0.8181458581238984 0.3277760304044931 0.70888384734280396 0.26009846641682088 1.3670622302452113 0.61301740515045722 0.37331947783241037 0.19560243515297759 0.18839035043492913 0.47752403281629074 0.33129500324139249 0.85725544832530443
leaf_count=25 39 90 15 12 18 5 59 81 55 8 4 6 23 79
internal_value=0.000141559 -0.00233767 -0.00940509 0.00313191 -0.0153582 -0.00268827 0.00439344 -0.00907937 0.01151 -0.011625 -0.00701325 -0.0211255 -0.0164254 -0.0193937
internal_weight=10.318 9.33675 3.75948 5.57727 2.94133 4.51382 2.80189 0.873116 1.92877 1.71193 0.56171 2.23245 1.38415 1.18855
internal_count=519 494 129 365 114 326 204 86 118 122 59 96 110 102
is_linear=0
shrinkage=0.05


Tree=202
num_leaves=15
num_cat=0
split_feature=26 26 10 24 13 26 0 24 13 26 26 26 5 10
split_gain=0.151824 0.173142 0.323475 0.208674 0.238022 0.140071 0.124204 0.0910434 0.0794143 0.0619045 0.0579747 0.0448177 0.0423597 0.0402069
threshold=-1.5788965662037384 -0.67689097792996578 -0.064249999999999988 -0.72064439447454853 0.12450000000000001 -0.46041196845974225 100.82000000000001 -0.32902508920363166 0.17300000000000001 0.59018434807399911 -1.2208207792309047 0.14174579550018659 0.25250000000000006 0.11940000000000002
decision_type=2 2 2 2 8 2 2 2 10 2 2 2 2 2
left_child=-1 7 6 9 -5 -6 -3 13 -9 11 -10 -4 -11 -2
right_child=1 2 3 4 5 -7 -8 8 10 12 -12 -13 -14 -15
leaf_value=-0.015239753645591755 -0.0076749879780819291 0.0159075221763261 -0.0023775655688692164 0.0042854929199441462 0.00043138360702896743 -0.02931815097055511 -0.0028961351502444078 -0.00098473199993356908 0.0020305900644475047 0.0040451286615901692 0.019964558653475323 0.013138944456734511 -0.010058519543863345 0.0043373899084315354
leaf_weight=0.41620107740163881 0.47264570125844363 1.2814327818341547 0.2992378682829433 0.62161012040451291 0.44222894709673655 1.3260561309871266 0.99935365095734585 0.74561919597908799 0.86016031657345671 0.21077052550390363 1.4167994447052472 0.45291470800293609 0.2478172997944057 0.44099976168945432
leaf_count=35 28 25 29 14 23 189 35 15 25 3 25 20 38 15
internal_value=0.000168987 0.00217061 -0.00316436 -0.011363 -0.0178838 -0.0244099 0.00929702 0.00916819 0.0125066 0.00377578 0.0158768 0.00913205 -0.00524718 -0.00264018
internal_weight=10.2338 9.81765 5.88142 3.60064 2.3899 1.76829 2.28079 3.93622 3.02258 1.21074 2.27696 0.752153 0.458588 0.913645
internal_count=519 484 376 316 226 212 60 108 65 90 50 49 41 43
is_linear=0
shrinkage=0.05


Tree=203
num_leaves=14
num_cat=0
split_feature=16 26 26 10 16 2 3 0 13 24 20 13 24
split_gain=0.150663 0.183549 0.190421 0.275912 0.324437 0.193589 0.224571 0.113011 0.108259 0.0860759 0.0531921 0.0527297 0.0363731
threshold=116.50000000000001 -1.5788965662037384 -0.67689097792996578 -0.064249999999999988 124.50000000000001 23.085000000000004 0.017500000000000005 100.82000000000001 0.17300000000000001 -0.32902508920363166 1.0000000180025095e-35 0.11100000000000002 -0.81827015677062453
decision_type=2 2 2 2 2 2 2 2 10 2 2 8 2
left_child=10 -2 8 7 5 -5 -7 -4 -3 -10 -1 -6 -13
right_child=1 2 3 4 11 6 -8 -9 9 -11 -12 12 -14
leaf_value=-0.017225387370417303 -0.014843666813885686 -0.0023176880922602203 0.015763985279036032 0.015628832813198528 0.00069007854470283427 0.010561037915611042 -0.018412431432166153 -0.0024619869974695863 0.00037586474516862131 0.01925452603711093 0.0017759310312705509 -0.0010710405177510455 -0.026261547690841981
leaf_weight=0.49998392659472379 0.40090374322608013 0.79403116833418463 1.2675942587666198 0.74034790252335569 0.17937370901927319 0.3228258608141914 0.56551245041191578 0.98339653643779446 0.80047222855500955 2.093266948824748 0.26174061023630202 0.2490104375174248 1.0109469021845163
leaf_count=52 31 18 24 22 7 20 67 33 30 43 7 26 139
internal_value=0.000139706 0.0024172 0.00459209 -0.00160248 -0.010076 0.00469631 -0.00786643 0.00949348 0.0119626 0.01547 -0.0133943 -0.0218644 -0.0239599
internal_weight=10.1694 9.40768 9.00678 5.31901 3.06802 1.62869 0.888338 2.25099 3.68777 2.89374 0.761725 1.43933 1.25996
internal_count=519 460 429 338 281 109 87 57 91 73 59 172 165
is_linear=0
shrinkage=0.05


Tree=204
num_leaves=13
num_cat=0
split_feature=11 3 21 25 1 5 11 13 11 13 5 11
split_gain=0.145588 0.159881 0.241022 0.212287 0.199706 0.151389 0.192577 0.166832 0.174171 0.106298 0.0930962 0.119183
threshold=-0.40749999999999992 0.10550000000000001 1.5000000000000002 -0.427983903428653 69.46350000000001 0.031500000000000007 0.48650000000000004 0.38900000000000007 -0.10299999999999999 0.24150000000000002 0.22550000000000003 0.36800000000000005
decision_type=2 2 2 2 2 2 2 10 2 8 2 2
left_child=-1 3 -3 -2 -4 9 7 8 -7 -5 -9 -12
right_child=1 2 4 5 -6 6 -8 10 -10 -11 11 -13
leaf_value=0.012473971768550252 0.016432804841092049 0.0024268304471714705 0.0027043548235586722 0.0025586889243525671 -0.026792038805732801 0.008095870472701298 -0.01369240958245467 0.020194204662812104 -0.015938685613978546 -0.019660931975178448 -0.011288287832032954 0.0099488162182046064
leaf_weight=0.97196433576755303 1.0375869503477577 2.0700638070702557 0.56277679395861913 0.49881405604537454 1.0506030964897943 0.6669606728828501 0.36618755687959481 1.1430505829630417 0.46150114026386468 0.6236433563171887 0.28527910902630527 0.36135391751304269
leaf_count=25 39 37 21 28 71 23 57 26 79 66 33 14
internal_value=4.8496e-05 -0.00237563 -0.00923744 0.00297982 -0.0194053 -0.00264116 0.00322271 0.0082982 -0.00460375 -0.0132334 0.0151675 -0.000585887
internal_weight=10.0998 9.12782 3.68344 5.44438 1.61338 4.40679 3.28433 2.91815 1.12846 1.12246 1.78968 0.646633
internal_count=519 494 129 365 92 326 232 175 102 94 73 47
is_linear=0
shrinkage=0.05


Tree=205
num_leaves=13
num_cat=0
split_feature=22 24 25 13 25 3 3 1 26 16 5 5
split_gain=0.242168 0.227422 0.215829 0.260622 0.258127 0.206111 0.286229 0.192017 0.130212 0.123192 0.0199341 0.0139616
threshold=3.5000000000000004 2.5632817584291256 0.037573082092890807 0.75300000000000011 0.15742833341177248 0.019500000000000003 0.015500000000000002 69.114500000000007 -0.73947028094778544 117.50000000000001 -0.43349999999999994 0.28800000000000003
decision_type=2 2 2 10 2 2 2 2 2 2 2 2
left_child=1 7 3 11 -4 6 -6 -1 -9 -7 -10 -2
right_child=2 -3 4 -5 5 9 -8 8 10 -11 -12 -13
leaf_value=-0.0058454088571541973 -0.02541719724997939 -0.010192602763393238 0.016269190254759487 0.0089645157190423302 -0.013959992576119068 0.0021518156986040536 0.01621297859397091 0.00032160804309074682 0.0033383706469407451 -0.022700558713991681 0.022372582104177852 -0.001392456050927679
leaf_weight=0.81149072106927622 1.2526173892838413 0.79049669811502088 0.76817806984763626 0.21484710439108301 0.37859058851609029 0.4684190019033847 0.95040106330998242 1.1248183895368131 0.56291748303920064 0.8056931835017167 1.8635598578548522 0.18652711762115348
leaf_count=23 136 18 25 5 65 21 22 29 16 100 48 14
internal_value=-0.000319933 0.00668382 -0.00741939 -0.0180923 0.000757911 -0.0070644 0.00531419 0.0110721 0.0153728 -0.0166353 0.0202198 -0.0241508
internal_weight=10.1786 5.15328 5.02527 1.65399 3.37128 2.6031 1.32899 4.36279 3.5513 1.27411 2.42648 1.43914
internal_count=522 134 388 155 233 208 87 116 93 121 64 150
is_linear=0
shrinkage=0.05


Tree=206
num_leaves=15
num_cat=0
split_feature=0 22 25 25 13 3 3 26 2 19 2 12 7 5
split_gain=0.233524 0.320211 0.172737 0.258533 0.247707 0.223162 0.274759 0.141692 0.143918 0.12248 0.0487503 0.189786 0.0747498 0.0102594
threshold=57.415000000000006 3.5000000000000004 0.037573082092890807 0.23275507394728953 0.89350000000000007 0.019500000000000003 0.015500000000000002 -1.4955770610124619 22.950000000000006 9.5000000000000018 23.265000000000004 0.47300000000000003 -0.029499999999999995 0.28800000000000003
decision_type=2 2 2 2 10 2 2 2 2 2 2 2 2 2
left_child=-1 7 4 -4 13 6 -5 -2 -9 -7 -10 12 -12 -3
right_child=1 2 3 5 -6 9 -8 8 10 -11 11 -13 -14 -15
leaf_value=-0.018515132070835695 -0.0070172306200553458 -0.023641632343955585 0.015276896798515292 -0.01375982691226515 0.0094706514995928602 0.0039878589445482169 0.01585851970659569 -0.0021457986626435108 0.022871274432127865 -0.023099197193934582 0.0046023940162418222 0.017767020006962928 -0.011344594391440458 -0.0013815871025668427
leaf_weight=0.53987374913413155 0.39321075845509756 1.1171177911746779 0.95881079556420479 0.37121683167060859 0.20193840167485166 0.20574809028767027 0.94553758855909109 0.98863211408024465 1.4349638466956096 0.83042900444706902 0.5795690217055377 0.70143192727118719 0.64612732728710409 0.18646336416713882
leaf_count=23 11 131 36 64 3 3 22 19 26 105 19 9 37 14
internal_value=-0.000352261 0.00232933 -0.00616632 0.00102907 -0.0160878 -0.00760154 0.00517346 0.0105279 0.0131287 -0.0184036 0.0170825 0.00643106 -0.00512417 -0.0224395
internal_weight=10.1011 9.5612 4.81726 3.31174 1.50552 2.35293 1.31675 4.74393 4.35072 1.03618 3.36209 1.92713 1.2257 1.30358
internal_count=522 499 378 230 148 194 86 121 110 108 91 65 56 145
is_linear=0
shrinkage=0.05


Tree=207
num_leaves=14
num_cat=0
split_feature=0 22 9 18 25 15 7 2 25 26 15 9 2
split_gain=0.225885 0.304329 0.166481 0.186028 0.176079 0.150363 0.114916 0.139999 0.113594 0.0611084 0.0568269 0.0529266 0.0516534
threshold=57.415000000000006 3.5000000000000004 -0.027499999999999997 -0.099999999999999992 1.3096767115801307 3.5000000000000004 -0.013999999999999997 23.525000000000002 0.037573082092890807 -0.79929448100594558 6.5000000000000009 1.0000000180025095e-35 22.995000000000001
decision_type=2 2 2 2 2 2 2 2 2 2 2 2 2
left_child=-1 6 4 8 -3 -5 7 -2 9 -4 -8 -10 -7
right_child=1 2 3 5 -6 12 10 -9 11 -11 -12 -13 -14
leaf_value=-0.018298983766159332 -0.0097104334559920732 -0.023607625068590436 0.0048988570664087972 0.0056984279204518005 0.0045251327543977243 0.0012515415499571262 0.01889482192035814 0.0089656229539818253 0.017467049334999953 -0.01118540699067448 0.0015788441730944941 -4.5737156025086988e-05 -0.020399366570715408
leaf_weight=0.53097586531657803 0.85883773374371264 0.86308415781240799 0.31366057554259896 0.51336931670084796 0.39886438043322414 0.19837354507762939 1.8751539539080098 1.1831329372944308 0.97891341135255039 0.28210020129335989 0.80182050849543873 0.54503530077636242 0.66789879032876343
leaf_count=23 18 99 8 24 23 17 34 31 39 44 38 37 87
internal_value=-0.000389204 0.00226423 -0.00606871 0.000597708 -0.0166462 -0.0100437 0.010263 0.000500671 0.00852314 -0.00495399 0.0155482 0.0136671 -0.0174274
internal_weight=10.0112 9.48024 4.7613 3.49935 1.26195 1.37964 4.71895 2.04197 2.11971 0.595761 2.67697 1.52395 0.866272
internal_count=522 499 378 256 122 128 121 49 128 52 72 76 104
is_linear=0
shrinkage=0.05


Tree=208
num_leaves=15
num_cat=0
split_feature=0 22 9 18 25 15 3 18 16 9 25 16 26 9
split_gain=0.217583 0.28873 0.158962 0.177633 0.171111 0.145672 0.139724 0.202304 0.216426 0.148383 0.109462 0.0739724 0.0598483 0.050615
threshold=57.415000000000006 3.5000000000000004 -0.027499999999999997 -0.099999999999999992 1.3096767115801307 3.5000000000000004 0.12150000000000001 -0.024999999999999998 123.50000000000001 -0.023499999999999997 0.037573082092890807 117.50000000000001 -0.79929448100594558 1.0000000180025095e-35
decision_type=2 2 2 2 2 2 2 2 2 2 2 2 2 2
left_child=-1 6 4 10 -3 -5 -2 8 -8 -10 12 -7 -4 -12
right_child=1 2 3 5 -6 11 7 -9 9 -11 13 -13 -14 -15
leaf_value=-0.018086626346367925 0.021377741980992217 -0.023309701538507029 0.0048413443534989437 0.0056036678858760831 0.0044609357982094049 0.0026534883152986334 -0.0070275126010617755 -0.011030922053818816 5.8112558879124025e-05 0.023323156743462976 0.017086297462957926 -0.020725114950949926 -0.011089279142713921 -4.4930208200548224e-05
leaf_weight=0.52231048152316439 0.87299442419316431 0.84368366556009167 0.31340338871814311 0.51287113467697254 0.39876761566847563 0.16655637044459581 0.84907523682341013 0.83185911184409667 1.0167742374469533 1.1349044194212177 0.97312371974112444 0.68672350677661598 0.27906356539460775 0.54503014864167199
leaf_count=23 18 99 8 24 23 11 28 31 23 21 39 93 44 37
internal_value=-0.000464625 0.00215324 -0.00599761 0.000543748 -0.016382 -0.00988291 0.00994615 0.00345743 0.00922714 0.015836 0.00830018 -0.0171923 -0.00491392 0.0133606
internal_weight=9.94714 9.42483 4.71922 3.47677 1.24245 1.36615 4.70561 3.83261 3.00075 2.15168 2.11062 0.85328 0.592467 1.51815
internal_count=522 499 378 256 122 128 121 103 72 44 128 104 52 76
is_linear=0
shrinkage=0.05


Tree=209
num_leaves=15
num_cat=0
split_feature=0 22 21 5 3 1 5 5 3 18 2 15 13 0
split_gain=0.210526 0.276693 0.153764 0.232281 0.178395 0.172497 0.135518 0.138127 0.134819 0.192981 0.189402 0.120348 0.0597454 0.0154632
threshold=57.415000000000006 3.5000000000000004 6.5000000000000009 0.59650000000000014 0.052500000000000012 112.34550000000002 0.13600000000000004 0.10700000000000001 0.12150000000000001 -0.024999999999999998 22.995000000000001 5.5000000000000009 0.27350000000000008 70.360000000000014
decision_type=2 2 2 2 2 2 2 2 2 2 2 2 8 2
left_child=-1 8 3 -3 5 6 7 13 -2 10 -10 -12 -8 -4
right_child=1 2 4 -5 -6 -7 12 -9 9 -11 11 -13 -14 -15
leaf_value=-0.017877985236836088 0.020981111073516065 -0.023949723175386031 -7.1101792572511225e-05 0.0079452831785828508 0.012937980925198623 0.010962518481845365 -0.00063259869207607142 0.013063973305761332 -0.0069603508504616808 -0.010806030810979667 0.020841559225879727 -0.00029012300102390832 -0.022309505397917938 -0.011035258518307738
leaf_weight=0.51386996079236347 0.8641527193831261 0.89097051540738881 0.4471956501947727 0.25174275622703135 0.85818058915901918 0.32992406026460219 0.45971826801542159 0.37851363362278789 0.74542002601083401 0.82763266068650443 1.3317291578277948 0.90944119432242576 0.78354096558177855 0.27766813439666294
leaf_count=23 18 120 22 5 37 6 28 8 16 31 23 33 118 34
internal_value=-0.00050023 0.00208845 -0.00592327 -0.0164944 0.000377896 -0.00607292 -0.011028 0.00180974 0.00973108 0.00335354 0.00900372 0.0148227 -0.0181492 -0.00823387
internal_weight=9.8697 9.35583 4.67745 1.14271 3.53474 2.67656 2.34664 1.10338 4.67838 3.81422 2.98659 2.24117 1.24326 0.724864
internal_count=522 499 378 125 253 216 210 64 121 103 72 56 146 56
is_linear=0
shrinkage=0.05


Tree=210
num_leaves=15
num_cat=0
split_feature=16 24 26 7 26 11 0 6 7 16 25 19 16 7
split_gain=0.194026 0.184253 0.188201 0.228206 0.151241 0.249715 0.160517 0.149909 0.131889 0.0684238 0.077397 0.0526784 0.0449192 0.0327447
threshold=116.50000000000001 2.6267181571519473 -1.2208207792309047 -0.074499999999999997 -0.46041196845974225 -0.10749999999999998 83.790000000000006 0.55000000000000016 0.025500000000000005 128.50000000000003 -0.80247347248462131 9.5000000000000018 131.50000000000003 -0.009499999999999998
decision_type=2 2 2 2 2 2 2 2 2 2 2 2 2 2
left_child=11 2 3 -2 6 7 -4 -6 12 13 -11 -1 -7 -9
right_child=1 -3 4 -5 5 8 -8 9 -10 10 -12 -13 -14 -15
leaf_value=0.0021418365456466245 0.0088913020969796398 -0.011221826862789747 0.023862102513145387 -0.018526078443301286 -0.0058118035934515769 -0.019824526088310659 -0.00059517328559346896 0.022279027842761992 0.0056037487833919377 0.0093432200840388585 -0.0070391322658693717 -0.016452295478744414 0.0010570530355841158 0.0032016436437179129
leaf_weight=0.23609058256261128 0.63454007962718606 0.54762402363121587 1.9563591430196514 0.55960350064560571 0.59377150837098991 0.64060533663723906 0.80608551256591443 1.0238835310447032 0.39148257067427039 0.39023707283195108 0.51354625838575874 0.47085171035723761 0.19064734230050817 0.68879263539565716
leaf_count=5 15 12 46 39 25 108 35 16 32 14 30 58 32 34
internal_value=0.00340966 0.00582099 0.00801011 -0.00654476 0.0109295 0.00369991 0.0184641 0.0103485 -0.0105582 0.0146088 0.00122663 -0.0126257 -0.0170734 0.0186152
internal_weight=9.64412 8.93718 8.38955 1.19414 7.19541 4.43297 2.76244 3.21023 1.22274 2.61646 0.903783 0.706942 0.831253 1.71268
internal_count=501 438 426 54 372 291 81 119 172 94 44 63 140 50
is_linear=0
shrinkage=0.05


Tree=211
num_leaves=15
num_cat=0
split_feature=16 24 26 23 14 2 7 11 13 1 23 11 11 19
split_gain=0.185948 0.176323 0.179777 0.225134 0.144523 0.146936 0.183646 0.172816 0.118667 0.0572541 0.0561116 0.107269 0.0614592 0.0515297
threshold=116.50000000000001 2.6267181571519473 -1.2208207792309047 11.500000000000002 2.5000000000000004 23.785000000000004 -0.046499999999999993 0.36800000000000005 0.40050000000000008 70.266000000000005 4.5000000000000009 -0.40749999999999992 -0.25149999999999995 9.5000000000000018
decision_type=2 2 2 2 2 2 2 2 10 2 2 2 2 2
left_child=13 2 3 -2 -4 6 -6 -7 10 -10 11 -8 -12 -1
right_child=1 -3 4 -5 5 7 8 -9 9 -11 12 -13 -14 -15
leaf_value=0.002121385914057799 -0.0184312263594829 -0.011047490726744991 -0.0070448001746515514 0.0088420227082132222 -0.0041057771825667886 -0.013620872743964067 0.014096588283322367 0.010241611371985449 0.0075563274226001405 -0.006368095637570465 0.003484492187945781 -0.0049270277915144335 0.028154341672535867 -0.016271577092531835
leaf_weight=0.236088339355775 0.55005130800418356 0.54431731672957617 0.4288446706486847 0.63325266679748893 0.69770425767637512 0.53947181985131443 0.50501006003469229 0.52702144288923591 0.51544611668214191 0.45547325548250228 0.61447387409861898 0.72274021970224855 2.1447132135508609 0.46356806543190032
leaf_count=5 25 12 39 29 31 53 10 27 24 41 18 60 69 58
internal_value=0.00324496 0.00562008 0.00777558 -0.00647097 0.0106377 0.012532 0.015341 -0.00257915 0.0183074 0.00110741 0.0214341 0.00571317 0.0250488 -0.0124686
internal_weight=9.57818 8.87852 8.3342 1.1833 7.1509 6.72205 5.65556 1.06649 4.95786 0.970919 3.98694 1.22775 2.75919 0.699656
internal_count=501 438 426 54 372 333 253 80 222 65 157 70 87 63
is_linear=0
shrinkage=0.05


Tree=212
num_leaves=14
num_cat=0
split_feature=16 24 26 7 26 11 0 13 16 7 13 19 16
split_gain=0.177913 0.168438 0.171413 0.218192 0.138693 0.238078 0.148407 0.14563 0.284584 0.127272 0.0624058 0.0504116 0.0412355
threshold=116.50000000000001 2.6267181571519473 -1.2208207792309047 -0.074499999999999997 -0.46041196845974225 -0.10749999999999998 83.790000000000006 0.24550000000000002 123.50000000000001 0.025500000000000005 0.35250000000000004 9.5000000000000018 131.50000000000003
decision_type=2 2 2 2 2 2 2 10 2 2 10 2 2
left_child=11 2 3 -2 6 7 -4 8 -6 12 -9 -1 -7
right_child=1 -3 4 -5 5 9 -8 10 -10 -11 -12 -13 -14
leaf_value=0.002101130352383994 0.0087130244698933115 -0.010876031868593088 0.022814781857910516 -0.01818554352664779 0.013411267955187982 -0.01957020784976405 -0.00067581120219810148 0.020111703831470276 -0.016061472601845435 0.0054383246731429169 0.0007663674722040608 -0.016093920761674301 0.00090882577500218205
leaf_weight=0.23608654655981887 0.62816912494599819 0.54110011458396989 1.9195902586216083 0.54471488832495907 0.61272702156565884 0.6276743278140231 0.80052160285413254 1.2747073368518611 0.68269340775441378 0.38999343960313126 0.61071666286443349 0.45646958099678159 0.18899971988867037
leaf_count=5 15 12 46 39 12 108 35 37 36 32 34 58 32
internal_value=0.0030677 0.00540619 0.00752745 -0.00639942 0.0103315 0.00340987 0.0175782 0.00994651 -0.00235156 -0.01052 0.0162828 -0.0123146 -0.0169394
internal_weight=9.51416 8.82161 8.28051 1.17288 7.10762 4.38751 2.72011 3.18084 1.29542 1.20667 1.88542 0.692556 0.816674
internal_count=501 438 426 54 372 291 81 119 48 172 71 63 140
is_linear=0
shrinkage=0.05


Tree=213
num_leaves=15
num_cat=0
split_feature=16 24 26 23 14 7 11 18 12 2 0 19 26 11
split_gain=0.170337 0.160998 0.163604 0.215356 0.133824 0.14061 0.118188 0.206665 0.15269 0.113606 0.135096 0.049323 0.0206179 0.00803138
threshold=116.50000000000001 2.6267181571519473 -1.2208207792309047 11.500000000000002 2.5000000000000004 -0.026499999999999996 0.078500000000000014 -0.18499999999999997 -0.61449999999999994 23.370000000000001 93.760000000000005 9.5000000000000018 -1.0590929407629004 -0.29349999999999993
decision_type=2 2 2 2 2 2 2 2 2 2 2 2 2 2
left_child=11 2 3 -2 -4 9 8 12 -7 -6 -11 -1 -8 -10
right_child=1 -3 4 -5 5 6 7 -9 13 10 -12 -13 -14 -15
leaf_value=0.0020810674584388201 -0.018095666017272236 -0.010707400208779206 -0.0069223200596098006 0.0086665669400224753 0.0085121585653161452 -0.0014372095812018881 0.014561641190211451 -0.014008821529686386 0.0044632655215890073 0.0063051040130811366 -0.01712213250166952 -0.015919268320691116 0.00074995045883952853 0.02446496496386551
leaf_weight=0.23608519020490426 0.53557737241498926 0.5379695971496411 0.42260806559352015 0.62691518990322948 0.79887299891560981 0.64322819488006411 0.4115393441170454 0.37842539354460292 0.57705691619775956 0.36686265212483704 0.49439041881123558 0.44955012836726382 0.47593763627810404 2.4913099337136453
leaf_count=5 25 12 39 29 22 36 5 49 17 13 40 58 45 106
internal_value=0.00289863 0.00520285 0.00729189 -0.00632951 0.0100417 0.0118867 0.0154652 0.0010376 0.0191213 -0.00062277 -0.00911694 -0.0121636 0.0114763 0.022725
internal_weight=9.44633 8.76069 8.22272 1.16249 7.06023 6.63762 4.9775 1.2659 3.7116 1.66013 0.861253 0.685635 0.887477 3.06837
internal_count=501 438 426 54 372 333 258 99 159 75 53 63 50 123
is_linear=0
shrinkage=0.05


Tree=214
num_leaves=14
num_cat=0
split_feature=24 24 5 21 26 2 9 9 5 2 19 14 12
split_gain=0.135719 0.238588 0.246345 0.178056 0.153707 0.105456 0.0980379 0.171387 0.0571032 0.0512848 0.0490093 0.0553591 0.0369178
threshold=2.6267181571519473 1.6857699612764641 -0.13599999999999998 11.500000000000002 -1.2208207792309047 23.695000000000004 -0.027499999999999997 -0.073499999999999982 -0.051499999999999997 23.045000000000005 11.500000000000002 4.5000000000000009 -0.22449999999999998
decision_type=2 2 2 2 2 2 2 2 2 2 2 2 2
left_child=1 2 5 4 -4 9 7 -6 -9 -1 -8 -12 -13
right_child=-2 -3 3 -5 6 -7 10 8 -10 -11 11 12 -14
leaf_value=-0.0012331676993804651 -0.011339964977262511 0.017685200327470889 -0.0080793768785978534 -0.012366576575475602 0.01039436923985048 0.0025660667587748672 -0.00010257143856292437 0.0031218150081421077 -0.015653930929023129 -0.021561558870961041 -0.0001271895419436909 0.00039879679730136066 0.021254847643603386
leaf_weight=0.5346477911225509 0.56597308954224068 1.5902215084061024 0.48857331951148619 0.31902604887727637 0.91351002804003656 0.62231248477473844 0.4341591636184633 0.1703082206659019 0.4423713653231951 0.72587146377190948 0.38518474047305051 0.27059286803705518 1.9230898663809073
leaf_count=25 14 23 33 45 31 34 19 8 58 64 33 29 85
internal_value=0.00270056 0.00466459 -3.51103e-07 0.00550498 0.00850244 -0.0121207 0.0114236 0.000381774 -0.0117353 -0.0172991 0.0155277 0.0174525 0.0196126
internal_weight=9.38584 8.81987 7.22965 5.34682 5.02779 1.88283 4.53922 1.52619 0.61268 1.26052 3.01303 2.57887 2.19368
internal_count=501 487 464 341 296 123 263 97 66 89 166 147 114
is_linear=0
shrinkage=0.05


Tree=215
num_leaves=15
num_cat=0
split_feature=10 16 14 16 9 15 14 0 0 2 2 5 1 12
split_gain=0.203666 0.179333 0.16692 0.195599 0.265316 0.206056 0.157926 0.112089 0.215295 0.104389 0.123849 0.0916988 0.0510615 0.0455224
threshold=-0.049249999999999995 131.50000000000003 4.5000000000000009 119.50000000000001 -1.0000000180025095e-35 7.5000000000000009 5.5000000000000009 70.785000000000011 101.36500000000002 23.115000000000006 23.215000000000003 -0.66249999999999998 95.972000000000023 -0.44599999999999995
decision_type=2 2 2 2 2 2 2 2 2 2 2 2 2 2
left_child=6 2 -2 4 -4 7 -1 -5 -9 -8 -11 -3 -13 -12
right_child=1 11 3 5 -6 -7 9 8 -10 10 13 12 -14 -15
leaf_value=0.020284390200357216 -0.015511915405049976 0.0034967218710613987 -0.020992421469591235 0.018920679414741914 0.0077478205990456992 -0.0097124515574960324 -0.010123430108536509 -0.012079481760012546 0.013303975036346697 0.015463014556857717 -0.0090717481462404791 -0.023420773951805484 -6.7905179033163384e-05 0.0039501719521737996
leaf_weight=0.71737341862171922 0.4403520330088212 0.17767961439676572 0.6737583793583326 1.8846278046839877 0.79684118134900905 0.47372058569453646 0.58560629095882211 0.67845103645231553 0.6658484946237877 0.55939778126776196 0.54048275592504114 0.80533055245177798 0.27564294141484424 0.42846733564510897
leaf_count=10 67 5 55 50 42 65 23 41 19 8 33 62 22 11
internal_value=-0.000475535 -0.00503729 -0.000212288 0.00339183 -0.00858684 0.00896373 0.00902165 0.0133525 0.000805182 -8.7016e-05 0.00624155 -0.0169352 -0.0203601 -0.00423179
internal_weight=9.70358 6.87225 5.6136 5.17325 1.4706 3.70265 2.83133 3.22893 1.3443 2.11395 1.52835 1.25865 1.08097 0.96895
internal_count=513 428 339 272 97 175 85 110 60 75 52 89 84 44
is_linear=0
shrinkage=0.05


Tree=216
num_leaves=15
num_cat=0
split_feature=10 16 14 16 18 9 9 7 14 15 2 2 5 5
split_gain=0.199374 0.168936 0.160175 0.185799 0.285979 0.256274 0.186248 0.181208 0.152041 0.127647 0.100917 0.119672 0.0894866 0.0521792
threshold=-0.049249999999999995 131.50000000000003 4.5000000000000009 119.50000000000001 -0.024999999999999998 -1.0000000180025095e-35 -0.027499999999999997 -0.097499999999999989 5.5000000000000009 2.5000000000000004 23.115000000000006 23.215000000000003 -0.66249999999999998 -0.42149999999999993
decision_type=2 2 2 2 2 2 2 2 2 2 2 2 2 2
left_child=8 2 -2 5 6 -4 7 -5 -1 -6 -10 -12 -3 -13
right_child=1 12 3 4 9 -7 -8 -9 10 -11 11 13 -14 -15
leaf_value=0.019960745409677971 -0.015346735136273708 0.0034706886264602764 -0.02073359625886035 0.010407244339437327 0.0056528952566637222 0.0075777596469377047 0.021943108238938074 -0.014374040227006469 -0.009958123963452449 -0.01723626440354235 0.015227550094991802 0.0044852813960111421 -0.020074935851333589 -0.0093626274050150407
leaf_weight=0.70898242294788394 0.4337670903187244 0.1775654702214523 0.66087123146280646 0.58646310912445188 0.39421475119888816 0.79644026129972167 1.8195028368500064 0.39054126094561059 0.58224680717103217 0.49114441650453955 0.55521483626216628 0.41524073481559798 1.0640074755356179 0.55085029988549605
leaf_count=10 67 5 55 8 10 42 73 44 23 40 8 13 84 31
internal_value=-0.000539839 -0.00506789 -0.000343107 0.00321679 0.00866562 -0.00847383 0.0153804 -0.00175871 0.00888285 -0.009452 -7.9386e-05 0.00615151 -0.0166614 -0.00415661
internal_weight=9.62705 6.81452 5.57294 5.13918 3.68187 1.45731 2.79651 0.977004 2.81254 0.885359 2.10355 1.52131 1.24157 0.966091
internal_count=513 428 339 272 175 97 125 52 85 50 75 52 89 44
is_linear=0
shrinkage=0.05


Tree=217
num_leaves=15
num_cat=0
split_feature=10 16 14 16 18 9 9 7 14 9 24 15 25 1
split_gain=0.195443 0.156771 0.153249 0.176024 0.272257 0.247584 0.176978 0.175979 0.146334 0.157334 0.130808 0.124328 0.0442922 0.0584262
threshold=-0.049249999999999995 131.50000000000003 4.5000000000000009 119.50000000000001 -0.024999999999999998 -1.0000000180025095e-35 -0.027499999999999997 -0.097499999999999989 5.5000000000000009 -0.06699999999999999 1.6857699612764641 2.5000000000000004 -1.8518492832027436 96.189500000000024
decision_type=2 2 2 2 2 2 2 2 2 2 2 2 2 2
left_child=8 2 -2 5 6 -4 7 -5 -1 -10 -11 -6 -3 -14
right_child=1 12 3 4 11 -7 -8 -9 9 10 -12 -13 13 -15
leaf_value=0.019642808389576581 -0.015184308224805893 0.00097046581200093708 -0.020479217313818916 0.010228073230226599 0.0055749271631114483 0.0074113464272795807 0.021345806978215864 -0.014228035194790007 0.011782740992591833 -0.015511017536460026 0.0054435776530754399 -0.01704248448835281 -0.022046803971777326 0.00073554561787011466
leaf_weight=0.70082853361964259 0.42734639337868419 0.22281654924154271 0.64836489176377654 0.58446809370070696 0.39373920951038632 0.79607056826353051 1.8052457238663921 0.3852180010289884 0.66551623772829827 0.83718642184976444 0.59047757042571902 0.48345772421453148 0.74320502535556421 0.26073360905866139
leaf_count=10 67 2 55 8 10 42 73 44 12 51 12 40 67 20
internal_value=-0.000604766 -0.00510559 -0.000498726 0.00302131 0.00835436 -0.00836427 0.0149347 -0.00177839 0.00874923 -6.93125e-05 -0.00817195 -0.0093287 -0.0163099 -0.0187155
internal_weight=9.54467 6.75067 5.52391 5.09656 3.65213 1.44444 2.77493 0.969686 2.79401 2.09318 1.42766 0.877197 1.22676 1.00394
internal_count=513 428 339 272 175 97 125 52 85 75 63 50 89 87
is_linear=0
shrinkage=0.05


Tree=218
num_leaves=15
num_cat=0
split_feature=10 0 23 22 14 9 0 24 0 2 25 25 2 24
split_gain=0.192874 0.148108 0.168152 0.167489 0.140391 0.1509 0.127227 0.125917 0.104824 0.103573 0.0856498 0.122466 0.0714065 0.0238157
threshold=-0.049249999999999995 69.535000000000011 11.500000000000002 8.5000000000000018 5.5000000000000009 -0.06699999999999999 57.415000000000006 1.6857699612764641 101.36500000000002 22.915000000000003 -1.1692230697726143 0.037573082092890807 23.165000000000003 -0.45863277517173401
decision_type=2 2 2 2 2 2 2 2 2 2 2 2 2 2
left_child=4 6 3 9 -1 -6 -2 13 12 -3 -8 -12 -5 -7
right_child=1 2 -4 8 5 7 10 -9 -10 -11 11 -13 -14 -15
leaf_value=0.019330450679707786 -0.0091387285000533395 0.0029945506827392899 0.0048417014631572924 0.0042180046196724262 0.011562575703816842 -0.00050801660620025961 0.015212861376175217 0.0053433589991509715 0.0098725908378898639 -0.023884373876247787 -0.010834201373716768 0.0088750345695655097 -0.013975448560715177 -0.01778043737052775
leaf_weight=0.6929060225375 0.55986354954075102 0.17612323589855838 0.926131828338839 0.29464282200206049 0.66337497252970989 0.29901690827682659 0.90376115031540449 0.59023691434413195 0.51920460583642125 1.7627130750333888 0.54847616376355246 0.61455802293494344 0.38268516951939091 0.52925893606152297
leaf_count=10 21 17 38 14 12 11 11 12 31 162 34 25 75 40
internal_value=-0.000682325 -0.00516939 -0.0102741 -0.0148301 0.00863727 -3.91673e-05 0.00338031 -0.00800228 0.000517019 -0.0212546 0.00864564 -0.00113139 -0.00826483 -0.0152334
internal_weight=9.46295 6.68816 4.0615 3.13537 2.77479 2.08189 2.62666 1.41851 1.19653 1.93884 2.0668 1.16303 0.677328 0.828276
internal_count=513 428 337 299 85 75 91 63 120 179 70 59 89 51
is_linear=0
shrinkage=0.05


Tree=219
num_leaves=14
num_cat=0
split_feature=16 13 9 7 22 3 22 5 18 24 13 23 26
split_gain=0.133328 0.137179 0.196398 0.167906 0.245454 0.172132 0.106614 0.164881 0.0948524 0.0860981 0.0816433 0.0736151 0.0555153
threshold=116.50000000000001 0.40050000000000008 -0.099499999999999991 -0.097499999999999989 7.5000000000000009 0.038500000000000006 3.5000000000000004 0.031500000000000007 -0.039999999999999994 -1.5121442248886063 0.26650000000000007 10.500000000000002 1.1074904315197058
decision_type=2 8 2 2 2 2 2 2 2 2 8 2 2
left_child=12 2 -2 -3 -5 9 8 11 -4 -6 -9 -8 -1
right_child=1 3 6 4 5 -7 7 10 -10 -11 -12 -13 -14
leaf_value=-0.017171948573311852 -0.01176567365845411 0.0095917096652793771 0.016838743345362131 -0.023601080551209446 0.0054301189679883356 0.013303936045324769 -0.016782610405571784 -0.0047719340277046184 -0.00048812787237135905 -0.015284935602053846 0.012845406884127464 0.0034901902677957836 0.0021358002402524783
leaf_weight=0.49888445308897722 0.51746561704203387 0.44102334184572134 2.545956309884787 0.84994257689686614 0.15641689114272639 0.67977961269207299 0.49345411651302162 0.35263385227881339 0.9453075409110151 0.43089323543244906 1.02694941390655 0.22483445610851049 0.23062599694821984
leaf_count=54 17 9 58 79 2 19 74 34 28 69 49 10 11
internal_value=-0.00062478 0.00171929 0.00558622 -0.00648745 -0.0118397 0.00298005 0.00873454 -0.000389572 0.0130832 -0.00982267 0.0082293 -0.0120988 -0.0133624
internal_weight=9.39417 8.66466 6.1066 2.55806 2.11703 1.26709 5.58914 2.09787 3.49126 0.58731 1.37958 0.718289 0.72951
internal_count=513 448 270 178 169 90 253 167 86 71 83 84 65
is_linear=0
shrinkage=0.05


Tree=220
num_leaves=15
num_cat=0
split_feature=24 24 3 3 26 26 26 26 24 18 16 11 26 21
split_gain=0.102774 0.221411 0.27362 0.188415 0.137624 0.127472 0.152382 0.0983119 0.0972204 0.093746 0.0780682 0.057437 0.072661 0.0387249
threshold=2.6267181571519473 1.0793638163467387 0.10550000000000001 0.096500000000000016 -1.1328033526616486 -0.73947028094778544 1.0770060508093089 1.1931099126164333 -1.5121442248886063 0.015000000000000001 127.50000000000001 -0.022999999999999996 -0.18882030714404449 6.5000000000000009
decision_type=2 2 2 2 2 2 2 2 2 2 2 2 2 2
left_child=1 2 3 4 -1 -6 8 -8 -7 11 -3 12 -10 -9
right_child=-2 10 -4 -5 5 6 7 13 9 -11 -12 -13 -14 -15
leaf_value=-0.015020970374844053 -0.012113883155242212 0.0010031012313884014 -0.019462561354041445 0.017049486954365638 0.01135832715372876 0.0064442967399985758 0.014183750903637927 0.0038835189871175174 0.0077786784599659792 0.0037524324879503117 0.017511436764025383 -0.022162043873728277 -0.0087705323363322825 -0.0097322336597461621
leaf_weight=0.59682238346431304 0.57831148244440633 1.2442050720565023 0.96813672577263776 0.59151933499379072 1.1788276704028233 0.13523774803615962 0.61704026861116268 0.19315752683905885 0.23103562742471695 0.2874952284619211 1.2325337360089177 0.76803511011531023 0.48206111532635809 0.23679222323698923
leaf_count=52 15 27 73 14 38 3 15 11 5 23 26 128 43 37
internal_value=-0.000300553 0.00164002 -0.00347709 0.00205291 -0.00247345 0.00191466 -0.00377798 0.00758802 -0.0104891 -0.0136438 0.0118922 -0.017172 -0.00199792 -0.00517718
internal_weight=9.34121 8.7629 6.28616 5.31802 4.7265 4.12968 2.95085 1.04699 1.90386 1.76863 2.47674 1.48113 0.713097 0.42995
internal_count=510 495 442 369 355 303 265 63 202 199 53 176 48 48
is_linear=0
shrinkage=0.05


Tree=221
num_leaves=13
num_cat=0
split_feature=10 16 6 9 10 3 9 24 12 26 11 1
split_gain=0.100145 0.20069 0.162746 0.149682 0.273426 0.134044 0.131591 0.128575 0.110172 0.0754719 0.114644 0.063101
threshold=-0.064249999999999988 131.50000000000003 0.95000000000000007 -0.027499999999999997 0.10410000000000001 0.044500000000000005 -1.0000000180025095e-35 2.1476540123856211 -0.61449999999999994 -1.2208207792309047 -0.16449999999999998 69.569000000000003
decision_type=2 2 2 2 2 2 2 2 2 2 2 2
left_child=8 2 3 4 -2 6 -5 -3 -1 -7 -11 -8
right_child=1 7 -4 5 -6 9 11 -9 -10 10 -12 -13
leaf_value=-0.0045121731155373284 -0.018368491898966197 -0.021307872937556246 -0.014338178264806382 0.0089232872124873543 0.0089930609478823028 -0.001820413160633097 0.0031438397190031789 0.004000890692835035 0.013289754004638095 -0.0011469222856070724 0.02131372893589438 -0.016158670234195174
leaf_weight=0.76136011269409243 0.80477553125820056 0.91865973387029931 0.39404066291172046 0.44708661735057831 0.97550001594936475 0.43397405603900541 0.20534604857675798 0.30833732895553112 1.3135450938716529 0.59855937800603021 1.6489063588087449 0.46513680560747162
leaf_count=31 57 86 78 17 37 19 10 4 30 24 56 61
internal_value=-0.000309544 -0.00316811 0.0013865 0.00450756 -0.0055337 0.00938563 -0.00329268 -0.0160072 0.0074145 0.0141288 0.0168207 -0.0119039
internal_weight=9.27523 7.20032 5.97333 5.57928 1.78028 3.79901 1.11757 1.227 2.07491 2.68144 2.24747 0.670483
internal_count=510 449 359 281 94 187 88 90 61 99 80 71
is_linear=0
shrinkage=0.05


Tree=222
num_leaves=15
num_cat=0
split_feature=26 26 10 16 12 13 13 12 10 10 9 5 13 24
split_gain=0.0973675 0.122807 0.218422 0.279024 0.106639 0.118902 0.117565 0.10621 0.0927647 0.103335 0.0535192 0.0459873 0.0405509 0.039098
threshold=-1.5788965662037384 -0.67689097792996578 -0.064249999999999988 125.50000000000001 0.14000000000000004 0.38900000000000007 0.12450000000000001 -0.61449999999999994 0.10975000000000001 0.052650000000000009 -0.014499999999999997 -0.30849999999999994 0.11100000000000002 -0.79080925433065818
decision_type=2 2 2 2 2 10 8 2 2 2 2 2 10 2
left_child=-1 8 7 4 5 6 -4 -3 9 10 -2 -6 -5 -8
right_child=1 2 3 12 11 -7 13 -9 -10 -11 -12 -13 -14 -15
leaf_value=-0.013017974495935232 -0.0026078742653559694 -0.0044177948899724135 0.0089815629921077226 0.00027529436312909042 0.0035767204004250016 0.01524828496149859 0.0019348532101069009 0.013085627746790616 0.014162848967268243 -0.0089877373881583119 0.011357407462226876 -0.013205468100793365 -0.025292133957784214 -0.014939817095264761
leaf_weight=0.33686015667626712 0.6076490392442796 0.76013846381101791 0.2618500427342958 0.14533556002425008 0.092172792996279895 0.76059862875263207 0.18228445708518781 1.3043814213015128 1.424777944688685 0.81691012356895942 0.81746632512658779 0.34632476465776552 0.94264387086150236 0.41519880940904907
leaf_count=35 22 31 6 16 5 34 13 29 36 34 22 52 123 52
internal_value=-0.000384781 0.00136396 -0.00337923 -0.0104588 0.00178254 0.00737585 -0.00404547 0.0073024 0.00738429 3.67819e-05 0.00678284 -0.00964371 -0.0233806 -0.0118031
internal_weight=9.21459 8.87773 5.21093 3.14641 2.05843 1.61993 0.859333 2.06452 3.6668 2.24203 1.42512 0.438498 1.08798 0.597483
internal_count=510 475 361 301 162 105 71 60 114 78 44 57 139 65
is_linear=0
shrinkage=0.05


Tree=223
num_leaves=15
num_cat=0
split_feature=26 26 11 11 16 13 16 0 16 16 11 11 7 7
split_gain=0.0944734 0.117174 0.236138 0.208674 0.295576 0.148721 0.147137 0.182073 0.0782488 0.100113 0.0902278 0.0637413 0.0270577 0.0599803
threshold=-1.5788965662037384 -0.67689097792996578 -0.10749999999999998 -0.29349999999999993 133.50000000000003 0.20400000000000004 117.50000000000001 138.59500000000003 131.50000000000003 121.50000000000001 0.093500000000000014 0.22200000000000003 -0.026499999999999996 -0.011499999999999998
decision_type=2 2 2 2 2 10 2 2 2 2 2 2 2 2
left_child=-1 8 3 4 5 -3 -4 -8 9 10 -2 -11 -5 -14
right_child=1 2 6 12 -6 -7 7 -9 -10 11 -12 -13 13 -15
leaf_value=-0.012894363337290819 0.0077987737104446651 0.0037801286274373896 0.0032021261331619854 0.00069740687600662132 0.011450653678052506 -0.023131752459186822 -0.025714616106276289 0.0064587872015628841 -0.0040795526147687318 0.0018133613638871605 -0.010458373934449944 0.019079704558909338 0.020507284700366737 -0.00020819852311281212
leaf_weight=0.33277474244823757 0.31238199537619937 0.37358946521999337 0.573424327361863 0.42150859057437617 0.71530416607856739 0.80269710608990863 1.0236777257523497 0.12906901887617994 0.67779865558259178 1.0134269057307395 0.46617851580958813 1.1870490016881374 0.71574117039563123 0.41378359976806578
leaf_count=35 10 13 35 14 12 46 180 2 27 23 31 23 14 45
internal_value=-0.000437127 0.00129709 -0.00335414 0.00428044 -0.00583272 -0.016775 -0.0145653 -0.0207854 0.00717994 0.0101232 -0.00286685 0.0141789 0.0140658 0.0163843
internal_weight=9.1584 8.82563 5.1688 3.44262 1.89159 1.17629 1.72617 1.15275 3.65684 2.97904 0.778561 2.20048 1.55103 1.12952
internal_count=510 475 361 144 71 59 217 182 114 87 41 46 73 59
is_linear=0
shrinkage=0.05


Tree=224
num_leaves=15
num_cat=0
split_feature=10 16 14 14 2 9 10 18 16 16 2 5 10 5
split_gain=0.0942574 0.218018 0.194905 0.190742 0.181727 0.146624 0.238954 0.170019 0.246644 0.181538 0.101087 0.0886925 0.0373072 0.00542959
threshold=-0.049249999999999995 131.50000000000003 4.5000000000000009 5.5000000000000009 23.055000000000003 -0.027499999999999997 0.10410000000000001 -0.084999999999999978 119.50000000000001 117.50000000000001 23.215000000000003 -0.66249999999999998 -0.09484999999999999 -0.59699999999999986
decision_type=2 2 2 2 2 2 2 2 2 2 2 2 2 2
left_child=3 2 -2 -1 -5 6 13 8 -7 -9 -6 -3 -12 -4
right_child=1 11 5 4 10 7 -8 9 -10 -11 12 -13 -14 -15
leaf_value=0.01885559610649673 -0.015351350090521949 0.0032377796116878793 -0.0011936129299659317 -0.016331788377184957 0.014156464092813582 -0.0067559708202015751 0.0085659185301049014 0.010140753135506185 0.022355373543997675 -0.014763944771959806 -0.0082995971283515001 -0.0210241898384247 0.0036331498784606606 -0.01850206243494475
leaf_weight=0.66357758175581705 0.43381136070820492 0.173001884133555 0.19742495863465592 0.46073009655810904 0.57653536740690448 0.46620874828659031 0.96058898861519992 0.44683392939623512 1.8082592418068086 0.55861533485585824 0.49286904837936163 0.89501108776312299 0.40244444558629766 0.55130493119941026
leaf_count=9 73 6 7 24 11 37 38 16 64 51 26 78 17 53
internal_value=-0.000428472 -0.00358517 0.00143022 0.00626632 -0.00301206 0.0052089 -0.00492277 0.0104055 0.0161474 -0.00415833 0.00607774 -0.0174289 -0.00384893 -0.0172306
internal_weight=9.08722 6.49106 5.42305 2.59616 1.93258 4.98924 1.70932 3.27992 2.27447 1.00545 1.47185 1.06801 0.895313 0.74873
internal_count=510 423 339 87 78 266 98 168 101 67 54 84 43 60
is_linear=0
shrinkage=0.05


Tree=225
num_leaves=15
num_cat=0
split_feature=16 23 0 24 21 18 2 22 13 2 18 2 5 13
split_gain=0.225374 0.119464 0.160248 0.151215 0.144252 0.193945 0.124528 0.078528 0.0785034 0.0608216 0.0425741 0.0400929 0.0325101 0.0214374
threshold=116.50000000000001 7.5000000000000009 109.15000000000002 -0.32902508920363166 1.5000000000000002 -1.0000000180025095e-35 23.745000000000001 8.5000000000000018 0.12450000000000001 23.355000000000004 -0.039999999999999994 23.615000000000006 0.12100000000000001 0.45800000000000007
decision_type=2 2 2 2 2 2 2 2 8 2 2 2 2 10
left_child=-1 2 4 7 -2 8 9 -3 -6 -5 -8 -10 -9 -13
right_child=1 3 -4 6 5 -7 10 12 11 -11 -12 13 -14 -15
leaf_value=-0.018549642587787355 0.0051394684335510782 -0.013484023733639675 0.009424197309924191 0.0023112474169845873 0.00058867535331473596 0.0061794983675002319 -0.0083323539680804828 0.0079973078414931811 -0.025924375498743699 0.019670966060320611 0.0042940945716316318 -0.0056021438146281188 -0.0034473788694766496 0.0041565131848690495
leaf_weight=0.56124621210619885 0.7606850522570302 0.35822563257534035 0.73526501684682433 0.99726253311382684 0.34384794230572846 0.43295003144885447 0.40359643282135949 0.35056974401231855 1.0300141850311773 1.580645076872315 0.41971981211099763 0.12463575458969001 0.3717738845734857 0.15856030466966331
leaf_count=60 16 30 24 27 12 40 24 13 131 34 16 24 34 19
internal_value=-0.00108891 0.00203749 -0.00415686 0.00684788 -0.00919748 -0.0143901 0.0113107 -0.00588418 -0.0200675 0.0154783 -0.0030707 -0.0233924 0.00352537 -0.00115711
internal_weight=8.629 8.06775 3.58596 4.48179 2.85069 2.09001 3.40122 1.08057 1.65706 2.57791 0.823316 1.31321 0.722344 0.283196
internal_count=504 444 266 178 242 226 101 77 186 61 40 174 47 43
is_linear=0
shrinkage=0.05


Tree=226
num_leaves=14
num_cat=0
split_feature=16 23 0 15 13 24 13 15 9 16 1 2 2
split_gain=0.217628 0.111446 0.153341 0.149618 0.163595 0.127477 0.122852 0.106222 0.105503 0.0649784 0.0562167 0.0256755 0.000123792
threshold=116.50000000000001 7.5000000000000009 109.15000000000002 7.5000000000000009 0.19550000000000003 -0.32902508920363166 0.27350000000000008 11.500000000000002 -0.014499999999999997 117.50000000000001 102.13700000000001 23.065000000000001 23.125000000000004
decision_type=2 2 2 2 10 2 8 2 2 2 2 2 2
left_child=-1 2 6 4 -3 -6 8 12 -2 -8 -11 -10 -5
right_child=1 3 -4 7 5 -7 9 -9 11 10 -12 -13 -14
leaf_value=-0.018333007257047829 -0.0096204227008805775 -0.0058524953602705244 0.0092306327259649712 -0.001259534849359861 -0.0017070378702169313 0.019642017499685041 0.0025307240071276967 0.006287125837147127 -0.00056838629921825362 -0.022500897254047809 0.0007286212841043293 0.010961818213729024 -0.014362925281745121
leaf_weight=0.55154705900349732 0.49158041522605334 0.62443744530901346 0.73414773767581198 0.21161206159740664 0.70829256926663253 2.1131111638387665 0.15110825141891826 0.41420170501805842 0.55845086614135542 0.798059294989798 0.23314838524674997 0.59155856538563967 0.39064352741115727
leaf_count=60 28 16 24 6 37 49 9 21 23 142 9 31 49
internal_value=-0.00112376 0.0019609 -0.00404297 0.00661189 0.0109596 0.0152383 -0.00900529 -0.0062528 0.000836973 -0.0167924 -0.0194758 0.00770256 -0.0134184
internal_weight=8.5719 8.02035 3.55805 4.4623 3.44584 2.8214 2.82391 1.01646 1.64159 1.18232 1.03121 1.15001 0.602256
internal_count=504 444 266 178 102 86 242 76 82 160 151 54 55
is_linear=0
shrinkage=0.05


Tree=227
num_leaves=15
num_cat=0
split_feature=16 2 2 10 10 16 10 24 12 18 12 16 9 25
split_gain=0.2091 0.103153 0.119593 0.170847 0.164489 0.224258 0.160486 0.125912 0.0940574 0.0883343 0.0767025 0.0750792 0.0249208 0.0189081
threshold=116.50000000000001 22.880000000000006 23.165000000000003 0.10410000000000001 -0.037749999999999999 121.50000000000001 -0.097699999999999995 -0.28685517520646148 -0.22449999999999998 0.030000000000000002 -0.72999999999999987 129.50000000000003 0.078000000000000014 -0.69260033835533241
decision_type=2 2 2 2 2 2 2 2 2 2 2 2 2 2
left_child=-1 10 8 4 6 13 -4 11 -3 12 -2 -5 -7 -6
right_child=1 2 3 7 5 9 -8 -9 -10 -11 -12 -13 -14 -15
leaf_value=-0.018120091629436421 0.004396291988835249 -0.0016041397202582672 -0.0093876990382469553 -0.011738877691213326 0.0090612027207394863 -0.025894806850445984 0.012886599161780782 0.015704162884032473 0.016252934498146417 0.0021249879131422077 -0.015266223261559634 0.0058220637144705822 -0.0010571144952879557 -0.0014125339483353162
leaf_weight=0.54211592709179957 0.21907065459527075 0.81451827404089305 0.47767201019451022 0.29840095888357598 0.26905655022710562 0.99384205025853567 0.94066017010482006 1.0688361607026307 1.4740216399077324 0.19767150806728739 0.41019988094922144 0.31381823006086051 0.19909726007608697 0.29979219497181508
leaf_count=60 9 35 27 42 8 113 28 24 35 21 36 18 10 38
internal_value=-0.0012049 0.00183521 0.00391058 -0.000768504 -0.00675065 -0.013749 0.00460506 0.00928616 0.0113422 -0.0210627 -0.0099241 -0.00470943 -0.0241218 0.00615941
internal_weight=8.51877 7.97666 7.34739 5.05885 3.37779 1.95946 1.41833 1.68106 2.28854 1.39061 0.629271 0.612219 1.19294 0.568849
internal_count=504 444 399 329 245 190 55 84 70 144 45 60 123 46
is_linear=0
shrinkage=0.05


Tree=228
num_leaves=14
num_cat=0
split_feature=5 3 25 3 10 13 18 3 9 24 2 8 11
split_gain=0.130889 0.160417 0.165615 0.161446 0.159365 0.16705 0.0879297 0.0849274 0.0600465 0.0434291 0.0425418 0.0410137 0.0148601
threshold=-0.71849999999999981 0.10550000000000001 -1.1692230697726143 0.096500000000000016 -0.028799999999999996 0.48250000000000004 -1.0000000180025095e-35 0.044500000000000005 -1.0000000180025095e-35 -0.92334339168776725 23.030000000000005 0.045000000000000005 -0.29149999999999993
decision_type=2 2 2 2 2 10 2 2 2 2 2 2 2
left_child=-1 3 -3 4 12 6 9 8 -7 -6 -11 -12 -2
right_child=1 2 -4 -5 5 7 -8 -9 -10 10 11 -13 -14
leaf_value=0.010884303038788628 0.000486477884828842 -0.00025558671961335407 -0.021095329019559253 0.016000894344990867 0.00096913688945680877 0.0044776459123180672 0.0029964348345755364 0.010840969689444525 -0.011587974080924532 0.00053522728211134881 -0.024574266435135616 0.00014095287694688451 0.011356033887033365
leaf_weight=0.86942343265400257 0.50524241745006293 1.83046314958483 1.0477020783146143 0.54394968732958648 0.16539871995337252 0.32961636045365594 0.27448558562900949 0.69664015562739223 0.29527268768288173 0.17146445513935749 0.92401532531948738 0.1714622750878334 0.63048009539488681
leaf_count=35 26 38 84 12 15 30 28 27 39 18 120 7 25
internal_value=-0.00125047 -0.00374687 -0.011325 0.00205833 -0.00250878 -0.00799423 -0.0153467 0.004022 -0.00557333 -0.0186486 -0.0205074 -0.0224847 0.00901243
internal_weight=8.45562 7.58619 2.87817 4.70803 4.16408 3.02836 1.70683 1.32153 0.624889 1.43234 1.26694 1.09548 1.13572
internal_count=504 469 122 347 335 284 188 96 69 160 145 127 51
is_linear=0
shrinkage=0.05


Tree=229
num_leaves=15
num_cat=0
split_feature=16 23 1 15 13 26 25 18 15 13 9 24 20 24
split_gain=0.198451 0.102336 0.146897 0.141077 0.149632 0.131624 0.116859 0.1567 0.101682 0.0739084 0.0516779 0.0504779 0.0115744 0.000447859
threshold=116.50000000000001 7.5000000000000009 109.23950000000001 7.5000000000000009 0.19550000000000003 -1.189607425012581 -1.1692230697726143 -1.0000000180025095e-35 11.500000000000002 0.12450000000000001 -0.06699999999999999 -0.28685517520646148 1.0000000180025095e-35 -0.38645302511901697
decision_type=2 2 2 2 10 2 2 2 2 8 2 2 2 2
left_child=-1 2 6 4 -3 -6 -2 9 13 -8 -11 -7 -9 -5
right_child=1 3 -4 8 5 11 7 12 -10 10 -12 -13 -14 -15
leaf_value=-0.017751598647730418 0.0034513095361861364 -0.0056212184910997675 0.0090258586191459406 -0.0012230348182051074 -0.00069566404699025189 0.0029353218582739101 0.0021273214675045391 -0.001308506572127232 0.0061278665714571568 -0.00021047050011280158 -0.025052059060692924 0.024184874193850216 0.0069993919494983937 -0.014196290644883397
leaf_weight=0.52630860768840637 0.92544970847666297 0.61115366895683143 0.72678886126959685 0.2129367949673906 0.95195046486333046 0.67841960815712843 0.17057544249109935 0.23527876287698735 0.40836956520797685 0.25337873725220583 0.96762293612118788 1.1394209412392222 0.21684127600747161 0.37818134541157622
leaf_count=60 20 16 24 22 32 31 10 28 21 13 158 23 13 33
internal_value=-0.00119047 0.00179136 -0.00398911 0.00628863 0.0105579 0.014672 -0.0088934 -0.0141245 -0.0062107 -0.0196802 -0.0223128 0.0201106 0.00475221 -0.0132288
internal_weight=8.40268 7.87637 3.49594 4.38043 3.38094 2.76979 2.76915 1.8437 0.999488 1.39158 1.221 1.81784 0.45212 0.591118
internal_count=504 444 266 178 102 86 242 222 76 181 171 54 41 55
is_linear=0
shrinkage=0.05


Tree=230
num_leaves=14
num_cat=0
split_feature=24 3 3 22 5 11 18 13 15 18 0 3 1
split_gain=0.114471 0.134222 0.162203 0.150379 0.20484 0.182627 0.160044 0.156271 0.121585 0.0373248 0.035097 0.0329482 0.0246154
threshold=2.5632817584291256 0.16750000000000004 0.10550000000000001 3.5000000000000004 0.10700000000000001 0.48650000000000004 -0.39999999999999997 0.28350000000000003 1.5000000000000002 -0.41499999999999992 68.695000000000007 0.022500000000000003 69.226000000000013
decision_type=2 2 2 2 2 2 2 10 2 2 2 2 2
left_child=1 2 3 -1 6 7 -5 11 -4 -9 -8 -6 -10
right_child=-2 -3 8 4 5 -7 10 9 12 -11 -12 -13 -14
leaf_value=0.015640738439595087 -0.012657292111422542 0.010936565299469323 0.0044524514044648892 0.0039842248101540478 0.0027426512458989163 -0.011546184416051392 0.00049289206518565796 0.001307048397506409 -0.00053391835515814441 0.019450054149491729 -0.021122910305073593 -0.0097917646761484112 -0.020849616885287057
leaf_weight=0.63093740056501513 0.58849079627543766 1.8534192480146883 0.34649574011564233 0.71126657084096212 0.32154643547255624 0.2939739157736766 0.15873363008722641 0.49805206037126337 0.22262703371234238 1.2811464804108266 0.89702252153074369 0.23980271094478667 0.67909041023813188
leaf_count=11 16 39 14 35 21 55 6 30 10 63 111 39 66
internal_value=-0.000294885 0.00188731 -0.00191845 0.0026023 -0.00181629 0.00629262 -0.011811 0.0113188 -0.0131954 0.016669 -0.0192141 -0.00545382 -0.0187521
internal_weight=8.7226 8.13411 6.28069 5.03248 4.40154 2.63452 1.76702 2.34055 1.24821 1.7792 1.05576 0.561349 0.901717
internal_count=516 500 461 371 360 208 152 153 90 93 117 60 76
is_linear=0
shrinkage=0.05


Tree=231
num_leaves=14
num_cat=0
split_feature=24 24 3 22 5 3 18 2 9 2 13 5 0
split_gain=0.109266 0.127745 0.178359 0.146524 0.193032 0.176824 0.154202 0.0712246 0.0983382 0.0539925 0.0446939 0.0397435 0.0340908
threshold=2.5632817584291256 1.0793638163467387 0.10550000000000001 3.5000000000000004 0.10700000000000001 0.015500000000000002 -0.39999999999999997 23.465000000000003 -0.011499999999999998 23.155000000000005 0.24550000000000002 0.15550000000000003 68.695000000000007
decision_type=2 2 2 2 2 2 2 2 2 2 10 2 2
left_child=1 2 3 -1 6 -6 -5 -7 11 -4 -3 -9 -8
right_child=-2 10 9 4 5 7 12 8 -10 -11 -12 -13 -14
leaf_value=0.015383781275391598 -0.012459075949349523 0.0011073112983274885 0.00022520240135003204 0.0039015357905992929 -0.011471062127647152 0.016204160638236875 0.000489515037920711 0.0030913203159078379 0.0085183929447816952 -0.019023369420647258 0.014804626543135042 -0.01266725775158924 -0.020802159595810298
leaf_weight=0.62622540944721361 0.58398475078865963 1.1121671311557295 0.44262605637777575 0.71121901532751497 0.29186306960764374 1.2150742355734112 0.158735974691808 0.11198072548722737 0.66782744583906695 0.58950212596391793 0.940735190961277 0.33261995416251011 0.88113499764585868
leaf_count=11 16 19 25 35 59 52 6 6 36 54 31 55 111
internal_value=-0.000373407 0.00177563 -0.00212624 0.00249602 -0.00187128 0.00603377 -0.0115911 0.0110165 0.000361696 -0.0147199 0.0101774 -0.00930579 -0.0189053
internal_weight=8.6657 8.08171 6.02881 4.99668 4.37046 2.61937 1.75109 2.3275 1.11243 1.03213 2.0529 0.444601 1.03987
internal_count=516 500 450 371 360 208 152 149 97 79 50 61 117
is_linear=0
shrinkage=0.05


Tree=232
num_leaves=14
num_cat=0
split_feature=24 3 3 22 5 11 13 18 15 18 0 3 1
split_gain=0.104709 0.124567 0.150247 0.142486 0.182449 0.172194 0.149289 0.148582 0.117164 0.0361713 0.0331134 0.0321142 0.024412
threshold=2.5632817584291256 0.16750000000000004 0.10550000000000001 3.5000000000000004 0.10700000000000001 0.48650000000000004 0.28350000000000003 -0.39999999999999997 1.5000000000000002 -0.41499999999999992 68.695000000000007 0.022500000000000003 69.226000000000013
decision_type=2 2 2 2 2 2 10 2 2 2 2 2 2
left_child=1 2 3 -1 7 6 11 -5 -4 -8 -9 -6 -10
right_child=-2 -3 8 4 5 -7 9 10 12 -11 -12 -13 -14
leaf_value=0.015131202837464566 -0.012264147060441587 0.010417722855077971 0.0044110819127950243 0.0038205496860516056 0.0026706456998410815 -0.011422505077532216 0.0011742905425934007 0.0004861609240305962 -0.00047709740310565915 0.018785467282495444 -0.020485953419576444 -0.0097632665473429622 -0.020490665062776414
leaf_weight=0.62165379320503955 0.57960895495489317 1.8446849384345112 0.3434413601644335 0.71117894686176431 0.31842402799520719 0.28997390248696309 0.49628802307415609 0.15873833559453465 0.22134153009392321 1.2615029816515755 0.8658241190132685 0.23894474178086966 0.66056936209497508
leaf_count=11 16 39 14 35 21 55 30 6 10 63 111 39 66
internal_value=-0.000423865 0.00169368 -0.00199459 0.00240602 -0.00190822 0.00580578 0.0107583 -0.0113762 -0.0128891 0.016042 -0.0186015 -0.00550615 -0.0183903
internal_weight=8.61218 8.03257 6.18788 4.96253 4.34088 2.60513 2.31516 1.73574 1.22535 1.75779 1.02456 0.557369 0.881911
internal_count=516 500 461 371 360 208 153 152 90 93 117 60 76
is_linear=0
shrinkage=0.05


Tree=233
num_leaves=15
num_cat=0
split_feature=24 10 12 12 24 2 13 13 2 19 12 13 13 0
split_gain=0.0999091 0.119344 0.170805 0.264971 0.151933 0.151916 0.150934 0.198332 0.119691 0.0819114 0.0654811 0.0584367 0.0209101 0.00469342
threshold=2.5632817584291256 -0.028799999999999996 0.58550000000000002 0.84150000000000003 -0.72064439447454853 23.030000000000005 0.24550000000000002 0.13300000000000003 23.665000000000003 13.000000000000002 0.14950000000000002 0.35350000000000004 0.14100000000000004 58.140000000000008
decision_type=2 2 2 2 2 2 10 10 2 2 2 10 10 2
left_child=1 6 4 -4 10 -6 7 -1 12 -10 -3 -8 -7 -5
right_child=-2 2 3 13 5 8 11 -9 9 -11 -12 -13 -14 -15
leaf_value=0.0096460981250108564 -0.012072449706079576 0.010152881845805577 0.016401051164508847 -0.00050688808517421961 0.0045045626897427795 -0.00085321737035547749 0.018470375616323816 -0.016447857262172308 -0.0097591625193483439 0.0076790062034870921 -0.0054651589953010433 0.00058246175140931611 -0.026051358550247969 -0.012517510027821786
leaf_weight=0.5339424499543387 0.57535902922973026 0.6431696357904001 1.2762415166944263 0.18017595075070847 0.490048768231646 0.15832354791928072 1.1927383962320162 0.46524881949881092 0.23827826247725159 0.47806900244904682 0.32538474057218991 0.66123826199327584 1.0155462164548223 0.32476669340394437
leaf_count=10 16 40 48 4 29 16 37 34 47 27 34 32 103 39
internal_value=-0.000500183 0.0015849 -0.00292451 0.00724575 -0.00875617 -0.0140576 0.00834759 -0.0046537 -0.0187635 -0.000427919 0.00479513 0.01453 -0.0246087 -0.0114164
internal_weight=8.55853 7.98317 5.13 1.78118 3.34882 2.38027 2.85317 0.999191 1.89022 0.716347 0.968554 1.85398 1.17387 0.504943
internal_count=516 500 387 91 296 222 113 44 193 74 74 69 119 43
is_linear=0
shrinkage=0.05


Tree=234
num_leaves=15
num_cat=0
split_feature=26 26 6 25 22 25 24 5 18 2 18 13 13 12
split_gain=0.0962974 0.174463 0.313601 0.169429 0.206176 0.204037 0.113155 0.10747 0.0672781 0.0560265 0.0434201 0.0384463 0.0291379 0.019514
threshold=-1.5788965662037384 -0.67689097792996578 0.35000000000000003 -1.5214652147831911 3.5000000000000004 0.44866061890724424 -0.32902508920363166 1.1965000000000001 -0.024999999999999998 23.295000000000005 -0.39999999999999997 0.17300000000000001 0.11100000000000002 0.47300000000000003
decision_type=2 2 2 2 2 2 2 2 2 2 2 10 8 2
left_child=-1 6 8 -4 -5 7 10 -6 12 -7 -2 -8 -3 -13
right_child=1 2 3 4 5 9 11 -9 -10 -11 -12 13 -14 -15
leaf_value=-0.013047663737130883 0.004041443897673142 4.3098055769851321e-06 -0.012558884544521726 0.018435957810601488 -0.019490754248940541 -0.0031393900411689048 0.00038493100637431376 0.0051804709876492492 0.00032348364338123241 0.012750066592361366 -0.0091283206462960589 0.003014903544060755 -0.023967801047705257 0.017903195517029069
leaf_weight=0.33817269984865639 0.3469825373031199 0.13563947600778192 0.31462235655635495 1.3035035575449017 0.62235898274229828 0.33693551283795364 0.58710402157157604 0.1323199404287152 0.35806581907672697 0.72918981668772176 0.42919409682508591 0.77550877886824343 0.86119439189496916 1.2254510046914218
leaf_count=34 11 4 13 43 112 26 13 4 28 46 33 28 97 24
internal_value=-0.000565294 0.00132035 -0.00450692 0.00406679 0.00838016 -0.00280237 0.00875392 -0.0146779 -0.0187543 0.00863942 -0.0042802 0.0127664 -0.0223373 0.0150604
internal_weight=8.49624 8.15807 4.79383 3.43893 3.12431 1.8208 3.36424 0.754679 1.3549 1.06613 0.776177 2.58806 0.996834 2.00096
internal_count=516 482 373 244 231 188 109 116 129 72 44 65 101 52
is_linear=0
shrinkage=0.05


Tree=235
num_leaves=15
num_cat=0
split_feature=10 13 5 9 23 11 11 16 18 16 3 24 24 21
split_gain=0.227471 0.231399 0.264059 0.149249 0.1235 0.106091 0.173212 0.101465 0.0567762 0.0560351 0.0513778 0.0311937 0.056356 0.0169431
threshold=-0.028799999999999996 0.55100000000000016 -0.71849999999999981 0.115 11.500000000000002 -0.29349999999999993 -0.40749999999999992 125.50000000000001 -0.42499999999999993 132.50000000000003 0.019500000000000003 0.83884333705911152 -0.83376125003453849 1.5000000000000002
decision_type=2 10 2 2 2 2 2 2 2 2 2 2 2 2
left_child=5 2 -2 4 7 6 -1 -4 -3 11 -10 12 -9 -8
right_child=1 8 3 -5 -6 -7 13 9 10 -11 -12 -13 -14 -15
leaf_value=0.010128524516629503 0.0087867367443979407 0.013499792350485512 -0.030610093820976687 0.0053662163659003535 -0.00011506461468067842 0.014497750470923576 -0.00073868220035821705 0.0052279823276991152 0.0059738053892414095 -0.012802683291277426 -0.0082104863082971512 0.0066528049911253086 -0.010123696234119539 -0.013739109610719611
leaf_weight=0.82531827932689339 0.51098793977871526 0.38185646489728242 1.4528067058417957 0.22943644900806237 0.64782440970884625 1.0768257184536194 0.44191902037709974 0.29268283493001945 0.27170346118509758 0.33408779370074626 0.33795890846522525 0.38067084964131936 0.24961984538822413 0.55057699576718733
leaf_count=28 21 10 148 6 33 48 8 13 18 44 39 7 51 38
internal_value=-0.00308189 -0.0088539 -0.0135704 -0.0179764 -0.0204368 0.00673449 -0.00137727 -0.0239545 0.0076657 -0.00610848 -0.00210503 0.00171229 -0.00382068 -0.0112265
internal_weight=7.98428 5.08964 4.09812 3.58713 3.35769 2.89464 1.81781 2.70987 0.991519 1.25706 0.609662 0.922974 0.542303 0.992496
internal_count=512 390 323 302 296 122 74 263 67 115 57 71 64 46
is_linear=0
shrinkage=0.05


Tree=236
num_leaves=14
num_cat=0
split_feature=10 13 5 9 23 11 11 24 3 18 3 21 24
split_gain=0.214482 0.223176 0.254765 0.1453 0.120039 0.101645 0.166654 0.0962201 0.0731722 0.0552396 0.0502335 0.0164548 5.80273e-06
threshold=-0.028799999999999996 0.55100000000000016 -0.71849999999999981 0.115 11.500000000000002 -0.29349999999999993 -0.40749999999999992 -0.83376125003453849 0.30450000000000005 -0.42499999999999993 0.019500000000000003 1.5000000000000002 -1.0392240639573884
decision_type=2 10 2 2 2 2 2 2 2 2 2 2 2
left_child=5 2 -2 4 7 6 -1 12 -9 -3 -11 -8 -4
right_child=1 9 3 -5 -6 -7 11 8 -10 10 -12 -13 -14
leaf_value=0.0099078396948641435 0.0086460408996153811 0.013343087468498972 -0.00055796161591511323 0.0053181810134209275 -0.00011280330503566025 0.014154198405274699 -0.00072738341505435326 -0.028589167894690994 0.00043678829992946377 0.0059123199985494585 -0.0081175934781334176 -0.01354221949342365 -4.186895345706072e-05
leaf_weight=0.82382823061197996 0.50964514137012873 0.3788445518584922 0.19793554255738854 0.22897725296206761 0.64781697239959601 1.072205221862532 0.44187891948968194 2.0202062999742347 0.20185877382755268 0.27121448289835814 0.3362223184958566 0.54532528383424506 0.24107955506770018
leaf_count=28 21 10 21 6 33 48 8 220 3 18 39 38 19
internal_value=-0.00298826 -0.00862991 -0.0133012 -0.0176714 -0.0201273 0.00654729 -0.00138943 -0.023638 -0.0266352 0.00758551 -0.00207229 -0.0110587 -0.000500596
internal_weight=7.91704 5.0338 4.04752 3.53787 3.3089 2.88324 1.81103 2.66108 2.22207 0.986281 0.607437 0.987204 0.439015
internal_count=512 390 323 302 296 122 74 263 223 67 57 46 40
is_linear=0
shrinkage=0.05


Tree=237
num_leaves=15
num_cat=0
split_feature=10 13 5 25 9 23 16 7 22 3 25 3 18 3
split_gain=0.199497 0.21296 0.24361 0.200285 0.140206 0.114868 0.103462 0.107945 0.0918804 0.111519 0.069985 0.0713218 0.053752 0.049117
threshold=-0.028799999999999996 0.55100000000000016 -0.71849999999999981 -1.5214652147831911 0.115 11.500000000000002 125.50000000000001 -0.013999999999999997 3.5000000000000004 0.040500000000000001 -1.0429134611539568 0.038500000000000006 -0.42499999999999993 0.019500000000000003
decision_type=2 10 2 2 2 2 2 2 2 2 2 2 2 2
left_child=3 2 -2 -1 5 6 -4 -8 -5 -10 -9 -12 -3 -14
right_child=1 12 4 8 -6 -7 7 10 9 -11 11 -13 13 -15
leaf_value=-0.011009964996729288 0.0085076113550883129 0.013188740795511975 -0.029891297179995436 0.017190400369954673 0.0052706225444874794 -0.00011058647637711254 -0.014801257563989033 0.011817468488868606 0.0088271383650902757 -0.01043779582413471 0.0059095822005687682 -0.011335233753781203 0.0058515101577582447 -0.0080259259872639856
leaf_weight=0.44988187123090062 0.5083451973623595 0.3758919449755922 1.3777793246554222 1.4066873275442051 0.22852586163207878 0.64780969463754434 0.39561971332295798 0.27735310164280236 0.59418721171095945 0.42153004073770717 0.27721736361854687 0.28757198555103969 0.27073563821613778 0.33452384916017763
leaf_count=13 21 10 148 38 6 33 33 4 22 49 22 56 18 39
internal_value=-0.00282867 -0.00830702 -0.0129111 0.006364 -0.0172291 -0.0196714 -0.0231456 -0.00563463 0.0118649 -0.00037978 0.00436881 -0.00450355 0.00750635 -0.00204021
internal_weight=7.85366 4.98137 4.00022 2.87229 3.49188 3.26335 2.61554 1.23776 2.4224 1.01572 0.842142 0.564789 0.981151 0.605259
internal_count=512 390 323 122 302 296 263 115 109 71 82 78 67 57
is_linear=0
shrinkage=0.05


Tree=238
num_leaves=14
num_cat=0
split_feature=14 18 8 7 15 15 23 2 16 0 15 6 10
split_gain=0.187128 0.1589 0.206572 0.149567 0.135985 0.131339 0.0964628 0.081434 0.0787464 0.0704462 0.0326005 0.0277412 0.0204864
threshold=5.5000000000000009 -0.37999999999999995 -0.044999999999999991 -0.026499999999999996 7.5000000000000009 3.5000000000000004 9.5000000000000018 23.055000000000003 122.50000000000001 68.570000000000007 3.5000000000000004 -1.0499999999999998 -0.049249999999999995
decision_type=2 2 2 2 2 2 2 2 2 2 2 2 2
left_child=4 3 -3 11 10 6 -4 -5 -9 -7 -1 -2 -6
right_child=1 2 5 7 12 9 -8 8 -10 -11 -12 -13 -14
leaf_value=0.0010801838504786449 0.00080078831656093001 0.0055312791110509584 -0.010272937564075317 -0.004943899150983715 0.0020296732112912229 0.00092735908470021342 0.0073865059176974326 -0.0032118516425511017 0.015951018711025538 -0.027733713918335279 0.017287738200539724 -0.012281678277008524 -0.0097983936851372549
leaf_weight=0.54256044473731868 0.38958111777901649 0.6998001636238772 0.58874824101803891 0.32406647628522423 0.11175822652876377 0.16785220440942783 0.55022310337517411 0.32297605901840132 1.2375060325721277 1.172987113764975 0.8526311473979149 0.58258511839085292 0.23934993697912421
leaf_count=25 10 27 38 19 3 8 15 34 55 159 33 36 50
internal_value=-0.00276366 -0.00683298 -0.0130755 0.00170384 0.00866873 -0.0184069 -0.00227697 0.00863055 0.0122794 -0.0252824 0.0140674 -0.00929133 -0.0073178
internal_weight=7.78263 6.03633 3.17961 2.85671 1.7463 2.47981 1.13897 1.88455 1.56048 1.34084 1.39519 0.972166 0.351108
internal_count=512 401 247 154 111 220 53 108 89 167 58 46 53
is_linear=0
shrinkage=0.05


Tree=239
num_leaves=15
num_cat=0
split_feature=10 13 5 25 9 22 24 16 25 16 18 3 24 7
split_gain=0.187269 0.202005 0.232231 0.190325 0.134904 0.0855695 0.119991 0.0765585 0.0970701 0.0950901 0.0516376 0.0474593 0.0350803 0.0303527
threshold=-0.028799999999999996 0.55100000000000016 -0.71849999999999981 -1.5214652147831911 0.115 3.5000000000000004 -0.46953221214599167 125.50000000000001 -1.0767689296156264 126.50000000000001 -0.42499999999999993 0.019500000000000003 -0.83376125003453849 -0.11249999999999999
decision_type=2 10 2 2 2 2 2 2 2 2 2 2 2 2
left_child=3 2 -2 -1 7 -5 -7 13 -9 -10 -3 -12 -11 -4
right_child=1 10 4 5 -6 6 -8 8 9 12 11 -13 -14 -15
leaf_value=-0.010768601145336747 0.0083276483247010421 0.012916262541348101 -0.00061579849245925391 0.016739155733820336 0.0051811252013764485 0.0093081373324130287 -0.010705018143486919 0.0055157074805388421 0.0043661264376395814 0.00030008567889217117 0.0057501735619752727 -0.0079126845216055883 -0.01927983943701379 -0.027112712619616702
leaf_weight=0.44365791743621263 0.50181074609281529 0.37053457438014448 0.16283804620616193 1.3891532400739381 0.2268268298357724 0.57290892372839186 0.43043223378481288 0.55862349428934965 0.27687686073477358 0.23147657245863218 0.26720074884360645 0.33110578189371154 0.60688633636164024 1.3560033832036424
leaf_count=13 21 10 8 38 6 20 51 12 19 16 18 39 88 153
internal_value=-0.00274335 -0.00810054 -0.0126327 0.00619743 -0.0168969 0.0115904 -0.000335415 -0.0193271 -0.00614805 -0.011836 0.00734249 -0.0020309 -0.0166512 -0.0256442
internal_weight=7.72634 4.89018 3.92134 2.83615 3.41953 2.39249 1.00334 3.1927 1.67386 1.11524 0.968841 0.598307 0.838363 1.51884
internal_count=512 390 323 122 302 109 71 296 135 123 67 57 104 161
is_linear=0
shrinkage=0.05


Tree=240
num_leaves=15
num_cat=0
split_feature=24 24 2 13 2 1 8 24 22 18 3 7 16 26
split_gain=0.146882 0.167544 0.106894 0.257166 0.211602 0.10681 0.111844 0.106582 0.271633 0.0926078 0.0760499 0.0569458 0.0386094 0.0203845
threshold=2.6267181571519473 2.2191001955163321 23.165000000000003 0.41700000000000004 22.950000000000006 70.266000000000005 -1.0000000180025095e-35 0.27370305780017212 3.5000000000000004 -0.014999999999999998 0.019500000000000003 0.021000000000000001 124.50000000000001 -1.0590929407629004
decision_type=2 2 2 10 2 2 2 2 2 2 2 2 2 2
left_child=1 2 4 7 9 -5 -7 8 -4 -1 -10 -12 -6 -8
right_child=-2 -3 3 5 12 6 13 -9 10 -11 11 -13 -14 -15
leaf_value=-0.016029321946354327 -0.015559870421537335 0.015896329524258557 0.014764855894256532 0.014500001166950376 0.00040177550402289357 0.0076264647740683965 0.0011163351055398733 -0.022834764306911358 0.002671801573196987 0.0046738112349381444 -0.020585896423952279 0.00097095076252320652 0.015841393630093407 -0.013963310475017976
leaf_weight=0.43797002400970086 0.41827362542971958 0.70312857441604126 0.44526358955772627 0.76691704787663162 0.55900863662827749 0.45794556883629411 0.10256282484624535 0.79162359368638124 0.32786540582310386 0.29723785910755429 0.68067964701913297 0.2688424362859223 1.2431860271608455 0.38007848907727748
leaf_count=41 14 10 9 30 22 28 7 65 30 16 98 31 40 72
internal_value=-0.000733152 0.00183843 -0.0014842 -0.00587751 0.00542062 0.0069066 -0.00356627 -0.0140543 -0.0031144 -0.0097894 -0.0130933 -0.0171151 0.0129047 -0.0121672
internal_weight=7.88058 7.46231 6.75918 4.22178 2.5374 1.7075 0.940587 2.51427 1.72265 0.735208 1.27739 0.949522 1.80219 0.482641
internal_count=513 499 489 370 119 137 107 233 168 57 159 129 62 79
is_linear=0
shrinkage=0.05


Tree=241
num_leaves=14
num_cat=0
split_feature=6 5 13 2 2 9 10 23 13 14 15 9 10
split_gain=0.125008 0.202818 0.169938 0.139533 0.209903 0.134334 0.132906 0.19355 0.127171 0.102756 0.073922 0.0360125 0.0021202
threshold=1.0000000180025095e-35 -0.71849999999999981 0.67650000000000021 23.370000000000001 23.115000000000006 -1.0000000180025095e-35 -0.10259999999999998 5.5000000000000009 0.33750000000000008 5.5000000000000009 3.5000000000000004 -0.048999999999999995 0.13870000000000002
decision_type=2 2 10 2 2 2 2 2 8 2 2 2 2
left_child=1 -1 5 4 6 -3 -2 -8 -7 -5 -11 -12 -10
right_child=3 2 -4 9 -6 8 7 -9 12 10 11 -13 -14
leaf_value=0.010496746011738233 0.010584421439163192 -0.022094709530970633 0.0072464478539521378 0.0076977114304820297 0.019987207622929222 0.0088009752774821908 -0.019561044379605836 0.0076725445409680211 -0.012138650152188025 0.0024378926595347455 0.00074110053009925785 -0.018109841648817921 -0.00081412229256760309
leaf_weight=0.5536947843502279 0.25961780361831177 1.5072735184512573 0.41736286412924517 0.34461652298341472 1.2436291044286916 0.68799639627104592 0.61405984731391094 0.39790003260714002 0.31414992384088702 0.50786500913091004 0.21213168674148586 0.55098097494919818 0.20133627764880657
leaf_count=17 3 93 21 26 57 36 62 12 41 36 8 91 10
internal_value=-0.000763245 -0.00659828 -0.0114339 0.00470993 0.0106193 -0.0154878 -0.00330824 -0.0103617 -0.000941249 -0.00503259 -0.010354 -0.0154214 -0.0111714
internal_weight=7.81261 3.68181 3.12812 4.1308 2.51521 2.71076 1.27158 1.01196 1.20348 1.61559 1.27098 0.763113 0.515486
internal_count=513 218 201 295 134 180 77 74 87 161 135 99 51
is_linear=0
shrinkage=0.05


Tree=242
num_leaves=14
num_cat=0
split_feature=24 25 3 26 15 2 6 10 5 10 9 24 25
split_gain=0.140025 0.162386 0.13165 0.132116 0.08841 0.0860035 0.114171 0.164787 0.0825351 0.0895814 0.0650073 0.0569281 0.0537302
threshold=2.6267181571519473 -1.1692230697726143 0.10350000000000002 -1.1971749915264944 1.5000000000000002 23.955000000000002 0.65000000000000002 -0.066049999999999984 0.21350000000000002 0.016950000000000003 -0.025499999999999998 -1.1268342349566003 -1.0767689296156264
decision_type=2 2 2 2 2 2 2 2 2 2 2 2 2
left_child=1 -1 3 -3 -4 6 8 -8 9 -5 -10 -7 -6
right_child=-2 2 4 5 12 11 7 -9 10 -11 -12 -13 -14
leaf_value=0.012063456579101512 -0.015241118653865453 -0.012280357449276025 0.0037713857084941656 -0.0012325836223889713 -0.00013297107449763404 0.0050473894556527059 0.0083252389245913137 -0.014853947242534575 0.0072469996332886165 0.020951358395894442 -0.0084326135103834268 -0.011678346302281952 -0.020304624211557303
leaf_weight=1.6776731177233157 0.40721556358039368 0.31731187069090028 0.31796728319022793 0.43603614479070696 0.42878906056284893 0.12358247558586299 0.73113964620279148 0.41581545455846913 0.30582335003418848 1.2793279922334475 0.3531919831293634 0.29744182431022625 0.65750919406127639
leaf_count=31 14 42 14 36 13 4 26 96 19 48 37 57 76
internal_value=-0.0007154 0.00182083 -0.00256806 0.0022361 -0.0120097 0.00565281 0.00827611 -0.00308264 0.0130505 0.0169351 -0.00117398 -0.00667182 -0.0162226
internal_weight=7.74882 7.34161 5.66394 4.25967 1.40427 3.94236 3.52133 1.14696 2.37438 1.71536 0.659015 0.421024 1.0863
internal_count=513 499 468 365 103 323 262 122 140 84 56 61 89
is_linear=0
shrinkage=0.05


Tree=243
num_leaves=15
num_cat=0
split_feature=24 24 2 13 2 7 24 22 18 3 5 7 24 24
split_gain=0.134333 0.159452 0.100361 0.241179 0.197336 0.0979716 0.0968374 0.258859 0.0886885 0.0710651 0.0693119 0.0530734 0.0471094 0.043957
threshold=2.6267181571519473 2.2191001955163321 23.165000000000003 0.41700000000000004 22.950000000000006 1.0000000180025095e-35 0.27370305780017212 3.5000000000000004 -0.014999999999999998 0.019500000000000003 0.13600000000000004 0.021000000000000001 -0.32902508920363166 -1.3723042264164325
decision_type=2 2 2 10 2 2 2 2 2 2 2 2 2 2
left_child=1 2 4 6 8 10 7 -4 -1 -9 -5 -11 -12 -7
right_child=-2 -3 3 5 -6 13 -8 9 -10 11 12 -13 -14 -15
leaf_value=-0.015706554830242209 -0.015081634797520999 0.015430384369874713 0.014388005476294248 0.016006472673474111 0.012454090707817847 0.0041876798098329912 -0.022334646253313061 0.002505477535448818 0.0046056371341097078 -0.020206661215194696 -0.0084289615902526614 0.00087221893930751492 0.0056904749827643535 -0.010672403955495383
leaf_weight=0.4259692752675619 0.4016609783284365 0.68901811540126789 0.43484905466903034 0.84818121264106572 1.763541533204261 0.1399563867598772 0.7626595357141922 0.32401561667211332 0.29191235976759378 0.66048513192799874 0.20062821573810641 0.26687841722741723 0.22118369233794521 0.26620702858781431
leaf_count=41 14 10 9 28 62 3 65 30 16 98 48 31 9 49
internal_value=-0.000838072 0.00166964 -0.00160544 -0.00588914 0.0051618 0.00660359 -0.0138753 -0.00315906 -0.00957399 -0.012939 0.0116352 -0.0168354 -0.00223021 -0.00621528
internal_weight=7.69715 7.29549 6.60647 4.12504 2.48142 1.67616 2.44889 1.68623 0.717882 1.25138 1.26999 0.927364 0.421812 0.406163
internal_count=513 499 489 370 119 137 233 168 57 159 85 129 57 52
is_linear=0
shrinkage=0.05


Tree=244
num_leaves=15
num_cat=0
split_feature=24 24 24 2 23 26 22 24 18 6 3 13 2 20
split_gain=0.129935 0.154742 0.0953019 0.116537 0.097844 0.147434 0.159505 0.134363 0.110534 0.126781 0.102141 0.0713858 0.0616931 0.0410478
threshold=2.6267181571519473 2.2191001955163321 -0.72064439447454853 23.355000000000004 7.5000000000000009 -1.1971749915264944 1.5000000000000002 -0.32902508920363166 -0.39999999999999997 1.0500000000000003 0.10350000000000002 0.086000000000000007 23.765000000000004 1.0000000180025095e-35
decision_type=2 2 2 2 2 2 2 2 2 2 2 8 2 2
left_child=1 2 3 -1 8 6 -6 -7 9 -4 -9 -10 -13 -5
right_child=-2 -3 4 13 5 7 -8 10 11 -11 -12 12 -14 -15
leaf_value=0.013931188256964331 -0.014924825212705134 0.015162313290270539 -0.0098068140095055809 -0.0091781555078003646 0.0074503779463856489 -0.0074986988479850344 -0.018247715402324501 0.018924472071008839 0.0025662498119856155 0.011042056442045369 -0.001396465193407574 -0.023172093303035782 0.0013908431626773582 0.004197731010267023
leaf_weight=0.85381167894229271 0.39623107807710756 0.68394947797060002 0.40597806114237744 0.50448124733520672 0.2905644774436954 0.40132512230775397 0.55555719864787534 0.93534969288157233 0.16346665611490618 0.5319184476393275 0.71986693363578524 0.82046146006905485 0.17177645035553724 0.19856103672645986
leaf_count=35 14 10 51 73 4 44 54 27 3 18 31 114 24 11
internal_value=-0.000898017 0.00158863 -0.00164792 0.00666783 -0.00491899 0.0012672 -0.0101674 0.00775897 -0.011133 0.00161379 0.0128892 -0.0174274 -0.0203561 -0.00515379
internal_weight=7.6333 7.23707 6.55312 1.55685 4.99626 2.90266 0.846122 2.05654 2.0936 0.937897 1.65522 1.1557 0.992238 0.703042
internal_count=513 499 489 119 370 160 58 102 210 69 58 141 138 84
is_linear=0
shrinkage=0.05


Tree=245
num_leaves=14
num_cat=0
split_feature=2 16 2 5 7 3 13 5 13 9 16 16 0
split_gain=0.158103 0.140424 0.131428 0.109202 0.121028 0.1934 0.154577 0.107328 0.0824725 0.0916275 0.0591325 0.0543022 0.0497741
threshold=23.785000000000004 129.50000000000003 23.115000000000006 -0.5575 1.0000000180025095e-35 0.18750000000000003 0.19550000000000003 -0.71849999999999981 0.12450000000000001 0.017500000000000005 122.50000000000001 117.50000000000001 58.140000000000008
decision_type=2 2 2 2 2 2 10 2 8 2 2 2 2
left_child=2 -2 7 -4 6 12 -5 -1 -9 -10 11 -8 -6
right_child=1 -3 3 4 5 -7 10 8 9 -11 -12 -13 -14
leaf_value=0.007466709081239086 -0.020911152414754317 0.0030392855380980775 -0.0080466294203306796 -0.0063852319297402708 0.0026718903607350422 0.01203383539851499 0.0077424007338041381 0.0028999904428323345 -0.019610660462472659 0.0028284394489299625 0.019502016180409504 -0.0064928068835287877 -0.017203509134020214
leaf_weight=0.30096780788153443 0.69204038320458472 0.61042329863994382 0.34417405736166973 0.3626046613208026 0.097693009418435284 0.27426130324602127 0.39006076927762512 0.47487110667861965 0.93914653907995671 0.29968886385904625 2.019855572929373 0.31326879316475242 0.51149277691729367
leaf_count=7 103 38 18 31 6 3 16 13 77 13 81 29 71
internal_value=-0.00196654 -0.0132415 0.00184436 0.00637565 0.00899384 -0.00410726 0.0128319 -0.00675389 -0.0110825 -0.0153436 0.0164184 0.00131249 -0.0143365
internal_weight=7.63055 1.30246 6.32809 4.31341 3.96924 0.883447 3.08579 2.01467 1.71371 1.23884 2.72319 0.70333 0.609186
internal_count=506 141 365 255 237 80 157 110 103 90 126 45 77
is_linear=0
shrinkage=0.05


Tree=246
num_leaves=13
num_cat=0
split_feature=2 16 10 6 26 16 16 9 9 13 2 16
split_gain=0.151004 0.136267 0.122815 0.223283 0.19334 0.0934386 0.178466 0.137338 0.0592405 0.166398 0.0452556 0.0429895
threshold=23.785000000000004 129.50000000000003 0.11380000000000001 1.0000000180025095e-35 1.1931099126164333 126.50000000000001 133.50000000000003 -0.06699999999999999 -0.040499999999999987 0.32650000000000007 23.385000000000002 126.50000000000001
decision_type=2 2 2 2 2 2 2 2 2 8 2 2
left_child=2 -2 3 8 5 10 7 -7 -1 11 -5 -10
right_child=1 -3 -4 4 -6 6 -8 -9 9 -11 -12 -13
leaf_value=-0.018822202301993884 -0.020655141571461533 0.0029817390074009117 0.013413297511283588 0.018311199248036147 -0.012332985206899691 0.0065370556008645725 0.012210110452591114 -0.01809672928928931 -0.0022582183817586045 -0.015304823611652011 9.8137304328923267e-05 0.011068771954663608
leaf_weight=0.55819615756627206 0.67832967042340875 0.61039441969478503 0.73501191684044886 1.3285525675455581 0.32039567426545534 0.25790930679067969 0.55641563117387705 0.53859512775670715 0.50929695798549757 0.42803334747441124 0.41228437173413102 0.6398234257067088
leaf_count=31 103 38 28 49 52 7 21 54 26 43 34 20
internal_value=-0.00200133 -0.0130485 0.00174432 -0.00161321 0.00586211 0.0102988 -0.000262019 -0.0109215 -0.0116229 -0.00276013 0.0156073 0.00685979
internal_weight=7.57324 1.28872 6.28451 5.5495 3.41415 3.09376 1.35292 0.796504 2.13535 1.57715 1.74084 1.14912
internal_count=506 141 365 337 217 165 82 61 120 89 83 46
is_linear=0
shrinkage=0.05


Tree=247
num_leaves=15
num_cat=0
split_feature=2 16 2 5 5 7 3 13 13 9 16 16 16 0
split_gain=0.143911 0.132252 0.120318 0.102651 0.101999 0.113208 0.186854 0.144831 0.0776298 0.0866309 0.0566567 0.0798582 0.0522876 0.0481243
threshold=23.785000000000004 129.50000000000003 23.115000000000006 -0.71849999999999981 -0.5575 1.0000000180025095e-35 0.18750000000000003 0.19550000000000003 0.12450000000000001 0.017500000000000005 128.50000000000003 122.50000000000001 117.50000000000001 58.140000000000008
decision_type=2 2 2 2 2 2 2 10 8 2 2 2 2 2
left_child=2 -2 3 -1 -4 7 13 -6 -5 -10 11 12 -9 -7
right_child=1 -3 4 8 5 6 -8 10 9 -11 -12 -13 -14 -15
leaf_value=0.0073017238784512167 -0.020403370016074333 0.0029252760746457198 -0.0078848709022357171 0.0027771525933939288 -0.0062708364344724243 0.0026153201498478064 0.011822169469967017 0.0075743424696497492 -0.019206795428076309 0.0027373702934909787 -0.00016330476199940351 0.022333197966301132 -0.006405936322776546 -0.016996272269003906
leaf_weight=0.29808038379997004 0.66504209960112326 0.61036958394106477 0.34095091320341397 0.46972118364646998 0.35725481592817354 0.097078566730487981 0.26901934295892715 0.38789066427853036 0.91843443017569371 0.29565042891772464 0.46513196438900184 1.525976974488003 0.30976300255861133 0.5024373359628953
leaf_count=7 103 38 18 13 31 6 3 16 77 13 38 43 29 71
internal_value=-0.00205039 -0.01286 0.00163141 -0.00662012 0.00600277 0.00857063 -0.00410164 0.0123047 -0.010887 -0.0150402 0.0158037 0.0181582 0.00125002 -0.0141709
internal_weight=7.5128 1.27541 6.23739 1.98189 4.2555 3.91455 0.868535 3.04602 1.68381 1.21408 2.68876 2.22363 0.697654 0.599516
internal_count=506 141 365 110 255 237 80 157 103 90 126 88 45 77
is_linear=0
shrinkage=0.05


Tree=248
num_leaves=13
num_cat=0
split_feature=2 16 10 6 26 16 16 9 2 16 2 0
split_gain=0.138015 0.128373 0.116398 0.210097 0.183084 0.0855666 0.172221 0.130163 0.0602403 0.114814 0.045213 0.0394471
threshold=23.785000000000004 129.50000000000003 0.11380000000000001 1.0000000180025095e-35 1.1931099126164333 126.50000000000001 133.50000000000003 -0.06699999999999999 23.665000000000003 126.50000000000001 23.385000000000002 69.440000000000012
decision_type=2 2 2 2 2 2 2 2 2 2 2 2
left_child=2 -2 3 8 5 10 7 -7 9 -1 -5 -11
right_child=1 -3 -4 4 -6 6 -8 -9 -10 11 -12 -13
leaf_value=-0.021957252212270264 -0.020155783141007841 0.00286987717498426 0.012958887577297212 0.017769496607053629 -0.012109474955693499 0.0063254170916401224 0.012006687869150785 -0.017783609055328203 0.0022823372945585795 0.0056722073629160942 -7.8595008638938837e-05 -0.005825461610444671
leaf_weight=0.73688763676909752 0.65216135658556573 0.61034857691265643 0.72359854565002013 1.3092859837925068 0.31294676396646526 0.25365034397691488 0.55126578419003636 0.52504577746731207 0.38328495959285636 0.46233990963082761 0.40887930296594266 0.52470025888760574
leaf_count=61 103 38 28 49 52 7 21 54 14 15 34 30
internal_value=-0.00206415 -0.0126758 0.0015612 -0.00171729 0.00560863 0.00996973 -0.000242662 -0.0107893 -0.0114468 -0.0142165 0.0150558 -0.000295609
internal_weight=7.4544 1.26251 6.19189 5.46829 3.36107 3.04813 1.32996 0.778696 2.10721 1.72393 1.71817 0.98704
internal_count=506 141 365 337 217 165 82 61 120 106 83 45
is_linear=0
shrinkage=0.05


Tree=249
num_leaves=13
num_cat=0
split_feature=2 16 10 6 26 16 16 9 9 13 2 16
split_gain=0.13227 0.124626 0.112765 0.199881 0.177302 0.080456 0.16637 0.12716 0.0594683 0.160895 0.0429916 0.0388325
threshold=23.785000000000004 129.50000000000003 0.11380000000000001 1.0000000180025095e-35 1.1931099126164333 126.50000000000001 133.50000000000003 -0.06699999999999999 -0.040499999999999987 0.32650000000000007 23.385000000000002 126.50000000000001
decision_type=2 2 2 2 2 2 2 2 2 8 2 2
left_child=2 -2 3 8 5 10 7 -7 -1 11 -5 -10
right_child=1 -3 -4 4 -6 6 -8 -9 9 -11 -12 -13
leaf_value=-0.018442444877855207 -0.019912324733778561 0.0028155216173167304 0.012713433799382407 0.01732950281153621 -0.011999357505423053 0.0062645115067707386 0.011812658110175097 -0.017580088642320173 -0.0019963408939515691 -0.014942426322329661 -7.7454699948308699e-05 0.010881325073734956
leaf_weight=0.54187044594436917 0.6396718099422285 0.61033120911451988 0.72008680680301029 1.3010052176250617 0.30929694100632321 0.25304812425747514 0.54879315465223044 0.51636475839768514 0.50103646301431537 0.4141942338901573 0.40887666854541738 0.63353604188887402
leaf_count=31 103 38 28 49 52 7 21 54 26 43 34 20
internal_value=-0.00208306 -0.0124959 0.00148599 -0.00174956 0.00542786 0.00974493 -0.000221175 -0.0106296 -0.0112562 -0.00249259 0.0146745 0.00692338
internal_weight=7.39811 1.25 6.14811 5.42802 3.33738 3.02809 1.31821 0.769413 2.09064 1.54877 1.70988 1.13457
internal_count=506 141 365 337 217 165 82 61 120 89 83 46
is_linear=0
shrinkage=0.05


Tree=250
num_leaves=15
num_cat=0
split_feature=26 26 6 19 24 2 2 10 13 12 10 0 12 16
split_gain=0.0977851 0.115225 0.13764 0.114534 0.0923691 0.0847186 0.114588 0.10591 0.125972 0.0572185 0.0776308 0.0660212 0.041118 0.0399254
threshold=-1.5788965662037384 -0.67689097792996578 1.0000000180025095e-35 13.000000000000002 -0.32902508920363166 23.115000000000006 23.370000000000001 -0.10259999999999998 0.12450000000000001 -0.53799999999999992 -0.068149999999999988 138.59500000000003 0.08450000000000002 127.50000000000001
decision_type=2 2 2 2 2 2 2 2 8 2 2 2 2 2
left_child=-1 4 -3 5 13 7 -7 -4 -9 -8 -11 -12 -5 -2
right_child=1 2 3 12 -6 6 9 8 -10 10 11 -13 -14 -15
leaf_value=-0.011872791885066208 -0.0084335279770698102 -0.013920700779484919 0.0092678762428410454 -0.013358034600025721 0.012519690290409773 0.017679452138432677 -0.009302027481125557 0.006907694394400656 -0.015950321958922375 0.011382215083108015 -0.011432268126996062 0.0060622500199693117 0.0029319907186695919 0.0042446262385440314
leaf_weight=0.3004641564330085 0.38316826819209415 0.75364925985923026 0.27316500619053841 0.35847632234799665 2.4543690092395991 1.0569537761039103 0.22360740642761845 0.24330452876165576 0.69367613978101872 0.46508521307259831 0.29035513193230056 0.12142343469895422 0.1210419227136299 0.30746402335353196
leaf_count=35 34 80 3 70 68 46 20 7 59 7 73 2 10 12
internal_value=0.00105017 0.0028517 -0.00217688 0.00252108 0.00895834 0.00620015 0.0106753 -0.00299834 -0.0095129 -0.00126612 0.00464742 -0.00563356 -0.0100436 -0.00361716
internal_weight=8.0462 7.74574 4.60074 3.84709 3.145 3.36757 2.15742 1.21015 0.936981 1.10047 0.876864 0.411779 0.479518 0.690632
internal_count=526 491 377 297 114 217 148 69 66 102 82 75 80 46
is_linear=0
shrinkage=0.05


Tree=251
num_leaves=15
num_cat=0
split_feature=26 26 6 19 24 2 2 0 12 10 0 6 16 2
split_gain=0.094381 0.108012 0.131769 0.111013 0.087219 0.0791983 0.109939 0.0735589 0.0560327 0.07529 0.0650417 0.0517372 0.0389458 0.0236837
threshold=-1.5788965662037384 -0.67689097792996578 1.0000000180025095e-35 13.000000000000002 -0.32902508920363166 23.115000000000006 23.370000000000001 70.265000000000015 -0.53799999999999992 -0.068149999999999988 138.59500000000003 0.15000000000000005 127.50000000000001 23.705000000000002
decision_type=2 2 2 2 2 2 2 2 2 2 2 2 2 2
left_child=-1 4 -3 5 12 7 -7 -4 -8 -10 -11 -5 -2 -6
right_child=1 2 3 11 13 6 8 -9 9 10 -12 -13 -14 -15
leaf_value=-0.011766801559332568 -0.0083289069586149501 -0.013672384250577567 -0.010323116775851513 0.0038101820947888292 0.014548642605859367 0.017288461701604658 -0.0092324877845936081 0.0051203375736536029 0.011220813071377071 -0.011332442703641084 0.0060322318885718193 -0.013729176474673128 0.0041953279949973523 0.0018738899023663066
leaf_weight=0.29710454988526169 0.38119353348156471 0.74729421371011984 0.46811552759027175 0.10248452451196488 1.6333319416735324 1.0496185560768938 0.22160949860699508 0.73202937270980328 0.46263280510902438 0.28715678610023954 0.12091533141210675 0.37227594477008097 0.30727873556315899 0.81528286891989399
leaf_count=35 34 80 42 4 38 46 20 27 7 73 2 76 12 30
internal_value=0.000928828 0.00271464 -0.00216979 0.0024532 0.00862773 0.00609299 0.0104213 -0.00285752 -0.00128641 0.00459021 -0.00555725 -0.00992673 -0.00356498 0.0120956
internal_weight=7.99832 7.70122 4.56413 3.81684 3.13709 3.34208 2.14193 1.20014 1.09231 0.870705 0.408072 0.47476 0.688472 2.44861
internal_count=526 491 377 297 114 217 148 69 102 82 75 80 46 68
is_linear=0
shrinkage=0.05


Tree=252
num_leaves=15
num_cat=0
split_feature=26 3 0 26 6 19 2 12 10 24 2 0 2 2
split_gain=0.0910468 0.120003 0.0948996 0.0891164 0.157531 0.13336 0.0651091 0.0616586 0.0617341 0.0600347 0.0552767 0.0739519 0.0535419 0.0321154
threshold=-1.5788965662037384 0.015500000000000002 57.415000000000006 -0.67689097792996578 1.0000000180025095e-35 13.000000000000002 23.370000000000001 -0.53799999999999992 -0.068149999999999988 -1.2412788051073089 23.115000000000006 70.265000000000015 23.785000000000004 23.030000000000005
decision_type=2 2 2 2 2 2 2 2 2 2 2 2 2 2
left_child=-1 -2 -3 12 -5 6 10 -8 -9 -10 11 -6 -4 -7
right_child=1 2 3 4 5 13 7 8 9 -11 -12 -13 -14 -15
leaf_value=-0.011662410901888527 -0.011918595394001585 -0.0082333357133612412 0.015254077695566238 -0.012204786286591988 -0.0074331292004726247 0.0025216975386718812 -0.0091428188350849253 0.011061879351572762 0.0061184301186414831 -0.01043237315740228 0.018159424020322869 0.00839592840344725 0.00053066840900500378 -0.011961656131733233
leaf_weight=0.29381000873399887 0.30700409717974242 0.43444494600407768 1.847616808721795 0.6853578944574118 0.37302804438513815 0.12854319508187462 0.21901575406081975 0.46024413872510195 0.11810058355331421 0.25807940133381613 1.0053875666635574 0.63363426894648001 0.88323360425420094 0.309459578798851
leaf_count=35 66 20 53 64 35 6 19 7 1 59 39 21 40 61
internal_value=0.000806537 0.00257563 0.00453447 0.00627403 0.00101406 0.00573373 0.00950236 -0.000620757 0.0053742 -0.00456607 0.0132556 0.00174916 0.0119107 -0.00891338
internal_weight=7.95696 7.66315 7.35615 6.9217 4.19085 3.50549 3.06749 1.05544 0.836424 0.37618 2.01205 1.00666 2.73085 0.438003
internal_count=526 491 425 405 312 248 181 86 67 60 95 56 93 67
is_linear=0
shrinkage=0.05


Tree=253
num_leaves=15
num_cat=0
split_feature=11 24 24 13 10 9 9 18 2 13 3 23 7 5
split_gain=0.0700178 0.0891737 0.0926903 0.141671 0.146578 0.0851606 0.13013 0.113663 0.116387 0.0844069 0.0536298 0.0342991 0.0279705 0.027246
threshold=0.48650000000000004 2.6267181571519473 2.2191001955163321 0.24000000000000002 0.0080000000000000019 -0.073499999999999982 -0.023499999999999997 -0.084999999999999978 23.030000000000005 0.12450000000000001 0.025500000000000005 11.500000000000002 0.021000000000000001 -0.021499999999999995
decision_type=2 2 2 10 2 2 2 2 2 8 2 2 2 2
left_child=1 2 3 4 9 -5 -7 12 -9 -1 -11 -10 -8 -2
right_child=13 -3 -4 5 -6 6 7 8 11 10 -12 -13 -14 -15
leaf_value=0.0016283278418452165 0.0020584434060873596 -0.0093670040333237638 0.014814261641944881 0.013773438164762087 0.0064154326435463928 -0.011073713826193002 0.013910362488138464 0.0082439465035194556 -0.015317589140366489 0.0010840023628362341 -0.021698335358390362 0.0013632381073592499 -0.00018189368895962487 -0.012229651229875455
leaf_weight=0.48594026919454347 0.11227296723518521 0.47119547938927997 0.6388533804565667 1.1337335783755405 0.66088132536970068 0.65101330421748604 1.2211430527677292 0.28703976917313445 0.43142579388222657 0.1965083106479143 0.71976957540027797 0.2000684569356963 0.38808994594728563 0.31621503445785482
leaf_count=15 6 15 10 38 39 69 64 12 69 16 71 11 33 58
internal_value=0.000652541 0.00231262 0.00416807 0.00123738 -0.00749053 0.00603682 0.000641777 0.00594277 -0.00504538 -0.0139869 -0.0187964 -0.0124365 0.0117446 -0.00966567
internal_weight=7.91415 7.48566 7.01447 6.37561 2.0631 4.31251 3.17878 2.52777 0.918534 1.40222 0.916278 0.631494 1.60923 0.428488
internal_count=526 462 447 437 141 296 258 189 92 102 87 80 97 64
is_linear=0
shrinkage=0.05


Tree=254
num_leaves=15
num_cat=0
split_feature=16 3 26 24 7 18 5 22 24 13 23 1 12 25
split_gain=0.0745974 0.109087 0.122082 0.0955536 0.0666929 0.091795 0.0920497 0.0715821 0.186607 0.112681 0.0629177 0.0611802 0.00784433 0.00677525
threshold=116.50000000000001 0.015500000000000002 -1.5788965662037384 2.6267181571519473 0.029000000000000001 -1.0000000180025095e-35 -0.084499999999999978 3.5000000000000004 -0.46953221214599167 0.67650000000000021 2.5000000000000004 57.77450000000001 0.78150000000000019 -0.85905964084507713
decision_type=2 2 2 2 2 2 2 2 2 10 2 2 2 2
left_child=10 -2 -3 4 5 7 -7 -4 -9 12 -1 -6 -10 -13
right_child=1 2 3 -5 11 6 -8 8 9 -11 -12 13 -14 -15
leaf_value=0.0041398134453890937 -0.011466190374604593 -0.010908054396427377 0.016227250568110054 -0.007247224188828779 0.0063922956590205015 -0.011935440454481392 0.0066239410475259766 0.01225635946143119 -0.015593824705331461 0.0068878890315278709 -0.014200790726669164 0.00015209113868616016 -0.00053887992035113333 -0.010642007992492071
leaf_weight=0.16639278712682415 0.29186299853608932 0.26925590174505476 2.6839430474792598 0.40256928140297521 0.17267109127715219 0.30282411875668913 0.46076840779278505 1.31242461290094 0.630491622840055 0.22364439093507826 0.38244233399746008 0.13282213406637311 0.16929663764312863 0.26614393017371185
leaf_count=11 57 25 72 11 5 30 31 70 89 8 54 6 9 48
internal_value=0.000585209 0.00240331 0.0043361 0.00627132 0.00799658 0.00952636 -0.00333055 0.0117105 0.00321192 -0.00871162 -0.00955759 -0.00369421 -0.0144771 -0.00950847
internal_weight=7.86755 7.31872 7.02686 6.7576 6.35503 5.78339 0.763593 5.0198 2.33586 1.02343 0.548835 0.571637 0.799788 0.398966
internal_count=526 461 404 379 368 309 61 248 176 106 65 59 98 54
is_linear=0
shrinkage=0.05


Tree=255
num_leaves=11
num_cat=0
split_feature=9 6 5 3 5 11 0 18 15 3
split_gain=0.188752 0.118672 0.108447 0.252406 0.108812 0.125621 0.0994766 0.051461 0.0560431 0.0345526
threshold=-0.084499999999999978 1.2500000000000002 -0.13599999999999998 0.23750000000000002 0.22550000000000003 -0.10299999999999999 138.59500000000003 -0.39999999999999997 3.5000000000000004 0.03450000000000001
decision_type=2 2 2 2 2 2 2 2 2 2
left_child=-1 2 3 7 9 -6 -7 -2 -9 -4
right_child=1 -3 4 -5 5 6 -8 8 -10 -11
leaf_value=-0.015701455809483542 0.0018873344217831566 -0.011987569022788358 -0.00050640684771253238 0.011345714629660282 0.0089412490829130272 -0.016768642135781827 0.0059194606333843706 -0.00017208492422731293 -0.0192200546331198 0.015265184912516289
leaf_weight=0.84336071560392145 0.30295265135646343 0.3107517392199951 0.31982166273519474 0.9901093766093253 0.46503516030497849 0.49400559227797181 0.11877568066120148 0.51462353579699993 0.80255453163408674 2.145980268222047
leaf_count=43 19 67 40 18 13 101 2 24 73 110
internal_value=-0.00150443 0.00220302 0.00449512 -0.0027332 0.00924923 -0.00256551 -0.0114274 -0.0123836 -0.0150639 0.0136637
internal_weight=7.30797 6.46461 6.15386 2.61024 3.54362 1.07782 0.612781 1.62013 1.31718 2.4658
internal_count=510 467 400 134 266 116 103 116 97 150
is_linear=0
shrinkage=0.05


Tree=256
num_leaves=13
num_cat=0
split_feature=9 6 0 2 7 13 0 2 5 7 13 24
split_gain=0.178965 0.114651 0.103121 0.116797 0.143042 0.0977309 0.0688736 0.0475594 0.0513213 0.041814 0.0161079 0.00672466
threshold=-0.084499999999999978 1.2500000000000002 57.415000000000006 23.785000000000004 1.0000000180025095e-35 0.55100000000000016 69.100000000000009 22.995000000000001 -0.26799999999999996 0.023000000000000003 0.40050000000000008 -0.91230964062486641
decision_type=2 2 2 2 2 10 2 2 2 2 8 2
left_child=-1 2 -2 4 7 -5 -6 -4 -9 -8 -10 -7
right_child=1 -3 3 5 6 11 9 8 10 -11 -12 -13
leaf_value=-0.015412245880169845 -0.0098882898335310582 -0.01187912240272794 -0.00011385341501478897 -0.013929635219883203 0.0061343477365525048 0.0067711616694682147 0.0014179424603962456 0.0022561596082220567 0.020234882366579221 -0.013626540115779627 0.0028279663166318027 -0.00026501039270727391
leaf_weight=0.8352004513144492 0.23997538117691863 0.30712993736960914 0.57126441883156109 0.376261065568542 0.36231592786498346 0.23771920893341303 0.44051729288185015 0.96748073736671347 1.6655455430445734 0.36628539103548974 0.52553039122722101 0.36827370768878609
leaf_count=43 19 67 31 70 18 10 31 32 72 47 38 32
internal_value=-0.00156508 0.00206663 0.00433624 0.00626931 0.00920385 -0.00562623 -0.00378875 0.0132164 0.015075 -0.00917376 0.0182544 0.00499267
internal_weight=7.2635 6.4283 6.12117 5.88119 4.89894 0.982254 1.16912 3.72982 3.15856 0.806803 2.19108 0.605993
internal_count=510 467 400 381 269 112 96 173 142 78 110 42
is_linear=0
shrinkage=0.05


Tree=257
num_leaves=15
num_cat=0
split_feature=7 18 5 16 23 7 1 11 12 12 3 11 11 10
split_gain=0.142921 0.116083 0.210887 0.122848 0.101439 0.0808942 0.0763901 0.074062 0.0705885 0.0589354 0.0564943 0.0494533 0.0380556 0.0319208
threshold=-0.029499999999999995 -0.039999999999999994 -0.13599999999999998 118.50000000000001 11.500000000000002 0.029000000000000001 63.873000000000005 -0.26599999999999996 0.68650000000000011 -0.61449999999999994 0.037500000000000012 -0.022999999999999996 0.22700000000000004 0.078200000000000006
decision_type=2 2 2 2 2 2 2 2 2 2 2 2 2 2
left_child=4 3 -3 13 7 6 -5 -1 -7 -8 -4 -11 -13 -2
right_child=1 2 10 5 -6 8 9 -9 -10 11 -12 12 -14 -15
leaf_value=0.00078871680531577063 -0.010924950682970391 -0.01857713644334795 -0.0044686154228332524 -0.0035710479979846215 0.0039724810261927623 -0.010496910195265071 -0.00057780340122540522 -0.019152815467994796 0.0068190007788829377 0.021536684099540505 0.010976279589245137 -0.0048884442625802783 0.0071735625514363858 0.0025634849139924269
leaf_weight=0.50572426547296356 0.26994992844993282 0.55761742929462343 0.24223679726128444 0.24066492280690077 0.50903803424444038 0.26075405633309845 0.43708407226950052 1.0213239882141352 0.1926836792845279 1.3496786739851825 0.70499992967233993 0.27059793542139043 0.46637174824718386 0.19656262386706658
leaf_count=14 33 55 38 17 18 41 24 92 7 46 43 34 30 18
internal_value=-0.00164869 0.00290358 -0.00629681 0.00720345 -0.0103857 0.0105623 0.0131897 -0.0148499 -0.00350969 0.0153479 0.00676008 0.0177902 0.0024801 -0.00736903
internal_weight=7.22529 5.1892 1.50485 3.68435 2.03609 3.21784 2.7644 1.52705 0.453438 2.52373 0.947237 2.08665 0.73697 0.466513
internal_count=510 386 136 250 124 199 151 106 48 134 81 110 64 51
is_linear=0
shrinkage=0.05


Tree=258
num_leaves=13
num_cat=0
split_feature=9 6 5 18 24 5 11 0 13 26 26 26
split_gain=0.164914 0.109135 0.0985814 0.220634 0.125338 0.101368 0.116121 0.0959022 0.083097 0.0233809 0.013895 0.141523
threshold=-0.084499999999999978 1.2500000000000002 -0.13599999999999998 -0.039999999999999994 1.6857699612764641 0.22550000000000003 -0.10299999999999999 138.59500000000003 0.28350000000000003 -1.2208207792309047 0.16065112975669429 1.0770060508093089
decision_type=2 2 2 2 2 2 2 2 10 2 2 2
left_child=-1 2 3 4 8 9 -7 -8 -2 -4 -11 -12
right_child=1 -3 5 -5 -6 6 7 -9 -10 10 11 -13
leaf_value=-0.015020555308546497 -0.012861247646896827 -0.01174949755391882 -0.00063590871319496849 -0.01671700776219048 0.013599766087123774 0.0084827338450549454 -0.01648324782252043 0.0058262333843132974 0.0049268600949172441 0.016145174683380906 -0.010616567361058244 0.012405419614330136
leaf_weight=0.82084577082423482 0.33314321906073052 0.30280506110284466 0.20624545210739631 0.67440627154428501 1.0293683842755852 0.45463130145799369 0.48187570439768002 0.11707687098532915 0.52637674669676926 1.5108600106032106 0.2629036484286188 0.45597314782207832
leaf_count=43 28 67 15 52 18 13 101 2 36 75 47 13
internal_value=-0.00169122 0.00183829 0.00408759 -0.00281138 0.00622153 0.00865272 -0.00271648 -0.0112059 -0.00517641 0.0129295 0.0139926 0.00270773
internal_weight=7.17651 6.35567 6.05286 2.56329 1.88889 3.48957 1.05358 0.598953 0.85952 2.43598 2.22974 0.718877
internal_count=510 467 400 134 82 266 116 103 64 150 135 60
is_linear=0
shrinkage=0.05


Tree=259
num_leaves=14
num_cat=0
split_feature=9 6 0 2 7 13 0 7 13 7 5 24 26
split_gain=0.156134 0.105399 0.0962122 0.107748 0.13397 0.0936413 0.0656822 0.0473053 0.0406716 0.0381929 0.0283016 0.00698808 0.000253877
threshold=-0.084499999999999978 1.2500000000000002 57.415000000000006 23.785000000000004 1.0000000180025095e-35 0.55100000000000016 69.100000000000009 -0.026499999999999996 0.19550000000000003 0.023000000000000003 -0.26449999999999996 -0.91230964062486641 -1.269594627594256
decision_type=2 2 2 2 2 10 2 2 10 2 2 2 2
left_child=12 2 -2 4 7 -5 -6 10 -9 -8 -4 -7 -1
right_child=1 -3 3 5 6 11 9 8 -10 -11 -12 -13 -14
leaf_value=-0.0021917676873811211 -0.0097439240866188728 -0.011644671196432909 -0.0039491571661914122 -0.013703222800440252 0.0059145047135880698 0.0066968913596285934 0.0012593037660556998 0.00061633433181201944 0.017624297311881844 -0.01335893007019489 0.0057546233029122 -0.00034452119452745114 -0.01634568278414612
leaf_weight=0.36007804091786966 0.23573807120556001 0.29934395727468643 0.45808854897040874 0.36816226044902567 0.35578500910196431 0.23540986515581608 0.43207120208535343 0.48085376925882961 2.0769238932989538 0.35679806399275549 0.64981901185819857 0.36309072328731418 0.4533175597898661
leaf_count=19 19 67 15 70 18 10 31 25 101 47 32 32 24
internal_value=-0.00175722 0.00170378 0.00393408 0.00584766 0.00870414 -0.00556498 -0.00387156 0.0126192 0.0154988 -0.00912418 0.00177231 0.00488195 -0.0147439
internal_weight=7.12548 6.31208 6.01274 5.777 4.81034 0.966663 1.14465 3.66569 2.55778 0.788869 1.10791 0.598501 0.813396
internal_count=510 467 400 381 269 112 96 173 126 78 47 42 43
is_linear=0
shrinkage=0.05


Tree=260
num_leaves=15
num_cat=0
split_feature=14 14 26 24 8 18 11 3 26 5 12 1 12 2
split_gain=0.135116 0.147312 0.0828282 0.0943953 0.104663 0.136168 0.135304 0.133412 0.0826379 0.0142756 0.0132231 0.0132144 0.0102613 0.00314217
threshold=5.5000000000000009 2.5000000000000004 1.0770060508093089 1.6857699612764641 0.045000000000000005 -0.024999999999999998 0.078500000000000014 0.017500000000000005 1.1931099126164333 -0.53499999999999992 0.14000000000000004 57.491500000000009 -0.14249999999999996 23.665000000000003
decision_type=2 2 2 2 2 2 2 2 2 2 2 2 2 2
left_child=1 12 3 4 5 7 13 -2 -4 -9 -3 -11 -1 -7
right_child=2 10 8 -5 -6 6 -8 9 -10 11 -12 -13 -14 -15
leaf_value=0.00084644708031167729 0.0040557956016857005 0.017528322365637436 0.011341677826739893 0.0027826611097659815 0.0058010083795428831 0.0011268704469878598 -0.010435147592222624 -0.0013445756300288457 -0.0059417177990347576 -0.0012706199647730088 0.0020229202935856789 -0.024474907877485561 -0.0091366817138326239 0.011957935162421043
leaf_weight=0.12915147142484784 0.25338619871763546 0.71822905496810541 0.64540603017667286 1.3421450094319878 0.28274205827619869 0.31242122661206007 0.44734087906545028 0.2072762477910145 0.38212422982905991 0.17993106273934234 0.46739312805584632 1.4049043536506358 0.21160400431836013 0.32285218633478507
leaf_count=19 22 33 21 30 13 31 45 16 34 10 35 177 24 13
internal_value=-0.000881757 0.00909279 -0.00446816 -0.00708256 -0.0107152 -0.0132517 0.00105362 -0.0186829 0.00515379 -0.0221991 0.0151381 -0.0233512 -0.00754371 0.0105777
internal_weight=7.30691 1.52638 5.78053 4.753 3.41085 3.12811 1.08261 2.0455 1.02753 1.79211 1.18562 1.58484 0.340755 0.635273
internal_count=523 111 412 357 327 314 89 225 55 203 68 187 43 44
is_linear=0
shrinkage=0.05


Tree=261
num_leaves=15
num_cat=0
split_feature=14 14 26 24 8 18 11 3 2 13 5 1 3 3
split_gain=0.127738 0.143253 0.0783613 0.0891411 0.100929 0.13067 0.131834 0.129153 0.0817567 0.0272081 0.0163841 0.0154427 0.0127396 0.0366893
threshold=5.5000000000000009 2.5000000000000004 1.0770060508093089 1.6857699612764641 0.045000000000000005 -0.024999999999999998 0.078500000000000014 0.017500000000000005 23.055000000000003 0.11100000000000002 -0.53499999999999992 57.491500000000009 0.17550000000000004 0.044500000000000005
decision_type=2 2 2 2 2 2 2 2 2 10 2 2 2 2
left_child=1 -1 3 4 5 7 -7 -2 -4 -9 -11 -12 13 -3
right_child=2 12 8 -5 -6 6 -8 9 -10 10 11 -13 -14 -15
leaf_value=-0.0074858394245908306 0.0040155060230231618 0.0077422535894079055 -0.0061889241392828059 0.002702934712132626 0.0057398051996911167 0.010466218893593239 -0.010296101836131855 0.00011092183373092255 0.011029174361647832 -0.0013331094294577444 -0.0012609910009157383 -0.025428797997103281 0.018154473195865366 -0.0043398136824409567
leaf_weight=0.33899132872465987 0.25317104070563834 0.36111253008129984 0.34476840560091637 1.3421433737967161 0.28214703034609545 0.63264916176558539 0.44429500948172063 0.12525072263088066 0.67920044576749206 0.20720876424456935 0.17987743683625002 1.2526421557267893 0.51603785064071417 0.30156795401126146
leaf_count=43 22 32 20 30 13 44 45 4 35 16 10 173 7 29
internal_value=-0.000814518 0.00889257 -0.00431798 -0.00687403 -0.010428 -0.0129436 0.00106746 -0.0182967 0.00503838 -0.021792 -0.0228732 -0.0241601 0.0148768 0.00294074
internal_weight=7.26106 1.51771 5.74335 4.71938 3.37724 3.09509 1.07694 2.01815 1.02397 1.76498 1.63973 1.43252 1.17872 0.66268
internal_count=523 111 412 357 327 314 89 225 55 203 199 183 68 61
is_linear=0
shrinkage=0.05


Tree=262
num_leaves=15
num_cat=0
split_feature=6 10 5 3 12 16 12 9 15 13 5 0 5 0
split_gain=0.100989 0.135675 0.15612 0.152972 0.0965183 0.13804 0.114176 0.0895622 0.0748789 0.0680193 0.0831792 0.0582413 0.017228 0.00932568
threshold=1.0000000180025095e-35 0.087550000000000017 -0.71849999999999981 0.099500000000000019 -0.22449999999999998 133.50000000000003 0.14000000000000004 -0.073499999999999982 6.5000000000000009 0.086000000000000007 0.29450000000000004 81.780000000000015 0.084500000000000006 58.240000000000002
decision_type=2 2 2 2 2 2 2 2 2 8 2 2 2 2
left_child=1 2 -1 13 5 7 -6 -2 -4 -9 -11 -10 -8 -3
right_child=4 3 8 -5 6 -7 12 9 11 10 -12 -13 -14 -15
leaf_value=0.0060183543692884887 0.0048143541513607779 0.0005848066337117711 -0.02227960098385625 0.01364735391701586 0.015577310318935368 0.010289257504124107 0.0021949520674226283 0.0039003459184731716 -0.0082716317395083536 -0.019953978422541593 0.0023814935020410356 0.0063976779433490456 -0.0081634357432543193 -0.0096081280269636228
leaf_weight=0.4248391559813175 0.39571113625424947 0.13716445211321093 0.97138771531172119 0.73476069036405534 1.2997891657869329 0.52195743640186254 0.096313662230386288 0.12363277655094873 0.35455924429697916 0.87681912220432423 0.28634398779831827 0.37494763784343377 0.19086502311984077 0.42534702090779319
leaf_count=13 14 4 68 16 87 24 10 4 38 95 25 21 45 59
internal_value=-0.000757803 -0.0061292 -0.0120786 0.00463376 0.00435873 -0.00237942 0.0110204 -0.00868016 -0.0171535 -0.0131206 -0.0158964 -0.00139227 -0.00568312 -0.00833907
internal_weight=7.21444 3.42301 2.12573 1.29727 3.79143 2.20446 1.58697 1.68251 1.70089 1.2868 1.16316 0.729507 0.287179 0.562511
internal_count=523 219 140 79 304 162 142 138 127 124 120 59 55 63
is_linear=0
shrinkage=0.05


Tree=263
num_leaves=15
num_cat=0
split_feature=14 14 26 24 8 18 11 3 26 13 5 1 3 12
split_gain=0.122083 0.135982 0.0731797 0.0835625 0.0970259 0.122262 0.125294 0.122805 0.079161 0.0282951 0.0155473 0.0149879 0.0124708 0.0376665
threshold=5.5000000000000009 2.5000000000000004 1.0770060508093089 1.6857699612764641 0.045000000000000005 -0.024999999999999998 0.078500000000000014 0.017500000000000005 1.1931099126164333 0.11100000000000002 -0.53499999999999992 57.491500000000009 0.17550000000000004 0.14000000000000004
decision_type=2 2 2 2 2 2 2 2 2 10 2 2 2 2
left_child=1 -1 3 4 5 7 -7 -2 -4 -9 -11 -12 13 -3
right_child=2 12 8 -5 -6 6 -8 9 -10 10 11 -13 -14 -15
leaf_value=-0.0072464424410937202 0.0039202035954034242 0.0077801195395997159 0.010993022611741529 0.0026231105801263698 0.0056742954005880326 0.010205838961151101 -0.010073343613137367 0.00021743528279114899 -0.0059106870299120672 -0.0013065053183072897 -0.0012239441481725647 -0.024956823179086603 0.017852351599448455 -0.0044493236979650875
leaf_weight=0.33630822732811783 0.2514712814008816 0.35193331231130265 0.6342226897832004 1.3280759544577447 0.27949518256355066 0.62436340379645183 0.44002109227585606 0.12557583075249557 0.37967339379247278 0.20605524734128211 0.179114191734698 1.2177392874000359 0.50563701707869768 0.30308374788728543
leaf_count=43 22 28 21 30 13 44 45 4 34 16 10 173 7 33
internal_value=-0.000741217 0.00877708 -0.0041955 -0.00668387 -0.0101492 -0.0126457 0.00100377 -0.0178579 0.00487127 -0.0213019 -0.0224236 -0.0236939 0.014625 0.00285215
internal_weight=7.16277 1.49696 5.66581 4.65191 3.32384 3.04434 1.06438 1.97996 1.0139 1.72848 1.60291 1.39685 1.16065 0.655017
internal_count=523 111 412 357 327 314 89 225 55 203 199 183 68 61
is_linear=0
shrinkage=0.05


Tree=264
num_leaves=15
num_cat=0
split_feature=14 14 2 2 15 8 5 24 16 16 19 6 3 12
split_gain=0.117184 0.132469 0.062667 0.15818 0.147044 0.158693 0.118072 0.0935188 0.088057 0.0630928 0.0560957 0.0227339 0.0121285 0.0367622
threshold=5.5000000000000009 2.5000000000000004 23.055000000000003 23.185000000000006 4.5000000000000009 0.045000000000000005 -0.38799999999999996 -0.72064439447454853 120.50000000000001 117.50000000000001 13.000000000000002 1.1500000000000001 0.17550000000000004 0.14000000000000004
decision_type=2 2 2 2 2 2 2 2 2 2 2 2 2 2
left_child=1 -1 8 -4 6 9 -5 -8 -2 -6 -9 -11 13 -3
right_child=2 12 3 4 5 -7 7 10 -10 11 -12 -13 -14 -15
leaf_value=-0.0071625621510050088 0.0028969262008779126 0.0076844826906018937 0.010693895541930594 0.013466162572228489 0.0013265263581297953 0.0069242790607976779 0.0068051189022744476 -0.01469196370469911 -0.01762645305877306 -0.022637470201498075 0.002603573736036013 -0.00077137085212599103 0.017635557326961974 -0.0043996300445861133
leaf_weight=0.33497903232637316 0.42527671821881075 0.35096754328696966 1.1041262706858104 0.52900540689006437 0.23675367058604013 0.25027211091946799 0.41309985271072935 0.62459310828126069 0.51906500867335126 1.0322088012035235 0.29299163381801918 0.20329673527157854 0.49872839078307152 0.30249160405946895
leaf_count=43 18 28 40 12 30 12 23 59 43 139 16 20 7 33
internal_value=-0.000684393 0.00865243 -0.00408341 -0.000778891 -0.00587714 -0.013456 0.0033934 -0.00467062 -0.0116475 -0.01832 -0.0106916 -0.020994 0.014442 0.00281289
internal_weight=7.11786 1.48717 5.63069 4.68635 3.58222 1.72253 1.85969 1.33068 0.944342 1.47226 0.917585 1.23551 1.15219 0.653459
internal_count=523 111 412 351 311 201 110 98 61 189 75 159 68 61
is_linear=0
shrinkage=0.05


Tree=265
num_leaves=15
num_cat=0
split_feature=15 14 12 1 15 25 24 26 26 26 0 14 16 16
split_gain=0.105156 0.12963 0.144614 0.0975745 0.102636 0.0912286 0.123744 0.114887 0.0888334 0.0972347 0.0512113 0.0328636 0.0284353 0.0177849
threshold=7.5000000000000009 5.5000000000000009 -0.39549999999999996 109.75500000000001 11.500000000000002 -1.3963056051382445 0.27370305780017212 -1.1328033526616486 -0.69093374988153522 0.49382349867437686 69.180000000000021 3.5000000000000004 117.50000000000001 134.50000000000003
decision_type=2 2 2 2 2 2 2 2 2 2 2 2 2 2
left_child=1 11 -3 4 12 -4 7 -7 -9 -10 -8 -1 -2 -14
right_child=3 2 5 -5 -6 6 10 8 9 -11 -12 -13 13 -15
leaf_value=0.00030455664829388157 0.00038083424012483807 -0.01423278511154674 0.012659081016285455 0.006311870518054887 0.0028989639534681613 -0.0087848701007994766 0.0020206859019399285 0.015872722032169915 -0.011382623154104266 0.0072306483078622905 -0.016057166006630944 0.016263337691994451 -0.020976400237211604 -0.00059027243654649023
leaf_weight=0.44339297575061209 0.15994641504948937 0.60779737285338287 0.66299823811277736 0.2701296301675028 0.5158174501848406 0.33657101693097535 0.26231797225773323 0.85987988696433626 0.28899091895436957 0.56908605192438699 0.45220416382653639 0.74506192759145029 0.69858533068327233 0.17749272065702826
leaf_count=34 20 48 11 19 48 24 8 21 55 30 37 24 126 12
internal_value=-0.00034756 0.00331942 -0.00161627 -0.0083177 -0.0123398 0.00332525 -0.00167532 0.00473172 0.00963767 -0.00179034 -0.0121127 0.0131692 -0.0176243 -0.0193623
internal_weight=7.05027 5.2283 4.03985 1.82197 1.55184 3.43205 2.76905 2.05453 1.71796 0.858077 0.714522 1.18845 1.03602 0.876078
internal_count=517 292 234 225 206 186 175 130 106 85 45 58 158 138
is_linear=0
shrinkage=0.05


Tree=266
num_leaves=15
num_cat=0
split_feature=15 14 12 2 8 25 24 26 26 26 5 16 0 14
split_gain=0.0996865 0.126045 0.13829 0.0950802 0.100542 0.0892303 0.118538 0.110807 0.0860718 0.0946868 0.069674 0.0568404 0.0500766 0.0316657
threshold=7.5000000000000009 5.5000000000000009 -0.39549999999999996 23.235000000000003 0.045000000000000005 -1.3963056051382445 0.27370305780017212 -1.1328033526616486 -0.69093374988153522 0.49382349867437686 0.10700000000000001 133.50000000000003 69.180000000000021 3.5000000000000004
decision_type=2 2 2 2 2 2 2 2 2 2 2 2 2 2
left_child=1 13 -3 10 -5 -4 7 -7 -9 -10 11 -2 -8 -1
right_child=3 2 5 4 -6 6 12 8 9 -11 -12 -13 -14 -15
leaf_value=0.00029987724974866515 -0.011506098112084341 -0.0140193189087272 0.012434249326224606 -0.019819865541554047 0.0040507814626587263 -0.0086873187841385036 0.0019997517609677221 0.015556055281404019 -0.011283507136688794 0.0071033007691156868 0.0093455930475980567 0.0048200999492360782 -0.01588315793448308 0.01597249881812509
leaf_weight=0.44339964301616419 0.28960488803568274 0.60158415572368484 0.65941019449383009 0.64114983769832179 0.20748268242459744 0.33461170166265253 0.26228016056120385 0.85402123257517837 0.28581730829319074 0.5682728594110813 0.48145337120513432 0.18767164484597743 0.44542758903116919 0.73905912903137483
leaf_count=34 43 48 11 143 11 24 8 21 55 30 21 7 37 24
internal_value=-0.000383638 0.00320237 -0.00167115 -0.00815879 -0.0149495 0.00319246 -0.00174787 0.00456119 0.00940605 -0.00181686 0.00241556 -0.00616921 -0.0119656 0.0129258
internal_weight=7.00125 5.19388 4.01143 1.80736 0.848633 3.40984 2.75043 2.04272 1.70811 0.85409 0.95873 0.477277 0.707708 1.18246
internal_count=517 292 234 225 154 186 175 130 106 85 71 50 45 58
is_linear=0
shrinkage=0.05


Tree=267
num_leaves=15
num_cat=0
split_feature=15 14 12 1 15 25 24 26 26 26 0 14 16 23
split_gain=0.0949812 0.122592 0.132229 0.0933846 0.0982528 0.087289 0.113558 0.106871 0.0834145 0.0922163 0.0489726 0.0305114 0.0274558 0.0203457
threshold=7.5000000000000009 5.5000000000000009 -0.39549999999999996 109.75500000000001 11.500000000000002 -1.3963056051382445 0.27370305780017212 -1.1328033526616486 -0.69093374988153522 0.49382349867437686 69.180000000000021 3.5000000000000004 117.50000000000001 10.500000000000002
decision_type=2 2 2 2 2 2 2 2 2 2 2 2 2 2
left_child=1 11 -3 4 12 -4 7 -7 -9 -10 -8 -1 -2 -6
right_child=3 2 5 -5 13 6 10 8 9 -11 -12 -13 -14 -15
leaf_value=0.00029527006947293222 0.00039985130861788174 -0.013809270484417832 0.012213383170872723 0.0062351102794400226 -0.003068216602601267 -0.0085910628995018359 0.0019790352365664488 0.015245258672171608 -0.011185861721218658 0.0069781738393091932 -0.015712093476931224 0.015686701222514195 -0.018962062006299699 0.0063606953536805236
leaf_weight=0.44340622643358074 0.15811428640154168 0.59556187948328432 0.65594065282493863 0.26691658221534442 0.23445511993486423 0.33269546180963594 0.26224343571811903 0.84839062928222186 0.28270469611743421 0.567490688059479 0.43881815366330557 0.73326491704210617 0.85236937206354924 0.2779116821475327
leaf_count=34 20 48 11 19 38 24 8 21 55 30 37 24 138 10
internal_value=-0.000428137 0.00308702 -0.00172512 -0.00803704 -0.0120185 0.00306174 -0.00181892 0.00439418 0.00917861 -0.00184301 -0.0118213 0.012687 -0.0172405 0.00287022
internal_weight=6.95028 5.16052 3.98385 1.78977 1.52285 3.38828 2.73234 2.03128 1.69859 0.850195 0.701062 1.17667 1.01048 0.512367
internal_count=517 292 234 225 206 186 175 130 106 85 45 58 158 48
is_linear=0
shrinkage=0.05


Tree=268
num_leaves=13
num_cat=0
split_feature=15 14 26 9 3 8 2 13 8 24 13 14
split_gain=0.0892679 0.119266 0.11103 0.129311 0.0953616 0.107776 0.0926557 0.109282 0.096793 0.0752926 0.047763 0.0293991
threshold=7.5000000000000009 5.5000000000000009 -0.72341810534070217 -0.031499999999999993 0.23750000000000002 -0.064999999999999988 23.235000000000003 0.25350000000000006 0.045000000000000005 -0.72064439447454853 0.12650000000000003 3.5000000000000004
decision_type=2 2 2 2 2 2 2 10 2 2 10 2
left_child=1 11 3 -3 5 -4 7 -2 -8 -7 -11 -1
right_child=6 2 4 -5 -6 9 8 -9 -10 10 -12 -13
leaf_value=0.00029073324796108016 -0.0087558903066561854 -0.0062587328380449576 0.0054491045715667659 0.012881792096238107 0.0046940590944130611 0.0009806099425369271 -0.019434578925919432 0.01069700243097012 0.0040001468176193303 0.00093709190849576454 -0.022819214519609048 0.015405860492671281
leaf_weight=0.44341273690224625 0.3676412512140812 0.73049567861016829 0.20881727925734628 1.0995355198392642 0.54871548153460015 0.40458186005707808 0.6214379821321927 0.58030829331255518 0.20602900604717433 0.15311388135887727 0.81181901835952885 0.72767261054832466
leaf_count=34 35 36 14 31 13 22 143 36 11 5 113 24
internal_value=-0.000447475 0.00297338 -0.00177818 0.00572964 -0.00800424 -0.0125272 -0.00783955 0.00253068 -0.0146036 -0.0164111 -0.0204911 0.0124527
internal_weight=6.90358 5.12816 3.95708 1.83003 2.12705 1.57833 1.77542 0.94795 0.827467 1.36951 0.964933 1.17109
internal_count=517 292 234 67 167 154 225 71 154 140 118 58
is_linear=0
shrinkage=0.05


Tree=269
num_leaves=15
num_cat=0
split_feature=14 14 2 2 12 26 26 18 13 0 18 13 12 3
split_gain=0.0763901 0.111446 0.091058 0.108688 0.0974408 0.082471 0.130964 0.0754684 0.0722601 0.0557863 0.0451357 0.0143258 0.0118092 0.0100891
threshold=5.5000000000000009 2.5000000000000004 23.425000000000004 23.015000000000004 -0.22449999999999998 -1.0590929407629004 -1.2208207792309047 -0.18499999999999997 0.28750000000000003 70.185000000000016 -0.31999999999999995 0.35350000000000004 -0.14249999999999996 0.17550000000000004
decision_type=2 2 2 2 2 2 2 2 10 2 2 10 2 2
left_child=1 12 3 4 -2 6 -4 11 10 -10 -7 -5 -1 -3
right_child=2 13 5 7 -6 8 -8 -9 9 -11 -12 -13 -14 -15
leaf_value=0.0011236376416723756 -0.014991033917021751 0.0022874546867046193 -0.009741465308202784 0.013844538783943592 0.0052640517828045005 -0.006581762789711192 0.011271778083986814 -0.0038169261082352246 0.0020492969248384072 -0.021365166587004044 0.0063080148745014598 0.001304250891996094 -0.0088380798707201787 0.015251334818273855
leaf_weight=0.12826959646190517 0.40968567732488737 0.62984503555344395 0.43103370274184272 1.0149762171204204 0.35683947266079519 0.33752515338710509 0.56084132171235968 0.54661543847760152 0.10788126473198645 0.72105817847477738 0.37980844124103919 0.51262830634368595 0.20352582437044464 0.51744300313293934
leaf_count=19 39 61 41 37 14 30 14 47 16 114 22 30 24 9
internal_value=-0.000441429 0.00705992 -0.00328754 0.00259735 -0.0079196 -0.00874657 0.001834 0.00779578 -0.0135884 -0.0188636 -5.78927e-05 0.0118172 -0.00703493 0.012514
internal_weight=6.85798 1.47908 5.37889 2.84075 0.766525 2.53815 0.991875 2.07422 1.54627 0.828939 0.717334 1.5276 0.331795 1.14729
internal_count=517 113 404 167 53 237 55 114 182 130 52 67 43 70
is_linear=0
shrinkage=0.05


Tree=270
num_leaves=15
num_cat=0
split_feature=0 9 7 23 0 3 24 23 12 18 5 7 16 3
split_gain=0.0813359 0.0752529 0.134346 0.147544 0.134196 0.118823 0.109495 0.101741 0.113902 0.0696681 0.110289 0.0236959 0.0218439 0.0117937
threshold=57.415000000000006 1.0000000180025095e-35 -0.026499999999999996 11.500000000000002 57.835000000000008 0.020500000000000004 2.4223044302660264 10.500000000000002 0.10050000000000002 -0.39999999999999997 -0.26449999999999996 0.0075000000000000006 117.50000000000001 0.021500000000000005
decision_type=2 2 2 2 2 2 2 2 2 2 2 2 2 2
left_child=-1 2 3 5 -3 -2 -7 8 9 -4 -11 -6 -13 -12
right_child=1 4 7 -5 11 6 -8 -9 -10 10 13 12 -14 -15
leaf_value=-0.014101314129435542 0.0041049917050596215 0.0083554809760317383 0.0084484058295613614 0.0079338592206033929 0.00073689497353973763 -0.022681535096831656 0.0028746343455300217 -0.0064603501382180482 0.018724063149563729 0.0059104872316064552 0.00021027858001871304 0.00028565618033363964 -0.017425327226698158 -0.014834718883783135
leaf_weight=0.37528393964748819 0.43312925273494318 0.20193202944938082 0.61692335971747514 0.56268707395065565 0.14814041211502604 0.78582651432952821 0.28210178110748529 0.37102672160835926 1.0993049252865601 0.58602545232861292 0.11309476467431645 0.15826296951854602 0.72303390341403428 0.41098967258585617
leaf_count=25 23 6 31 19 12 78 7 24 61 33 17 18 102 71
internal_value=-0.003044 -0.000608095 0.00227574 -0.00605096 -0.00842746 -0.0123695 -0.0178051 0.00781139 0.0108837 0.000856987 -0.00536626 -0.0142145 -0.0157836 -0.0135803
internal_weight=6.86776 6.49248 5.26111 2.06374 1.23137 1.50106 1.06793 3.19736 2.82634 1.72703 1.11011 1.02944 0.881297 0.524084
internal_count=527 502 364 127 138 108 85 237 213 152 121 132 120 88
is_linear=0
shrinkage=0.05


Tree=271
num_leaves=15
num_cat=0
split_feature=15 18 1 8 3 16 13 6 6 12 13 13 2 26
split_gain=0.0917444 0.121011 0.116199 0.109238 0.128631 0.158721 0.089179 0.0794777 0.032722 0.0234223 0.00864956 0.029658 0.00704644 0.00573235
threshold=4.5000000000000009 -0.34999999999999992 109.75500000000001 0.045000000000000005 0.26500000000000007 117.50000000000001 0.20400000000000004 0.65000000000000002 1.0000000180025095e-35 0.64550000000000007 0.38900000000000007 0.46750000000000008 23.235000000000003 0.59018434807399911
decision_type=2 2 2 2 2 2 8 2 2 2 10 10 2 2
left_child=1 6 3 4 5 12 -1 8 9 -3 -7 -12 -2 -9
right_child=2 7 -4 -5 -6 10 -8 13 -10 -11 11 -13 -14 -15
leaf_value=0.0044362002954987977 0.0051877554786003742 -0.0027917675141293 0.0069494708095834334 0.0061158306431163337 0.0034038251972570138 -0.025014657570181037 -0.013765028569549045 0.00077763151507297319 0.016874954405209763 0.0062388749002122894 0.0026075267857651411 -0.0089883675739608655 -0.0010562702567551855 -0.0056850439270587621
leaf_weight=0.52260583720635634 0.1983912730356695 0.54767825527233094 0.4302261889388318 0.25425844325218339 0.56944746337831009 1.2217856573406605 0.59228570334380504 0.17972561030182976 0.63184067455586035 0.53568888432346284 0.38374877128808282 0.21625139116076753 0.27709250594489276 0.25437702547060326
leaf_count=16 12 24 28 13 14 163 54 17 20 18 40 54 31 23
internal_value=-0.00302742 0.0026782 -0.00770805 -0.0109246 -0.0136268 -0.0176004 -0.00716976 0.0084411 0.0120792 0.00252486 -0.0222913 -0.00457747 0.00329926 -0.00433288
internal_weight=6.8154 3.2642 3.5512 3.12098 2.86672 2.29727 1.11489 2.14931 1.71521 1.08337 1.82179 0.6 0.475484 0.434103
internal_count=527 172 355 327 314 300 70 102 62 42 257 94 43 40
is_linear=0
shrinkage=0.05


Tree=272
num_leaves=15
num_cat=0
split_feature=15 18 1 8 3 16 13 6 6 12 25 13 13 2
split_gain=0.0866876 0.116519 0.111702 0.105842 0.123889 0.154276 0.0862989 0.0772209 0.0316914 0.0226159 0.00720224 0.00699096 0.0290765 0.00692087
threshold=4.5000000000000009 -0.34999999999999992 109.75500000000001 0.045000000000000005 0.26500000000000007 117.50000000000001 0.20400000000000004 0.65000000000000002 1.0000000180025095e-35 0.64550000000000007 -1.114296063880744 0.38900000000000007 0.46750000000000008 23.235000000000003
decision_type=2 2 2 2 2 2 8 2 2 2 2 10 10 2
left_child=1 6 3 4 5 13 -1 8 9 -3 -9 -7 -13 -2
right_child=2 7 -4 -5 -6 11 -8 10 -10 -11 -12 12 -14 -15
leaf_value=0.0043610324647624984 0.0051467505769786743 -0.0027429233722713574 0.0068483803132206563 0.0060571881574717741 0.003342338334108106 -0.024620848496325051 -0.013559850782650413 0.0010477508587325671 0.016615761255612028 0.0061325256022099553 -0.0058429974132873756 0.0025714706224524617 -0.008922700469599542 -0.0010448725674142832
leaf_weight=0.52227748127188545 0.1979515592101978 0.54737480069161415 0.42952700209571038 0.25358250911813218 0.56932649482041586 1.1959164323488947 0.58646474913985014 0.17105806758627295 0.6253758604871108 0.53508703457191586 0.26229094326845359 0.38369608664652322 0.21435806641238742 0.27701917319791391
leaf_count=16 12 24 28 13 14 163 54 4 20 18 36 40 54 31
internal_value=-0.00292468 0.0026246 -0.00749395 -0.0106731 -0.0133566 -0.0172873 -0.00705327 0.00828601 0.0118827 0.00248246 -0.00428966 -0.0219553 -0.0045538 0.00327548
internal_weight=6.77131 3.24993 3.52138 3.09185 2.83827 2.26894 1.10874 2.14119 1.70784 1.08246 0.433349 1.79397 0.598054 0.474971
internal_count=527 172 355 327 314 300 70 102 62 42 40 257 94 43
is_linear=0
shrinkage=0.05


Tree=273
num_leaves=15
num_cat=0
split_feature=15 18 5 8 16 16 13 26 6 25 6 25 25 2
split_gain=0.0819432 0.112234 0.104642 0.102216 0.113072 0.159789 0.0835166 0.0750806 0.0750011 0.043241 0.0306973 0.0227888 0.00707473 0.00538683
threshold=4.5000000000000009 -0.34999999999999992 1.1965000000000001 0.045000000000000005 118.50000000000001 134.50000000000003 0.20400000000000004 -0.73947028094778544 0.65000000000000002 0.44866061890724424 1.0000000180025095e-35 0.500741372032383 -1.114296063880744 23.535000000000004
decision_type=2 2 2 2 2 2 8 2 2 2 2 2 2 2
left_child=1 6 3 4 7 9 -1 -2 10 -6 13 -11 -10 -3
right_child=2 8 -4 -5 5 -7 -8 -9 12 11 -12 -13 -14 -15
leaf_value=0.0042871358196242479 -0.0078488814543625704 0.0039906821085972551 0.0065858880518417295 0.0059991778516559008 -0.02426564151949873 0.0040316640744910738 -0.013357951164529973 0.0093090086359202736 0.0010401030818411425 0.0044899304141672583 0.016360836499397527 -0.0054401619829916514 -0.0057862864577808643 -0.00077491395400249399
leaf_weight=0.52196079900022607 0.18020125612383708 0.56720450089778773 0.43254226149292652 0.25291939801536489 1.3802260637312431 0.41864747513318423 0.58082064846530568 0.45764124038396525 0.17105307290330529 0.10186908568721253 0.6191050891065969 0.26862142942263745 0.26144094223855052 0.51438291012891568
leaf_count=16 18 22 21 13 176 28 54 35 4 4 20 60 36 20
internal_value=-0.00282553 0.00257271 -0.00728641 -0.0103864 -0.0130506 -0.0170357 -0.00693922 0.00262903 0.00813535 -0.0217078 0.0116898 -0.00142591 -0.00424507 0.00244078
internal_weight=6.72864 3.23597 3.49267 3.06013 2.80721 2.16936 1.10278 0.637842 2.13319 1.75072 1.70069 0.370491 0.432494 1.08159
internal_count=527 172 355 334 321 268 70 53 102 240 62 64 40 42
is_linear=0
shrinkage=0.05


Tree=274
num_leaves=15
num_cat=0
split_feature=0 15 0 1 16 13 16 24 16 13 13 6 13 13
split_gain=0.0800952 0.0807782 0.117077 0.148815 0.109335 0.100201 0.0508992 0.141188 0.0556309 0.0489425 0.0383696 0.0305235 0.010361 0.0102587
threshold=57.415000000000006 5.5000000000000009 68.570000000000007 109.75500000000001 118.50000000000001 0.46750000000000008 129.50000000000003 2.1476540123856211 122.50000000000001 0.45800000000000007 0.32300000000000006 -0.44999999999999996 0.49550000000000005 0.89350000000000007
decision_type=2 2 2 2 2 8 2 2 2 10 10 2 10 10
left_child=-1 5 -3 4 -4 6 8 -8 10 -6 -2 -7 -11 -14
right_child=1 2 3 -5 9 11 7 -9 -10 12 -12 -13 13 -15
leaf_value=-0.0137141835674221 -0.0064155653105834494 0.0088607303874897337 0.0028101341311086523 0.0072403325952359798 -0.021309813169150951 0.0023411920629568795 -0.011465261449013766 0.010474985150846687 0.014741226832179228 0.0032193640080023928 0.0056052774711874004 -0.010588842669248776 -0.0056632789463301704 0.0018974972971420286
leaf_weight=0.36148695927113283 0.33770760439802083 0.29747558393864926 0.48182853678008619 0.41371238412102673 1.1892391933797624 0.23228500271216035 0.50616445112973441 0.43576107919216156 1.33712154161185 0.12718700044206332 0.32592988474061713 0.39182481648458622 0.12604278023354709 0.120273805456236
leaf_count=25 28 18 40 26 165 13 46 7 43 8 20 46 31 11
internal_value=-0.00271078 -0.000294715 -0.00569216 -0.00950614 -0.0141599 0.00420871 0.0078812 -0.00114783 0.0110979 -0.018447 -0.000691224 -0.00729803 -0.000453259 -0.00341115
internal_weight=6.68404 6.32255 2.75576 2.45828 2.04457 3.56679 2.94268 0.941926 2.00076 1.56274 0.663637 0.62411 0.373504 0.246317
internal_count=527 502 299 281 255 203 144 53 91 215 48 59 50 42
is_linear=0
shrinkage=0.05


Tree=275
num_leaves=14
num_cat=0
split_feature=16 3 3 13 5 13 15 26 5 16 15 26 15
split_gain=0.0786484 0.0790119 0.12111 0.159574 0.149572 0.116257 0.115937 0.0877475 0.0593281 0.0517391 0.0320624 0.0313817 0.000875854
threshold=116.50000000000001 0.015500000000000002 0.10550000000000001 0.13950000000000004 -0.71849999999999981 0.17300000000000001 1.5000000000000002 -1.1971749915264944 -0.13599999999999998 133.50000000000003 1.5000000000000002 1.1074904315197058 6.5000000000000009
decision_type=2 2 2 8 2 10 2 2 2 2 2 2 2
left_child=11 -2 5 -4 -5 -3 -7 -8 12 10 -6 -1 -9
right_child=1 2 3 4 9 6 7 8 -10 -11 -12 -13 -14
leaf_value=-0.01324387062135462 -0.0098318771183017704 -0.0077850251165772089 0.010332176087695405 0.0068022410130824801 -0.00097986868819228187 -0.0058046017873867924 -0.0034216228102233724 0.00064956973482963162 0.019344433876636619 0.0010004963942306564 -0.01996699588888556 0.0018069569390791981 -0.001404104822379565
leaf_weight=0.3489660056948195 0.24082035254104983 0.18208134555607136 0.62538030184805427 0.48431516083655934 0.37269678036682241 0.26757820462808046 0.25843389384681437 0.14598732799640979 2.1945607472298421 0.33600487848161731 0.94519017278798856 0.17925734259188175 0.1949724625737872
leaf_count=54 54 36 9 15 14 15 24 15 143 21 69 12 31
internal_value=1.35572e-05 0.00218544 0.00400155 -0.00317719 -0.00916171 0.00942529 0.0121136 0.0149073 0.0172149 -0.0146381 -0.0173368 -0.0102961 -0.000696119
internal_weight=6.77624 6.24802 6.0072 2.76359 2.13821 3.24361 3.06153 2.79395 2.53552 1.65389 1.31789 0.528223 0.34096
internal_count=512 446 392 128 119 264 228 213 189 104 83 66 46
is_linear=0
shrinkage=0.05


Tree=276
num_leaves=14
num_cat=0
split_feature=16 26 26 10 16 2 0 24 12 13 18 19 24
split_gain=0.0748374 0.0771778 0.107546 0.127182 0.120069 0.0734743 0.0940327 0.0507581 0.0393506 0.0330804 0.0367978 0.0313001 0.00587551
threshold=116.50000000000001 -1.5788965662037384 -0.67689097792996578 -0.064249999999999988 125.50000000000001 23.155000000000005 101.36500000000002 -0.32902508920363166 -0.54649999999999987 0.11100000000000002 -1.0000000180025095e-35 9.5000000000000018 0.904700504070587
decision_type=2 2 2 2 2 2 2 2 2 8 2 2 2
left_child=11 -2 7 8 5 -5 -7 -3 -4 -6 -11 -1 -9
right_child=1 2 3 4 9 6 -8 12 -10 10 -12 -13 -14
leaf_value=0.0018446230820926 -0.0098428637826034979 -0.0013889474485911408 -0.0016163152456882724 0.0096649577617041755 0.0013633645055458896 -0.013132234920123951 0.006821165472845437 0.014989162007869417 0.010863493585764081 -0.020258906060923447 0.00078430776076817083 -0.013132728431593197 0.0032899059094307105
leaf_weight=0.1766762968036345 0.23829431331250805 0.58356699300929937 0.62468634740798734 0.52303526079049401 0.099710643058642634 0.35082870110636577 0.23116073937853798 1.1011382525321094 0.79281110968440749 0.64743325623567227 0.15513144458236627 0.34714993227680679 0.86300001200288523
leaf_count=5 30 36 36 26 5 82 15 36 20 111 31 61 18
internal_value=-0.000132752 0.0020101 0.00382686 -0.00197548 -0.00850972 0.00255514 -0.00590487 0.00998502 0.00697009 -0.0162805 -0.0180128 -0.0101857 0.0126929
internal_weight=6.73462 6.2108 5.9725 3.4248 2.0073 1.10502 0.581989 2.54771 1.4175 0.902275 0.802565 0.523826 1.96414
internal_count=512 446 416 326 270 123 97 90 56 147 142 66 54
is_linear=0
shrinkage=0.05


Tree=277
num_leaves=15
num_cat=0
split_feature=10 13 5 14 2 5 5 7 24 18 9 0 2 5
split_gain=0.0676096 0.0911702 0.101459 0.0893686 0.0926905 0.0728562 0.103842 0.0561434 0.0805605 0.0552057 0.0424016 0.0584434 0.0390914 0.0148572
threshold=-0.049249999999999995 0.38900000000000007 -0.71849999999999981 5.5000000000000009 23.055000000000003 0.10700000000000001 0.22550000000000003 0.021000000000000001 -0.80432718729207731 -0.18499999999999997 -0.15599999999999997 112.78500000000001 23.215000000000003 -0.42149999999999993
decision_type=2 10 2 2 2 2 2 2 2 2 2 2 2 2
left_child=3 2 -2 -1 -5 9 -7 8 -4 -3 -8 -12 -6 -14
right_child=1 5 7 4 12 6 10 -9 -10 -11 11 -13 13 -15
leaf_value=0.014663854375070779 0.0068080384794567475 0.0041394586066027883 0.00308516274527771 -0.011839484450240112 0.010156988377470347 0.015657028349333232 0.0052143893979022188 0.0020206979918016331 -0.016953036540829466 -0.01006372728204212 -0.012897582788445834 0.0046978744455519628 0.0026103412046887546 -0.0052507190232578037
leaf_weight=0.50042140460573126 0.2587112056207842 0.4954169915872626 0.28133947789319824 0.29994078155141313 0.43108751182444371 0.68879275344079338 0.11061044514644891 0.38934284425340582 1.6804741217056292 0.506911161268363 0.34204889266402461 0.10473440587520599 0.27974699722835772 0.32985815458232559
leaf_count=10 13 27 26 21 11 27 4 39 163 46 80 3 15 27
internal_value=-0.000190804 -0.00323875 -0.00834165 0.00616135 -0.00192137 0.00342877 0.00895444 -0.0115428 -0.014008 -0.00448225 -0.00406328 -0.00837671 0.00533809 -0.00226275
internal_weight=6.69944 4.85838 2.60987 1.84105 1.34063 2.24851 1.24619 2.35116 1.96181 1.00233 0.557394 0.446783 1.04069 0.609605
internal_count=512 428 241 84 74 187 114 228 189 73 87 83 53 42
is_linear=0
shrinkage=0.05


Tree=278
num_leaves=14
num_cat=0
split_feature=2 10 12 12 6 13 13 18 12 13 26 13 24
split_gain=0.0680861 0.088572 0.0931895 0.102877 0.126046 0.0922587 0.163257 0.0785993 0.0643814 0.039972 0.0197218 0.0118413 0.00434288
threshold=22.950000000000006 -0.034099999999999998 0.08450000000000002 0.14000000000000004 -0.44999999999999996 0.46450000000000008 0.22250000000000003 -0.064999999999999988 -0.54649999999999987 0.20400000000000004 -1.0164538037961652 0.87100000000000011 -1.0500262036209478
decision_type=2 2 2 2 2 10 8 2 2 8 2 8 2
left_child=7 8 9 -4 5 6 -5 -1 -2 -3 -6 -11 -12
right_child=1 2 3 4 10 -7 -8 -9 -10 11 12 -13 -14
leaf_value=-0.014968295637465465 -0.0028420887893339172 0.0015760285739741299 0.012506841123737421 0.0082911762335115408 0.00093324075538347691 0.011998432942056513 -0.014082606670730989 0.0036651704690688217 0.013261971696738435 -0.015635464179523068 -0.00067456547003525574 0.00024236147223294577 -0.015649887389650667
leaf_weight=0.40461115422658622 0.44580112822586659 0.27806882113509335 0.63250965916086022 0.72173915096209396 0.10167163179721683 0.72656638320768241 0.6166951971827076 0.41925226314924646 1.1885502551449461 0.44510495837312192 0.14711394725600258 0.095027310773730278 0.43588474980788339
leaf_count=40 37 24 22 23 4 37 56 19 39 100 19 16 76
internal_value=-0.00010422 0.00219828 -0.00190193 0.00237883 -0.00266505 0.00398827 -0.00363151 -0.00867545 0.00945789 -0.0111733 -0.0131878 -0.0144984 -0.0146843
internal_weight=6.6586 5.83473 4.20038 3.38218 2.74967 2.065 1.33843 0.823863 1.63435 0.818201 0.68467 0.540132 0.582999
internal_count=512 453 377 237 215 116 79 59 76 140 99 116 95
is_linear=0
shrinkage=0.05


Tree=279
num_leaves=14
num_cat=0
split_feature=16 3 3 13 5 13 0 0 15 11 12 2 26
split_gain=0.0707255 0.0744136 0.104709 0.149079 0.140002 0.108871 0.080907 0.0894188 0.0495216 0.0437597 0.0630876 0.0366977 0.0295067
threshold=116.50000000000001 0.015500000000000002 0.10550000000000001 0.13950000000000004 -0.71849999999999981 0.17300000000000001 69.895000000000024 57.835000000000008 3.5000000000000004 0.078500000000000014 0.58550000000000002 24.355000000000004 1.1074904315197058
decision_type=2 2 2 8 2 10 2 2 2 2 2 2 2
left_child=12 -2 5 -4 -5 -3 7 -7 -6 -8 11 -11 -1
right_child=1 2 3 4 8 6 9 -9 -10 10 -12 -13 -14
leaf_value=-0.012850130484446099 -0.0096955999555860869 -0.007688481503896759 0.010087514900872752 0.0066244300492273494 -0.0014581928982432984 0.0075591257123980059 0.018331803583555656 -0.010815566643571486 -0.018735950709986873 -0.010285842827299361 0.0086265643394872454 0.0036659826992735895 0.0017780782147348549
leaf_weight=0.33560975150612637 0.2367396383488084 0.17941900272853706 0.61172963492572341 0.47636261553270798 0.77091708930674896 0.41026463988237116 1.4548109674069567 0.27040533814579248 0.84346911589091178 0.25509841900202435 0.47874628892168403 0.12266531630302779 0.17440899478970096
leaf_count=54 54 36 9 15 34 13 77 41 70 62 30 5 12
internal_value=-0.000174889 0.00193257 0.00374355 -0.00299342 -0.00884621 0.00882575 0.011494 -0.00183248 -0.0141989 0.0147867 0.00213434 -0.00638286 -0.00998303
internal_weight=6.62065 6.11063 5.87389 2.70248 2.09075 3.17141 2.99199 0.68067 1.61439 2.31132 0.85651 0.377764 0.510019
internal_count=512 446 392 128 119 264 228 54 104 174 97 67 66
is_linear=0
shrinkage=0.05


Tree=280
num_leaves=15
num_cat=0
split_feature=12 12 12 11 2 2 24 14 12 23 3 2 2 2
split_gain=0.0929677 0.149729 0.113149 0.137581 0.0851858 0.065453 0.0650146 0.0608627 0.0577116 0.0563481 0.0291403 0.0174863 0.0156827 0.0478579
threshold=0.64250000000000018 0.14000000000000004 0.08450000000000002 -0.15499999999999997 23.055000000000003 23.235000000000003 -0.95877792760838521 5.5000000000000009 0.84150000000000003 7.5000000000000009 0.016500000000000004 23.615000000000006 23.665000000000003 23.785000000000004
decision_type=2 2 2 2 2 2 2 2 2 2 2 2 2 2
left_child=1 2 3 4 7 -6 -3 -1 -2 11 -5 -7 -8 -14
right_child=8 6 -4 10 5 9 12 -9 -10 -11 -12 -13 13 -15
leaf_value=0.0043493718822210595 0.011660881862983453 0.0025170315175079543 0.012202110143867836 0.00097688163235601843 0.014162166107623816 -0.010054624817112836 -0.020307737136866594 -0.011213109288620635 -0.0034678335121463601 0.0068455330124161428 -0.016271545327409407 0.00084134053006879961 0.005754181640703882 -0.0084738599901314007
leaf_weight=0.37579400080721825 0.83932755765272282 0.21434035204583768 0.6255838336655869 0.16156931337900537 0.7206817240512462 0.2454087452206295 0.65455559481051728 0.50423670068266835 0.40247229687520303 0.30307422767509706 0.6174352395319147 0.32097479907679372 0.22188137072953396 0.19857372938713524
leaf_count=11 38 15 23 25 25 21 75 37 39 12 121 24 11 35
internal_value=-0.00154442 -0.00454608 0.00115839 -0.00333917 0.00316836 0.00844668 -0.0147069 -0.00578891 0.00739791 -0.0013322 -0.0141559 -0.00728476 -0.0176991 -0.00220043
internal_weight=6.40591 5.16411 3.87476 3.24917 2.47017 1.59014 1.28935 0.880031 1.2418 0.869458 0.779005 0.566384 1.07501 0.420455
internal_count=512 435 299 276 130 82 136 48 77 57 146 45 121 46
is_linear=0
shrinkage=0.05


Tree=281
num_leaves=15
num_cat=0
split_feature=12 12 12 10 13 2 2 12 24 14 0 2 2 3
split_gain=0.0892492 0.144556 0.109401 0.143838 0.0784994 0.0733008 0.0767938 0.0813544 0.0635791 0.0557498 0.0541556 0.0148007 0.0470828 0.00537988
threshold=0.64250000000000018 0.14000000000000004 0.08450000000000002 -0.028799999999999996 0.41700000000000004 23.055000000000003 23.235000000000003 -0.53799999999999992 -0.95877792760838521 5.5000000000000009 96.200000000000017 23.665000000000003 23.785000000000004 0.026500000000000006
decision_type=2 2 2 2 10 2 2 2 2 2 2 2 2 2
left_child=1 2 3 5 -2 9 -7 -8 -3 -1 -5 -10 -13 -12
right_child=4 8 -4 10 -6 6 7 -9 11 -11 13 12 -14 -15
leaf_value=0.0043412662245094049 -0.0036832978432736179 0.0024950012223182568 0.011991115781388964 -0.017954126496896514 0.013260346776372318 0.0145238685322212 -0.010750570073027739 0.0062548926116860401 -0.020061447220261028 -0.010481914846808991 0.0035959613649219554 0.0057042777835576118 -0.0084151953933580183 -0.0015997799507575052
leaf_weight=0.37420675484463573 0.5803916589647995 0.21425329043995578 0.62243812333326776 0.54630963364616114 0.65809568366967142 0.69973237096564822 0.26907606885652069 0.61780752718914289 0.64205592457437866 0.48096121591515872 0.10517903656000271 0.22139226776198484 0.1969717886968283 0.13593827684235293
leaf_count=10 40 15 23 107 37 23 33 27 75 35 10 11 35 31
internal_value=-0.00154762 -0.00449924 0.0011242 -0.00331045 0.00722178 0.00337183 0.00818158 -0.00186767 -0.0145155 -0.00515183 -0.0143255 -0.0174953 -0.00218956 0.00173789
internal_weight=6.36481 5.12632 3.85165 3.22921 1.23849 2.44178 1.58662 0.886884 1.27467 0.855168 0.787427 1.06042 0.418364 0.241117
internal_count=512 435 299 276 77 128 83 60 136 45 148 121 46 41
is_linear=0
shrinkage=0.05


Tree=282
num_leaves=15
num_cat=0
split_feature=12 6 18 23 13 13 0 16 24 26 10 2 3 3
split_gain=0.0864962 0.140402 0.0960338 0.0821908 0.0756603 0.0737369 0.113295 0.097271 0.079522 0.056757 0.0526002 0.0471046 0.0385582 0.0179358
threshold=0.64250000000000018 1.0000000180025095e-35 -0.099999999999999992 7.5000000000000009 0.41700000000000004 0.12450000000000001 109.15000000000002 134.50000000000003 -0.50723128154482267 -0.74494621240981662 -0.15459999999999999 23.155000000000005 0.03450000000000001 0.016500000000000004
decision_type=2 2 2 2 10 8 2 2 2 2 2 2 2 2
left_child=1 2 -1 5 -2 -3 7 8 11 -4 -10 -7 13 -13
right_child=4 3 9 -5 -6 6 -8 -9 10 -11 -12 12 -14 -15
leaf_value=-0.01952044177091003 -0.0036169835634291287 0.0083072918166992981 -0.0070666958602620582 0.010982603273749411 0.013026599878325574 -0.0076944623728676196 0.0069967631877399933 0.0054860829346064814 0.0015389734102921021 0.0068241380289040159 -0.02210896542875071 0.002919790877078604 0.0099740150438852038 -0.006592073501097126
leaf_weight=0.82802441519743297 0.57982944132527314 0.28493743832223195 0.43740448029711843 0.63167309129494231 0.65444617223693058 0.17630092974286549 0.51454815920442332 0.23960705526405934 0.12913278886117063 0.50568631160422206 0.76558579313859787 0.11872895614942536 0.30587189202196896 0.14998848643153906
leaf_count=84 40 11 28 36 37 20 24 15 9 31 118 19 13 27
internal_value=-0.00155361 -0.00447028 -0.0128347 0.00193536 0.00708847 -0.00259621 -0.00595354 -0.0106881 -0.0142266 6.03734e-05 -0.019685 -0.000194513 0.00553188 -0.00340056
internal_weight=6.32177 5.08749 1.77112 3.31637 1.23428 2.6847 2.39976 1.88522 1.64561 0.943091 0.894719 0.75089 0.574589 0.268717
internal_count=512 435 143 292 77 256 245 221 206 59 127 79 59 46
is_linear=0
shrinkage=0.05


Tree=283
num_leaves=15
num_cat=0
split_feature=12 12 12 10 13 2 2 12 24 0 16 2 2 3
split_gain=0.0826966 0.138429 0.102928 0.137925 0.0729256 0.0689931 0.0732273 0.0789798 0.0605947 0.0522478 0.0506698 0.0144772 0.0458757 0.0053051
threshold=0.64250000000000018 0.14000000000000004 0.08450000000000002 -0.028799999999999996 0.41700000000000004 23.055000000000003 23.235000000000003 -0.53799999999999992 -0.95877792760838521 96.200000000000017 126.50000000000001 23.665000000000003 23.785000000000004 0.026500000000000006
decision_type=2 2 2 2 10 2 2 2 2 2 2 2 2 2
left_child=1 2 3 5 -2 10 -7 -8 -3 -5 -1 -10 -13 -11
right_child=4 8 -4 9 -6 6 7 -9 11 13 -12 12 -14 -15
leaf_value=0.0041775205197520275 -0.003551867840273345 0.0024287378092551159 0.011713077107498021 -0.017616136451953205 0.012796899008326035 0.014247240802950208 -0.01059687478759058 0.0061856351784186463 -0.019681204593420321 0.0035715686769592979 -0.0099947465848026773 0.0056595211423080766 -0.0082830685134095035 -0.0015900897426508031
leaf_weight=0.36166212509851936 0.57928307526162803 0.21313810686115164 0.61494918973767188 0.53100848410395052 0.65092334672226571 0.69001929782098137 0.26431632228195678 0.61284017062280316 0.62307477305876069 0.10472230182494968 0.48273266226169653 0.22032017333549447 0.19338926793716382 0.13482041146198753
leaf_count=18 40 15 23 107 37 23 33 27 75 10 27 11 35 31
internal_value=-0.00149049 -0.00435983 0.00116994 -0.0031811 0.00695778 0.00337838 0.00804649 -0.00182263 -0.0142121 -0.0140235 -0.00495077 -0.0171459 -0.00210687 0.00172735
internal_weight=6.2772 5.04699 3.79707 3.18212 1.23021 2.41157 1.56718 0.877156 1.24992 0.770551 0.844395 1.03678 0.413709 0.239543
internal_count=512 435 299 276 77 128 83 60 136 148 45 121 46 41
is_linear=0
shrinkage=0.05


Tree=284
num_leaves=15
num_cat=0
split_feature=12 12 12 0 13 13 22 24 18 13 18 2 7 3
split_gain=0.080185 0.133343 0.0999876 0.121251 0.124125 0.0702915 0.0620143 0.0592776 0.0228048 0.0158925 0.0147068 0.0123817 0.00438349 0.00244485
threshold=0.64250000000000018 0.14000000000000004 0.057000000000000002 70.105000000000004 0.35250000000000004 0.41700000000000004 6.5000000000000009 -0.95877792760838521 -0.41499999999999992 0.37750000000000006 -0.014999999999999998 23.265000000000004 -0.026499999999999996 0.016500000000000004
decision_type=2 2 2 2 8 10 2 2 2 10 2 2 2 2
left_child=1 2 3 9 6 12 11 -3 -6 -1 -9 -5 -2 -8
right_child=5 7 -4 4 8 -7 13 10 -10 -11 -12 -13 -14 -15
leaf_value=-0.015873023579561791 -0.0048030669052709918 0.0024075660763624926 0.011021973665626921 0.014176836447358657 0.0015932972215012599 0.012571174156542434 0.0004345580397064208 -0.019480124214894749 -0.011539623951877256 -3.8944868670419049e-05 -0.0020305413959177425 0.001702484634274169 0.00054028873178409728 -0.0040263910469528364
leaf_weight=0.4444123084831525 0.29129454176290892 0.21305760391987849 0.72573781554820005 0.82436893502017505 0.14917354422505014 0.64752314751967788 0.17149875467293885 0.61372671581921157 0.42289976305619337 0.18353672107332386 0.40949204977368925 0.56850806561124045 0.28745750611415111 0.28363458372768946
leaf_count=54 18 15 32 24 12 37 13 87 69 18 34 45 22 32
internal_value=-0.0014978 -0.00433329 0.00111732 -0.0033812 0.00271515 0.00682967 0.00838298 -0.014031 -0.00927994 -0.0141118 -0.016952 0.0119246 -0.00348793 -0.003202
internal_weight=6.23632 5.01005 3.77377 3.04803 2.42008 1.22628 1.84801 1.23628 0.572073 0.627949 1.02322 1.39288 0.578752 0.455133
internal_count=512 435 299 267 195 77 114 136 81 72 121 69 40 45
is_linear=0
shrinkage=0.05


Tree=285
num_leaves=14
num_cat=0
split_feature=14 14 26 23 23 16 18 26 6 3 16 13 1
split_gain=0.0676531 0.107012 0.0732988 0.138314 0.128067 0.0890167 0.0751637 0.0634057 0.0575014 0.0301792 0.0439909 0.0248081 0.0190718
threshold=5.5000000000000009 3.5000000000000004 1.0770060508093089 6.5000000000000009 8.5000000000000018 126.50000000000001 -0.014999999999999998 1.1931099126164333 -0.74999999999999989 0.018500000000000006 134.50000000000003 0.24550000000000002 70.381000000000014
decision_type=2 2 2 2 2 2 2 2 2 2 2 10 2
left_child=1 11 3 9 12 6 -6 -4 -7 -2 -11 -1 -5
right_child=2 -3 7 4 5 8 -8 -9 -10 10 -12 -13 -14
leaf_value=-0.0099941298808788621 0.00037056469536666603 0.012029684512094208 0.0099329610950574781 0.012803309838023753 -0.018355054606777332 0.0080575200255409707 0.0020447404211531551 -0.0054702275886954269 -0.0054704586056270694 -0.02174815461729708 0.0010078716124735589 0.0020237411769750439 -0.00014241354911748386
leaf_weight=0.23966740045580082 0.1724949214258229 0.82344877006835282 0.59570135615649622 0.44676513841841403 0.55523929017363105 0.69856908568181098 0.38051486096810594 0.32451909792143852 0.53605019635870099 0.73991044009744655 0.14471394551219419 0.22808148065814748 0.32703928524279036
leaf_count=39 12 47 21 25 59 24 26 35 29 108 15 24 39
internal_value=-0.00245699 0.00525116 -0.00502455 -0.00766953 -0.000533941 -0.0064473 -0.0132887 0.00448106 0.00236432 -0.0176225 -0.019466 -0.0067478 0.0103362
internal_weight=6.21272 1.2912 4.92152 4.0013 2.94418 2.17037 0.935754 0.92022 1.23462 1.05712 0.884624 0.467749 0.773804
internal_count=503 110 393 337 202 138 85 56 53 135 123 63 64
is_linear=0
shrinkage=0.05


Tree=286
num_leaves=13
num_cat=0
split_feature=14 10 14 2 23 5 18 7 0 9 13 15
split_gain=0.0642488 0.126913 0.0820062 0.0716641 0.152183 0.0994631 0.107121 0.084342 0.0640336 0.141698 0.0323101 0.0204716
threshold=5.5000000000000009 -0.049249999999999995 4.5000000000000009 23.685000000000006 11.500000000000002 -0.17599999999999996 -0.18499999999999997 -0.046499999999999993 70.265000000000015 -1.0000000180025095e-35 0.79900000000000015 2.5000000000000004
decision_type=2 2 2 2 2 2 2 2 2 2 10 2
left_child=1 -1 11 5 10 6 -2 -7 9 -9 -5 -3
right_child=3 2 -4 4 -6 7 -8 8 -10 -11 -12 -13
leaf_value=0.014893968807735357 0.0033341547319679699 0.00094760659666352158 0.0059498500322452425 -0.020985439630959918 0.0049350435276455558 -0.0067000357149262797 -0.016653527249880319 -0.012757013069085166 0.013580766378082207 0.0096934216285987709 0.00062358813097134706 -0.013846794880474585
leaf_weight=0.45184955978766084 0.72654054628219455 0.13654248224338517 0.32745072350371607 0.69546275929314993 0.50777611447847448 0.38821638183435414 0.47806852700887226 0.33275973983108975 1.1319751519040435 0.49764927878277476 0.12991139481891878 0.36967668563011102
leaf_count=9 29 13 20 115 27 26 44 35 66 34 17 68
internal_value=-0.00243824 0.00509 -0.00544837 -0.00494619 -0.0117586 -0.000371099 -0.00855412 0.00512388 0.00893509 -0.00135745 -0.0191059 -0.0118765
internal_weight=6.17388 1.28552 0.83367 4.88836 1.33315 3.55521 1.20461 2.3506 1.96238 0.830409 0.825374 0.506219
internal_count=503 110 101 393 159 234 73 161 135 69 132 81
is_linear=0
shrinkage=0.05


Tree=287
num_leaves=15
num_cat=0
split_feature=14 10 14 26 23 23 16 11 26 10 3 16 15 1
split_gain=0.0630736 0.123428 0.0800704 0.0678082 0.13384 0.123355 0.0851784 0.0855217 0.0609291 0.0533948 0.0286977 0.0429858 0.020103 0.0182349
threshold=5.5000000000000009 -0.049249999999999995 4.5000000000000009 1.0770060508093089 6.5000000000000009 8.5000000000000018 127.50000000000001 0.082500000000000018 1.1931099126164333 0.087550000000000017 0.018500000000000006 134.50000000000003 2.5000000000000004 70.381000000000014
decision_type=2 2 2 2 2 2 2 2 2 2 2 2 2 2
left_child=1 -1 12 4 10 13 7 -7 -5 -8 -2 -12 -3 -6
right_child=3 2 -4 8 5 6 9 -9 -10 -11 11 -13 -14 -15
leaf_value=0.014712783612012682 0.00034940288373660328 0.00094191725035827362 0.0058790917387854099 0.0096472757741484089 0.012627157188250235 0.0017480703641563006 -0.0048450788661409672 -0.018392148664289232 -0.0054385166289511828 0.0087498955492405529 -0.021416170979668591 0.0010201090365066473 -0.013709563416960724 -0.00012319736965999689
leaf_weight=0.44698156975209713 0.17087187041761376 0.13653903652448207 0.32687240384984739 0.5885296994820236 0.44152420168393325 0.55643328494625188 0.4920729753503108 0.56102535055833869 0.32219178321247455 0.5323814608855173 0.72128518045064993 0.14382839237805456 0.36484051388106309 0.32436476566363126
leaf_count=9 12 13 20 21 25 24 31 67 35 16 108 15 68 39
internal_value=-0.00245111 0.00503205 -0.00538221 -0.00494061 -0.00749609 -0.000453374 -0.00630536 -0.0122741 0.00425715 0.00305216 -0.0173319 -0.0191391 -0.0117498 0.0102154
internal_weight=6.12974 1.27523 0.828252 4.85451 3.94379 2.9078 2.14191 1.11746 0.910721 1.02445 1.03599 0.865114 0.50138 0.765889
internal_count=503 110 101 393 337 202 138 91 56 47 135 123 81 64
is_linear=0
shrinkage=0.05


Tree=288
num_leaves=15
num_cat=0
split_feature=10 18 5 22 26 26 25 5 15 11 26 24 24 5
split_gain=0.0618573 0.0779644 0.0957724 0.0792243 0.0580666 0.0581115 0.0485489 0.0448022 0.0391623 0.037832 0.0353512 0.0244502 0.0218781 0.0158451
threshold=-0.091499999999999984 -0.20999999999999999 0.10700000000000001 3.5000000000000004 -0.79929448100594558 -1.0370952469521377 -1.1692230697726143 0.31900000000000006 4.5000000000000009 -0.10749999999999998 0.49382349867437686 -0.79513787115597279 -0.23643767065904475 0.76250000000000007
decision_type=2 2 2 2 2 2 2 2 2 2 2 2 2 2
left_child=12 4 3 8 5 6 -2 -4 -3 10 -6 -5 -1 -9
right_child=1 2 7 11 9 -7 -8 13 -10 -11 -12 -13 -14 -15
leaf_value=0.0090392799479386693 0.0035543301232177625 0.0070748503988484635 0.013326720973702686 0.0012146412875863703 -0.0070793354000475324 0.0076255144850843953 -0.011479684480032393 -0.0057292758705362358 -0.0039894459897269882 -0.018754471117778691 0.004478959346574469 -0.014300779907298689 -0.0010616493143033206 0.0030081427060526921
leaf_weight=0.43189510493539274 0.30198797350749373 0.76312737120315455 0.59066374026588153 0.13004733121488232 0.31335617564036522 0.3771154640708122 0.29130739948595874 0.12817778895259835 0.59741317899897695 0.58159903727937456 0.39538131642621011 0.503348763770191 0.5577395746950059 0.12393438257277012
leaf_count=11 9 22 30 8 21 14 36 33 35 130 21 92 29 12
internal_value=-0.00240225 -0.00464366 0.00106608 -0.0046846 -0.00993784 0.000154845 -0.00639938 0.00983063 0.00258461 -0.0142817 -0.00178368 -0.0123218 0.00567417 -0.00246199
internal_weight=6.08709 5.09746 2.83671 1.99394 2.26075 0.970411 0.593295 0.842776 1.36054 1.29034 0.708737 0.633396 0.989635 0.252112
internal_count=503 463 232 157 231 59 45 75 57 172 42 100 40 45
is_linear=0
shrinkage=0.05


Tree=289
num_leaves=15
num_cat=0
split_feature=14 10 10 2 23 23 26 26 10 24 12 24 12 24
split_gain=0.0613873 0.118718 0.0777302 0.0665459 0.144895 0.0928569 0.14519 0.114651 0.0360137 0.035406 0.0348339 0.031248 0.0340387 0.0304206
threshold=5.5000000000000009 -0.049249999999999995 0.078200000000000006 23.685000000000006 11.500000000000002 6.5000000000000009 1.0770060508093089 -0.89398799877264945 -0.01035 -0.92334339168776725 -0.54649999999999987 -0.76196042887383519 -0.60099999999999987 -0.83376125003453849
decision_type=2 2 2 2 2 2 2 2 2 2 2 2 2 2
left_child=1 -1 13 5 9 6 11 -7 -9 -5 -8 -2 -13 -3
right_child=3 2 -4 4 -6 7 10 8 -10 -11 -12 12 -14 -15
leaf_value=0.014505675502818017 0.00098064847220767247 0.0018633330676653755 0.0058239560481484652 0.00092921980225969521 0.0048340873735820125 -0.0060347085475354247 -0.0026849031137856599 0.00016391994956692075 0.01605348477862455 -0.020667518009934584 0.0095048066072359397 0.00086053036250886893 -0.019286961631967442 -0.014050557697492425
leaf_weight=0.44098331779241562 0.15649947652127549 0.11628094461048022 0.32345278488355689 0.12042302364716306 0.50324705906677991 0.6022067010635509 0.40313415830314625 0.48190043366048474 0.64504255627980445 0.67885862792900276 0.4557463797100354 0.14648248971207023 0.60448911468847766 0.3779377491737248
leaf_count=9 11 12 27 12 27 28 26 24 35 120 22 14 74 62
internal_value=-0.00238547 0.00501598 -0.00526666 -0.00485732 -0.0114613 -0.00039439 -0.00677994 0.00622272 0.0125305 -0.0187056 0.00541687 -0.0151116 -0.01711 -0.0115651
internal_weight=6.05668 1.25865 0.817671 4.79803 1.30253 3.4955 1.76635 1.72915 1.12694 0.799282 0.858881 0.907471 0.750972 0.494219
internal_count=503 110 101 393 159 234 147 87 59 132 48 99 88 74
is_linear=0
shrinkage=0.05


Tree=290
num_leaves=15
num_cat=0
split_feature=2 2 10 11 10 12 23 3 2 19 12 18 12 5
split_gain=0.112 0.0972842 0.101287 0.11884 0.103042 0.0763096 0.064163 0.0446314 0.0571621 0.05231 0.0379185 0.0348471 0.0293364 0.0192057
threshold=22.950000000000006 23.165000000000003 0.072150000000000006 0.48650000000000004 -0.049249999999999995 -0.47849999999999993 4.5000000000000009 0.016500000000000004 23.665000000000003 13.000000000000002 0.74900000000000011 -0.014999999999999998 0.58550000000000002 -0.021499999999999995
decision_type=2 2 2 2 2 2 2 2 2 2 2 2 2 2
left_child=11 6 4 10 5 -3 -2 -6 -9 -10 12 -1 -4 -5
right_child=1 2 3 13 7 -7 -8 8 9 -11 -12 -13 -14 -15
leaf_value=-0.014467937705328804 -0.0014522499075702662 -0.0065823490210690106 0.00029651188126458014 0.001804409265419203 0.0025401141297020547 0.010124537008569433 0.015596893719047621 -0.019735628249354088 -0.0078702219627653416 0.0065289493046608825 -0.00052785788639805734 0.0012875489232415797 0.016485961161231882 -0.010397767138667281
leaf_weight=0.38938705023610964 0.55178054235875584 0.3182183277385775 0.37789940941729561 0.090860542608425021 0.12282073106325753 0.57810590369626846 0.93672263924963772 0.63375706913939189 0.18284873887023423 0.35260902174923103 0.50573126506060351 0.26796541200019408 0.73794333574187476 0.25745164281397581
leaf_count=47 33 35 37 7 23 18 31 111 34 27 19 17 21 57
internal_value=0.000557864 0.00339169 -0.00104873 0.00577769 -0.00707846 0.00384988 0.011233 -0.0130318 -0.0150844 -0.000311416 0.0107819 -0.0111437 0.0137346 -0.00823721
internal_weight=6.3041 5.64675 4.15825 1.96989 2.18836 0.896324 1.4885 1.29204 1.16921 0.535458 1.62157 0.657352 1.11584 0.348312
internal_count=517 453 389 141 248 53 64 195 172 61 77 64 58 64
is_linear=0
shrinkage=0.05


Tree=291
num_leaves=14
num_cat=0
split_feature=2 3 2 10 10 12 16 13 12 26 18 22 26
split_gain=0.108191 0.0946092 0.114246 0.121452 0.0959482 0.067704 0.0522045 0.0487725 0.0478581 0.0592579 0.0341119 0.0292339 0.00992001
threshold=22.950000000000006 0.015500000000000002 23.165000000000003 0.072150000000000006 -0.049249999999999995 0.74900000000000011 124.50000000000001 0.24150000000000002 0.58550000000000002 0.58685003304895444 -0.014999999999999998 3.5000000000000004 -0.95307624461402696
decision_type=2 2 2 2 2 2 2 8 2 2 2 2 2
left_child=10 -2 -3 4 11 8 7 -6 9 -5 -1 -4 -9
right_child=1 2 3 5 6 -7 -8 12 -10 -11 -12 -13 -14
leaf_value=-0.014320712155609996 -0.0099907794431807872 0.014090128142081779 0.0075633913606756031 -0.0084494822642742131 0.0068123394167325562 -0.0026803216031352113 -0.017078807139719685 0.0010856815691558902 0.015923696216092978 0.0072516780321507483 0.0012739532861803077 -0.0031522645840350357 -0.0083956544739041926
leaf_weight=0.38413424539612606 0.24591055937344197 1.3632751353434285 0.5266837181989098 0.19999651065154445 0.31221844453830339 0.70909130247309793 0.64861466710863169 0.09340939624235034 0.73857503663748503 0.21242303799954243 0.26795597857562814 0.36352395443827845 0.19946985557908192
leaf_count=47 64 53 20 36 22 39 99 8 24 9 17 32 47
internal_value=0.00048856 0.00328979 0.00537178 0.000180808 -0.00663236 0.0076069 -0.0124685 3.49121e-05 0.0122442 -0.000953858 -0.0110203 0.00383488 -0.0068709
internal_weight=6.26528 5.61319 5.36728 4.00401 2.14392 1.86009 1.25371 0.605098 1.15099 0.41242 0.65209 0.890208 0.292879
internal_count=517 453 389 336 228 108 176 77 69 45 64 52 55
is_linear=0
shrinkage=0.05


Tree=292
num_leaves=15
num_cat=0
split_feature=23 15 16 9 15 6 16 18 1 7 7 0 18 25
split_gain=0.0680914 0.0821232 0.121036 0.0798771 0.0786104 0.0717216 0.0657851 0.0570045 0.0500822 0.0340821 0.0392526 0.0304473 0.0126653 0.00914607
threshold=4.5000000000000009 7.5000000000000009 119.50000000000001 -0.06699999999999999 10.500000000000002 0.65000000000000002 131.50000000000003 -0.024999999999999998 109.75500000000001 -0.013999999999999997 -0.097499999999999989 70.360000000000014 -0.14499999999999996 -0.073301917548629913
decision_type=2 2 2 2 2 2 2 2 2 2 2 2 2 2
left_child=3 2 12 -1 -3 -5 7 9 -7 10 -4 -6 -2 -13
right_child=1 4 6 5 11 8 -8 -9 -10 -11 -12 13 -14 -15
leaf_value=0.0052424218336440884 -0.00990446950456551 -0.012502516123971755 0.0084529714219341058 0.0033650039817435268 0.0082118738608535462 -0.018746302965733135 -0.0020598171353134655 2.5274015764872483e-05 0.0020717675515268745 0.019731235752892116 -0.0034924577706839338 0.0018028997085482831 0.00067790737646348392 -0.0055279686306476082
leaf_weight=0.36189667863072827 0.24008659865648951 0.50388853235926923 0.41878660884685848 0.25577938748756401 0.35534899850608781 0.58844367836718448 0.67759034218033765 0.74872238008538294 0.13055929925758392 0.98382488390780043 0.54655193642247468 0.084500261466018856 0.21079235861543599 0.12306849428568967
leaf_count=17 32 79 8 21 19 124 35 37 9 39 40 10 16 31
internal_value=0.000396517 0.00321332 0.00639449 -0.00687722 -0.00577 -0.0117529 0.00967293 0.0123798 -0.0159599 0.0155078 0.00335397 0.00440005 -0.00789976 -0.00352199
internal_weight=6.22984 4.89316 3.82636 1.33668 1.06681 0.974782 3.37548 2.69789 0.719003 1.94916 0.965339 0.562918 0.450879 0.207569
internal_count=517 346 207 171 139 154 159 124 133 87 48 60 48 41
is_linear=0
shrinkage=0.05


Tree=293
num_leaves=15
num_cat=0
split_feature=2 3 2 10 10 12 12 3 2 19 12 26 13 24
split_gain=0.101718 0.0904033 0.108099 0.113873 0.0923976 0.0719395 0.0654394 0.0497748 0.0548574 0.0509901 0.0467443 0.0579327 0.0121521 0.00102304
threshold=22.950000000000006 0.015500000000000002 23.165000000000003 0.072150000000000006 -0.049249999999999995 -0.47849999999999993 0.74900000000000011 0.017500000000000005 23.665000000000003 13.000000000000002 0.58550000000000002 0.58685003304895444 0.11100000000000002 0.83884333705911152
decision_type=2 2 2 2 2 2 2 2 2 2 2 2 10 2
left_child=12 -2 13 4 5 -4 10 -6 -9 -10 11 -5 -1 -3
right_child=1 2 3 6 7 -7 -8 8 9 -11 -12 -13 -14 -15
leaf_value=0.00040772023226057674 -0.0098631335286685599 0.0031735896846320413 -0.0063910626594659058 -0.0084043208284613966 0.0031672261790726686 0.0098706163649707399 -0.0027240524118016564 -0.019127494987429848 -0.0077132973032939022 0.0065211769060259514 0.015572198340791661 0.0071387079641935941 -0.012192875925246531 0.015811300787211047
leaf_weight=0.14733670451096248 0.24204970580467478 0.64866242295829557 0.31289173779077828 0.19871785996656377 0.10866514407098371 0.57209753082133818 0.70416712155565608 0.60292974016920176 0.17865872732363641 0.34989897733612452 0.7282203823706368 0.20947873045224696 0.49490201033768244 0.69802352227270603
leaf_count=10 64 37 34 36 5 18 39 110 34 27 24 9 54 16
internal_value=0.000359842 0.00310461 0.00516436 0.000104597 -0.00649899 0.00378082 0.00733288 -0.0122478 -0.0145196 -0.000188685 0.0119227 -0.00102279 -0.0108141 0.0136704
internal_weight=6.1967 5.55446 5.31241 3.96573 2.12514 0.884989 1.84058 1.24015 1.13149 0.528558 1.13642 0.408197 0.642239 1.34669
internal_count=517 453 389 336 228 52 108 176 171 61 69 45 64 53
is_linear=0
shrinkage=0.05


Tree=294
num_leaves=15
num_cat=0
split_feature=23 9 6 10 5 6 26 26 5 16 1 11 11 5
split_gain=0.0640795 0.0766493 0.0713142 0.135779 0.115177 0.0686561 0.0588084 0.105716 0.0577521 0.0538943 0.048895 0.0463016 0.0252094 0.00496274
threshold=4.5000000000000009 -0.06699999999999999 1.0000000180025095e-35 0.087550000000000017 -0.71849999999999981 0.65000000000000002 -0.73947028094778544 -0.67689097792996578 -0.43349999999999994 124.50000000000001 109.75500000000001 0.32300000000000006 0.075500000000000012 0.046500000000000007
decision_type=2 2 2 2 2 2 2 2 2 2 2 2 2 2
left_child=1 -1 3 4 -2 -3 -6 -8 -4 11 -7 -5 -10 -14
right_child=2 5 8 9 6 10 7 -9 12 -11 -12 -13 13 -15
leaf_value=0.00513249160071114 0.006192915128674769 0.0032747926309921308 -0.0037766541917359123 0.0054263045546478431 -0.01852456669538283 -0.018472148622618714 0.010239204615890313 -0.0096934702217388955 0.01408297507207823 0.011157717575358094 0.0020655693499318372 -0.0089999192463879295 0.0023550603639950988 -0.0022602258140907521
leaf_weight=0.35881012451136485 0.37126668170094435 0.25464527469011933 0.24593417579308141 0.14511725568445388 0.73951653053518329 0.57511422112293076 0.26266904920339584 0.40707357358769636 1.0806143511581465 1.0323119371314531 0.12992916174698621 0.21534826658898965 0.10154347785282869 0.23888798640109599
leaf_count=17 12 21 16 8 62 124 6 51 68 37 9 37 6 43
internal_value=0.000310127 -0.00676257 0.00306477 -0.00155528 -0.00879055 -0.0115595 -0.01367 -0.000425634 0.00914511 0.00750245 -0.0156957 -0.00347255 0.0120176 -0.000153656
internal_weight=6.15878 1.3185 4.84028 3.1733 1.78053 0.959689 1.40926 0.669743 1.66698 1.39278 0.705043 0.360466 1.42105 0.340431
internal_count=517 171 346 213 131 154 119 57 133 82 133 45 117 49
is_linear=0
shrinkage=0.05


Tree=295
num_leaves=13
num_cat=0
split_feature=16 3 2 26 26 2 25 7 19 2 2 2
split_gain=0.0741274 0.0833717 0.0814683 0.0825466 0.0788371 0.121599 0.0705147 0.0514513 0.0245008 0.0190341 0.0177986 0.016444
threshold=116.50000000000001 0.015500000000000002 22.880000000000006 -1.5788965662037384 -0.67689097792996578 23.165000000000003 0.44866061890724424 -0.046499999999999993 9.5000000000000018 23.065000000000001 23.745000000000001 23.765000000000004
decision_type=2 2 2 2 2 2 2 2 2 2 2 2
left_child=8 -2 -3 -4 10 9 7 -7 -1 -6 -5 -9
right_child=1 2 3 4 5 6 -8 11 -10 -11 -12 -13
leaf_value=0.0016973356696057596 -0.00936366186792233 -0.0070287276380943745 -0.0072549362943894625 0.016780527731100014 0.00047274237991912877 0.0016014671083681318 0.0045092012687775193 -0.016511013829364398 -0.011815565133388694 0.012806426775335868 0.002889126900374967 8.6566687031663884e-05
leaf_weight=0.15348264586646099 0.22690341359702859 0.39169366194983002 0.16561862855451082 1.3683039204915983 0.48406420415267504 0.41659149382030547 0.50000168028054748 0.48206055503396805 0.30311409183195792 0.64948260982055217 0.80064116744324554 0.15439390674873721
leaf_count=5 54 39 24 44 27 34 40 96 61 27 34 32
internal_value=0.00116475 0.00326889 0.005176 0.0071373 0.00878335 0.00175978 -0.0060077 -0.0107654 -0.00922643 0.0102297 0.0141825 -0.0148922
internal_weight=6.09635 5.63976 5.41285 5.02116 4.85554 2.68659 1.55305 1.05305 0.456597 1.13355 2.16895 0.636454
internal_count=517 451 397 358 334 256 202 162 66 54 78 128
is_linear=0
shrinkage=0.05


Tree=296
num_leaves=15
num_cat=0
split_feature=16 3 2 26 24 15 12 6 15 16 19 24 24 24
split_gain=0.0710792 0.0806391 0.0782161 0.0801934 0.0808815 0.0523972 0.0888725 0.0644153 0.108879 0.024857 0.0240935 0.0076209 0.0726037 0.00486337
threshold=116.50000000000001 0.015500000000000002 22.880000000000006 -1.5788965662037384 2.6267181571519473 7.5000000000000009 -0.53799999999999992 1.0500000000000003 11.500000000000002 132.50000000000003 9.5000000000000018 -0.28685517520646148 -0.80432718729207731 -0.46953221214599167
decision_type=2 2 2 2 2 2 2 2 2 2 2 2 2 2
left_child=10 -2 -3 -4 5 6 -5 8 -7 11 -1 12 -8 -14
right_child=1 2 3 4 -6 7 9 -9 -10 -11 -12 -13 13 -15
leaf_value=0.0016860830640565609 -0.0092930951001767882 -0.0069370280458923642 -0.0072106782204006004 -0.0042977459347216911 -0.0055010203531955792 -0.014157739343066772 0.01070538549061037 0.0081647235790461414 0.0066691284360033444 0.00096664051614430151 -0.011709941981185606 0.018671506967261792 0.00019787791475620069 -0.0069727379142253123
leaf_weight=0.15345603233436111 0.22484056794201013 0.39028249017428596 0.16447018884355102 0.25398639484774266 0.30482997721992422 0.38665493143344043 0.52977258828468621 0.44018582302669529 0.34547981846844777 0.42486806865781535 0.29966293263714761 1.7604667748964877 0.22972620266955346 0.15864611341385204
leaf_count=5 54 39 24 21 10 80 14 34 25 32 61 69 29 20
internal_value=0.0010323 0.00310994 0.00500086 0.00693385 0.00856841 0.0103388 0.0128679 0.00050637 -0.00615352 0.0149777 -0.00913494 0.0163331 0.00445285 -0.00564373
internal_weight=6.06733 5.61421 5.38937 4.99909 4.83462 4.52979 3.35747 1.17232 0.732135 3.10348 0.453119 2.67861 0.918145 0.388372
internal_count=517 451 397 358 334 324 185 139 105 164 66 132 63 49
is_linear=0
shrinkage=0.05


Tree=297
num_leaves=13
num_cat=0
split_feature=26 10 26 22 15 5 1 9 13 12 18 13
split_gain=0.0688719 0.129131 0.0782535 0.143735 0.0704315 0.0906731 0.0631966 0.0562122 0.0331802 0.0291921 0.00398672 0.000533153
threshold=-0.67689097792996578 -0.064249999999999988 -1.2208207792309047 1.5000000000000002 2.5000000000000004 0.68000000000000016 68.558500000000009 -0.023499999999999997 0.22100000000000003 -0.61449999999999994 1.0000000180025095e-35 0.23300000000000004
decision_type=2 2 2 2 2 2 2 2 8 2 2 8
left_child=2 9 3 -1 8 6 -6 -4 -3 -2 -5 -7
right_child=1 4 7 10 5 11 -8 -9 -10 -11 -12 -13
leaf_value=0.0092228171091739627 -0.0016278350920375028 0.0068651748691895735 -0.0008372334087979954 -0.013929759511467195 0.0012365706251949772 0.0038156876849879521 -0.021789217976802708 0.015052237486157465 -0.0042087616834993605 0.0090568088309656118 -0.00065235463586663057 0.00011782236036448535
leaf_weight=0.44858905067667398 0.57298849106882699 0.29325582494493607 0.64044996362645179 0.3783501258585602 0.23567848188395124 0.090849768312182277 0.7482622508177883 0.93641863402444847 0.47207220157724805 0.87168498919345461 0.16606997820781544 0.17933631857158616
leaf_count=9 35 10 32 55 28 6 194 37 39 29 8 35
internal_value=0.000850593 -0.00340273 0.0059311 -0.00331193 -0.00979685 -0.0143133 -0.0184306 0.0107782 0.00151973 0.00588665 -0.0129244 0.00338635
internal_weight=6.03401 3.46413 2.56988 0.993009 2.01945 1.25413 0.983941 1.57687 0.765328 1.44467 0.54442 0.270186
internal_count=517 376 141 72 312 263 222 69 49 64 63 41
is_linear=0
shrinkage=0.05


Tree=298
num_leaves=13
num_cat=0
split_feature=16 3 2 26 24 22 25 5 18 5 26 9
split_gain=0.0662342 0.0770441 0.0730979 0.0767957 0.0772046 0.0529118 0.131886 0.0661132 0.0586297 0.0253664 0.0240953 0.000299216
threshold=116.50000000000001 0.015500000000000002 22.880000000000006 -1.5788965662037384 2.6267181571519473 3.5000000000000004 -0.046998869353706611 -0.060999999999999992 0.030000000000000002 -0.42149999999999993 1.1074904315197058 1.0000000180025095e-35
decision_type=2 2 2 2 2 2 2 2 2 2 2 2
left_child=10 -2 -3 -4 5 -5 8 -8 9 -7 -1 -9
right_child=1 2 3 4 -6 6 7 11 -10 -11 -12 -13
leaf_value=-0.011574137031160716 -0.0092151885955068565 -0.0067727341445733688 -0.0071440947231335835 0.014581754053854454 -0.0054397792490334541 0.0012540972723345644 -0.0045068132231624782 0.012880252899230516 0.004439637613645883 -0.01497869644139125 0.0017221153681979484 0.0016309549584548118
leaf_weight=0.29408970501390275 0.22255281190155063 0.38706448176526453 0.16270533605711435 2.0597854298976026 0.30260537518188346 0.11659511037578341 0.22029884305084091 1.2039960650436117 0.12877355530508794 0.41872887828503724 0.15396798035362735 0.33047220116714027
leaf_count=55 54 39 24 84 10 16 28 80 11 76 11 29
internal_value=0.000827372 0.00286617 0.00474642 0.00663597 0.00825952 0.0100091 0.00298908 0.00909634 -0.00891717 -0.0129291 -0.00897112 0.012057
internal_weight=6.00164 5.55358 5.33103 4.94396 4.78126 4.47865 2.41886 1.75477 0.664098 0.535324 0.448058 1.53447
internal_count=517 451 397 358 334 324 240 137 103 92 66 109
is_linear=0
shrinkage=0.05


Tree=299
num_leaves=13
num_cat=0
split_feature=26 10 24 26 24 7 15 24 12 0 18 24
split_gain=0.0662864 0.122516 0.0824159 0.0740864 0.0927717 0.0765223 0.0448365 0.0427922 0.0274983 0.021527 0.00334904 0.00267272
threshold=-0.67689097792996578 -0.064249999999999988 -0.72064439447454853 -1.2208207792309047 1.2500845508979217 -0.046499999999999993 2.5000000000000004 -0.85033629837667879 -0.61449999999999994 112.78500000000001 -1.0000000180025095e-35 -0.27972295727297297
decision_type=2 2 2 2 2 2 2 2 2 2 2 2
left_child=3 8 7 4 10 -5 -4 9 -2 -3 -1 -7
right_child=1 2 6 5 -6 11 -8 -9 -10 -11 -12 -13
leaf_value=-0.012170056223882415 -0.0016403799620088506 -0.0083006334131730843 -0.00037908872752570952 -0.0032765000699622733 0.0066809496203626868 0.0025269540190524156 -0.018419174697711184 0.0073521324993558405 0.0086848241704402564 0.0026694932280755912 -0.00052311086707322357 0.016359214731803084
leaf_weight=0.31599831589846883 0.571465370740043 0.19693708140403032 0.4817110617586875 0.40785575448535372 0.50147099862806499 0.47273451788350929 0.75672132616455201 0.4420613657857756 0.86264660861343168 0.11995462910272181 0.16299391939537622 0.68071876605972637
leaf_count=49 35 51 35 24 12 27 187 36 29 3 11 18
internal_value=0.000623458 -0.00353458 -0.00976266 0.00565001 -0.00332897 0.0103868 -0.0147063 0.00207885 0.00558683 -0.00527426 -0.0112402 0.0144961
internal_weight=5.97327 3.4315 1.99739 2.54177 0.980463 1.56131 1.23843 0.758953 1.43411 0.316892 0.478992 1.15345
internal_count=517 376 312 141 72 69 222 90 64 54 60 45
is_linear=0
shrinkage=0.05


Tree=300
num_leaves=15
num_cat=0
split_feature=15 14 12 16 8 12 22 11 5 16 24 2 13 18
split_gain=0.075321 0.0972961 0.0995643 0.0724889 0.0791795 0.0699315 0.0532796 0.0890444 0.0496305 0.048321 0.0195087 0.0281127 0.00985602 0.0032658
threshold=7.5000000000000009 5.5000000000000009 -0.39549999999999996 119.50000000000001 0.045000000000000005 0.68150000000000011 3.5000000000000004 0.35150000000000003 -0.26799999999999996 134.50000000000003 -0.80432718729207731 23.735000000000003 0.21800000000000003 -0.024999999999999998
decision_type=2 2 2 2 2 2 2 2 2 2 2 2 10 2
left_child=1 12 -3 13 9 6 8 10 -4 -5 -8 -12 -1 -2
right_child=3 2 5 4 -6 -7 7 -9 -10 -11 11 -13 -14 -15
leaf_value=0.00072157735787955069 -0.00032594474177544575 -0.012555166401792123 -0.00033089003213809245 -0.019360832046122666 0.0043791708090903268 -0.0070087601471895914 0.0013985240836327587 0.0082912417262503545 0.014795972360520271 0.0010239337078864926 -0.013604554481102323 0.0016843777937015176 0.012971729410257572 0.0054250080622779365
leaf_weight=0.31895573997462612 0.17794661651714705 0.52155215131642751 0.72974666557274759 0.61604861085652352 0.15431326162070036 0.51305863857851353 0.13781450456008348 0.33488017099443823 0.7182148977299232 0.23741610909928568 0.36477799943531819 0.13149986497592181 0.70070123326149769 0.15727236843667913
leaf_count=25 31 51 22 145 7 35 10 20 23 21 58 20 33 14
internal_value=-0.000721875 0.00258678 -0.00199031 -0.00813992 -0.0124347 0.00260647 0.00610139 -0.00203266 0.0101514 -0.0161972 -0.00922228 -0.0111352 0.0113944 0.00441446
internal_weight=5.8142 4.4712 3.45154 1.343 1.00778 2.92999 2.41693 0.968973 1.44796 0.853465 0.634092 0.496278 1.01966 0.335219
internal_count=515 297 239 218 173 188 153 108 45 166 88 78 58 45
is_linear=0
shrinkage=0.05


Tree=301
num_leaves=15
num_cat=0
split_feature=15 16 24 22 11 18 3 26 15 12 12 2 24 8
split_gain=0.0717053 0.0706509 0.064319 0.0939677 0.108272 0.0882169 0.0549951 0.0454832 0.0373025 0.0360987 0.0915469 0.0335907 0.029258 0.0207871
threshold=7.5000000000000009 123.50000000000001 2.5632817584291256 3.5000000000000004 0.27850000000000008 -1.0000000180025095e-35 0.016500000000000004 -1.1181658176405309 10.500000000000002 -0.17999999999999997 0.36350000000000005 23.065000000000001 1.6857699612764641 0.065000000000000016
decision_type=2 2 2 2 2 2 2 2 2 2 2 2 2 2
left_child=2 11 3 9 5 6 -5 -6 -3 -1 -11 -2 -10 -13
right_child=1 8 -4 4 7 -7 -8 -9 12 10 -12 13 -14 -15
leaf_value=0.014299533611251872 0.0081141301848619111 -0.016443563951927791 -0.0078627777547929864 0.0025734862153991393 -0.0038561460680626193 0.0043867646472752495 -0.01851024773493749 0.010149049060787613 -0.0050852339550700341 -0.0079930164416454272 0.0090443450967033767 -0.0072045856592391645 0.0060599462634471322 0.0032232660912810763
leaf_weight=1.0066183341259605 0.24946444074157603 0.47754534789419267 0.32207034807652224 0.11275041219778303 0.24350304156541824 0.29662643044139292 0.57438494394591544 0.69798573560547084 0.23634446358482819 0.48412216920405604 0.71161138964816928 0.16732455443707295 0.12708421796560287 0.072919327765703201
leaf_count=33 11 81 12 9 19 25 103 52 56 24 20 65 2 3
internal_value=-0.000708379 -0.00796617 0.00252557 0.0047115 -0.00278704 -0.0103796 -0.0155759 0.00640633 -0.0129025 0.0100899 0.00164765 0.00348158 0.000398238 -0.00399259
internal_weight=5.78036 1.33068 4.44967 4.1276 1.92525 0.983762 0.687135 0.941489 0.840974 2.20235 1.19573 0.489708 0.363429 0.240244
internal_count=515 218 297 285 208 137 112 71 139 77 44 79 58 68
is_linear=0
shrinkage=0.05


Tree=302
num_leaves=15
num_cat=0
split_feature=14 12 12 5 3 10 1 3 6 19 0 24 24 16
split_gain=0.0704981 0.0796599 0.101602 0.0975576 0.0820613 0.0690503 0.0689265 0.061285 0.0525861 0.0515667 0.0487657 0.0462458 0.0337635 0.0230552
threshold=5.5000000000000009 -0.22449999999999998 0.69700000000000006 -0.26799999999999996 0.044500000000000005 -0.049249999999999995 57.571000000000005 0.13650000000000004 -1.4499999999999997 11.500000000000002 109.15000000000002 -1.5121442248886063 -0.72064439447454853 132.50000000000003
decision_type=2 2 2 2 2 2 2 2 2 2 2 2 2 2
left_child=5 9 3 7 12 -1 -4 -3 -7 -2 13 -10 -5 -11
right_child=1 2 6 4 -6 8 -8 -9 11 10 -12 -13 -14 -15
leaf_value=0.013687408897669125 0.0027920713837928878 0.0048328902302027374 0.004149365549304557 0.0037633837264406432 0.014600108724786382 0.0061265935263381975 -0.014666473756207716 -0.01108670203136772 0.0042771473792235053 -0.018897442070578002 0.0013388304372458407 -0.011331366798146251 -0.0080424633052978006 0.00011557203474665782
leaf_weight=0.42714249156415462 0.22739771832129907 0.30035883009259157 0.20904194936156262 0.38314634480047971 1.3132050426502244 0.27962604851927608 0.3991728377295658 0.42981801345013082 0.084139704704284668 0.58766971762815934 0.28202761057764292 0.46996742999181129 0.18860301951644975 0.16380063552060165
leaf_count=9 18 28 5 38 94 11 47 23 1 74 20 93 36 18
internal_value=-0.000744786 -0.00371566 0.00102938 0.00549125 0.0101974 0.00679114 -0.00964061 -0.00552977 -0.00227948 -0.0109359 -0.0138441 -0.00773416 -0.00277015 -0.0170533
internal_weight=5.74512 4.48424 3.22335 2.61513 1.88495 1.26088 0.608215 0.730177 0.833733 1.2609 1.0335 0.554107 0.571749 0.75147
internal_count=515 401 271 219 168 114 52 51 105 130 112 94 74 92
is_linear=0
shrinkage=0.05


Tree=303
num_leaves=15
num_cat=0
split_feature=14 12 12 16 16 5 15 1 3 19 1 3 16 10
split_gain=0.0701272 0.0751392 0.0970683 0.0944242 0.0782534 0.0784628 0.0727312 0.0675443 0.0664575 0.0502873 0.047547 0.031728 0.0225106 0.0110084
threshold=5.5000000000000009 -0.22449999999999998 0.69700000000000006 131.50000000000003 116.50000000000001 -0.26799999999999996 7.5000000000000009 57.571000000000005 0.044500000000000005 11.500000000000002 109.23950000000001 0.019500000000000003 132.50000000000003 -0.049249999999999995
decision_type=2 2 2 2 2 2 2 2 2 2 2 2 2 2
left_child=6 9 3 4 -3 -6 -1 -4 11 -2 12 -7 -11 -8
right_child=1 2 7 -5 5 8 13 -9 -10 10 -12 -13 -14 -15
leaf_value=0.011079025623829199 0.0027664491453890053 -0.0048590027015658361 0.0041144409037958503 -0.007837196412773903 -0.0017544856947168147 0.0050580498827722418 0.0015546029294568183 -0.014515799746213587 0.019378188194686223 -0.018675062743139962 0.0013241046076347086 -0.0066803709176974802 0.00011475859727099267 -0.0073799874014654834
leaf_weight=1.0031331839854827 0.22729302492371051 0.31256370634946629 0.20877072261646379 0.29293589208100446 0.59689113723288789 0.17885693884454612 0.077799339778721333 0.39366976794553921 1.0698866574966812 0.57710994471563004 0.28202707332093269 0.15222261226153933 0.1638024854764808 0.17122384511458211
leaf_count=58 18 35 5 46 32 14 3 47 59 74 20 33 18 53
internal_value=-0.000774394 -0.00374255 0.000905135 0.00529052 0.00881961 0.0118666 0.00676005 -0.00952099 0.0159836 -0.0107661 -0.0136542 -0.00130312 -0.0168412 -0.00557881
internal_weight=5.70819 4.45603 3.2058 2.60336 2.31042 1.99786 1.25216 0.60244 1.40097 1.25023 1.02294 0.33108 0.740912 0.249023
internal_count=515 401 271 219 173 138 114 52 106 130 112 47 92 56
is_linear=0
shrinkage=0.05


Tree=304
num_leaves=15
num_cat=0
split_feature=14 12 26 8 5 15 18 5 7 0 26 25 10 13
split_gain=0.0675341 0.0707713 0.0941123 0.109219 0.0743755 0.0703597 0.049932 0.0497122 0.0479983 0.037155 0.0328255 0.022061 0.0108945 0.0105093
threshold=5.5000000000000009 -0.22449999999999998 -1.2208207792309047 -1.0000000180025095e-35 -0.26799999999999996 7.5000000000000009 -0.28499999999999998 -0.33649999999999997 -0.097499999999999989 56.570000000000007 1.1464377273947917 0.31110267125779528 -0.049249999999999995 0.21800000000000003
decision_type=2 2 2 2 2 2 2 2 2 2 2 2 2 10
left_child=5 6 8 9 -5 13 7 -2 -3 -4 -9 -6 -7 -1
right_child=1 2 3 4 11 12 -8 10 -10 -11 -12 -13 -14 -15
leaf_value=0.00053464232714685474 0.0071323346596548348 0.0027982976323770313 0.0032192105027145099 -0.0034423852555470814 0.014918039690331989 0.0015490499938614066 -0.016056602005855219 -0.010256953057685527 -0.013632133387561744 -0.011530421521806299 0.00275148940152041 0.00083572126332958371 -0.0073339728438751714 0.01241952723352221
leaf_weight=0.31425147767004069 0.27979542926186696 0.23603047244250774 0.11868979036808092 0.46947541662666514 1.2469299933 0.077760007232427597 0.46021671201742698 0.25329489795694826 0.36465322971343983 0.28991698411118705 0.2465680131863337 0.45948158657120064 0.16998849665105809 0.68567717506084591
leaf_count=25 8 6 2 38 78 3 75 34 48 46 13 53 53 33
internal_value=-0.000861983 -0.00377482 0.000780055 0.00513574 0.00934574 0.00655201 -0.0106003 -0.000166964 -0.00946118 -0.00800223 -0.00628395 0.012836 -0.0055389 0.0108194
internal_weight=5.67273 4.42505 3.18518 2.58449 2.17589 1.24768 1.23988 0.779658 0.600684 0.408607 0.499863 1.70641 0.247749 0.999929
internal_count=515 401 271 217 169 114 130 55 54 48 47 131 56 58
is_linear=0
shrinkage=0.05


Tree=305
num_leaves=14
num_cat=0
split_feature=16 11 12 7 24 12 10 12 2 6 19 7 25
split_gain=0.0630506 0.0685669 0.166436 0.0772389 0.0737764 0.0701738 0.071366 0.0628133 0.0678421 0.0460061 0.021212 0.0116853 0.00927552
threshold=116.50000000000001 0.078500000000000014 0.58550000000000002 -0.042499999999999989 -1.5121442248886063 -0.22449999999999998 -0.049249999999999995 0.74900000000000011 23.585000000000004 1.0500000000000003 9.5000000000000018 0.0065000000000000014 -1.0429134611539568
decision_type=2 2 2 2 2 2 2 2 2 2 2 2 2
left_child=10 3 4 12 -3 6 9 -4 -9 -5 -1 -7 -2
right_child=1 2 7 5 -6 11 -8 8 -10 -11 -12 -13 -14
leaf_value=0.0017279459906936992 0.0010272849687558898 0.0040818090960949285 0.011672998073791479 -0.0030067814425826377 -0.018118829905857257 0.0166650075378466 -0.0091889181436417399 0.0063303629142648747 -0.0098399670743730232 0.010082147127956041 -0.010567239064311949 0.0015193961021711265 -0.0064226661470633403
leaf_weight=0.14877021563006554 0.26512647769413888 0.084170712507329992 0.74295045589678899 0.50209005233773518 0.55353871702391211 1.1621360476856351 0.22118938138737565 0.3178125130943954 0.36545978122740053 0.75368971796706319 0.2626437282160623 0.36596895320690226 0.29524974257219616
leaf_count=5 12 2 32 34 124 51 67 11 35 30 57 32 28
internal_value=0.00187511 0.00370471 -0.00276485 0.00723505 -0.0144854 0.00999995 0.000784464 0.00628615 -0.00302616 0.0058359 -0.008047 0.0150735 -0.00449847
internal_weight=6.0408 5.62938 2.06393 3.56545 0.637709 3.00507 1.47697 1.42622 0.683272 1.25578 0.411414 1.52811 0.560376
internal_count=520 458 204 254 126 214 131 78 46 64 62 83 40
is_linear=0
shrinkage=0.05


Tree=306
num_leaves=15
num_cat=0
split_feature=16 26 3 24 7 18 15 22 15 24 26 1 26 13
split_gain=0.0608145 0.0727741 0.0802102 0.058109 0.0681155 0.0734567 0.0834142 0.0415548 0.146343 0.0493885 0.0592281 0.038699 0.0220843 0.00891661
threshold=116.50000000000001 -1.5788965662037384 0.015500000000000002 2.6267181571519473 0.029000000000000001 -1.0000000180025095e-35 3.5000000000000004 3.5000000000000004 3.5000000000000004 -0.46953221214599167 -0.73947028094778544 57.986500000000007 1.1074904315197058 0.14450000000000002
decision_type=2 2 2 2 2 2 2 2 2 2 2 2 2 8
left_child=12 -2 -3 4 5 7 -7 -4 -9 -10 -11 -6 -1 -13
right_child=1 2 3 -5 11 6 -8 8 9 10 -12 13 -14 -15
leaf_value=-0.010568671309018292 -0.0085315865988508845 -0.0080253978400510219 0.016298126622604315 -0.0048733378666996167 0.0047623386127259183 0.0071574065702385619 -0.010877605113559315 -0.010228008744892082 0.014555913692973274 0.0065185491930914111 -0.008611847787902447 0.00070512984636661577 0.0018321525724178439 -0.0096741080168595249
leaf_weight=0.26165465962549195 0.20077886749641027 0.1885548653663135 2.0202787682501362 0.29591258917935181 0.13284772960469116 0.34545139456167895 0.2726333476457512 0.40873851906508196 0.79293637757655178 0.40288105281069819 0.2056002953177094 0.095787670637946576 0.14705434202915058 0.23634573858726071
leaf_count=51 28 50 73 10 6 13 48 41 51 19 61 6 11 52
internal_value=0.00176088 0.00357215 0.00528547 0.00698212 0.00839947 0.0101795 -0.00260386 0.0123543 0.0037192 0.0103523 -0.000769482 -0.00395423 -0.00797357 -0.00839846
internal_weight=6.00746 5.59875 5.39797 5.20941 4.9135 4.44852 0.618085 3.83044 1.81016 1.40142 0.608481 0.464981 0.408709 0.332133
internal_count=520 458 430 380 370 306 61 245 172 131 80 64 62 58
is_linear=0
shrinkage=0.05


Tree=307
num_leaves=14
num_cat=0
split_feature=11 24 7 0 15 23 15 0 5 2 5 10 13
split_gain=0.055497 0.0517709 0.0613656 0.0558673 0.0544194 0.0461638 0.0521532 0.0456828 0.043852 0.0258886 0.0165992 0.0145581 0.0115589
threshold=0.48650000000000004 2.6267181571519473 0.029000000000000001 69.410000000000011 9.5000000000000018 10.500000000000002 1.5000000000000002 58.240000000000002 -0.35549999999999993 23.015000000000004 -0.021499999999999995 -0.032649999999999992 0.39950000000000008
decision_type=2 2 2 2 2 2 2 2 2 2 2 2 10
left_child=1 2 3 9 5 6 -5 -4 -6 -1 -2 -9 -7
right_child=10 -3 7 4 8 12 -8 11 -10 -11 -12 -13 -14
leaf_value=-0.0071963891688722487 0.0016526657961326336 -0.0064223206544651414 0.004736569123809006 -0.0016452207159041304 0.0052319956951330992 -0.0033404624683647586 0.014815169119116742 0.0010935772993386648 -0.0087522953340837002 0.0026554191097522039 -0.010008164508782502 -0.011413771583677887 0.0030760305279546279
leaf_weight=0.27608487347606558 0.078420331876259297 0.34179696929641057 0.1324319551931693 0.34424270380986977 0.16169836180051789 0.3876056108274496 2.3829927728656912 0.087664603837765753 0.20946646672382474 0.61198011212400161 0.2457118296297266 0.2913490525825182 0.42164079356007278
leaf_count=27 5 13 6 17 12 25 167 8 64 38 57 63 18
internal_value=0.00154123 0.00322339 0.00476436 0.0065972 0.00879 0.0105028 0.0128535 -0.00541592 -0.00328743 -0.00259669 -0.00806945 -0.00982566 -0.000144941
internal_weight=5.97309 5.64895 5.30716 4.79571 3.90765 3.53648 2.72724 0.511446 0.371165 0.888065 0.324132 0.379014 0.809246
internal_count=520 458 445 368 303 227 184 77 76 65 62 71 43
is_linear=0
shrinkage=0.05


Tree=308
num_leaves=15
num_cat=0
split_feature=16 26 26 24 7 18 15 22 15 5 1 12 16 26
split_gain=0.0559731 0.0677716 0.0578128 0.0524046 0.0751048 0.0696627 0.0839623 0.0785472 0.109452 0.0593479 0.0411922 0.0230148 0.0212296 0.0212021
threshold=116.50000000000001 -1.5788965662037384 1.1802096517260428 2.6267181571519473 0.029000000000000001 -1.0000000180025095e-35 3.5000000000000004 3.5000000000000004 3.5000000000000004 0.031500000000000007 57.986500000000007 0.66550000000000009 119.50000000000001 1.1074904315197058
decision_type=2 2 2 2 2 2 2 2 2 2 2 2 2 2
left_child=13 -2 3 4 5 7 -7 -3 -9 11 -6 -10 -4 -1
right_child=1 2 12 -5 10 6 -8 8 9 -11 -12 -13 -14 -15
leaf_value=-0.010456742334534481 -0.0084526297993376253 0.01702313906028392 0.0024886584331735018 -0.0047498376048950713 0.004711547077065976 0.0072255100470058264 -0.010892268217735401 -0.0096475807449093124 -0.0073102824510320828 0.012082820313580643 -0.0089862165042538349 0.0031985503551061217 -0.0087656249439870652 0.001772205600999495
leaf_weight=0.25826780228817359 0.19860190973849956 1.9414754689641989 0.10781434917589638 0.29450571350753296 0.1320091399247757 0.33767943759448904 0.27288087448687293 0.3882013356196693 0.16912606186815515 0.96912917986628599 0.35090280853910372 0.17709350655786693 0.20942182632279582 0.14579368042177521
leaf_count=51 28 68 9 10 6 12 46 39 42 81 63 9 45 11
internal_value=0.00135699 0.00313976 0.00483339 0.00638778 0.00778709 0.00979761 -0.00260726 0.0119895 0.00207808 0.00821085 -0.00458961 -0.00355191 -0.00595517 -0.00792472
internal_weight=5.9529 5.54884 5.35024 5.033 4.7385 4.25559 0.61056 3.64503 1.70355 1.31535 0.482912 0.34622 0.317236 0.404061
internal_count=520 458 430 376 366 297 58 239 171 132 69 51 54 62
is_linear=0
shrinkage=0.05


Tree=309
num_leaves=15
num_cat=0
split_feature=16 3 8 2 13 13 10 24 2 2 23 15 11 19
split_gain=0.0529328 0.0598617 0.0620958 0.0402867 0.0717904 0.0706362 0.112678 0.0431319 0.0273475 0.0423814 0.0856427 0.0423339 0.0336166 0.0203457
threshold=116.50000000000001 0.015500000000000002 -0.084999999999999992 23.785000000000004 0.46450000000000008 0.40050000000000008 0.11380000000000001 -0.51498030508086401 22.950000000000006 23.185000000000006 7.5000000000000009 4.5000000000000009 -0.40749999999999992 9.5000000000000018
decision_type=2 2 2 2 10 8 2 2 2 2 2 2 2 2
left_child=13 -2 -3 5 -5 8 7 -7 12 -10 11 -11 -4 -1
right_child=1 2 3 4 -6 6 -8 -9 9 10 -12 -13 -14 -15
leaf_value=0.0017112759825277761 -0.0080259771544141812 -0.0066214890728929906 0.0059702988414431475 -0.010329829416382608 0.005824403777776579 0.0021246507907031584 0.0094766745257429102 -0.014186650023412293 0.017082279841955483 0.0031031490371367463 0.0093795091488155687 -0.011126919899185904 -0.0056384689838377107 -0.010328958236924923
leaf_weight=0.14607796544441942 0.18865586660103861 0.28951136086834584 0.19820920564234257 0.25536791280319437 0.57431458058999851 0.2501845271763159 0.29641998768784106 0.38625640096142877 1.1545207689632664 0.30872534221271042 1.0357741517946122 0.28017883253050968 0.30074775780667584 0.25536566189839505
leaf_count=5 52 15 8 51 41 22 12 54 41 23 53 50 36 57
internal_value=0.00114564 0.00290443 0.00449806 0.00612714 -0.00207593 0.00783158 -0.00244424 -0.0103946 0.0106436 0.0120966 0.00339519 -0.00640899 -0.000120456 -0.00785288
internal_weight=5.92031 5.51887 5.33021 5.0407 0.829682 4.21102 0.932861 0.636441 3.27816 2.7792 1.62468 0.588904 0.498957 0.401444
internal_count=520 458 406 391 92 299 88 76 211 167 126 73 44 62
is_linear=0
shrinkage=0.05


Tree=310
num_leaves=15
num_cat=0
split_feature=1 10 9 25 16 9 6 15 12 11 2 15 1 0
split_gain=0.0448722 0.0495788 0.117305 0.0815428 0.0927149 0.0560837 0.0377246 0.0329172 0.0297928 0.0319937 0.0586832 0.00906166 0.00804755 0.00456705
threshold=100.42600000000002 0.11380000000000001 -0.014499999999999997 -1.0767689296156264 117.50000000000001 -0.0079999999999999984 -1.1499999999999997 4.5000000000000009 -0.54649999999999987 -0.08249999999999999 24.165000000000003 2.5000000000000004 58.704000000000001 94.890000000000015
decision_type=2 2 2 2 2 2 2 2 2 2 2 2 2 2
left_child=1 2 6 -4 -5 -6 -1 -3 -2 -10 -11 -7 -13 -14
right_child=8 7 3 4 5 11 -8 -9 9 10 -12 12 13 -15
leaf_value=0.00074010449871049272 -0.0026994678183483111 0.0087095956171896662 0.0089145961134734532 0.0067274668530057317 0.0029103697010138844 -0.0001813678672638124 -0.016935242223848936 -0.0031155150607173141 0.01137901233218782 -0.0086158330467009329 0.0065579815252672716 -0.00015416825488216083 -0.01655738334006205 -0.00040789144231018963
leaf_weight=0.2676525681745261 0.37640257272869337 0.48560436978004862 0.94731461652554583 0.43592323921620901 0.2756069319002562 0.13783797365613271 0.73801609067595542 0.31897971879516263 0.67117963649798174 0.20554377870575979 0.36185631070839008 0.10747711057774723 0.48578541264578234 0.098298448749119416
leaf_count=13 28 19 30 29 23 10 83 41 24 55 36 12 106 16
internal_value=-7.44061e-05 -0.00271011 -0.00516014 0.0015212 -0.00474362 -0.0103151 -0.0142075 0.00489293 0.00529452 0.00784454 -0.000928758 -0.0138985 -0.014909 -0.0158127
internal_weight=5.91348 4.2985 3.49391 2.48824 1.54093 1.10501 1.00567 0.804584 1.61498 1.23858 0.5674 0.829399 0.691561 0.584084
internal_count=525 382 322 226 196 167 96 60 143 115 91 144 134 122
is_linear=0
shrinkage=0.05


Tree=311
num_leaves=15
num_cat=0
split_feature=5 5 5 5 21 12 24 15 13 15 9 12 9 18
split_gain=0.0433892 0.10598 0.0717308 0.0942714 0.0605386 0.0588015 0.0479555 0.0587908 0.0655748 0.0435908 0.0284078 0.0262985 0.025987 0.0209138
threshold=-0.36549999999999994 -0.13599999999999998 -0.43349999999999994 -0.71849999999999981 11.500000000000002 0.84150000000000003 0.41071888827797182 1.5000000000000002 0.17300000000000001 9.5000000000000018 0.115 -0.54649999999999987 -0.15599999999999997 -0.4499999999999999
decision_type=2 2 2 2 2 2 2 2 10 2 2 2 2 2
left_child=2 12 3 -1 5 6 7 -3 -9 11 -11 -10 -2 -13
right_child=1 4 -4 -5 -6 -7 -8 8 9 10 -12 13 -14 -15
leaf_value=0.006639840517419099 0.00095539690913782954 -0.0039100997881900542 0.0125890752340037 -0.011104217590392818 -0.0082899988543309999 -0.0061757265296094963 -0.0032696167507158011 -0.0045836124108686897 -0.00053778587322644801 -0.0063683488142859193 0.0049041539812868951 0.00064347145132276188 -0.014015586731658109 0.018095421712804295
leaf_weight=0.61540749401319761 0.20240591419860721 0.2535938476794416 0.49382275577227108 0.44526742947346054 0.19534193217987184 0.26390028925379727 0.4437626737053505 0.10014306266384698 0.17766751162707972 0.14460699007031497 0.12538546719588339 0.26657276641344774 0.76080345872469468 1.3975259483413509
leaf_count=33 5 18 17 28 43 27 42 33 13 44 4 23 85 110
internal_value=-9.15758e-05 -0.00264717 0.00527827 -0.0025829 0.00215543 0.00463087 0.00694016 0.00919101 0.0114428 0.0134315 -0.00139386 0.0153306 -0.0119854 0.0165907
internal_weight=5.88621 4.33171 1.5545 1.06067 3.3685 3.17316 2.90926 2.4655 2.2119 2.11176 0.269992 1.84177 0.963209 1.6641
internal_count=525 447 78 61 357 314 287 245 227 194 48 146 90 133
is_linear=0
shrinkage=0.05


Tree=312
num_leaves=15
num_cat=0
split_feature=3 1 10 9 25 16 24 25 13 25 11 7 23 2
split_gain=0.0429708 0.0516665 0.0564733 0.100217 0.0715058 0.0822087 0.0757828 0.0535026 0.0371796 0.0229883 0.0455317 0.0420401 0.022211 0.0154467
threshold=0.015500000000000002 100.70350000000001 0.11380000000000001 -0.014499999999999997 -1.0767689296156264 117.50000000000001 -0.81827015677062453 -1.6114881691732299 0.12450000000000001 -0.72154976026776829 -0.10749999999999998 0.019000000000000003 11.500000000000002 23.545000000000005
decision_type=2 2 2 2 2 2 2 2 8 2 2 2 2 2
left_child=-1 2 3 7 -5 -6 -7 -2 -8 -3 -11 -12 -9 -4
right_child=1 9 13 4 5 6 8 12 -10 10 11 -13 -14 -15
leaf_value=-0.0088282608344822638 0.0013062000560562868 -0.0019170204626457249 0.0089499820374851786 0.0087550954634369842 0.0065159362171468144 0.0048011492507909134 0.0019142036151342072 -0.018098527452264802 -0.015888252859120083 0.012981149301676723 -0.0078887418117169761 0.0054320454734471686 0.00016597592470369928 -0.00075848402363510637
leaf_weight=0.21173056622501452 0.39698333851993084 0.21017088652297378 0.36598855326883484 0.94151221239007998 0.43062594300136048 0.20545055822003611 0.11700106062926352 0.54640592253417686 0.73589191962673794 0.73162418056745071 0.18471066428173788 0.23182546133466531 0.16632678522728384 0.37956838322861586
leaf_count=64 9 20 11 30 28 9 7 76 139 29 49 14 8 32
internal_value=-0.000192276 0.00141167 -0.0015371 -0.00425178 0.001943 -0.0041514 -0.00954873 -0.0123094 -0.013731 0.0074222 0.00922833 -0.00187397 -0.0162279 0.00640437
internal_weight=5.85582 5.64409 4.28575 3.5402 2.43048 1.48897 1.05834 1.10972 0.852893 1.35833 1.14816 0.416536 0.712733 0.745557
internal_count=525 461 349 306 213 183 155 93 146 112 92 63 84 43
is_linear=0
shrinkage=0.05


Tree=313
num_leaves=14
num_cat=0
split_feature=5 5 5 5 21 26 15 3 15 7 18 12 15
split_gain=0.0428639 0.0981323 0.0696328 0.0900295 0.0571627 0.0565715 0.0516248 0.0643679 0.0457844 0.0300973 0.0263209 0.029242 0.024179
threshold=-0.36549999999999994 -0.13599999999999998 -0.43349999999999994 -0.71849999999999981 11.500000000000002 -1.2208207792309047 1.5000000000000002 0.099500000000000019 9.5000000000000018 0.088500000000000009 -0.4499999999999999 -0.54649999999999987 1.5000000000000002
decision_type=2 2 2 2 2 2 2 2 2 2 2 2 2
left_child=2 12 3 -1 5 -3 -7 8 10 -10 -8 -12 -2
right_child=1 4 -4 -5 -6 6 7 -9 9 -11 11 -13 -14
leaf_value=0.0064504169593838593 0.00062311045651495612 -0.0060154488710480319 0.012382063008705707 -0.010922038756062484 -0.0081736056885697572 -0.0038174137681731678 -0.00016823180887409671 -0.0039555408991031119 -0.0068571645139149876 0.0047869170336921479 -0.0007018416436373675 0.016763694295446874 -0.013880863243631851
leaf_weight=0.61375663420767512 0.24605713819619257 0.28972764019272323 0.48740054803783994 0.43887773592723522 0.1921281445538624 0.39953668671660203 0.28521685252781148 0.31349587270233303 0.15746859176579153 0.12753631616942585 0.17973327095387603 1.3881100299913651 0.70615595630079042
leaf_count=33 9 35 17 28 43 24 30 39 52 5 14 115 81
internal_value=-0.00020309 -0.00274299 0.00516174 -0.00258501 0.00194079 0.00438399 0.00672837 0.0090551 0.0116154 -0.00197628 0.0136658 0.0152679 -0.0117336
internal_weight=5.8252 4.28517 1.54003 1.05263 3.33295 3.14083 2.8511 2.45156 2.13807 0.285005 1.85306 1.56784 0.952213
internal_count=525 447 78 61 357 314 279 255 216 57 159 129 90
is_linear=0
shrinkage=0.05


Tree=314
num_leaves=15
num_cat=0
split_feature=3 16 26 10 11 24 2 2 12 16 7 13 20 3
split_gain=0.041163 0.0502354 0.0624486 0.0551243 0.160306 0.0908225 0.146356 0.0846626 0.0559836 0.0495745 0.0350785 0.0286496 0.0109357 0.00202946
threshold=0.015500000000000002 116.50000000000001 -1.5788965662037384 0.10410000000000001 0.078500000000000014 0.27370305780017212 23.155000000000005 22.995000000000001 -0.54649999999999987 133.50000000000003 0.025500000000000005 0.19550000000000003 1.0000000180025095e-35 0.099500000000000019
decision_type=2 2 2 2 2 2 2 2 2 2 2 10 2 2
left_child=-1 12 -3 4 5 8 7 -7 -4 -8 -6 -10 -2 -5
right_child=1 2 3 13 10 6 9 -9 11 -11 -12 -13 -14 -15
leaf_value=-0.0087381704845363849 -0.0092736378107229223 -0.0081024477480717699 -0.0026986600182328842 0.0022657141166985816 -0.014680340635762783 -0.0038947994649908115 -0.016005101569550692 0.014258001741638297 -0.00075692334136813217 0.0022567838556224718 0.0014067195142339862 0.01644173196245538 0.00079532567239412393 0.013523198629109138
leaf_weight=0.20915843138936896 0.22324773097352579 0.18885830650106061 0.22952129604527671 0.5410706927650607 0.53167153595131811 0.53025489309220553 0.45499431642383559 0.51659091282635927 0.17702006924082603 0.20465719493222423 0.22825492260744795 1.1534887644666012 0.15885431494098157 0.44966322532854974
leaf_count=64 42 26 33 42 67 27 52 14 21 14 27 78 8 10
internal_value=-0.00029273 0.00130174 0.00306126 0.0047582 0.00110123 0.00616261 -0.00181236 0.00765252 0.0121866 -0.0123934 -0.0117946 0.0148106 -0.0075409 0.0116016
internal_weight=5.79731 5.58815 5.20605 5.01719 4.02645 3.26653 1.7065 1.04685 1.56003 0.659652 0.759926 1.33051 0.382102 0.990734
internal_count=525 461 411 385 333 239 107 41 132 66 94 99 50 52
is_linear=0
shrinkage=0.05


Tree=315
num_leaves=15
num_cat=0
split_feature=26 26 13 26 24 15 15 23 6 15 3 16 2 3
split_gain=0.0794377 0.0921889 0.113031 0.100089 0.0597059 0.0500977 0.0496434 0.049606 0.0535346 0.0467522 0.0331594 0.00974223 0.00179177 0.00997376
threshold=-0.67689097792996578 1.0770060508093089 0.11100000000000002 1.1931099126164333 -1.5121442248886063 10.500000000000002 7.5000000000000009 10.500000000000002 -0.74999999999999989 11.500000000000002 0.016500000000000004 119.50000000000001 23.095000000000002 0.18750000000000003
decision_type=2 2 8 2 2 2 2 2 2 2 2 2 2 2
left_child=6 2 -2 -3 -4 10 7 -1 -9 -8 -6 -5 -7 -14
right_child=1 3 4 11 5 12 9 8 -10 -11 -12 -13 13 -15
leaf_value=0.012075619042803337 0.0065768005051287373 0.011483907991744506 0.0036583770584167814 0.00079967016179984202 0.00090619543349159141 0.0024476222003121692 -0.0098011566104963133 0.005816890706673951 -0.0077423477314273979 0.004617020863209865 -0.019208064747297249 -0.0089816409160206022 -0.0037988692707927301 0.0030542902190940019
leaf_weight=0.99692167300963797 0.23056958580855358 0.61333972614374932 0.079331868910231029 0.13150214886991307 0.12861263856757377 0.074629897921113186 0.23933838785160322 0.53647109447047125 0.3955088112852535 0.2309685061336495 1.4295386808298642 0.21561680611921474 0.08176513621583581 0.066934995353221893
leaf_count=37 10 23 3 16 27 8 37 30 20 13 193 42 42 2
internal_value=-0.00116649 -0.0057526 -0.010294 0.00434288 -0.0139526 -0.0157702 0.00464328 0.00759569 -0.000966382 -0.00439605 -0.0178426 -0.0074332 0.00145466 -0.000740624
internal_weight=5.45105 3.05184 2.09138 0.960459 1.86081 1.78148 2.39921 1.9289 0.93198 0.470307 1.55815 0.347119 0.22333 0.1487
internal_count=503 366 285 81 275 272 137 87 50 50 220 58 52 44
is_linear=0
shrinkage=0.05


Tree=316
num_leaves=14
num_cat=0
split_feature=26 26 13 26 24 10 11 7 24 13 16 0 0
split_gain=0.073705 0.0861035 0.108728 0.0973957 0.0580837 0.043923 0.0913941 0.0651408 0.0379378 0.0263859 0.00960757 0.00859248 0.00216235
threshold=-0.67689097792996578 1.0770060508093089 0.11100000000000002 1.1931099126164333 -0.7564095225042281 0.10410000000000001 0.11200000000000002 -0.013999999999999997 -0.85033629837667879 0.41700000000000004 119.50000000000001 110.88000000000001 109.15000000000002
decision_type=2 2 8 2 2 2 2 2 2 10 2 2 2
left_child=5 2 -2 -3 8 6 7 -1 11 -7 -5 -4 -6
right_child=1 3 4 10 12 9 -8 -9 -10 -11 -12 -13 -14
leaf_value=-0.0045573788382624863 0.0065195677551013733 0.011286178737299934 -0.0073543269633672206 0.00079502457474111242 -0.01778201874868944 -0.00053057899157773905 -0.01090998328335855 0.011363082442780352 0.006469215613825097 0.012166419019762858 -0.0089161233430953106 0.00099158518071791645 -0.0011495383188458385
leaf_weight=0.37874921632464975 0.22976295690750781 0.61047364037949581 0.17029417923185974 0.13150034891441464 1.1262864635209546 0.4409301043488083 0.38915250665741041 0.57105855760164581 0.24556334575754624 0.6105529569031205 0.21373678182135336 0.13383681629784405 0.16669910575728852
leaf_count=26 10 23 40 16 184 24 37 22 21 28 42 5 25
internal_value=-0.00110008 -0.00553705 -0.00994581 0.00422038 -0.0135701 0.0044959 -0.00153361 0.00593319 0.000371291 0.00917879 -0.00737584 -0.00573748 -0.0170742
internal_weight=5.4186 3.02815 2.07244 0.955711 1.84268 2.39044 1.33896 0.949808 0.549694 1.05148 0.345237 0.304131 1.29299
internal_count=503 366 285 81 275 137 85 48 66 52 58 45 209
is_linear=0
shrinkage=0.05


Tree=317
num_leaves=14
num_cat=0
split_feature=25 3 3 13 6 9 23 24 3 9 11 0 0
split_gain=0.0587862 0.0700063 0.0695045 0.077447 0.0642744 0.0940727 0.0545799 0.0513624 0.0420484 0.0258571 0.0179434 0.0176311 0.0198843
threshold=-1.0092088020436856 0.10550000000000001 0.083500000000000019 0.45800000000000007 -0.74999999999999989 -0.014499999999999997 2.5000000000000004 -0.7988491547630755 0.038500000000000006 -1.0000000180025095e-35 -0.37849999999999995 109.65500000000002 69.635000000000019
decision_type=2 2 2 10 2 2 2 2 2 2 2 2 2
left_child=4 2 3 6 -1 -6 11 -8 9 -5 -3 12 -2
right_child=1 10 -4 8 5 -7 7 -9 -10 -11 -12 -13 -14
leaf_value=0.011313871340623947 0.0034160738573906623 0.00068223951235373806 0.0082528453189980571 0.0032911880497310288 -0.011210019821140482 0.0062797820063636104 0.0012811533416251142 -0.016839069282511367 0.0088579307328250523 -0.0077942418915323622 -0.014803364905856277 0.0059773362961849374 -0.0064233666308844764
leaf_weight=0.65769297722727049 0.10044880199711881 0.11809374182485044 0.68680100886558637 0.19764769620087463 0.43509903267840844 0.71971119387308125 0.33890541212167646 0.6528029746623355 0.57150610571261495 0.18213305465178553 0.41031153607036674 0.17129853239748627 0.14554557799419854
leaf_count=16 8 7 41 32 23 28 31 136 39 34 65 5 38
internal_value=-0.00106336 -0.00442785 -3.58449e-05 -0.00418594 0.00478821 -0.00245408 -0.00942885 -0.0131125 0.00443202 -0.003821 -0.0131605 0.00240049 -0.00288849
internal_weight=5.388 3.57549 3.04709 2.36029 1.8125 1.15481 1.409 0.991708 0.951287 0.379781 0.528405 0.417293 0.245994
internal_count=503 436 364 323 67 51 218 167 105 66 72 51 46
is_linear=0
shrinkage=0.05


Tree=318
num_leaves=15
num_cat=0
split_feature=26 26 13 26 24 15 23 6 8 24 15 16 0 0
split_gain=0.0686717 0.0801401 0.105168 0.0943222 0.0547777 0.0477829 0.0464987 0.0503363 0.0456323 0.0371781 0.0170815 0.00933057 0.00837116 0.00766879
threshold=-0.67689097792996578 1.0770060508093089 0.11100000000000002 1.1931099126164333 -0.7564095225042281 7.5000000000000009 10.500000000000002 -0.74999999999999989 1.0000000180025095e-35 -0.85033629837667879 10.500000000000002 119.50000000000001 110.88000000000001 69.180000000000021
decision_type=2 2 8 2 2 2 2 2 2 2 2 2 2 2
left_child=5 2 -2 -3 9 6 -1 -8 -7 12 13 -5 -4 -6
right_child=1 3 4 11 10 8 7 -9 -10 -11 -12 -13 -14 -15
leaf_value=0.011643329314635261 0.0064748218732402192 0.011055740692535905 -0.0072912520126301701 0.00077608057788300486 -0.0018687454045637306 -0.0097546075354208138 0.0056164736475912439 -0.0075638123611400862 0.0045299001723281421 0.0063943185650838785 0.00010521352397152564 -0.0088330139355864441 0.00097145228700238034 -0.019377151773212923
leaf_weight=0.98025458498159446 0.22856272198259908 0.60476741491584096 0.16861426472314633 0.13104065813240595 0.30593537961249173 0.23791112622711796 0.52996133768465381 0.38944871971034434 0.22831804776797071 0.2439583301165843 0.13039978135202535 0.21135871816659346 0.13369686075020581 0.83522294449358014
leaf_count=37 10 23 40 16 26 35 30 20 15 21 37 42 5 146
internal_value=-0.00107627 -0.00537705 -0.00964855 0.00406731 -0.0132542 0.00434626 0.00729057 -0.000998506 -0.00444076 0.000345953 -0.0166771 -0.00731688 -0.00569705 -0.0177483
internal_weight=5.35945 2.99356 2.04639 0.947167 1.81783 2.36589 1.89966 0.91941 0.466229 0.546269 1.27156 0.342399 0.302311 1.14116
internal_count=503 366 285 81 275 137 87 50 50 66 209 58 45 172
is_linear=0
shrinkage=0.05


Tree=319
num_leaves=15
num_cat=0
split_feature=26 26 13 26 24 15 15 23 23 24 15 0 16 0
split_gain=0.0651165 0.0762025 0.102378 0.0918104 0.0526661 0.0460808 0.0448663 0.0446195 0.0384668 0.0365667 0.0165548 0.00958702 0.00920295 0.00728501
threshold=-0.67689097792996578 1.0770060508093089 0.11100000000000002 1.1931099126164333 -0.7564095225042281 7.5000000000000009 11.500000000000002 10.500000000000002 11.500000000000002 -0.85033629837667879 10.500000000000002 112.78500000000001 119.50000000000001 69.180000000000021
decision_type=2 2 8 2 2 2 2 2 2 2 2 2 2 2
left_child=5 2 -2 -3 9 7 -7 -1 -9 11 13 -4 -5 -6
right_child=1 3 4 12 10 6 -8 8 -10 -11 -12 -13 -14 -15
leaf_value=0.01137643368150797 0.0064187853541573942 0.010865875041719241 -0.0073994161914347073 0.00077158595940998481 -0.0018470325562076003 -0.0096803284512589176 0.0044913290998949019 -0.006808197936449073 0.0047385925548674712 0.0063355416980714384 0.00010460631124770717 0.0011549371677595204 -0.0087694134812225568 -0.019075028511297196
leaf_weight=0.97664226533379428 0.2277800391311765 0.60210951784392808 0.17159089205961209 0.13103915262036026 0.30581372478627533 0.23572349973255757 0.2278879169607535 0.36334051901940256 0.55396843815105967 0.24320681960671242 0.13040085622924369 0.12951377138961107 0.20954529431764968 0.82219973840983585
leaf_count=37 10 23 41 16 26 37 13 25 25 21 37 4 42 146
internal_value=-0.00108422 -0.00528175 -0.00945699 0.00395019 -0.0130374 0.00420588 -0.0044051 0.00710754 -0.0010005 0.000331421 -0.0164063 -0.00566025 -0.00726124 -0.0174672
internal_weight=5.33076 2.9732 2.03051 0.942694 1.80273 2.35756 0.463611 1.89395 0.917309 0.544311 1.25841 0.301105 0.340584 1.12801
internal_count=503 366 285 81 275 137 50 87 50 66 209 45 58 172
is_linear=0
shrinkage=0.05


Tree=320
num_leaves=15
num_cat=0
split_feature=26 26 3 26 8 26 10 13 13 5 1 16 12 24
split_gain=0.0668311 0.0846727 0.086884 0.0860079 0.0713175 0.0932027 0.0529162 0.0524348 0.0316714 0.0219941 0.0199045 0.0221127 0.00933663 0.00540181
threshold=1.1931099126164333 1.0770060508093089 0.044500000000000005 0.04285311474691389 -0.024999999999999998 -1.2208207792309047 0.10975000000000001 0.11100000000000002 0.22100000000000003 -0.43349999999999994 109.23950000000001 132.50000000000003 -0.41299999999999992 -0.95877792760838521
decision_type=2 2 2 2 2 2 2 10 8 2 2 2 2 2
left_child=1 2 8 4 6 -6 -4 -5 -1 -7 11 -9 -10 -14
right_child=-2 -3 3 7 5 9 -8 10 12 -11 -12 -13 13 -15
leaf_value=0.0017086625018184758 -0.010646280026407516 0.012055784092994942 -0.0094372682904574189 0.0045417718029010538 -0.0047371811411971573 0.0005462366985573802 0.004632914040821035 -0.014545983434382185 0.00036006602455747398 0.015611200938902909 0.0012062126811134622 0.0011261342539102286 -0.00096328389594212127 -0.014660689915511928
leaf_weight=0.23154062964022148 0.26664489733229846 0.56491697448655021 0.37013970880070779 0.16330466046929348 0.34779735846677851 0.35302061337279211 0.45535912807099521 0.4002633263298776 0.079665799683425575 1.3652636841288757 0.11768045257485937 0.10796520448639058 0.23387604829622433 0.40716071517090313
leaf_count=22 60 23 30 3 23 15 16 73 6 75 14 24 37 93
internal_value=-0.000207593 0.0019592 -0.00119354 0.00269233 0.00644753 0.0102016 -0.00338966 -0.00698009 -0.00989912 0.0138557 -0.0109307 -0.0126774 -0.0124541 -0.0132956
internal_weight=5.4646 5.19795 4.63304 3.68079 2.89158 2.06608 0.825499 0.789214 0.952243 1.71828 0.625909 0.508229 0.720703 0.641037
internal_count=514 454 431 273 159 113 46 114 158 90 111 97 136 130
is_linear=0
shrinkage=0.05


Tree=321
num_leaves=15
num_cat=0
split_feature=5 10 6 5 11 12 16 12 0 5 15 18 9 2
split_gain=0.0589892 0.0671879 0.113589 0.0821644 0.0493338 0.0487869 0.0534094 0.0375364 0.0431125 0.0368823 0.0261528 0.00704491 0.00550142 0.00536813
threshold=0.32800000000000007 0.10410000000000001 1.0000000180025095e-35 -0.71849999999999981 -0.10749999999999998 -0.53799999999999992 134.50000000000003 -0.12149999999999998 68.695000000000007 -0.43349999999999994 4.5000000000000009 -0.42499999999999993 -0.048999999999999995 23.125000000000004
decision_type=2 2 2 2 2 2 2 2 2 2 2 2 2 2
left_child=1 2 3 -1 -2 6 12 -5 -9 -7 -3 -11 -4 -13
right_child=4 10 5 7 -6 9 -8 8 -10 11 -12 13 -14 -15
leaf_value=0.0046879310333813899 0.0025816643810328832 0.01262051121850403 9.8379013630569385e-05 0.0017333616919269551 -0.013188884047227178 -0.0027517528521054293 0.0058937759842825144 0.00055412542742197047 -0.017986814409817718 0.00042740060744640164 -0.00043207977109591437 0.0012662536256987799 -0.010079408936971145 0.012979539265266144
leaf_weight=0.33729762188158918 0.35041191837808583 0.57151065417565394 0.12713644746690989 0.17218188999686379 0.35350315904361185 0.20807958765362866 0.16891895426670089 0.30934333882760279 0.79470179707277566 0.23428883543238055 0.42292432575777639 0.35401747695868768 0.24869995542394496 0.78225989565544296
leaf_count=14 18 19 6 10 109 19 9 13 95 22 35 27 49 69
internal_value=-0.000300868 0.00216855 -0.00143336 -0.00889774 -0.00843052 0.00527141 -0.00361606 -0.0129704 -0.0149975 0.00855125 0.00963604 0.0107042 -0.00906741 0.0116312
internal_weight=5.43528 4.73136 3.73693 1.61352 0.703915 2.1234 0.544755 1.27623 1.10405 1.57865 0.994435 1.37057 0.375836 1.13628
internal_count=514 387 333 132 127 201 64 118 108 137 54 118 55 96
is_linear=0
shrinkage=0.05


Tree=322
num_leaves=15
num_cat=0
split_feature=26 26 3 26 9 26 26 13 13 9 16 5 10 13
split_gain=0.0641778 0.0819244 0.0825174 0.0822325 0.0862596 0.0921227 0.0772846 0.0509218 0.0305024 0.0273763 0.0246232 0.0224921 0.0139537 0.00108004
threshold=1.1931099126164333 1.0770060508093089 0.044500000000000005 0.04285311474691389 -0.048999999999999995 -1.2208207792309047 -1.381863635655282 0.11100000000000002 0.22100000000000003 -0.073499999999999982 134.50000000000003 -0.43349999999999994 -0.066049999999999984 0.79900000000000015
decision_type=2 2 2 2 2 2 2 10 8 2 2 2 2 10
left_child=1 2 8 4 6 -6 -4 -5 -1 -9 -11 -7 -10 -14
right_child=-2 -3 3 7 5 11 -8 9 12 10 -12 -13 13 -15
leaf_value=0.0016699586841789054 -0.010527733113789746 0.011797153272014756 0.006212372555085984 0.0044738909098088918 -0.0044140849216973404 0.00058032291508256059 -0.010853271031374579 0.0019153309610439101 0.00083745705470953378 -0.014874793553690219 0.0012998358026913767 0.015979796689451053 -0.013944447057997585 -0.00071860694943565271
leaf_weight=0.23029177359421726 0.26293571916175995 0.55939002384548064 0.34115206706337631 0.16223048418760289 0.36820503126364257 0.35046818971750382 0.47856311476789448 0.10268552412162535 0.068614674732089043 0.41376218347431859 0.10325382940936834 1.3252292310789919 0.51048394477402326 0.13059954880736768
leaf_count=22 60 23 13 3 28 14 30 8 3 90 13 74 113 20
internal_value=-0.000300179 0.00185069 -0.00125754 0.00256199 0.00625981 0.0104803 -0.00423995 -0.00689346 -0.00975565 -0.0107942 -0.0129171 0.0141796 -0.0122714 -0.0133298
internal_weight=5.40787 5.14493 4.58554 3.64555 2.86362 2.0439 0.819715 0.781932 0.93999 0.619702 0.517016 1.6757 0.709698 0.641083
internal_count=514 454 431 273 159 116 43 114 158 111 103 88 136 133
is_linear=0
shrinkage=0.05


Tree=323
num_leaves=15
num_cat=0
split_feature=26 26 3 10 11 24 13 0 16 11 3 26 26 2
split_gain=0.0622347 0.0800652 0.0787507 0.0824285 0.0713392 0.0699957 0.0974824 0.0622865 0.0793647 0.0306048 0.0216955 0.0059976 0.0031448 0.0092908
threshold=1.1931099126164333 1.0770060508093089 0.044500000000000005 0.087550000000000017 0.11200000000000002 0.27370305780017212 0.13800000000000004 69.180000000000021 134.50000000000003 0.077500000000000013 0.021500000000000005 -0.16321103840994025 -1.0000000180025095e-35 23.665000000000003
decision_type=2 2 2 2 2 2 8 2 2 2 2 2 2 2
left_child=1 2 9 4 5 11 -7 -8 -9 10 -1 -4 -13 -14
right_child=-2 -3 3 -5 -6 6 7 8 -10 -11 -12 12 13 -15
leaf_value=0.0051765638960996185 -0.010440966130639939 0.011608894298529168 0.010278516868348153 0.010471580489136682 -0.011975053905438349 0.0077023271569413576 0.0028139845714055646 -0.018383296227889107 0.0033681296357318843 -0.013019974591094486 -0.0042903716084021571 0.0021750745272487602 -0.0042119240060333228 0.0025014504580850687
leaf_weight=0.20388209840166371 0.26024298706033722 0.55633312725694839 0.56276997609529644 0.9347391817573224 0.30306532642862283 0.40710261277854409 0.39429671526886523 0.56072342264815234 0.20813603108399548 0.5014463449770119 0.22891915607033297 0.073323890042956918 0.091356452874607696 0.090364079369464889
leaf_count=14 60 23 27 40 44 9 17 75 13 118 26 5 34 9
internal_value=-0.000369623 0.00176592 -0.00130683 0.0024478 -0.00242109 0.00196799 -0.00383642 -0.00956868 -0.0139198 -0.00961063 0.000669634 0.0090924 0.000370776 -0.00158178
internal_weight=5.3767 5.11646 4.56013 3.62588 2.69114 2.38807 1.57026 1.16316 0.768859 0.934248 0.432801 0.817814 0.255044 0.181721
internal_count=514 454 431 273 233 189 114 105 88 158 40 75 48 43
is_linear=0
shrinkage=0.05


Tree=324
num_leaves=15
num_cat=0
split_feature=26 26 3 10 11 26 9 13 11 3 1 16 10 13
split_gain=0.0607317 0.0777154 0.07589 0.0788412 0.0700535 0.0572443 0.0692474 0.0432245 0.0298114 0.021321 0.0110483 0.0188154 0.00486827 0.00162055
threshold=1.1931099126164333 1.0770060508093089 0.044500000000000005 0.087550000000000017 0.11200000000000002 0.04285311474691389 -0.040499999999999987 0.11100000000000002 0.077500000000000013 0.021500000000000005 108.99350000000003 132.50000000000003 -0.011299999999999999 0.79900000000000015
decision_type=2 2 2 2 2 2 2 10 2 2 2 2 2 10
left_child=1 2 8 4 5 6 -4 -7 9 -1 11 -9 -8 -10
right_child=-2 -3 3 -5 -6 7 12 10 13 -11 -12 -13 -14 -15
leaf_value=0.0051349089913572121 -0.010355435546340171 0.011423689669245399 -0.0048554424809088515 0.010234147989848758 -0.011867588977989722 0.0043928126009253809 0.0016053350198365077 -0.012654102113475195 -0.01354236996540583 -0.0042520653212244309 0.00060524456420993041 0.0011991788404931258 0.011987246779892394 -0.00063953922645698723
leaf_weight=0.20338390037068155 0.25759907401516091 0.55337269895244379 0.41019942093407791 0.93187747367483087 0.29966057684941905 0.16126509383320797 0.49918294610688496 0.33109786079148762 0.36616625607712194 0.22845297097228467 0.13031165860593319 0.10503146838163957 0.73657575971446942 0.1302766099688597
leaf_count=14 60 23 31 40 44 3 30 61 98 26 9 21 34 20
internal_value=-0.000402826 0.00171965 -0.00131526 0.00238648 -0.00239045 0.00196905 0.00618918 -0.0056337 -0.00947382 0.000667537 -0.00947026 -0.0108059 0.0103873 -0.0128465
internal_weight=5.34445 5.08685 4.53348 3.6052 2.67332 2.37366 1.64596 0.727706 0.92828 0.431837 0.566441 0.436129 1.23576 0.496443
internal_count=514 454 431 273 233 189 95 94 158 40 91 82 64 118
is_linear=0
shrinkage=0.05


Tree=325
num_leaves=12
num_cat=0
split_feature=16 3 3 24 26 5 13 15 11 5 1
split_gain=0.0611479 0.0465843 0.0666069 0.125008 0.0680404 0.0502632 0.0465055 0.0386293 0.0391727 0.0206848 0.00089637
threshold=116.50000000000001 0.015500000000000002 0.10550000000000001 1.0793638163467387 -1.1971749915264944 -0.43349999999999994 0.17300000000000001 2.5000000000000004 -0.29349999999999993 -0.28299999999999997 69.243000000000009
decision_type=2 2 2 2 2 2 10 2 2 2 2
left_child=-1 -2 4 10 -3 -5 -6 -8 -9 -7 -4
right_child=1 2 3 5 6 9 7 8 -10 -11 -12
leaf_value=-0.011053404737375875 -0.0081471934093328962 -0.0054390920336599442 -0.00085865389686373217 -0.0036942918339793723 -0.0030997565127613104 0.011940562003081618 -0.0007837959649993853 -0.0015901557841948109 0.015473335110725571 0.00022775571723533721 -0.014479099186856552
leaf_weight=0.27787401812383894 0.19214118308445893 0.26455298025393892 0.14666535536525804 0.6320857816026545 0.22107118024723638 0.44095147983171035 0.42739874593098681 0.1875121530028997 1.542522187177382 0.56420764434733417 0.39749154559831368
leaf_count=59 50 32 12 23 34 12 34 19 146 30 58
internal_value=-0.00124756 0.00104247 0.00274442 -0.00304469 0.00704659 0.00437298 0.00963419 0.0115075 0.0137189 0.00875842 -0.0137415
internal_weight=5.29447 5.0166 4.82446 2.1814 2.64306 1.63724 2.3785 2.15743 1.73003 1.00516 0.544157
internal_count=509 450 400 135 265 65 233 199 165 42 70
is_linear=0
shrinkage=0.05


Tree=326
num_leaves=12
num_cat=0
split_feature=16 3 3 25 9 0 0 13 11 12 2
split_gain=0.0585762 0.0448655 0.0625616 0.139909 0.0750087 0.0664745 0.0586154 0.0460667 0.0280729 0.0347597 0.0222381
threshold=116.50000000000001 0.015500000000000002 0.10550000000000001 -1.0092088020436856 -0.014499999999999997 69.895000000000024 57.835000000000008 0.19550000000000003 0.082500000000000018 0.58550000000000002 24.355000000000004
decision_type=2 2 2 2 2 2 2 10 2 2 2
left_child=-1 -2 5 4 -4 6 -3 -7 -9 10 -10
right_child=1 2 3 -5 -6 7 -8 8 9 -11 -12
leaf_value=-0.01095922414193613 -0.0080921544796481136 0.005157426297298217 -0.0038954156198990953 -0.015135020030881336 0.010775648309976302 -0.0029018106405534379 -0.010331391437689092 0.014968900126929736 -0.0082402076190194705 0.0063037846734805367 0.002871452556537593
leaf_weight=0.27491728842142027 0.19061558507382859 0.33868293720297549 0.93532781224348582 0.42362863278685825 0.81327381740266014 0.21640078345080871 0.25574170086474624 1.1540742868965024 0.19501719276740903 0.37466283648973331 0.0988905691774562
leaf_count=59 50 16 37 68 30 32 48 75 61 28 5
internal_value=-0.00136087 0.00090685 0.00259614 -0.00300935 0.00436596 0.00677555 -0.00380664 0.010098 0.0121226 0.00118293 -0.00517176
internal_weight=5.27123 4.99632 4.8057 2.17223 1.7486 2.63347 0.594425 2.03905 1.82264 0.668571 0.293908
internal_count=509 450 400 135 67 265 64 201 169 94 66
is_linear=0
shrinkage=0.05


Tree=327
num_leaves=12
num_cat=0
split_feature=16 3 3 25 9 0 0 13 11 12 2
split_gain=0.0562999 0.0433644 0.0597146 0.135895 0.0717155 0.0639553 0.0574055 0.0444327 0.0266605 0.0339744 0.0219758
threshold=116.50000000000001 0.015500000000000002 0.10550000000000001 -1.0092088020436856 -0.014499999999999997 69.895000000000024 57.835000000000008 0.19550000000000003 0.082500000000000018 0.58550000000000002 24.355000000000004
decision_type=2 2 2 2 2 2 2 10 2 2 2
left_child=-1 -2 5 4 -4 6 -3 -7 -9 10 -10
right_child=1 2 3 -5 -6 7 -8 8 9 -11 -12
leaf_value=-0.010866419004408281 -0.0080377837276368949 0.0050941276749669829 -0.0038026741827513946 -0.014976191890033875 0.010552374085727402 -0.0028765789502568926 -0.010247558089144881 0.014617001419216359 -0.0081839908200641211 0.0062213091592410209 0.0028588680104958239
leaf_weight=0.27201580596738484 0.18911202371236857 0.3381851963931698 0.93463828726089559 0.41747647270676669 0.81019502978597324 0.21616143478604533 0.2531874803971732 1.1470212644053388 0.19344763009576116 0.37392388882290106 0.09876461916428525
leaf_count=59 50 16 37 68 30 32 48 75 61 28 5
internal_value=-0.00145454 0.000793672 0.00247237 -0.00299887 0.00427897 0.0065681 -0.00378618 0.00983927 0.0118389 0.00115337 -0.0051276
internal_weight=5.24413 4.97211 4.783 2.16231 1.74483 2.62069 0.591373 2.02932 1.81316 0.666136 0.292212
internal_count=509 450 400 135 67 265 64 201 169 94 66
is_linear=0
shrinkage=0.05


Tree=328
num_leaves=13
num_cat=0
split_feature=16 25 3 3 3 11 13 11 6 13 6 1
split_gain=0.0541075 0.0420005 0.0714484 0.11355 0.0695962 0.0538037 0.0728036 0.0532529 0.0268275 0.0145712 0.0114814 0.0050171
threshold=116.50000000000001 -1.7996391003184098 0.16750000000000004 0.10550000000000001 0.015500000000000002 0.078500000000000014 0.55100000000000016 -0.29349999999999993 -1.4499999999999997 0.19550000000000003 -0.74999999999999989 70.266000000000005
decision_type=2 2 2 2 2 2 10 2 2 8 2 2
left_child=-1 -2 3 4 -3 7 8 -6 -7 -10 -5 -9
right_child=1 2 -4 10 5 6 -8 11 9 -11 -12 -13
leaf_value=-0.010774962521219983 -0.0073582288652064252 -0.0079840700712507911 0.0097610678938177958 -0.00064457521910620398 -0.0031137863236784086 0.001942020697234832 0.0067785300504149913 0.00087390329960505353 0.00095206300485124393 -0.012686125011588929 -0.014093890329402798 0.01412159721807358
leaf_weight=0.26916817578603502 0.34679512167349447 0.18763004966604135 1.1311131154652683 0.29257001786027104 0.221795021847356 0.17830588418291904 0.53088492920505814 0.21793924145458765 0.076229780504945222 0.33388673209992703 0.38221526584675292 1.0493191576242678
leaf_count=59 14 50 39 19 24 11 37 35 8 78 63 72
internal_value=-0.0015458 0.000683123 0.00249446 -0.0015273 0.00355262 0.00636517 -0.00152492 0.0105259 -0.00856757 -0.0112737 -0.0121293 0.0132336
internal_weight=5.21785 4.94868 4.60189 3.47078 2.79599 2.60836 1.11931 1.48905 0.588422 0.410117 0.674785 1.26726
internal_count=509 450 436 397 315 265 134 131 97 86 82 107
is_linear=0
shrinkage=0.05


Tree=329
num_leaves=15
num_cat=0
split_feature=16 26 12 16 6 16 6 19 2 19 0 14 7 7
split_gain=0.051782 0.0409533 0.0488971 0.073905 0.0934646 0.0617873 0.0347016 0.0342759 0.0418306 0.0382225 0.052346 0.0395711 0.0327161 0.0486333
threshold=116.50000000000001 -1.5788965662037384 -0.61449999999999994 131.50000000000003 -0.24999999999999997 133.50000000000003 0.35000000000000003 13.000000000000002 23.665000000000003 11.500000000000002 57.630000000000003 4.5000000000000009 -0.026499999999999996 -0.074499999999999997
decision_type=2 2 2 2 2 2 2 2 2 2 2 2 2 2
left_child=-1 -2 5 7 -5 -3 -6 9 -9 -4 -11 -12 13 -13
right_child=1 2 3 4 6 -7 -8 8 -10 10 11 12 -14 -15
leaf_value=-0.010684829773222148 -0.0079939264450917084 -0.011796228495706189 -0.0020126168833848861 -0.0132600558099888 0.0094767631628528901 0.0051069816172120992 -0.0034291443445621387 -0.0068020611019149833 0.0054883113797806332 -0.0033670671545071259 -0.0014719297114450212 0.0077611291784604776 0.017399117141921164 -0.0060975748853863091
leaf_weight=0.26637301611481223 0.18618099688319478 0.30300968124356575 0.33793540531769473 0.34877508694626158 0.31425949538242992 0.18971095900633372 0.20684065486420877 0.39562810394272663 0.39190672675613314 0.16209228825755451 0.2396988553082352 0.26177255203947425 1.2984554955328329 0.29018881860247403
leaf_count=59 29 49 27 29 15 9 41 35 28 8 38 11 99 32
internal_value=-0.00165413 0.000554671 0.00222454 0.00420467 -0.0051171 -0.00622673 0.00546742 0.00722588 -0.00103714 0.00932735 0.0111245 0.0129743 0.0147055 0.00124085
internal_weight=5.19283 4.92646 4.74027 4.24755 0.869875 0.492721 0.5211 3.37768 0.787535 2.59014 2.25221 2.09012 1.85042 0.551961
internal_count=509 450 421 363 85 58 56 278 63 215 188 180 142 43
is_linear=0
shrinkage=0.05


Tree=330
num_leaves=14
num_cat=0
split_feature=15 11 16 26 7 7 17 3 13 15 16 18 3
split_gain=0.0710393 0.090256 0.0706043 0.0528361 0.075879 0.0900838 0.0360594 0.0340958 0.0271318 0.0222442 0.0176671 0.0148753 0.0116035
threshold=7.5000000000000009 -0.28449999999999992 119.50000000000001 -0.76224531615348423 -0.013999999999999997 1.0000000180025095e-35 1300.0000000000002 0.058500000000000003 0.87100000000000011 4.5000000000000009 117.50000000000001 -0.18499999999999997 0.019500000000000003
decision_type=2 2 2 2 2 2 2 2 10 2 2 2 2
left_child=2 -2 6 11 7 9 -1 -5 10 -6 -3 -4 -7
right_child=1 8 3 4 5 12 -8 -9 -10 -11 -12 -13 -14
leaf_value=-0.010155455179604823 0.0042113945542514878 0.00039579262805797694 0.013221953049493688 0.0020884455602597236 0.013624634963603405 0.0012263846601922148 0.0031985662987146454 -0.011283385886943255 0.0014317844894588985 -0.00036165916216310745 -0.017209613717341223 0.001208481036743892 -0.0082879366322374023
leaf_weight=0.45902758874581184 0.51803342536732089 0.10862824508512836 0.77399302611593157 0.31108274101279687 0.65671965281944766 0.12981032079551369 0.20052644096722361 0.47360417414165568 0.086124496825505048 0.28217241424135864 0.51517439116287278 0.55907849583309122 0.19463730046118144
leaf_count=40 38 22 26 22 36 9 30 32 12 33 145 29 35
internal_value=-0.000577819 -0.00793939 0.00279061 0.00571629 -9.71529e-05 0.00600572 -0.0066145 -0.00778238 -0.0140835 0.0114026 -0.0157881 0.0108611 -0.00642947
internal_weight=5.26861 1.22796 4.04065 3.3811 2.04803 1.26334 0.659554 0.784687 0.709927 0.938892 0.623803 1.33307 0.324448
internal_count=509 217 292 222 167 113 70 54 179 69 167 55 44
is_linear=0
shrinkage=0.05


Tree=331
num_leaves=13
num_cat=0
split_feature=15 11 14 12 7 18 10 1 13 3 14 2
split_gain=0.0681528 0.0875509 0.0515531 0.0885939 0.0462281 0.0678782 0.0300484 0.0387676 0.0289974 0.0214905 0.00564439 0.00240847
threshold=7.5000000000000009 -0.28449999999999992 5.5000000000000009 -0.39549999999999996 -0.013999999999999997 -0.084999999999999978 0.087550000000000017 83.081000000000003 0.89350000000000007 0.054500000000000014 3.5000000000000004 23.015000000000004
decision_type=2 2 2 2 2 2 2 2 10 2 2 2
left_child=2 -2 10 -4 6 9 7 -5 11 -6 -1 -3
right_child=1 8 3 4 5 -7 -8 -9 -10 -11 -12 -13
leaf_value=0.00073458926488208535 0.0041403799491871928 -0.00081529635357723788 -0.011224046168116543 -0.011271640163502709 -0.00030763153956720639 -0.0043219625541116077 0.0035162539131459026 0.0020468878339413329 0.0016167674071357698 0.013835685063230928 0.010657809756379586 -0.016495018064901858
leaf_weight=0.33240201798616908 0.51773210157989524 0.13549394556321182 0.45303804684954219 0.27751642116345487 0.26608143752673619 0.34140398964518714 0.52212157871690579 0.50759452875354327 0.082093313423683867 0.77835582371335477 0.54462788847740728 0.48372863246913766
leaf_count=32 38 21 50 22 28 32 34 32 10 35 27 148
internal_value=-0.000605258 -0.00782607 0.00270513 -0.000929266 0.00337283 0.00771962 -0.0025839 -0.00633789 -0.0139012 0.0118445 0.00929187 -0.0156865
internal_weight=5.24219 1.21905 4.02314 3.14611 2.69307 1.38584 1.30723 0.785111 0.701316 1.04444 0.87703 0.619223
internal_count=509 217 292 233 183 95 88 54 179 63 59 169
is_linear=0
shrinkage=0.05


Tree=332
num_leaves=13
num_cat=0
split_feature=15 11 16 26 2 3 17 13 16 12 16 2
split_gain=0.0654407 0.0850268 0.0667636 0.051093 0.0804465 0.106206 0.0352902 0.0285027 0.0242722 0.023669 0.0175206 0.00239846
threshold=7.5000000000000009 -0.28449999999999992 119.50000000000001 -0.76224531615348423 23.165000000000003 0.019500000000000003 1300.0000000000002 0.89350000000000007 127.50000000000001 -0.32699999999999996 117.50000000000001 23.765000000000004
decision_type=2 2 2 2 2 2 2 10 2 2 2 2
left_child=2 -2 6 11 8 -6 -1 10 -5 -7 -3 -4
right_child=1 7 3 4 5 9 -8 -9 -10 -11 -12 -13
leaf_value=-0.010021644435134524 0.0040705578050363447 0.00042269858748205671 0.012051859741332624 0.010580748868457576 0.0069759575052889267 -0.00061929250925060525 0.0031762792984119598 0.0016106963343239017 -0.0010616540339004877 -0.015748833077598626 -0.016939784644487241 0.0019841849190288118
leaf_weight=0.4563093747710808 0.51744239010440651 0.10808467543392886 0.77974393195472635 0.45444270560983646 0.30324366013519444 0.41861223854357377 0.20061959834129084 0.08205289876786992 0.4069026701617986 0.44436846916505601 0.50338385011127684 0.54394678596872836
leaf_count=40 38 22 28 19 17 27 30 10 28 76 147 27
internal_value=-0.000640949 -0.00772465 0.00261427 0.00548666 -0.000211005 -0.0067095 -0.00650668 -0.0137322 0.00746527 -0.0126816 -0.0155129 0.010549
internal_weight=5.21915 1.21096 4.00819 3.35126 2.02757 1.16622 0.656929 0.693521 0.861345 0.862981 0.611469 1.32369
internal_count=509 217 292 222 167 120 70 179 47 103 169 55
is_linear=0
shrinkage=0.05


Tree=333
num_leaves=13
num_cat=0
split_feature=15 11 16 26 2 3 17 10 13 2 16 18
split_gain=0.0631989 0.0824806 0.0644082 0.0488406 0.0779923 0.10365 0.0344716 0.033169 0.0279916 0.0243447 0.0171619 0.0148358
threshold=7.5000000000000009 -0.28449999999999992 119.50000000000001 -0.76224531615348423 23.165000000000003 0.019500000000000003 1300.0000000000002 -0.068149999999999988 0.89350000000000007 23.015000000000004 117.50000000000001 -0.18499999999999997
decision_type=2 2 2 2 2 2 2 2 10 2 2 2
left_child=2 -2 6 11 9 -6 -1 -7 10 -5 -3 -4
right_child=1 8 3 4 5 7 -8 -9 -10 -11 -12 -13
leaf_value=-0.0098847930135163332 0.0040019087816918738 0.00042063680122300033 0.012683690277148718 -0.00093084106507617401 0.0068999714925392771 6.5186228877883127e-05 0.00315014440507609 -0.016034155325153555 0.0016046503149907431 0.010663923333095517 -0.016750574016614891 0.0010540568244134802
leaf_weight=0.45341362556791898 0.51716390313231386 0.10808489118062403 0.76195117528550327 0.44969909319479517 0.30229057709220775 0.39963816688396081 0.20046989541151561 0.45667995918483895 0.082012798957293853 0.40911797186709009 0.49512169413355878 0.55779812205582879
leaf_count=40 38 22 26 29 17 23 30 80 10 18 147 29
internal_value=-0.000640608 -0.00761459 0.00256512 0.00539238 -0.000199621 -0.0066152 -0.00640011 -0.0125331 -0.0135542 0.00735806 -0.0153306 0.0103417
internal_weight=5.19344 1.20238 3.99106 3.33718 2.01743 1.15861 0.653884 0.856318 0.685219 0.858817 0.603207 1.31975
internal_count=509 217 292 222 167 120 70 103 179 47 169 55
is_linear=0
shrinkage=0.05


Tree=334
num_leaves=11
num_cat=0
split_feature=15 11 16 14 12 18 3 17 13 16
split_gain=0.0611183 0.0800218 0.0622039 0.0479257 0.105012 0.0662564 0.0450514 0.0336735 0.0274927 0.0168127
threshold=7.5000000000000009 -0.28449999999999992 119.50000000000001 5.5000000000000009 -0.39549999999999996 -0.024999999999999998 0.051500000000000011 1300.0000000000002 0.89350000000000007 117.50000000000001
decision_type=2 2 2 2 2 2 2 2 10 2
left_child=2 -2 7 -4 -5 6 -6 -1 9 -3
right_child=1 8 3 4 5 -7 -8 -9 -10 -11
leaf_value=-0.0097500067895382077 0.0039344133416370723 0.00041858531497088115 0.011581482149639194 -0.010714125959073822 -0.0026103747032133104 -0.0047892498933125591 0.011974605407097005 0.003124234314153864 0.0015986292142589548 -0.016564547965611073
leaf_weight=0.4505934871558569 0.51689621848345269 0.10808512243966084 0.79052539388067167 0.43288421577017366 0.28596879800898123 0.4764423648011854 1.3366845130076397 0.2003228614339605 0.081973005144391209 0.48708213213831186
leaf_count=40 38 22 46 43 33 32 68 30 10 147
internal_value=-0.000636673 -0.00750728 0.00252233 0.0053066 0.000623124 0.0056639 0.00938897 -0.00629542 -0.0133795 -0.0151514
internal_weight=5.16746 1.19404 3.97342 3.32251 2.53198 2.0991 1.62265 0.650916 0.67714 0.595167
internal_count=509 217 292 222 176 133 101 70 179 169
is_linear=0
shrinkage=0.05


Tree=335
num_leaves=14
num_cat=0
split_feature=25 13 26 7 6 11 3 26 6 6 24 16 26
split_gain=0.0510833 0.0585547 0.051602 0.0543568 0.0482237 0.07474 0.035043 0.0335377 0.0272929 0.0207057 0.0142955 0.00916435 0.00146393
threshold=-1.0092088020436856 0.55100000000000016 1.0832288075103385 0.071500000000000022 -0.74999999999999989 -0.30849999999999994 0.017500000000000005 1.1931099126164333 -0.44999999999999996 -1.4499999999999997 -1.5121442248886063 119.50000000000001 -0.98858878870441946
decision_type=2 10 2 2 2 2 2 2 2 2 2 2 2
left_child=4 2 3 6 -1 -6 -2 -4 -3 -8 -10 -9 -12
right_child=1 8 7 -5 5 -7 9 11 10 -11 12 -13 -14
leaf_value=0.0096563963276914064 0.0015837663162197224 0.0081432088485230477 0.0067549879163935986 0.0038191122487530138 0.0062701447985247438 -0.0091721692968451604 0.00012255887414601668 0.0014009180903143915 0.0027846427227587959 -0.01567490110988248 9.2208775419287572e-05 -0.0064917146735624437 -0.006056381414133098
leaf_weight=0.61827736487612117 0.18392036523437205 0.33486434200312942 0.40101923054317001 0.13048475724644948 0.58012361743021745 0.61131496318557754 0.2099389875656924 0.11008008374483325 0.091968313208781183 1.4270009131869299 0.073514771647751331 0.14713815152936149 0.13631373108364631
leaf_count=19 33 21 19 11 21 35 15 13 3 245 3 37 44
internal_value=-0.00169208 -0.00494608 -0.00779317 -0.0107416 0.00382782 -0.00222304 -0.012769 0.00215416 0.00435512 -0.0143707 -0.00287466 -0.00468635 -0.00560655
internal_weight=5.05596 3.24624 2.60958 1.95135 1.80972 1.19144 1.82086 0.658237 0.636661 1.63694 0.301797 0.257218 0.209829
internal_count=519 444 373 304 75 56 293 69 71 260 50 50 47
is_linear=0
shrinkage=0.05


Tree=336
num_leaves=15
num_cat=0
split_feature=5 5 5 5 11 13 13 24 1 7 10 18 26 10
split_gain=0.0558101 0.0573653 0.0579197 0.0556317 0.0569401 0.075034 0.0474332 0.0410292 0.0542851 0.0586738 0.0622389 0.0185495 0.0472929 0.0104696
threshold=-0.36549999999999994 -0.43349999999999994 -0.71849999999999981 0.10700000000000001 0.48650000000000004 0.28350000000000003 0.12450000000000001 -0.79513787115597279 69.226000000000013 -0.14049999999999999 -0.10259999999999998 -0.25499999999999995 -0.75556209908981586 -0.091499999999999984
decision_type=2 2 2 2 2 10 8 2 2 2 2 2 2 2
left_child=1 2 -1 6 5 -5 -2 -8 -9 -10 -11 12 -7 -14
right_child=3 -3 -4 4 -6 11 7 8 9 10 -12 -13 13 -15
leaf_value=0.0050046293313605172 0.0031895625520580438 0.011498311516712085 -0.0092125242617433958 -0.006018583516870857 -0.007719682677302245 0.0074289424557497236 0.0027286716211012397 0.00076383898136643156 0.0023843366338593824 0.001286450670106642 -0.022013396845518549 0.012933732880285126 0.0011973917103657902 -0.0079554059915135072
leaf_weight=0.58183427326730452 0.27296994323842305 0.43079574924195163 0.37536189559614286 0.28875007331953373 0.18008645503141441 0.24163700139615663 0.14277327380841631 0.49064297752920483 0.14524162968154986 0.21648915600962926 0.7651144673145609 0.60171145129424985 0.11399023374542572 0.18655465012125227
leaf_count=35 8 17 27 61 56 9 12 34 8 15 144 46 5 42
internal_value=-0.00158729 0.00489854 -0.00242902 -0.00457931 0.00190153 0.00578715 -0.00865199 -0.0109786 -0.0127687 -0.0162497 -0.0188187 0.0101845 0.000725212 -0.0062325
internal_weight=5.03395 1.38799 0.957196 3.64596 1.61273 1.43264 2.03323 1.76026 1.61749 1.12685 0.981604 1.14389 0.542182 0.300545
internal_count=519 79 62 440 219 163 221 213 201 167 159 102 56 47
is_linear=0
shrinkage=0.05


Tree=337
num_leaves=14
num_cat=0
split_feature=2 26 2 13 7 18 14 16 12 0 1 24 2
split_gain=0.0506603 0.0828565 0.0524866 0.0673821 0.0535003 0.102509 0.0514442 0.0598125 0.0447391 0.0385483 0.0139591 0.0128903 0.0122335
threshold=23.435000000000006 -1.0590929407629004 22.950000000000006 0.42300000000000004 -0.042499999999999989 -0.084999999999999978 5.5000000000000009 134.50000000000003 0.69700000000000006 70.265000000000015 57.403500000000001 -0.95877792760838521 23.165000000000003
decision_type=2 2 2 8 2 2 2 2 2 2 2 2 2
left_child=2 8 9 4 -4 -6 -3 11 -2 -1 -5 -8 -7
right_child=1 6 3 10 5 12 7 -9 -10 -11 -12 -13 -14
leaf_value=-0.0097006267869823304 0.0084753338852132428 0.0028242268728151799 -0.0031513233233773641 0.0017309236317027358 0.016959168611358454 0.0018266843568835918 -7.1915401891455802e-05 0.0025048948257704179 -0.004660798455279249 0.003279818163580789 -0.0079072969006648876 -0.018288799772293945 -0.0058475893991362035
leaf_weight=0.36981389673019327 0.53379192325519431 0.19907063079881493 0.3233793489634994 0.11585429683327664 1.0709015846805416 0.27413862242246922 0.11113760803709738 0.1958872094983235 0.2958160650159698 0.33044075302314013 0.18471983671770431 0.76665896866325012 0.23135146337153856
leaf_count=46 31 29 25 4 59 20 15 15 33 22 41 151 28
internal_value=-0.00155451 -0.00613987 0.00249102 0.00582466 0.00899291 0.0117404 -0.0114434 -0.014175 0.00380402 -0.00524889 -0.00571784 -0.0172489 -0.00323681
internal_weight=5.00296 2.10236 2.9006 2.20035 1.89977 1.57639 1.27275 1.07368 0.829608 0.700255 0.300574 0.877797 0.50549
internal_count=519 274 245 177 132 107 210 181 64 68 45 166 48
is_linear=0
shrinkage=0.05


Tree=338
num_leaves=12
num_cat=0
split_feature=5 5 5 12 12 10 6 18 6 1 24
split_gain=0.0543188 0.0548421 0.0552073 0.0523687 0.122342 0.0845547 0.0658496 0.0458025 0.0328863 0.00809904 0.00829836
threshold=-0.36549999999999994 -0.43349999999999994 -0.71849999999999981 -0.22449999999999998 0.14000000000000004 -0.10259999999999998 -1.2499999999999998 -0.42499999999999993 1.0000000180025095e-35 57.623500000000007 -0.95877792760838521
decision_type=2 2 2 2 2 2 2 2 2 2 2
left_child=1 2 -1 5 8 -2 -6 -8 -5 -9 -11
right_child=3 -3 -4 4 6 -7 7 9 -10 10 -12
leaf_value=0.0049048561419599854 0.0029946717336506966 0.011290462537534478 -0.0089944679726080608 -0.0016081275193827295 0.0036062471372020756 -0.01683963268463776 0.0015360839781523429 -2.4902027066470902e-06 0.011438490802575011 -0.00031051887637478749 -0.017132847219307294
leaf_weight=0.57600529113551602 0.43668174848426133 0.42505422247631919 0.37243551900610328 0.35658509872155286 0.46076875040307652 0.49783122881490305 0.30708380704163574 0.082242442178539488 0.83838622592156753 0.11649224255234003 0.50566552225791384
leaf_count=35 24 17 27 32 33 120 36 5 78 19 93
internal_value=-0.00158463 0.00483476 -0.00236817 -0.00455128 -6.33682e-06 -0.0108144 -0.00763273 -0.0120001 0.00858635 -0.0153401 -0.0161162
internal_weight=4.97523 1.3735 0.948441 3.60174 2.66722 0.934513 1.47225 1.01148 1.19497 0.7044 0.622158
internal_count=519 79 62 440 296 144 186 153 110 117 112
is_linear=0
shrinkage=0.05


Tree=339
num_leaves=15
num_cat=0
split_feature=25 13 0 7 15 6 11 2 0 6 25 24 6 24
split_gain=0.047472 0.0542276 0.0511819 0.05777 0.0703444 0.0449452 0.0699852 0.0328256 0.027606 0.0264126 0.0169177 0.0136011 0.0107802 0.00961915
threshold=-1.0092088020436856 0.55100000000000016 100.64500000000002 0.071500000000000022 2.5000000000000004 -0.74999999999999989 -0.30849999999999994 23.335000000000004 100.95000000000002 -0.44999999999999996 -0.58456702647471803 -1.5121442248886063 -1.5499999999999998 -1.0500262036209478
decision_type=2 10 2 2 2 2 2 2 2 2 2 2 2 2
left_child=5 2 3 4 -2 -1 -7 -4 -9 -3 -10 -11 -6 -14
right_child=1 9 7 -5 12 6 -8 8 10 11 -12 -13 13 -15
leaf_value=0.009390113519908528 0.00063068280741793614 0.007972539770693737 0.0067214130615590372 0.0040239058590097699 -8.2660412902509084e-05 0.0061004755874329002 -0.0089075408484180826 0.0036654277352612327 0.0016520865004108155 0.0026944574026276269 -0.0097821025745299453 -0.0055240619781341477 -0.00018222844454429338 -0.019349427442713309
leaf_weight=0.60541979526169587 0.61565317990607649 0.32780927603016607 0.35705802391748864 0.12243707076413546 0.091763235745020322 0.56748298869933922 0.59613128718046926 0.1361644489588798 0.10002509753394406 0.090042354073375463 0.2397324983830913 0.2050622350652701 0.087797225656686462 0.80706714265397728
leaf_count=19 46 21 14 8 7 21 35 12 10 3 50 47 18 208
internal_value=-0.00158942 -0.00475442 -0.00751683 -0.0109071 -0.0131559 0.00376299 -0.00215159 0.0016236 -0.00416372 0.00423081 -0.00769531 -0.00287217 -0.0177457 -0.0185575
internal_weight=4.94965 3.18061 2.5577 1.72472 1.60228 1.76903 1.16361 0.83298 0.475922 0.622914 0.339758 0.295105 0.986628 0.894864
internal_count=519 444 373 287 279 75 56 86 72 71 60 50 233 226
is_linear=0
shrinkage=0.05


Tree=340
num_leaves=13
num_cat=0
split_feature=22 13 2 13 5 24 10 24 0 9 5 16
split_gain=0.0548312 0.0560663 0.0536365 0.051845 0.0464907 0.048797 0.0517286 0.0449294 0.0255488 0.0159687 0.0107477 0.00445708
threshold=3.5000000000000004 0.38900000000000007 22.950000000000006 0.36350000000000005 0.32800000000000007 -0.50723128154482267 0.11380000000000001 -0.80432718729207731 111.86000000000003 0.090500000000000011 0.59650000000000014 125.50000000000001
decision_type=2 10 2 8 2 2 2 2 2 2 2 2
left_child=2 7 -1 11 5 -3 -7 -2 -6 10 -9 -4
right_child=1 4 3 -5 8 6 -8 9 -10 -11 -12 -13
leaf_value=-0.0044335083742446969 0.001704588845888629 0.011079823511169581 0.0017851737587272186 -0.0029677167069405447 -0.0091075332187786871 -0.0092067776923218554 0.0052736105853655214 -0.015501692168215031 0.0030177251453454537 0.00077619326735070397 0.00013400949002803902 0.012409680974518396
leaf_weight=0.53993590769823674 0.41894121424411424 0.55351523985154916 0.51092893694294572 0.43609918695437966 0.21971094669424918 0.2219721969377132 0.33497025049291551 0.53392314122174889 0.083307670196518302 0.083107597776688635 0.10006018684362061 0.94200422562425956
leaf_count=24 35 36 23 36 64 42 15 160 6 5 13 43
internal_value=8.34701e-05 -0.00428472 0.00458087 0.00780019 0.00213921 0.00616092 -0.00270422 -0.00953711 -0.00601636 -0.0132726 -0.0144622 0.0109244
internal_weight=4.97848 2.54951 2.42897 1.88903 1.41348 1.11046 0.556942 1.13603 0.303019 0.717091 0.633983 1.45293
internal_count=502 376 126 102 163 93 57 213 70 178 173 66
is_linear=0
shrinkage=0.05


Tree=341
num_leaves=15
num_cat=0
split_feature=26 11 2 0 18 25 24 13 15 13 7 12 15 15
split_gain=0.0535879 0.0523329 0.0439417 0.0395647 0.0365006 0.038033 0.0766904 0.0540924 0.0269065 0.022231 0.0214081 0.0168402 0.0153309 0.0131964
threshold=1.1931099126164333 0.48650000000000004 22.950000000000006 70.265000000000015 1.0000000180025095e-35 -0.68654830813356649 -0.50723128154482267 0.67650000000000021 3.5000000000000004 0.33400000000000007 0.021000000000000001 -0.5119999999999999 5.5000000000000009 4.5000000000000009
decision_type=2 2 2 2 2 2 2 10 2 10 2 2 2 2
left_child=1 2 3 -1 5 13 9 10 -6 -7 11 -8 -11 -4
right_child=-2 -3 4 -5 8 6 7 -9 -10 12 -12 -13 -14 -15
leaf_value=-0.0089210302120425519 -0.0094391442085405737 -0.0074726855663159904 0.014277619876048109 0.0039327765295695269 0.0036478991335161812 -0.0014110623823895541 0.0008156131988241894 0.0048965939450458908 -0.0075532038680011645 -0.00018838915004099012 0.0010264093204972291 -0.01421257568050208 0.011974378144864154 0.0025247008275207819
leaf_weight=0.34124933612474695 0.22965177857258812 0.27834382807486679 0.73574785259552322 0.31031857238849625 0.17910028231563035 0.28370075396378502 0.096003475249744841 0.15079050185158849 0.17441730544669554 0.27852589404210448 0.17896820744499564 0.39062730386649536 0.44420531927607954 0.88679854114889167
leaf_count=34 56 58 22 20 9 34 10 7 35 22 25 78 33 59
internal_value=3.7042e-05 0.00206458 0.00392265 -0.00412465 0.00587477 0.00736986 0.00113921 -0.00662051 -0.00337593 0.00759618 -0.010603 -0.0126935 0.00989858 0.0112661
internal_weight=4.95845 4.7288 4.45045 0.651568 3.79889 3.44537 1.82282 0.816389 0.353518 1.00643 0.665599 0.486631 0.722731 1.62255
internal_count=502 446 388 54 334 290 209 120 44 89 113 88 55 81
is_linear=0
shrinkage=0.05


Tree=342
num_leaves=15
num_cat=0
split_feature=26 11 2 0 9 13 5 9 2 15 5 24 0 15
split_gain=0.0521966 0.0508745 0.0425245 0.0386435 0.0319055 0.0964047 0.0470757 0.0891353 0.0323489 0.035506 0.0168638 0.019148 0.00918653 0.00564282
threshold=1.1931099126164333 0.48650000000000004 22.950000000000006 70.265000000000015 -0.073499999999999982 0.26050000000000006 0.10700000000000001 -0.011499999999999998 23.030000000000005 1.5000000000000002 -0.060999999999999992 -0.7564095225042281 57.485000000000007 10.500000000000002
decision_type=2 2 2 2 2 8 2 2 2 2 2 2 2 2
left_child=1 2 3 -1 -4 10 8 -8 -7 -10 -6 -12 -3 -11
right_child=-2 12 4 -5 5 6 7 -9 9 13 11 -13 -14 -15
leaf_value=-0.00882092841176693 -0.0093674951963062178 0.0010126910278181812 0.011059372337901942 0.0038869957802778938 0.010788906743615614 0.0024670744459672472 -0.0084110250766758765 0.01016896982230258 0.0018759178680242284 -0.014989182171854085 0.0044548773391970605 -0.0045735925256764525 -0.0087159401990171848 -0.00033701448196151205
leaf_weight=0.33926429373968847 0.22753985508461472 0.068678533658385166 0.84517962942481961 0.31005914820707403 0.9509531592921121 0.13779495120979823 0.19886686895915773 0.47370971864438616 0.17058707354590297 0.53509385442157509 0.14757718925829977 0.20538255656720206 0.20826504629803821 0.11766295207780786
leaf_count=34 56 2 40 20 47 8 44 38 7 84 7 33 56 26
internal_value=-1.61373e-05 0.00199738 0.00383866 -0.00407522 0.00576512 0.00182011 -0.00511867 0.00293105 -0.0093739 -0.0116218 0.00896216 -0.000296101 -0.00739964 -0.01415
internal_weight=4.93661 4.70907 4.43213 0.649323 3.78281 2.93763 1.63372 0.672577 0.961139 0.823344 1.30391 0.35296 0.276944 0.652757
internal_count=502 446 388 54 334 294 207 82 125 117 87 40 58 110
is_linear=0
shrinkage=0.05


Tree=343
num_leaves=15
num_cat=0
split_feature=26 11 10 11 24 16 13 0 15 1 12 0 5 13
split_gain=0.0505873 0.0493721 0.0417693 0.0902967 0.0635924 0.0777523 0.0807262 0.0513966 0.0433592 0.0365431 0.0204776 0.00908275 0.0021156 0.000929254
threshold=1.1931099126164333 0.48650000000000004 0.072150000000000006 0.078500000000000014 0.27370305780017212 134.50000000000003 0.11100000000000002 69.02500000000002 1.5000000000000002 69.90000000000002 0.58550000000000002 57.485000000000007 -0.13599999999999998 0.46750000000000008
decision_type=2 2 2 2 2 2 8 2 2 2 2 2 2 10
left_child=1 2 3 4 9 6 -6 -8 -9 -1 13 -3 -11 -4
right_child=-2 11 10 -5 5 -7 7 8 -10 12 -12 -13 -14 -15
leaf_value=-0.0026256522034072524 -0.0092968038999670845 0.0010094537913680785 0.0006837583127979938 -0.011420563817544978 0.0059890489903301871 0.0074266321974201539 0.0023059072011226366 0.0011540790188784306 -0.018256293774072424 0.00086156876066261368 0.011076791920878981 -0.0086538011877169887 0.012299844090781088 -0.001421113878191759
leaf_weight=0.17207582498667839 0.2254627554284524 0.068661170080304035 0.15006565170187947 0.28979878721293051 0.19381552375853028 0.4276968120393575 0.23990010796114802 0.2147782719694078 0.55693472384882625 0.20466594901517943 0.87706112420710269 0.20649759905063547 0.90752390437410213 0.17757981753675267
leaf_count=28 56 2 18 81 4 17 12 8 72 22 38 56 65 23
internal_value=-9.60274e-05 0.00190347 0.00373014 6.71332e-05 0.00383231 -0.00243437 -0.00771414 -0.0120117 -0.0152519 0.00937837 0.00902828 -0.00734185 0.0115994 -0.000668181
internal_weight=4.91252 4.68706 4.4119 3.20719 2.91739 1.63313 1.20543 1.01161 0.771713 1.28427 1.20471 0.275159 1.11219 0.327645
internal_count=502 446 388 309 228 113 96 92 80 115 79 58 87 41
is_linear=0
shrinkage=0.05


Tree=344
num_leaves=15
num_cat=0
split_feature=26 26 23 12 12 11 7 25 2 2 2 13 2 0
split_gain=0.0490952 0.0490873 0.0749603 0.0416837 0.0563363 0.111555 0.0638788 0.0392057 0.0352558 0.0345084 0.0587427 0.0278911 0.0106244 0.00861257
threshold=1.1931099126164333 1.0770060508093089 4.5000000000000009 0.9165000000000002 0.64250000000000018 0.078500000000000014 -0.036499999999999998 1.3332239572794495 22.950000000000006 23.165000000000003 23.545000000000005 0.10450000000000001 23.305000000000003 57.835000000000008
decision_type=2 2 2 2 2 2 2 2 2 2 2 8 2 2
left_child=1 2 11 4 5 6 -4 13 -8 -10 12 -1 -11 -7
right_child=-2 -3 3 -5 -6 7 8 -9 9 10 -12 -13 -14 -15
leaf_value=0.0021449399253246747 -0.0092270531840526714 0.0094100162443235026 -0.0051068527242091391 -0.0063289812914696852 0.011372077206210283 0.00021761567331249947 -0.0020731707259676285 0.002202910240950534 0.01557184349717537 0.00082653780263085654 0.0079806323439567447 -0.013066520367400459 -0.0084501233490632457 -0.014578271746032115
leaf_weight=0.070840096101164707 0.22341967992542766 0.55592387713841152 0.39152607148571483 0.24499993099016126 0.7074362945568281 0.074548104661516734 0.28311705193482417 0.19784737512236461 0.58554699504747965 0.19714688710519113 0.40580204626894556 0.348136505621369 0.19730465467728209 0.4024553783601732
leaf_count=4 56 23 34 34 33 7 21 18 17 20 36 85 22 92
internal_value=-0.000167578 0.00181933 -0.000849683 0.00234217 0.00424493 -0.000149394 0.00555957 -0.0104922 0.00903777 0.0112252 0.00116167 -0.0107955 -0.00654586 -0.0136841
internal_weight=4.88605 4.66263 4.10671 3.68773 3.44273 2.73529 2.06044 0.674851 1.66892 1.3858 0.800254 0.418977 0.394452 0.477003
internal_count=502 446 423 334 300 267 150 117 116 95 78 89 42 99
is_linear=0
shrinkage=0.05


Tree=345
num_leaves=12
num_cat=0
split_feature=22 13 0 19 6 3 5 18 9 9 5
split_gain=0.092122 0.0680519 0.0480542 0.0328426 0.0309692 0.0290423 0.028199 0.023289 0.0180413 0.0148313 0.00742417
threshold=3.5000000000000004 0.45800000000000007 69.410000000000011 9.5000000000000018 0.75000000000000011 0.038500000000000006 0.59650000000000014 -0.41499999999999992 -1.0000000180025095e-35 -0.027499999999999997 1.1110000000000002
decision_type=2 10 2 2 2 2 2 2 2 2 2
left_child=2 3 -1 -2 9 8 -5 -7 -3 -4 -8
right_child=1 5 4 6 -6 7 10 -9 -10 -11 -12
leaf_value=-0.0032803182120696183 0.002088112329148465 0.0024076490383781075 0.013239803827793646 -0.015911642033807748 -0.0013803368679775269 0.0093072921836712275 0.0027032251373509506 -0.001781110170572833 -0.0072230569257295254 0.0011766851830347048 -0.0028912682492974774
leaf_weight=0.72883538773749057 0.11755863344296846 0.1932135111419484 0.62864334578625858 0.87927333824336507 0.42611044858494995 0.30383504350902513 0.16718534965184517 0.32068213346065022 0.1669311898149316 0.5553783985233165 0.21028163524169941
leaf_count=38 4 31 26 218 35 13 21 39 39 31 22
internal_value=-0.00139216 -0.00705156 0.00471807 -0.0117562 0.00820824 0.00212979 -0.0134027 0.00602203 -0.00408484 0.010711 -0.000249795
internal_weight=4.69793 2.35896 2.33897 1.3743 1.61013 0.984662 1.25674 0.624517 0.360145 1.18402 0.377467
internal_count=517 387 130 265 92 122 261 52 70 57 43
is_linear=0
shrinkage=0.05


Tree=346
num_leaves=14
num_cat=0
split_feature=22 15 13 12 19 3 5 18 11 9 18 5 18
split_gain=0.0881992 0.0809106 0.0652119 0.0387428 0.0319415 0.0285403 0.0271431 0.022776 0.0201082 0.0177869 0.0102535 0.00730815 0.000926089
threshold=3.5000000000000004 7.5000000000000009 0.45800000000000007 -0.53799999999999992 9.5000000000000018 0.038500000000000006 0.59650000000000014 -0.41499999999999992 -0.34949999999999992 -1.0000000180025095e-35 -0.024999999999999998 1.1110000000000002 1.0000000180025095e-35
decision_type=2 2 10 2 2 2 2 2 2 2 2 2 2
left_child=1 3 4 -1 -2 9 10 -7 -3 -4 -6 -8 -12
right_child=2 8 5 -5 6 7 11 -9 -10 -11 12 -13 -14
leaf_value=-0.0023175850312839165 0.0020772428042658627 0.0019092288357387575 0.0023883249191414811 0.010707427111552325 -0.017644822505914252 0.0092113269128357624 0.002684142847537551 -0.0017596270828582354 -0.0094696423698894042 -0.0071788241969953778 0.00031000513717875091 -0.0028667045288872091 -0.0022156362293564761
leaf_weight=0.33642881375271838 0.11749914678512174 0.1569806404877454 0.19313109570066445 1.6125011911790352 0.53716992268891772 0.3021121665078681 0.16706758161308244 0.32057903427630663 0.2281145892702624 0.16575297820963886 0.22140614276577231 0.21005364067968912 0.11124543912592344
leaf_count=22 4 11 31 62 146 13 21 39 35 39 41 22 31
internal_value=-0.0013407 0.00463554 -0.00689483 0.00843556 -0.0115129 0.00209495 -0.013148 0.00595952 -0.0068016 -0.00406153 -0.01562 -0.000244198 -0.0015634
internal_weight=4.68004 2.33403 2.34602 1.94893 1.36444 0.981575 1.24694 0.622691 0.385095 0.358884 0.869822 0.377121 0.332652
internal_count=517 130 387 84 265 122 261 52 46 70 218 43 72
is_linear=0
shrinkage=0.05


Tree=347
num_leaves=14
num_cat=0
split_feature=22 15 13 12 19 3 5 18 11 9 18 5 18
split_gain=0.0832762 0.0776977 0.0632153 0.0369284 0.0313263 0.0280502 0.0265182 0.0222753 0.0198101 0.0175368 0.00983093 0.00719401 0.000914665
threshold=3.5000000000000004 7.5000000000000009 0.45800000000000007 -0.53799999999999992 9.5000000000000018 0.038500000000000006 0.59650000000000014 -0.41499999999999992 -0.34949999999999992 -1.0000000180025095e-35 -0.024999999999999998 1.1110000000000002 1.0000000180025095e-35
decision_type=2 2 10 2 2 2 2 2 2 2 2 2 2
left_child=1 3 4 -1 -2 9 10 -7 -3 -4 -6 -8 -12
right_child=2 8 5 -5 6 7 11 -9 -10 -11 12 -13 -14
leaf_value=-0.0022887478453928788 0.0020664337188964067 0.0018963745288799157 0.0023691597107782635 0.010394362057754812 -0.017443755307482326 0.0091165890054296286 0.0026652023887956621 -0.0017384054594386388 -0.0093979237676136505 -0.0071350849662230572 0.00030719458017591875 -0.0028423640829438922 -0.0022047745978219973
leaf_weight=0.33623853931203496 0.1174402994802225 0.15692249278072268 0.19305017557053361 1.6082432037219405 0.52795388820231892 0.30042366340057924 0.16695154843910132 0.32047800676082261 0.22604613766452519 0.16459006401419163 0.22140928296721518 0.20982898266811389 0.11113301463774405
leaf_count=22 4 11 31 62 146 13 21 39 35 39 41 22 31
internal_value=-0.00140371 0.00442512 -0.00680126 0.00816874 -0.011359 0.0020606 -0.0129874 0.00589789 -0.00674515 -0.00403857 -0.015441 -0.000238682 -0.00155686
internal_weight=4.66071 2.32745 2.33326 1.94448 1.35472 0.978542 1.23728 0.620902 0.382969 0.35764 0.860496 0.376781 0.332542
internal_count=517 130 387 84 265 122 261 52 46 70 218 43 72
is_linear=0
shrinkage=0.05


Tree=348
num_leaves=14
num_cat=0
split_feature=22 15 13 12 19 3 5 18 11 9 18 5 18
split_gain=0.0786348 0.074627 0.0612913 0.0352 0.0307269 0.0275716 0.0259129 0.0217867 0.0195175 0.0172909 0.00942434 0.00869291 0.000903392
threshold=3.5000000000000004 7.5000000000000009 0.45800000000000007 -0.53799999999999992 9.5000000000000018 0.038500000000000006 0.59650000000000014 -0.41499999999999992 -0.34949999999999992 -1.0000000180025095e-35 -0.024999999999999998 0.81550000000000011 1.0000000180025095e-35
decision_type=2 2 10 2 2 2 2 2 2 2 2 2 2
left_child=1 3 4 -1 -2 9 10 -7 -3 -4 -6 -8 -12
right_child=2 8 5 -5 6 7 11 -9 -10 -11 12 -13 -14
leaf_value=-0.0022602757946068083 0.0020556847306620785 0.0018836090808087705 0.0023501523898476193 0.010089801764484537 -0.017246067579190741 0.0090230566837551009 0.0029642644021680171 -0.0017174417477425451 -0.0093271604564313226 -0.007091831619974797 0.0003044095313884563 -0.0030899404585010316 -0.0021939741431357216
leaf_weight=0.33605202147737157 0.11738206638256121 0.15686518466100097 0.19297071738401428 1.6042372708034236 0.51899535510892747 0.29876876890193671 0.15985924386768602 0.32037900731666014 0.22401117950357718 0.16344215812569007 0.22141242008365203 0.21658559986099135 0.11102164172916673
leaf_count=22 4 11 31 62 146 13 16 39 35 39 41 27 31
internal_value=-0.00146467 0.00422109 -0.00670997 0.00790956 -0.0112084 0.00202672 -0.0128299 0.00583714 -0.00668957 -0.00401594 -0.0152652 -0.000233244 -0.00155035
internal_weight=4.64198 2.32117 2.32082 1.94029 1.34526 0.975561 1.22787 0.619148 0.380876 0.356413 0.851429 0.376445 0.332434
internal_count=517 130 387 84 265 122 261 52 46 70 218 43 72
is_linear=0
shrinkage=0.05


Tree=349
num_leaves=14
num_cat=0
split_feature=22 15 13 12 19 3 5 18 11 9 18 5 18
split_gain=0.0742504 0.0716919 0.0594309 0.0335533 0.0301411 0.0271042 0.0253447 0.0213096 0.0192305 0.0170493 0.00903308 0.00855792 0.000892265
threshold=3.5000000000000004 7.5000000000000009 0.45800000000000007 -0.53799999999999992 9.5000000000000018 0.038500000000000006 0.59650000000000014 -0.41499999999999992 -0.34949999999999992 -1.0000000180025095e-35 -0.024999999999999998 0.81550000000000011 1.0000000180025095e-35
decision_type=2 2 10 2 2 2 2 2 2 2 2 2 2
left_child=1 3 4 -1 -2 9 10 -7 -3 -4 -6 -8 -12
right_child=2 8 5 -5 6 7 11 -9 -10 -11 12 -13 -14
leaf_value=-0.0022321626581357115 0.0020449951871262611 0.0018709323105508887 0.0023313010793068684 0.0097935688226043205 -0.017051702729335958 0.0089307089093905254 0.002944218147817753 -0.0016967336772895948 -0.0092573354482383876 -0.0070490565303526461 0.00030164960630639737 -0.0030631083849346043 -0.0021832344771034891
leaf_weight=0.33586917654611181 0.11732445587404106 0.15680869470816106 0.19289270794251934 1.6004689942928962 0.51028501278415206 0.2971467514289543 0.15971260862716008 0.32028198472107761 0.22200895334390214 0.16230899884249073 0.22141553991241358 0.21632510804920457 0.11091131161083467
leaf_count=22 4 11 31 62 146 13 16 39 35 39 41 27 31
internal_value=-0.00152325 0.00402327 -0.00662036 0.00765784 -0.0110602 0.00199332 -0.0126749 0.00577724 -0.00663484 -0.00399364 -0.0150926 -0.000226221 -0.00154387
internal_weight=4.62376 2.31516 2.3086 1.93634 1.33597 0.97263 1.21865 0.617429 0.378818 0.355202 0.842612 0.376038 0.332327
internal_count=517 130 387 84 265 122 261 52 46 70 218 43 72
is_linear=0
shrinkage=0.05


Tree=350
num_leaves=13
num_cat=0
split_feature=6 10 5 12 10 5 11 15 9 11 24 5
split_gain=0.0516297 0.112253 0.0844504 0.042121 0.0647231 0.0449473 0.0377702 0.0361834 0.0254884 0.0181817 0.0117204 0.00961158
threshold=1.0000000180025095e-35 0.087550000000000017 -0.71849999999999981 -0.54649999999999987 -0.15459999999999999 -0.5575 0.078500000000000014 5.5000000000000009 0.019000000000000003 0.35150000000000003 0.24672710936913472 -0.36549999999999994
decision_type=2 2 2 2 2 2 2 2 2 2 2 2
left_child=1 2 -1 4 -2 -5 10 -3 -9 -8 -7 -6
right_child=3 7 -4 5 11 6 9 8 -10 -11 -12 -13
leaf_value=0.0038199607290479286 0.0060116250531874974 0.0088513215935953366 -0.015924598488585309 -0.0047700945091226632 0.00051833919819342298 0.013110365391724429 -0.0058135171791642336 -0.0073162924906583675 0.0034025107516019652 0.003184088498658907 0.0010910183692025238 -0.011311882452403468
leaf_weight=0.29473104479257006 0.26243754441384226 0.61277643838548079 1.0264879760179613 0.10254701804660737 0.1011039832374081 0.90810567990411006 0.13014713646407483 0.16747813003894407 0.24352101577096619 0.22870986380439717 0.44629130358225666 0.28767301605694262
leaf_count=14 15 30 121 15 8 74 48 27 22 37 39 55
internal_value=-0.000875709 -0.00518999 -0.0117719 0.00353932 -0.00387954 0.00663287 0.00882191 0.00492381 -0.00305494 -0.00195592 0.0112954 -0.0100774
internal_weight=4.81201 2.34499 1.32122 2.46702 0.651215 1.8158 1.71325 1.02378 0.410999 0.358857 1.3544 0.388777
internal_count=505 214 135 291 78 213 198 79 49 85 113 63
is_linear=0
shrinkage=0.05


Tree=351
num_leaves=12
num_cat=0
split_feature=25 5 3 5 5 13 23 10 13 2 11
split_gain=0.0455278 0.062048 0.061395 0.0431707 0.062785 0.037929 0.0398548 0.030654 0.0286054 0.0266497 0.0284035
threshold=-0.046998869353706611 -0.36549999999999994 0.015500000000000002 -0.43349999999999994 -0.71849999999999981 0.12450000000000001 11.500000000000002 -0.15459999999999999 0.70150000000000012 23.735000000000003 0.36800000000000005
decision_type=2 2 2 2 2 8 2 2 8 2 2
left_child=1 3 -2 4 -1 -3 7 -7 9 -4 -11
right_child=2 5 8 -5 -6 6 -8 -9 -10 10 -12
leaf_value=0.0052671324212016151 -0.0068906086823307885 0.0025758084288053529 0.011599597311791778 0.0091950668694839813 -0.0097185052303641536 0.0018688642229959329 0.001630477584940908 -0.014723093975800187 -0.0023202752608578671 -0.0062664511941153455 0.0048577038751050437
leaf_weight=0.5172330524364952 0.15845698209886894 0.26004532375372957 1.0603387442970409 0.35075226356275357 0.38030606802203692 0.083251446951180141 0.31482265068916615 1.1142584575754884 0.23149535630363982 0.14129935458186094 0.17639155102369841
leaf_count=31 60 7 95 13 26 6 21 165 31 33 17
internal_value=-0.000880249 -0.00415785 0.00419868 0.00311224 -0.00285794 -0.00855387 -0.0107311 -0.0132441 0.00751261 0.00944554 -0.0010908
internal_weight=4.78865 3.02067 1.76798 1.24829 0.897539 1.77238 1.51233 1.19751 1.60953 1.37803 0.317691
internal_count=505 269 236 70 57 199 192 171 176 145 50
is_linear=0
shrinkage=0.05


Tree=352
num_leaves=14
num_cat=0
split_feature=6 10 5 6 16 5 5 3 13 18 6 16 13
split_gain=0.0474158 0.105463 0.0797079 0.0402509 0.0561451 0.0523237 0.025388 0.0233858 0.0307583 0.020015 0.0198959 0.0177464 0.00820338
threshold=1.0000000180025095e-35 0.087550000000000017 -0.71849999999999981 1.2500000000000002 126.50000000000001 -0.35549999999999993 -0.26799999999999996 0.099500000000000019 0.50700000000000012 -0.099999999999999992 0.35000000000000003 133.50000000000003 0.38150000000000006
decision_type=2 2 2 2 2 2 2 2 10 2 2 2 10
left_child=1 2 -1 4 6 -6 -2 8 -3 -8 -7 -5 -12
right_child=3 7 -4 11 5 10 9 -9 -10 -11 12 -13 -14
leaf_value=0.003718795970815432 -0.0016495691303702754 -0.0070584506688844044 -0.015476506963779647 -0.0078383114634609976 0.0056311628791290425 0.0016672810887279248 0.014035970207096009 0.0082234732508894796 0.0041295813130392102 0.00025154244348217004 -0.011345417374152546 0.00244875940400195 0.00026484254228418229
leaf_weight=0.29405414406210173 0.15289893231238272 0.16183660508249864 1.012167420863989 0.18416304158745322 0.36993452922615688 0.14711529391934153 0.7484932527149798 0.48849298569257371 0.3661367941822391 0.35369906129199069 0.28761346997634973 0.079708606484928168 0.1218965641601244
leaf_count=14 16 33 121 58 21 16 66 15 31 37 49 7 21
internal_value=-0.000864995 -0.00501028 -0.0114165 0.00338356 0.00575048 -0.00243154 0.0101905 0.00480117 -0.00167489 0.0118364 -0.00796519 -0.00525203 -0.0101534
internal_weight=4.76821 2.32269 1.30622 2.44552 2.18165 0.92656 1.25509 1.01647 0.527973 1.10219 0.556625 0.263872 0.40951
internal_count=505 214 135 291 226 107 119 79 64 103 86 65 70
is_linear=0
shrinkage=0.05


Tree=353
num_leaves=14
num_cat=0
split_feature=6 10 5 6 16 5 15 5 6 18 16 13 26
split_gain=0.0445542 0.100472 0.0769166 0.0390247 0.0541485 0.0510817 0.0350455 0.0246495 0.0195698 0.0192586 0.0175562 0.0145708 0.00932
threshold=1.0000000180025095e-35 0.087550000000000017 -0.71849999999999981 1.2500000000000002 126.50000000000001 -0.35549999999999993 5.5000000000000009 -0.26799999999999996 0.35000000000000003 -0.099999999999999992 133.50000000000003 0.51150000000000018 1.0770060508093089
decision_type=2 2 2 2 2 2 2 2 2 2 2 10 2
left_child=1 2 -1 4 7 -6 -3 -2 -7 -9 -5 -8 -10
right_child=3 6 -4 10 5 8 11 9 12 -11 -12 -13 -14
leaf_value=0.00367732914473245 -0.0016387351929845696 0.0085990880932859774 -0.015157958020055682 -0.0077869015104238054 0.0055576479327349767 0.0016566534768572756 -0.0059298445286611011 0.013777503976719677 -0.011337414663258973 0.00024825571221070134 0.0024399450119812535 0.0024213532187977197 0.00039986924477562166
leaf_weight=0.29378457262646396 0.15282725584984325 0.60522823451901764 1.0030162622715582 0.18274773789744347 0.36932967214670498 0.14707233874651127 0.21809527312871069 0.74330097944766782 0.28760375713318354 0.3537022143282228 0.079611758992541581 0.19017082595382817 0.11876236629905179
leaf_count=14 16 30 121 58 21 16 28 66 60 37 7 21 10
internal_value=-0.000851567 -0.00487623 -0.0111477 0.00327494 0.00561843 -0.00241328 0.0046994 0.0099853 -0.00788601 0.0116139 -0.00520909 -0.00308272 -0.0100619
internal_weight=4.74525 2.3103 1.2968 2.43496 2.1726 0.922768 1.01349 1.24983 0.553438 1.097 0.262359 0.408266 0.406366
internal_count=505 214 135 291 226 107 79 119 86 103 65 49 70
is_linear=0
shrinkage=0.05


Tree=354
num_leaves=13
num_cat=0
split_feature=6 10 5 6 16 5 15 5 3 18 16 13
split_gain=0.0418732 0.0956842 0.074222 0.0378425 0.0522195 0.0498659 0.0340153 0.0239336 0.0193716 0.0185301 0.0173689 0.0143316
threshold=1.0000000180025095e-35 0.087550000000000017 -0.71849999999999981 1.2500000000000002 126.50000000000001 -0.35549999999999993 5.5000000000000009 -0.26799999999999996 0.053500000000000013 -0.099999999999999992 133.50000000000003 0.51150000000000018
decision_type=2 2 2 2 2 2 2 2 2 2 2 10
left_child=1 2 -1 4 7 -6 -3 -2 -7 -9 -5 -8
right_child=3 6 -4 10 5 8 11 9 -10 -11 -12 -13
leaf_value=0.0036363374770716239 -0.001627975602360466 0.0084464846514278637 -0.014845089821941028 -0.007736100445065338 0.0054851174246286364 0.00099272774621151001 -0.0058808144344422676 0.013523538483018334 -0.010586663190399505 0.00024501168223621848 0.0024311707182640379 0.0024021865311379884
leaf_weight=0.2935210526920855 0.15275638533057678 0.60346689788275376 0.99424775038642133 0.18135231663472939 0.36874069683835842 0.28640446910139861 0.21727588688372634 0.73830397319397922 0.26384504610905424 0.35370534934918385 0.07951558762579225 0.19008487544488162
leaf_count=14 16 30 121 58 21 32 28 66 54 37 7 21
internal_value=-0.000839371 -0.00474663 -0.0108845 0.0031692 0.00548964 -0.00239457 0.00459706 0.00978411 -0.00780704 0.0113956 -0.00516674 -0.0030552
internal_weight=4.72322 2.2986 1.28777 2.42462 2.16376 0.91899 1.01083 1.24477 0.55025 1.09201 0.260868 0.407361
internal_count=505 214 135 291 226 107 79 119 86 103 65 49
is_linear=0
shrinkage=0.05


Tree=355
num_leaves=14
num_cat=0
split_feature=26 26 13 0 0 19 3 8 7 24 15 21 9
split_gain=0.0361741 0.0543894 0.065047 0.0624723 0.0611828 0.0317901 0.0313762 0.0327925 0.0239939 0.0282482 0.0145926 0.0385542 0.0110652
threshold=-1.5788965662037384 -0.46041196845974225 0.28550000000000003 69.895000000000024 112.30500000000002 9.5000000000000018 0.044500000000000005 -0.044999999999999991 0.044000000000000004 0.94952400413478144 2.5000000000000004 6.5000000000000009 -1.0000000180025095e-35
decision_type=2 2 8 2 2 2 2 2 2 2 2 2 2
left_child=-1 6 3 -3 5 -4 12 -8 9 -7 -5 -12 -2
right_child=1 2 4 10 -6 8 7 -9 -10 -11 11 -13 -14
leaf_value=-0.0077036932465155104 0.0021708703300092475 -0.0064406067021799719 0.0019727822765170547 -0.00071968995316790813 0.0046762498813926572 -0.017744394932763523 -0.0015890890228429202 0.0108596429065091 0.0012803641214953056 0.0002316012459261139 0.012970867194926992 -0.0020858777925184618 -0.0053796159897144848
leaf_weight=0.17851409825379949 0.13543204063898884 0.25219830202695481 0.11095557705266379 0.2480087913572786 0.16027289256453514 0.54162200025166385 0.38584178709425043 1.3654348010059034 0.083182438043877482 0.2249695782084018 0.57238373428117484 0.25018708157585934 0.11933927179779891
leaf_count=35 19 37 4 12 6 164 19 73 15 22 35 39 25
internal_value=0.000285532 0.00196079 -0.00268392 0.00379905 -0.00851823 -0.0119817 0.00662957 0.00853624 -0.0138853 -0.0153241 0.00815678 0.00975953 -0.00283457
internal_weight=4.62834 4.44983 2.44378 1.32278 1.121 0.96073 2.00605 1.75128 0.849774 0.766592 1.07058 0.822571 0.254771
internal_count=505 470 334 123 211 205 136 92 201 186 86 74 44
is_linear=0
shrinkage=0.05


Tree=356
num_leaves=15
num_cat=0
split_feature=2 0 13 2 13 0 26 26 7 16 2 6 9 10
split_gain=0.0400457 0.0554899 0.0631724 0.0578529 0.0416099 0.0385232 0.0371786 0.0209794 0.0226063 0.0144135 0.0140063 0.0116066 0.00385426 0.00196291
threshold=23.785000000000004 57.415000000000006 0.42300000000000004 22.975000000000005 0.55100000000000016 58.010000000000012 -1.4104427921040659 -1.2967620451199704 -0.046499999999999993 129.50000000000003 22.735000000000003 -0.94999999999999984 0.023000000000000003 -0.072649999999999978
decision_type=2 2 8 2 10 2 2 2 2 2 2 2 2 2
left_child=1 -1 3 10 6 -4 -2 -5 -9 -6 -3 -7 13 -10
right_child=4 2 5 7 9 11 -8 8 12 -11 -12 -13 -14 -15
leaf_value=-0.0070222316257723093 0.0023050969658891221 0.0021417207940845509 0.0043129881970162924 -0.0010527491596691936 -0.0023721137570448039 0.00091877348141840721 -0.013425076839637751 -0.00026524704263223593 0.0016968870943691238 0.0060114499639007122 -0.0061153642408222023 -0.01075595791638294 0.0010304357477577343 0.014179573931136159
leaf_weight=0.31352163979318026 0.1692825919308234 0.21240830150782208 0.10338157921796653 0.21615307609317946 0.19125865018577315 0.080452086753211915 0.35928473234162073 0.34509858232922996 0.33711328767822246 0.17649173070094548 0.26846301519253757 0.26931838654854801 0.25020869856234651 1.3147020898395529
leaf_count=24 18 19 6 16 34 8 82 30 20 13 30 67 30 108
internal_value=0.00020501 0.00264414 0.00493029 0.0075 -0.00596238 -0.00543726 -0.010175 0.0100314 0.0110935 0.00310482 -0.00348475 -0.00937941 0.0125356 0.0132326
internal_weight=4.60714 3.71082 3.3973 2.94415 0.896318 0.453152 0.528567 2.46328 2.24712 0.36775 0.480871 0.34977 1.90202 1.65182
internal_count=505 358 334 253 147 81 100 204 188 47 49 75 158 128
is_linear=0
shrinkage=0.05


Tree=357
num_leaves=15
num_cat=0
split_feature=2 0 13 2 13 15 0 15 5 12 15 16 5 6
split_gain=0.0379426 0.0533327 0.0604856 0.0555269 0.0407713 0.0452312 0.0379723 0.0290249 0.028404 0.017838 0.015969 0.0141987 0.0139522 0.0114485
threshold=23.785000000000004 57.415000000000006 0.42300000000000004 22.975000000000005 0.55100000000000016 1.5000000000000002 58.010000000000012 9.5000000000000018 -0.26799999999999996 -0.46999999999999992 4.5000000000000009 129.50000000000003 -0.33649999999999997 -0.94999999999999984
decision_type=2 2 8 2 10 2 2 2 2 2 2 2 2 2
left_child=1 -1 3 9 5 -2 -4 8 10 -3 -5 -6 -9 -8
right_child=4 2 6 7 11 -7 13 12 -10 -11 -12 -13 -14 -15
leaf_value=-0.0069452681761241189 0.002975879998262878 0.0026570304029644642 0.0042941560231948891 0.0045653288168622562 -0.0023533788663222381 -0.013701411518729107 0.00091536304731220676 0.0033905294633325349 0.013984077806380647 -0.0064781754340223381 -0.0031677211560601961 0.0059699055042541967 -0.0044298496404287574 -0.010666005204540564
leaf_weight=0.31225946362246793 0.15408763813320536 0.20020730953547172 0.10303738393122319 0.3368561854003943 0.19110683561302722 0.36975049130705884 0.080440371297299862 0.12205250846454874 1.4045684263546709 0.27972012454120054 0.37763567433285061 0.17581010371213779 0.21512237587012339 0.26651461624715012
leaf_count=24 9 20 6 14 34 91 8 8 108 29 31 13 43 67
internal_value=0.000120125 0.00250896 0.00476548 0.0072876 -0.00587952 -0.0100622 -0.00536764 0.0097755 0.0113383 -0.00344697 0.00101442 0.00308457 -0.00118044 -0.00929478
internal_weight=4.58917 3.69841 3.38615 2.93616 0.890755 0.523838 0.449992 2.45624 2.11906 0.479927 0.714492 0.366917 0.337175 0.346955
internal_count=505 358 334 253 147 100 81 204 153 49 45 47 51 75
is_linear=0
shrinkage=0.05


Tree=358
num_leaves=15
num_cat=0
split_feature=2 0 13 2 13 15 0 15 5 3 12 15 16 6
split_gain=0.0358253 0.0512066 0.0578677 0.0531924 0.0399206 0.0444248 0.0374323 0.0276319 0.026645 0.0220139 0.0175022 0.0155575 0.0139876 0.0112933
threshold=23.785000000000004 57.415000000000006 0.42300000000000004 22.975000000000005 0.55100000000000016 1.5000000000000002 58.010000000000012 9.5000000000000018 -0.26799999999999996 0.059500000000000004 -0.46999999999999992 4.5000000000000009 129.50000000000003 -0.94999999999999984
decision_type=2 2 8 2 10 2 2 2 2 2 2 2 2 2
left_child=1 -1 3 10 5 -2 -4 8 11 -9 -3 -5 -6 -8
right_child=4 2 6 7 12 -7 13 9 -10 -11 -12 -13 -14 -15
leaf_value=-0.0068692691244356414 0.0029564140900735793 0.0026351044638178462 0.0042754557583992202 0.0045091717134560358 -0.0023348006591968036 -0.013566085063907954 0.00091196557222064352 -0.0057234980804682194 0.013615830346951555 0.0040567458223329071 -0.0064125370049753303 -0.0031249956806652991 0.0059287500214079379 -0.010577348455381122
leaf_weight=0.31102338869823176 0.15393528802087519 0.2001028813974699 0.10269607667578373 0.33646282169502373 0.19095706610823981 0.36486589187552454 0.080428757122717798 0.12778413677006017 1.3976519689967963 0.20868627808522433 0.27871550754935093 0.37733867776114494 0.17513766087358817 0.26376233200426213
leaf_count=24 9 20 6 14 34 91 8 26 108 25 29 31 13 67
internal_value=3.3777e-05 0.00237073 0.00459843 0.00707437 -0.00579232 -0.00994493 -0.00529925 0.0095178 0.0110457 -0.00116092 -0.00340638 0.00100488 0.00306454 -0.00921144
internal_weight=4.56955 3.68465 3.37363 2.92674 0.884896 0.518801 0.446887 2.44792 2.11145 0.33647 0.478818 0.713801 0.366095 0.344191
internal_count=505 358 334 253 147 100 81 204 153 51 49 45 47 75
is_linear=0
shrinkage=0.05


Tree=359
num_leaves=15
num_cat=0
split_feature=2 13 15 9 13 2 16 10 11 26 26 16 11 13
split_gain=0.0337666 0.0390937 0.0436368 0.0335838 0.075199 0.0554829 0.0349851 0.0399061 0.0330489 0.028697 0.036397 0.0137799 0.0125316 0.00875633
threshold=23.785000000000004 0.55100000000000016 1.5000000000000002 -0.099499999999999991 0.40050000000000008 22.975000000000005 117.50000000000001 0.11380000000000001 -0.40749999999999992 0.81111646862686004 -1.2208207792309047 129.50000000000003 -0.35549999999999993 0.33950000000000008
decision_type=2 10 2 2 8 2 2 2 2 2 2 2 2 10
left_child=3 2 -2 -1 5 8 -6 -8 -5 10 -7 -3 -11 -12
right_child=1 11 -4 4 6 9 7 -9 -10 12 13 -13 -14 -15
leaf_value=-0.0052188259520280942 0.0029370869490782572 -0.0023163772698831134 -0.013432936543163616 0.0043912392695157195 0.0034832372190270258 -0.0013897552543367152 -0.012834342855755566 0.0030076989080972715 -0.0076383641576418058 0.0032706081781980765 0.014859130912426403 0.0058879780191990212 -0.0040084465362952536 0.00094015950508275793
leaf_weight=0.34828794002532992 0.15378493172465812 0.19080930869677104 0.36009124239353696 0.16138684889301658 0.17653925812919613 0.2671995738055567 0.34024407855758909 0.11935886851279065 0.31847197533352378 0.16687041410477832 1.2768719750747539 0.17447424287092872 0.22732893182546821 0.26851169794099417
leaf_count=22 9 34 91 9 13 20 79 11 45 12 82 13 34 31
internal_value=-5.54235e-05 -0.00570699 -0.0098299 0.00223005 0.00403749 0.00737514 -0.00595076 -0.00947823 -0.00335913 0.0100289 0.0118268 0.00304473 -0.000791355 0.0137602
internal_weight=4.55023 0.87916 0.513876 3.67107 3.32278 2.68664 0.636142 0.459603 0.479859 2.20678 1.81258 0.365284 0.394199 1.54538
internal_count=505 147 100 358 336 233 103 90 54 179 133 47 46 113
is_linear=0
shrinkage=0.05


Tree=360
num_leaves=12
num_cat=0
split_feature=15 1 5 11 11 26 15 10 6 10 1
split_gain=0.0275101 0.067046 0.0880355 0.08645 0.0619009 0.0401957 0.0361389 0.0347305 0.016502 0.0137522 0.0108806
threshold=11.500000000000002 82.566500000000005 -0.71849999999999981 0.27850000000000008 0.082500000000000018 -1.0797096700873816 2.5000000000000004 -0.11055 0.75000000000000011 0.16505000000000003 70.283000000000015
decision_type=2 2 2 2 2 2 2 2 2 2 2
left_child=1 2 -1 -4 7 -6 -5 -3 -9 -8 -2
right_child=10 4 3 6 5 -7 9 8 -10 -11 -12
leaf_value=0.0054096952407215598 0.0053103785368561517 -0.00330367952507855 -0.018825565887010242 0.0065096173077780059 0.0031011485279155634 -0.011677221664870998 -0.0076133506514610445 0.010057651512524237 -0.00050087032080206985 0.001582119777319378 -0.0021249750644871872
leaf_weight=0.16892349813133511 0.1898351565178017 0.32838480186182994 1.1882966821867742 0.28818232018966217 0.19359345806878991 0.29783943941583846 0.17663980547513347 0.786825227725785 0.3520462709129788 0.18632165371673182 0.13666175222897436
leaf_count=6 12 29 171 11 24 73 40 50 32 19 39
internal_value=-0.00532972 -0.00646585 -0.0111583 -0.0140491 0.00049071 -0.00767963 0.000789941 0.00523071 0.0080856 -0.0051955 0.00294241
internal_weight=4.29355 3.96705 2.00836 1.83944 1.95869 0.491433 0.651144 1.46726 1.13887 0.362961 0.326497
internal_count=506 455 247 241 208 97 70 111 82 59 51
is_linear=0
shrinkage=0.05


Tree=361
num_leaves=12
num_cat=0
split_feature=26 9 6 5 13 16 0 7 26 26 12
split_gain=0.0274773 0.0958435 0.0671445 0.0703956 0.0688067 0.047349 0.0575262 0.0170428 0.0165681 0.0160257 0.00509295
threshold=0.04285311474691389 -0.06699999999999999 -1.0000000180025095e-35 -0.71849999999999981 0.55100000000000016 123.50000000000001 94.425000000000026 0.040500000000000008 1.1802096517260428 -1.5629832186910118 -0.21849999999999997
decision_type=2 2 2 2 10 2 2 2 2 2 2
left_child=2 -2 3 -1 7 6 8 9 -3 -5 -4
right_child=1 5 10 4 -6 -7 -8 -9 -10 -11 -12
leaf_value=0.0059218335776782425 0.0053218954643523631 -0.010025999681358522 6.5123211965105874e-05 -0.00011366096927748533 0.0037568656089903372 -0.018305093168079004 0.0066351545730451086 0.00031106810448787388 0.001483547168893674 -0.015293387594068572 0.0085141745085197673
leaf_weight=0.34190138475969489 0.35010509782296129 0.2452901069918878 0.22246077228919603 0.20777104172157146 0.37271980423247453 0.56517512301070383 0.35369956634531263 0.18764021097013017 0.11533916750340723 0.91828159935539544 0.38854724114935368
leaf_count=13 20 42 22 22 26 144 33 27 17 100 40
internal_value=-0.00520285 -0.00886602 -0.00112639 -0.00528387 -0.00891439 -0.0133798 -0.00107833 -0.0125794 -0.00796001 -0.0138634 0.00738789
internal_weight=4.26893 1.62961 2.63932 2.02831 1.68641 1.2795 0.714329 1.31369 0.360629 1.12605 0.611008
internal_count=506 256 250 188 175 236 92 149 59 122 62
is_linear=0
shrinkage=0.05


Tree=362
num_leaves=12
num_cat=0
split_feature=26 9 11 7 18 16 0 13 16 26 0
split_gain=0.0275956 0.0934785 0.0663383 0.0500251 0.0699626 0.0456931 0.0562575 0.0449317 0.0288995 0.0163363 0.0114823
threshold=0.04285311474691389 -0.06699999999999999 0.078500000000000014 -0.074499999999999997 -0.42499999999999993 123.50000000000001 94.425000000000026 0.19550000000000003 127.50000000000001 1.1802096517260428 57.600000000000009
decision_type=2 2 2 2 2 2 2 10 2 2 2
left_child=2 -2 7 -4 -5 6 9 -1 -9 -3 -6
right_child=1 5 3 4 10 -7 -8 8 -10 -11 -12
leaf_value=-0.0037440736492308094 0.0052550220225210838 -0.0099465978377114832 0.0029155091396215406 0.0034563650132347586 0.00021277723639297099 -0.018092873690576505 0.0065529529870958754 0.01150882240576357 -0.0017303552984629144 0.001475909835544493 -0.01659125712072609
leaf_weight=0.40101714448246661 0.34957149485126127 0.24292824322765205 0.47666502348147333 0.25907032344548497 0.082241427968255953 0.5551966775310575 0.35279668927250896 0.68544078737613745 0.23885548727412242 0.11531433620257303 0.48479519636748591
leaf_count=27 20 42 19 22 6 144 33 46 26 17 104
internal_value=-0.00507962 -0.00875368 -0.00103058 -0.00683841 -0.010981 -0.0132334 -0.00108238 0.00516415 0.00896628 -0.0078902 -0.0155736
internal_weight=4.24389 1.61581 2.62809 1.30277 0.826107 1.26624 0.711039 1.32531 0.924296 0.358243 0.567037
internal_count=506 256 250 151 132 236 92 99 72 59 110
is_linear=0
shrinkage=0.05


Tree=363
num_leaves=13
num_cat=0
split_feature=26 9 11 7 18 13 3 13 21 16 0 11
split_gain=0.026529 0.0911863 0.0637551 0.0485516 0.0683563 0.0446674 0.0451676 0.0433512 0.0303657 0.0279985 0.0112477 0.00446617
threshold=0.04285311474691389 -0.06699999999999999 0.078500000000000014 -0.074499999999999997 -0.42499999999999993 0.10450000000000001 0.035500000000000011 0.19550000000000003 8.5000000000000018 127.50000000000001 57.600000000000009 -0.075999999999999984
decision_type=2 2 2 2 2 8 2 10 2 2 2 2
left_child=2 -2 7 -4 -5 -3 8 -1 -7 -9 -6 -10
right_child=1 5 3 4 10 6 -8 9 11 -11 -12 -13
leaf_value=-0.003691564768533686 0.0051890129076095724 0.0022527979178036286 0.0028687621213590916 0.0034213596197508775 0.00021196875029450623 0.0056183503189664273 -0.019334703755172593 0.011298981406143497 0.00031576014298832192 -0.0017138065162929659 -0.01640796156054888 -0.0066664682309808742
leaf_weight=0.40061930006777424 0.34905169952253334 0.15794397448189523 0.4765099881333299 0.25887135868833866 0.082241288735531048 0.14911439415300265 0.61656955720536644 0.68192356641520746 0.17814975291548762 0.23876240296885953 0.47706734962412156 0.15153784760332201
leaf_count=27 20 9 19 22 6 7 152 46 15 26 104 53
internal_value=-0.00503002 -0.00864428 -0.00103786 -0.0067388 -0.0108346 -0.01309 -0.0153216 0.00504481 -0.000573809 0.00878906 -0.0153955 -0.00549353
internal_weight=4.21836 1.60237 2.616 1.29469 0.81818 1.25332 1.09537 1.32131 0.478802 0.920686 0.559309 0.329688
internal_count=506 256 250 151 132 236 227 99 75 72 110 68
is_linear=0
shrinkage=0.05


Tree=364
num_leaves=13
num_cat=0
split_feature=15 1 5 11 11 26 15 10 0 24 23 16
split_gain=0.0254007 0.0613734 0.0820678 0.0828639 0.057684 0.038606 0.0342716 0.0331546 0.029799 0.0239376 0.00736377 0.00555162
threshold=11.500000000000002 82.566500000000005 -0.71849999999999981 0.27850000000000008 0.082500000000000018 -1.0797096700873816 2.5000000000000004 -0.11055 57.485000000000007 0.27370305780017212 10.500000000000002 119.50000000000001
decision_type=2 2 2 2 2 2 2 2 2 2 2 2
left_child=1 2 -1 -4 7 -6 -5 -3 -8 -9 11 -2
right_child=10 4 3 6 5 -7 8 9 -10 -11 -12 -13
leaf_value=0.0052996215177704663 0.0018409630097511089 -0.0032178228697833538 -0.018190804382716089 0.0064576816033212582 0.0031068050339067201 -0.011330174694062113 0.0034485626600105333 0.010485418634223675 -0.0088309116617936376 -0.0010964109514223935 0.0047681323209671587 -0.0034843907772718142
leaf_weight=0.16593982512131322 0.066361154080368467 0.32308782287873317 1.1479256988823183 0.28428276430349786 0.19031343130336609 0.28667502018652147 0.14491704734973609 0.75056601605319861 0.21125297596154269 0.36604323821302387 0.18131296851788647 0.074327410737168975
leaf_count=6 11 29 171 11 24 73 6 50 53 32 10 30
internal_value=-0.00496354 -0.00608254 -0.0106109 -0.0134584 0.000589721 -0.00736646 0.00094202 0.00516466 -0.00497589 0.00796447 0.00291407 -0.00156068
internal_weight=4.19301 3.871 1.95432 1.78838 1.91669 0.476988 0.640453 1.4397 0.35617 1.11661 0.322002 0.140689
internal_count=506 455 247 241 208 97 70 111 59 82 51 41
is_linear=0
shrinkage=0.05


Tree=365
num_leaves=15
num_cat=0
split_feature=14 6 2 9 23 14 15 15 5 5 9 1 3 12
split_gain=0.0607319 0.0546075 0.0458458 0.042081 0.0595565 0.0418798 0.0387399 0.027051 0.0233467 0.0200736 0.0081022 0.0109148 0.00656311 0.0150899
threshold=5.5000000000000009 0.65000000000000002 23.705000000000002 -1.0000000180025095e-35 8.5000000000000018 2.5000000000000004 7.5000000000000009 3.5000000000000004 -0.13599999999999998 0.22050000000000003 -0.048999999999999995 70.109000000000009 0.17550000000000004 0.14000000000000004
decision_type=2 2 2 2 2 2 2 2 2 2 2 2 2 2
left_child=5 2 3 4 -2 -1 -3 -4 -5 -9 -8 -12 13 -7
right_child=1 6 7 8 -6 12 10 9 -10 -11 11 -13 -14 -15
leaf_value=-0.004070870148299436 0.0051493020302478872 -0.01521225858204369 0.001475768980496506 -0.0012980394224604379 -0.0092632542545340295 0.0045126421820654121 0.0035308282594302114 -0.011801403780598704 0.011307836969238188 0.0014889921122695625 0.0025221751696279 -0.0049711606012569978 0.011276639707298091 -0.0034568199027740412
leaf_weight=0.18753991676931037 0.57721309145563315 0.42881172183115257 0.501180205203127 0.23748379950120613 0.3749332488514483 0.21967473527183745 0.17509832908399403 0.30318871042254614 0.53149435679370072 0.10645960885449313 0.061305261333473027 0.10946415314538172 0.3322070799767971 0.19195368685177527
leaf_count=43 36 81 32 28 30 27 6 57 44 29 9 43 8 34
internal_value=-0.00173709 -0.0047303 -0.000115578 0.00407801 -0.00236397 0.00599163 -0.0115091 -0.00602699 0.00888173 -0.0097414 0.000973754 -0.0024245 0.00940823 0.000980135
internal_weight=4.33801 3.40663 2.63195 1.72112 0.952146 0.931375 0.774679 0.910829 0.768978 0.409648 0.345868 0.170769 0.743836 0.411628
internal_count=507 395 256 138 66 112 139 118 72 86 58 52 69 61
is_linear=0
shrinkage=0.05


Tree=366
num_leaves=15
num_cat=0
split_feature=14 6 2 14 9 23 15 15 5 5 9 1 3 12
split_gain=0.0594527 0.0526897 0.0444454 0.0410906 0.0409335 0.0577974 0.0378733 0.0264082 0.0227011 0.0197701 0.00798884 0.0108331 0.00641484 0.0148374
threshold=5.5000000000000009 0.65000000000000002 23.705000000000002 2.5000000000000004 -1.0000000180025095e-35 8.5000000000000018 7.5000000000000009 3.5000000000000004 -0.13599999999999998 0.22050000000000003 -0.048999999999999995 70.109000000000009 0.17550000000000004 0.14000000000000004
decision_type=2 2 2 2 2 2 2 2 2 2 2 2 2 2
left_child=3 2 4 -1 5 -2 -3 -4 -6 -9 -8 -12 13 -5
right_child=1 6 7 12 8 -7 10 9 -10 -11 11 -13 -14 -15
leaf_value=-0.0040400595502824059 0.0050569560436620961 -0.015052057721396209 0.0014511669338002236 0.0044733787604969042 -0.0012856454210566988 -0.0091523650698519879 0.0035051668926947676 -0.011695933032204307 0.011134301443274377 0.0014818660297950593 0.0025151566032758869 -0.0049490815616384269 0.011159830632327854 -0.0034298710152229636
leaf_weight=0.18715755073935725 0.57664171494252547 0.42250956143834617 0.50114720358396869 0.21930912345123932 0.23742627415049389 0.37267524868366309 0.17488748929463327 0.29973175157283549 0.52845232831896283 0.10643248111591674 0.061195774003863335 0.10892956081806915 0.3294370649382472 0.19165354789583944
leaf_count=43 36 81 32 27 28 30 6 57 44 29 9 43 8 34
internal_value=-0.00173984 -0.00470591 -0.000150844 0.00591802 0.00399129 -0.00235478 -0.011379 -0.00596839 0.00873636 -0.00964467 0.00096584 -0.00240924 0.00931022 0.000968993
internal_weight=4.31759 3.39003 2.62251 0.927557 1.7152 0.949317 0.767522 0.907311 0.765879 0.406164 0.345013 0.170125 0.7404 0.410963
internal_count=507 395 256 112 138 66 139 118 72 86 58 52 69 61
is_linear=0
shrinkage=0.05


Tree=367
num_leaves=15
num_cat=0
split_feature=14 26 2 9 19 14 26 5 13 16 23 3 3 12
split_gain=0.0582121 0.0462839 0.0736016 0.0573289 0.0426858 0.0403187 0.0400213 0.0247527 0.0233187 0.0213039 0.0124348 0.0118138 0.0062711 0.0145895
threshold=5.5000000000000009 -0.034319970954372676 23.705000000000002 -0.06699999999999999 10.500000000000002 2.5000000000000004 -1.2208207792309047 -0.17599999999999996 0.10450000000000001 129.50000000000003 11.500000000000002 0.017500000000000005 0.17550000000000004 0.14000000000000004
decision_type=2 2 2 2 2 2 2 2 10 2 2 2 2 2
left_child=5 2 6 -3 -5 -1 -2 -8 -6 10 -4 -10 13 -7
right_child=1 3 9 4 8 12 7 -9 11 -11 -12 -13 -14 -15
leaf_value=-0.0040095184060659241 -0.0037300388304108952 0.0031996735004577123 -0.011650413141457681 0.0016486563432774816 0.0010246828619594021 0.0044344881848098101 -0.00089042065389481726 0.01165841919333452 -0.00016654756380960183 0.0010992816415983468 0.00045432353082762818 -0.018392028927014619 0.01104466514977908 -0.0034031557100825979
leaf_weight=0.18678065649874043 0.21820124326040979 0.28624265753023803 0.29572771282983001 0.21632125222822618 0.075226396322250366 0.21894998033530999 0.33639648923417553 0.72983111740904905 0.11377512218314223 0.36453479868578142 0.16714172781212255 0.5704318854441226 0.32672445382922888 0.19135769450804219
leaf_count=43 20 16 49 13 2 27 25 51 15 27 20 157 8 34
internal_value=-0.0017428 -0.00468207 0.000439518 -0.00965797 -0.0131402 0.00584561 0.00631808 0.00918444 -0.0158955 -0.00714976 -0.0099568 -0.0172597 0.00921357 0.000957978
internal_weight=4.29764 3.37383 2.11183 1.262 0.975755 0.923813 1.28443 1.06623 0.759433 0.827404 0.462869 0.684207 0.737032 0.410308
internal_count=507 395 192 203 187 112 96 76 174 96 69 172 69 61
is_linear=0
shrinkage=0.05


Tree=368
num_leaves=15
num_cat=0
split_feature=14 6 16 2 14 9 23 16 7 0 13 3 12 12
split_gain=0.0568908 0.0492399 0.0419921 0.0416963 0.0395637 0.0393987 0.0561098 0.0333949 0.0228472 0.0138444 0.00624076 0.00613172 0.0143459 0.0044363
threshold=5.5000000000000009 0.65000000000000002 133.50000000000003 23.705000000000002 2.5000000000000004 -1.0000000180025095e-35 8.5000000000000018 127.50000000000001 0.023000000000000003 96.200000000000017 0.45800000000000007 0.17550000000000004 0.14000000000000004 -0.14249999999999996
decision_type=2 2 2 2 2 2 2 2 2 2 10 2 2 2
left_child=4 3 10 5 13 6 -2 -5 -7 -9 -3 12 -6 -1
right_child=1 2 -4 7 11 8 -8 9 -10 -11 -12 -13 -14 -15
leaf_value=0.00088919802811023648 0.0049648987759708645 -0.015218914589182293 0.0023234136747530142 -0.010402745210915032 0.0043959661087024813 0.010942403110993131 -0.0090530612558385806 -0.0028018060179227813 -0.0013613026389642903 0.0047247496555942996 -0.00044793881207203504 0.010931112412341865 -0.003376672120812543 -0.0051123602729800004
leaf_weight=0.075837236989173107 0.57328353160119183 0.42915420351710043 0.18380471939599374 0.32646003634727083 0.21859719150234003 0.52076987181499168 0.37131571854115464 0.25545703421812505 0.2370401722000679 0.3179874359157111 0.14086185472115176 0.32406782917678356 0.19106606129207648 0.11057190587598598
leaf_count=19 36 88 22 75 27 43 30 16 29 27 29 8 34 24
internal_value=-0.00173586 -0.00464781 -0.0111247 -0.000204239 0.00577437 0.0038312 -0.00236728 -0.00583672 0.00850882 0.00172209 -0.014179 0.00911826 0.000947086 -0.00397924
internal_weight=4.27627 3.35613 0.753821 2.60231 0.92014 1.70241 0.944599 0.899905 0.75781 0.573444 0.570016 0.733731 0.409663 0.186409
internal_count=507 395 139 256 112 138 66 118 72 43 117 69 61 43
is_linear=0
shrinkage=0.05


Tree=369
num_leaves=15
num_cat=0
split_feature=14 6 5 24 16 14 12 11 15 21 13 25 12 12
split_gain=0.0556012 0.0474506 0.0411608 0.0622032 0.0411563 0.0389183 0.0293627 0.0301925 0.024531 0.0200246 0.00608233 0.00576404 0.00439981 0.00326031
threshold=5.5000000000000009 0.65000000000000002 0.10700000000000001 2.2191001955163321 133.50000000000003 2.5000000000000004 0.47300000000000003 0.22700000000000004 3.5000000000000004 7.5000000000000009 0.45800000000000007 0.53575340819462136 -0.14249999999999996 0.14000000000000004
decision_type=2 2 2 2 2 2 2 2 2 2 10 2 2 2
left_child=5 2 3 6 10 12 8 -8 -2 -4 -3 -11 -1 -7
right_child=1 4 9 -5 -6 13 7 -9 -10 11 -12 -13 -14 -15
leaf_value=0.00088607340801712087 0.00018775303047380661 -0.015058598787565056 -0.001814315235165594 0.0059121305170718513 0.0023055366435254937 0.010129891483191126 0.0058214285026239989 -0.0049635897350991925 -0.013881213997799229 0.0095979781860226383 -0.00044517738449087761 9.4131276558990319e-05 -0.0050894230026432702 0.00075688985476226646
leaf_weight=0.075826119500561617 0.35851294512394882 0.42284286566427898 0.27305471061845299 0.37353709898889054 0.18372446341527393 0.44561358052305866 0.29780203907284886 0.30730179205420427 0.48053499886373174 0.29793840879574418 0.1408523408244946 0.20469860894081648 0.110036979567667 0.28488148798351176
leaf_count=19 24 88 32 11 22 33 17 30 78 23 29 41 24 36
internal_value=-0.00173728 -0.00461975 -0.00023616 -0.0039429 -0.0109904 0.00569843 -0.00786793 0.000664226 -0.0110364 0.00577874 -0.014027 0.00836595 -0.00396014 0.00902425
internal_weight=4.25716 3.3408 2.59338 1.81769 0.74742 0.916358 1.44415 0.605104 0.839048 0.775692 0.563695 0.502637 0.185863 0.730495
internal_count=507 395 256 160 139 112 149 47 102 96 117 64 43 69
is_linear=0
shrinkage=0.05


Tree=370
num_leaves=15
num_cat=0
split_feature=7 18 16 16 10 11 0 25 14 24 13 26 11 3
split_gain=0.0443483 0.0562263 0.0478292 0.0461957 0.0441514 0.0339011 0.0261073 0.03015 0.0217502 0.0193341 0.0126582 0.0120014 0.00839719 0.00660156
threshold=-0.026499999999999996 -0.084999999999999978 124.50000000000001 118.50000000000001 0.087550000000000017 -0.26599999999999996 57.630000000000003 0.47039757503470958 4.5000000000000009 -1.0500262036209478 0.41700000000000004 -0.016245962890269566 -0.29349999999999993 0.024500000000000004
decision_type=2 2 2 2 2 2 2 2 2 2 10 2 2 2
left_child=4 3 11 -2 5 -1 -5 12 -4 -9 -6 -3 -8 -7
right_child=1 2 8 6 10 13 7 9 -10 -11 -12 -13 -14 -15
leaf_value=0.00094638610161210546 -0.0041556082552618497 0.0057960821027874462 0.0012572542069415776 -0.0021609261265609927 -0.0022164979727309956 -0.00013897826224348536 0.00050817544421863272 0.0038881417395551067 -0.0121984816277893 -0.0054881573153454204 0.0054070802900400101 -0.0018762078252467758 0.013408770840780106 -0.014013955828362429
leaf_weight=0.41225085104815651 0.24167930442490604 0.31715099309803918 0.16839037914178334 0.13161157141439606 0.22051920962985594 0.11241417496057682 0.22097021243098369 0.12782194785540923 0.31511321826110361 0.12229071992624074 0.29059530180529691 0.22167041283682942 1.0536968925189287 0.48765757319051772
leaf_count=20 42 28 18 11 17 12 23 8 72 40 25 31 105 66
internal_value=-0.0010738 0.00243531 -0.00456465 0.00647968 -0.0061 -0.0097728 0.00901167 0.01045 -0.00982365 -0.00141921 0.00282776 0.00347162 0.012379 -0.013126
internal_weight=4.44383 2.9204 1.02233 1.89807 1.52344 1.01232 1.65639 1.52478 0.483504 0.250113 0.511115 0.538821 1.27467 0.600072
internal_count=518 378 149 229 140 98 187 176 90 48 42 59 128 78
is_linear=0
shrinkage=0.05


Tree=371
num_leaves=15
num_cat=0
split_feature=7 18 16 16 10 11 0 25 14 25 13 26 11 3
split_gain=0.0419324 0.0537036 0.046728 0.0444862 0.0429483 0.0329922 0.0252458 0.0290375 0.0213706 0.0155302 0.0124036 0.0117485 0.0079335 0.00642155
threshold=-0.026499999999999996 -0.084999999999999978 124.50000000000001 118.50000000000001 0.087550000000000017 -0.26599999999999996 57.630000000000003 0.47039757503470958 4.5000000000000009 1.2270280247929388 0.41700000000000004 -0.016245962890269566 -0.29349999999999993 0.024500000000000004
decision_type=2 2 2 2 2 2 2 2 2 2 10 2 2 2
left_child=4 3 11 -2 5 -1 -5 12 -4 -9 -6 -3 -8 -7
right_child=1 2 8 6 10 13 7 9 -10 -11 -12 -13 -14 -15
leaf_value=0.00093257474654616737 -0.0041167288991527827 0.0057293513861713316 0.0012482173010601475 -0.0021485720110838158 -0.002196707103230756 -0.00013827623231378903 0.00050357576325100876 -0.0050484951087416078 -0.012087086838326844 0.0033794981502514362 0.0053486201406863013 -0.0018593413628861988 0.013100665721765943 -0.013836468651736253
leaf_weight=0.41224831889849145 0.24121953324356571 0.31646715881652199 0.16836947484989651 0.13150259933900077 0.22039323586795934 0.11241280328977143 0.22097300689347266 0.11137380584841583 0.3114256820990704 0.1378117063868558 0.2900272369151935 0.22157087182858981 1.0482133105433606 0.48218378538877005
leaf_count=20 42 28 18 11 17 12 23 32 72 16 25 31 105 66
internal_value=-0.00112534 0.00230745 -0.00452057 0.00627493 -0.00600889 -0.0096395 0.00877444 0.010198 -0.0097263 -0.00141335 0.00279327 0.00342721 0.0120959 -0.0129575
internal_weight=4.42619 2.90893 1.01783 1.89109 1.51727 1.00684 1.64987 1.51837 0.479795 0.249186 0.51042 0.538038 1.26919 0.594597
internal_count=518 378 149 229 140 98 187 176 90 48 42 59 128 78
is_linear=0
shrinkage=0.05


Tree=372
num_leaves=15
num_cat=0
split_feature=7 18 16 16 10 11 0 25 14 24 2 13 13 2
split_gain=0.0396299 0.0512862 0.0456579 0.0428301 0.0417828 0.0321105 0.0244073 0.02801 0.0209995 0.0189744 0.0125879 0.032953 0.0121542 0.00905053
threshold=-0.026499999999999996 -0.084999999999999978 124.50000000000001 118.50000000000001 0.087550000000000017 -0.26599999999999996 57.630000000000003 0.47039757503470958 4.5000000000000009 -1.0500262036209478 23.065000000000001 0.27350000000000008 0.41700000000000004 23.155000000000005
decision_type=2 2 2 2 2 2 2 2 2 2 2 8 10 2
left_child=4 3 10 -2 5 -1 -5 13 -4 -9 -3 -12 -6 -8
right_child=1 2 8 6 12 -7 7 9 -10 -11 11 -13 -14 -15
leaf_value=0.00091896507364079257 -0.0040782492883237762 0.0060801832716860897 0.0012392458372818375 -0.0021362953698986454 -0.0021770985385355934 -0.012791703845953512 0.014517207580282854 0.0038505842779180213 -0.011977400058785507 -0.0054421423166709009 0.0050753807004029353 -0.0069788056178736449 0.0052908324522408894 0.0024035322825298939
leaf_weight=0.41224610002245743 0.24076745244383335 0.2239037291146817 0.16834893282793928 0.13139477872755367 0.22026927817205422 0.58927166746434512 0.56123570750787599 0.1272848168737255 0.30781290312006604 0.12115122799877998 0.15347537532215938 0.15989293722668663 0.28947153085027821 0.70273014842314296
leaf_count=20 42 11 18 11 17 78 34 8 72 40 11 37 25 94
internal_value=-0.00117606 0.00218172 -0.00447748 0.00607351 -0.00591972 -0.00950863 0.0085406 0.00994928 -0.0096306 -0.00141037 0.00338341 -0.0017058 0.00275924 0.0118188
internal_weight=4.40926 2.898 1.01343 1.88456 1.51126 1.00152 1.6438 1.5124 0.476162 0.248436 0.537272 0.313368 0.509741 1.26397
internal_count=518 378 149 229 140 98 187 176 90 48 59 48 42 128
is_linear=0
shrinkage=0.05


Tree=373
num_leaves=15
num_cat=0
split_feature=7 18 16 16 0 25 3 23 1 11 14 25 2 13
split_gain=0.0377917 0.0494727 0.0447225 0.0416036 0.023809 0.0272563 0.0220251 0.0314858 0.0415059 0.0236326 0.0206367 0.0152171 0.0123764 0.032533
threshold=-0.026499999999999996 -0.084999999999999978 124.50000000000001 118.50000000000001 57.630000000000003 0.47039757503470958 0.020500000000000004 11.500000000000002 57.623500000000007 -0.26599999999999996 4.5000000000000009 1.2270280247929388 23.065000000000001 0.27350000000000008
decision_type=2 2 2 2 2 2 2 2 2 2 2 2 2 8
left_child=6 3 12 -2 -5 -6 -1 8 -8 -10 -4 -7 -3 -14
right_child=1 2 10 4 5 11 7 -9 9 -11 -12 -13 13 -15
leaf_value=0.0021289127946961038 -0.0040401645946589694 0.0060283476017124488 0.0012303395637214272 -0.0021240957072411748 0.011629693410716173 -0.0050030730769022331 0.0027981101105403689 0.0019960743491690713 -0.00017770698545533812 -0.015790159750811196 -0.011869388074716434 0.0033434933033583999 0.0050437863004313705 -0.0069373555317394937
leaf_weight=0.27609747079259239 0.24032291807816353 0.22315506730228685 0.16832874917599838 0.13128809572663147 1.2586525258702748 0.11027070370619174 0.14400219847448148 0.31802240322576836 0.3187235933728515 0.44877606593217945 0.30427283130848082 0.13725470849021804 0.15299111095373519 0.1588080708461348
leaf_count=25 42 11 18 11 128 32 7 17 17 74 72 16 11 37
internal_value=-0.00117876 0.00211243 -0.00443001 0.00594241 0.00838385 0.00978186 -0.00581179 -0.00775001 -0.0104157 -0.0130754 -0.00953651 -0.00140467 0.00335514 -0.00169509
internal_weight=4.39097 2.88534 1.00756 1.87779 1.63747 1.50618 1.50562 1.22952 0.911502 0.7675 0.472602 0.247525 0.534954 0.311799
internal_count=518 378 149 229 187 176 140 115 98 91 90 48 59 48
is_linear=0
shrinkage=0.05


Tree=374
num_leaves=15
num_cat=0
split_feature=7 18 16 14 10 16 11 0 25 24 24 2 2 13
split_gain=0.0354791 0.0469533 0.0439557 0.0786592 0.0401289 0.0399083 0.0305606 0.0229342 0.0261857 0.0186236 0.012025 0.0113764 0.0130603 0.00914948
threshold=-0.026499999999999996 -0.084999999999999978 117.50000000000001 5.5000000000000009 0.087550000000000017 118.50000000000001 -0.26599999999999996 57.630000000000003 0.47039757503470958 -1.0500262036209478 0.71876165674374592 23.155000000000005 23.415000000000003 0.28350000000000003
decision_type=2 2 2 2 2 2 2 2 2 2 2 2 2 10
left_child=4 5 -3 -4 6 -2 -1 -7 11 -10 -6 -9 -13 -14
right_child=1 2 3 -5 10 7 -8 8 9 -11 -12 12 13 -15
leaf_value=0.00090054087311512731 -0.0040024702737752266 0.0048136111281154997 0.0044799903137149669 -0.014104340846841579 -0.0019977149781351972 -0.0021119726208210835 -0.012478547699116355 0.014136443150224151 0.0038135250219114951 -0.0053968900601888969 0.0054340444417548739 -0.0028365010860010652 -0.0013468163141622674 0.0061123311119333249
leaf_weight=0.41219807509332895 0.2398857870575738 0.21806570474291243 0.32499200556776486 0.45872310995036969 0.27555197865876835 0.13118253811262537 0.57915024839166995 0.55182154397334648 0.12675767121254466 0.12003268639091391 0.23168272152543068 0.16284889528469648 0.15629344856279204 0.38332247659491259
leaf_count=20 42 19 41 89 35 11 78 34 8 40 7 30 27 37
internal_value=-0.00123343 0.00197793 -0.00438364 -0.00820668 -0.00571881 0.00572305 -0.00925692 0.00812991 0.00951152 -0.00140182 0.00274996 0.0113281 0.00211434 0.00448034
internal_weight=4.37251 2.87393 1.00178 0.783715 1.49858 1.87215 0.991348 1.63226 1.50108 0.24679 0.507235 1.25429 0.702465 0.539616
internal_count=518 378 149 130 140 229 98 187 176 48 42 128 94 64
is_linear=0
shrinkage=0.05


Tree=375
num_leaves=15
num_cat=0
split_feature=10 10 13 24 12 2 13 23 26 12 0 0 5 25
split_gain=0.039051 0.0487259 0.0593355 0.0577426 0.0364018 0.039505 0.0331871 0.0254324 0.021779 0.0388406 0.0167503 0.0125738 0.00884355 0.00470281
threshold=-0.064249999999999988 0.072150000000000006 0.13800000000000004 -0.7564095225042281 0.74900000000000011 23.555000000000003 0.24550000000000002 11.500000000000002 -1.0164538037961652 0.14000000000000004 68.695000000000007 70.385000000000005 0.5375000000000002 1.3915065149696519
decision_type=2 2 8 2 2 2 10 2 2 2 2 2 2 2
left_child=6 2 -2 11 8 -6 -1 10 -3 -10 -5 -4 -12 -11
right_child=1 4 3 7 5 -7 -8 -9 9 13 12 -13 -14 -15
leaf_value=-0.0030932528619747636 0.0041065893710324156 0.010039582106794323 0.0056281698181128185 -7.6900609345559835e-05 0.0044066455583319057 -0.0086317193554701754 0.0086550986356584373 0.00076381823032661042 0.0061184181803515059 -0.0075732483635793787 -0.01702454970367754 -0.0022776744473038211 -0.00010607700484284561 0.00046609084968457569
leaf_weight=0.30079076507536207 0.40143920449190851 0.43720166987623088 0.15866872385959152 0.18536029095412165 0.23281326494179666 0.29262594586180057 0.72665385261643678 0.190693433454726 0.13879072188865371 0.17620626998541411 0.80722912229975918 0.1646146324055735 0.0938545479948516 0.085671216991613619
leaf_count=24 26 22 11 26 10 43 42 17 5 50 178 34 21 16
internal_value=-0.000417381 -0.0030174 -0.00680953 -0.0100739 0.00307611 -0.00375303 0.00538643 -0.013203 0.00707059 -0.00102386 -0.0148456 0.00292346 -0.0162451 -0.00665808
internal_weight=4.39261 3.36517 2.00186 1.60042 1.36331 0.525439 1.02744 1.27714 0.83787 0.400668 1.08644 0.323283 0.901084 0.261877
internal_count=525 459 313 287 146 53 66 242 93 71 225 45 199 66
is_linear=0
shrinkage=0.05


Tree=376
num_leaves=14
num_cat=0
split_feature=10 10 13 24 11 13 23 12 0 0 5 1 12
split_gain=0.0369924 0.0465932 0.0571656 0.0560529 0.0462537 0.0320901 0.0246401 0.0244951 0.016171 0.0124054 0.00852966 0.00727097 0.00598933
threshold=-0.064249999999999988 0.072150000000000006 0.13800000000000004 -0.7564095225042281 0.48650000000000004 0.24550000000000002 11.500000000000002 0.74900000000000011 68.695000000000007 70.385000000000005 0.5375000000000002 57.491500000000009 0.58550000000000002
decision_type=2 2 8 2 2 10 2 2 2 2 2 2 2
left_child=5 2 -2 9 7 -1 8 12 -5 -4 -10 -6 -3
right_child=1 4 3 6 11 -7 -8 -9 10 -11 -12 -13 -14
leaf_value=-0.0030581593070862765 0.0040487823914498733 0.00045306997316864539 0.0055926589163802134 -7.6299350052895249e-05 0.0010537714932772157 0.0084821837211385316 0.00075770797093673741 -0.0015770683313127507 -0.016740019847802736 -0.0022618477891559598 -0.00010562191446012897 -0.0070937945247198922 0.010601878895866041
leaf_weight=0.30051270956755594 0.40109856618801143 0.26396535085223127 0.15805732889566537 0.18535931484075285 0.061646485701203235 0.72482625918928534 0.19068437290843565 0.37018861499382183 0.7971560728365148 0.16447878020699136 0.093853744088846724 0.16384788007417228 0.4972132464608876
leaf_count=24 26 41 11 26 2 42 17 20 178 34 21 60 23
internal_value=-0.000385624 -0.00292694 -0.00664487 -0.00986468 0.00303272 0.00525992 -0.0129632 0.0067023 -0.0145882 0.00290559 -0.0159703 -0.00582407 0.00933803
internal_weight=4.37289 3.34755 1.99069 1.58959 1.35686 1.02534 1.26705 1.13137 1.07637 0.322536 0.89101 0.225494 0.761179
internal_count=525 459 313 287 146 66 242 84 225 45 199 62 64
is_linear=0
shrinkage=0.05


Tree=377
num_leaves=15
num_cat=0
split_feature=10 10 13 24 11 13 23 12 0 0 22 1 5 12
split_gain=0.0351633 0.0442549 0.0550773 0.0544188 0.0452189 0.03103 0.0238733 0.0237835 0.0156115 0.0122396 0.0109569 0.00720162 0.00632594 0.00579468
threshold=-0.064249999999999988 0.072150000000000006 0.13800000000000004 -0.7564095225042281 0.48650000000000004 0.24550000000000002 11.500000000000002 0.74900000000000011 68.695000000000007 70.385000000000005 9.5000000000000018 57.491500000000009 0.37000000000000005 0.58550000000000002
decision_type=2 2 8 2 2 10 2 2 2 2 2 2 2 2
left_child=5 2 -2 9 7 -1 8 13 -5 -4 12 -6 -10 -3
right_child=1 4 3 6 11 -7 -8 -9 10 -11 -12 -13 -14 -15
leaf_value=-0.0030234764715679385 0.0039917960271082719 0.00044833675467907918 0.0055574642208160085 -7.5702890434021941e-05 0.0010507314377767565 0.0083126182715491451 0.00075164641738074359 -0.0015558678484738657 -0.017327172637737375 -0.0022461392891738332 8.0930343817073932e-05 -0.00705094447750273 -0.00034271268776210427 0.010445140507579338
leaf_weight=0.3002401158591963 0.40076768881408509 0.2639718716527566 0.15745348078780774 0.18535834859358169 0.061627307906746753 0.72307448659557849 0.19067547022132192 0.37009949405910447 0.68799695279813022 0.1643445969093591 0.094237684141262434 0.16270736255683005 0.099068690411513671 0.49451513061649166
leaf_count=24 26 41 11 26 2 42 17 20 158 34 20 60 21 23
internal_value=-0.000367346 -0.00285254 -0.0064842 -0.00965977 0.00295918 0.00513613 -0.0127279 0.00659847 -0.0143352 0.0028879 -0.0156999 -0.00578494 -0.0165774 0.00919945
internal_weight=4.35614 3.33282 1.9799 1.57914 1.35292 1.02331 1.25734 1.12859 1.06666 0.321798 0.881303 0.224335 0.787066 0.758487
internal_count=525 459 313 287 146 66 242 84 225 45 199 62 179 64
is_linear=0
shrinkage=0.05


Tree=378
num_leaves=15
num_cat=0
split_feature=16 6 19 9 5 23 12 26 11 23 23 15 1 18
split_gain=0.0335503 0.0523205 0.0455247 0.0485893 0.0514719 0.0317825 0.0299937 0.0269227 0.0170525 0.0135812 0.0204176 0.00929807 0.00760229 0.00519869
threshold=122.50000000000001 1.0000000180025095e-35 13.000000000000002 -0.099499999999999991 0.22550000000000003 11.500000000000002 -0.22449999999999998 -1.0370952469521377 -0.10749999999999998 4.5000000000000009 1.5000000000000002 7.5000000000000009 102.80700000000002 -1.0000000180025095e-35
decision_type=2 2 2 2 2 2 2 2 2 2 2 2 2 2
left_child=1 5 3 -2 9 -1 12 -4 -6 10 -5 -11 -3 -9
right_child=2 6 7 4 8 -7 -8 13 -10 11 -12 -13 -14 -15
leaf_value=-0.013635872559758181 -0.004613147634181974 -0.0058983115935887058 0.0029895735689582079 0.0050397598160760067 0.0024247474521740591 0.0020970652757437008 0.0065950208022245681 -0.0095495444099643195 -0.0065500972358011333 0.013084814786597296 -0.0042505897337210639 0.00063496185474877205 0.0013212664654966429 -0.00016775439490278101
leaf_weight=0.36816993325919589 0.33720551652368191 0.13260013429680839 0.20000166574027389 0.14737767519545819 0.26353170583024621 0.11320100001466926 0.49981805322750006 0.23137697331549134 0.14925079536624242 1.0914050726132698 0.22546605442767031 0.27594883889832988 0.095113538758596405 0.20913355457741989
leaf_count=76 17 40 17 12 12 15 51 42 55 60 40 43 11 34
internal_value=-0.000359883 -0.0052804 0.0023585 0.00519075 0.00770237 -0.011018 0.00269624 -0.00510477 -0.00315969 0.0104917 0.000417786 0.0119018 -0.0042628 -0.00830395
internal_weight=4.3396 1.2089 3.1307 2.49019 2.15298 0.481371 0.727532 0.640512 0.412783 1.7402 0.372844 1.36735 0.227714 0.440511
internal_count=525 193 332 239 222 91 102 93 67 155 52 103 51 76
is_linear=0
shrinkage=0.05


Tree=379
num_leaves=14
num_cat=0
split_feature=10 9 23 13 18 16 12 6 13 5 12 26 26
split_gain=0.0335507 0.0434418 0.0696036 0.0610603 0.0532646 0.0587238 0.0436968 0.0474342 0.0302343 0.0293853 0.0200595 0.00756814 0.00617588
threshold=-0.064249999999999988 -0.027499999999999997 11.500000000000002 0.67650000000000021 -0.084999999999999978 119.50000000000001 0.13450000000000004 0.65000000000000002 0.24550000000000002 -0.71849999999999981 -0.21849999999999997 0.04285311474691389 0.90968157006454942
decision_type=2 2 2 10 2 2 2 2 10 2 2 2 2
left_child=8 2 3 9 5 12 7 -6 -1 -2 -7 -12 -3
right_child=1 4 -4 -5 6 10 -8 -9 -10 -11 11 -13 -14
leaf_value=-0.0030392751687203052 0.0013226220349660787 -0.0063212959110783597 0.0040521673540787817 0.0032806732232166778 0.0079341279706572395 -0.0012411346913176217 -0.010867118521140473 -0.0060858821282089026 0.008109889136241135 -0.017992438308433223 0.012578480914747696 0.0004979442730140873 0.000854564937923902
leaf_weight=0.29910706047667168 0.077836634125560522 0.14268854784313623 0.36227522547414992 0.14912062312941998 0.39250541858200483 0.158925623371033 0.2722676326520741 0.13647199742263183 0.71941965259611607 0.54574000044522086 0.7119236871221799 0.23262157590579591 0.12170113495085388
leaf_count=24 3 31 21 15 36 33 58 49 42 109 52 39 13
internal_value=-0.000441506 -0.00286842 -0.0080076 -0.0127581 0.00149887 0.00610006 -0.00538183 0.00270238 0.00495211 -0.0162518 0.00984506 0.0113894 -0.00495473
internal_weight=4.3226 3.30408 1.13497 0.772697 2.16911 1.36786 0.801245 0.528977 1.01853 0.623577 1.10347 0.944545 0.26439
internal_count=525 459 148 127 311 168 143 85 66 112 124 91 44
is_linear=0
shrinkage=0.05


Tree=380
num_leaves=15
num_cat=0
split_feature=10 0 13 22 5 6 26 0 10 8 16 25 5 16
split_gain=0.0399044 0.0377549 0.0392382 0.0323257 0.0539517 0.0524571 0.0502043 0.0233317 0.028451 0.0197935 0.0109923 0.00878617 0.0132045 0.00753123
threshold=-0.028799999999999996 70.105000000000004 0.33950000000000008 7.5000000000000009 0.22550000000000003 -0.74999999999999989 -1.2208207792309047 137.55500000000004 -0.018249999999999999 -0.044999999999999991 117.50000000000001 0.23275507394728953 0.10700000000000001 133.50000000000003
decision_type=2 2 10 2 2 2 2 2 2 2 2 2 2 2
left_child=1 -1 13 5 11 6 9 8 -6 -2 -7 -5 -13 -3
right_child=3 2 -4 4 7 10 -8 -9 -10 -11 -12 12 -14 -15
leaf_value=-0.0046988990847981749 0.0016888861930624143 0.0016897140733802306 -0.003166266083085591 0.0090561530099583978 0.0027151491197829006 -6.5933784091530213e-07 0.007551489302838831 0.0028503947725834759 -0.011379378900584575 -0.0088313540049768362 -0.014101889811832333 -0.0038038963127210398 0.0037586398503014103 0.011956342501538431
leaf_weight=0.3042824869044124 0.28404231555759907 0.65463807601190616 0.31602878498961207 0.30099674474331528 0.055623380292672664 0.15125351313327018 0.3832825868448706 0.071742335334420204 0.29167249250895111 0.21061742751044221 0.61324061550476472 0.16101448881090619 0.14809570732177235 0.35072212989325635
leaf_count=29 16 50 31 19 2 20 20 3 112 27 128 30 20 10
internal_value=-0.0017507 0.00329438 0.0063663 -0.00488179 0.00143093 -0.00788191 0.00102402 -0.00618543 -0.00878223 -0.00570216 -0.0128935 0.00725475 -7.72284e-05 0.00944746
internal_weight=4.29725 1.62567 1.32139 2.67158 1.02915 1.64244 0.877942 0.419038 0.347296 0.49466 0.764494 0.610107 0.30911 1.00536
internal_count=517 120 91 397 186 211 63 117 114 43 148 69 50 60
is_linear=0
shrinkage=0.05


Tree=381
num_leaves=15
num_cat=0
split_feature=10 0 13 22 5 6 26 0 10 8 16 25 5 16
split_gain=0.0385525 0.0368211 0.0382691 0.0316386 0.0525405 0.0503873 0.0491366 0.0229821 0.0281035 0.0194533 0.0106573 0.00858396 0.0130318 0.00752059
threshold=-0.028799999999999996 70.105000000000004 0.33950000000000008 7.5000000000000009 0.22550000000000003 -0.74999999999999989 -1.2208207792309047 137.55500000000004 -0.018249999999999999 -0.044999999999999991 117.50000000000001 0.23275507394728953 0.10700000000000001 133.50000000000003
decision_type=2 2 10 2 2 2 2 2 2 2 2 2 2 2
left_child=1 -1 13 5 11 6 9 8 -6 -2 -7 -5 -13 -3
right_child=3 2 -4 4 7 10 -8 -9 -10 -11 -12 12 -14 -15
leaf_value=-0.0046461640688276792 0.0016702545446066121 0.0016563099559102552 -0.0031289977534656888 0.0089639781453678853 0.0027083349890619853 -6.5519632792267564e-07 0.0074537462052957984 0.002841223562839907 -0.011279994849343512 -0.0087678747318781936 -0.013887639025139641 -0.0037786235655057122 0.0037352057566743149 0.011829250663080222
leaf_weight=0.30371399813884625 0.28400609933305532 0.65461702753964324 0.31572161344229233 0.29921514505258506 0.055494361906312406 0.15125350757443856 0.38203815638553329 0.071606643265113235 0.28842294438800309 0.2088204647297971 0.60714882985848817 0.16068356382311322 0.14785353283514269 0.34758889413205907
leaf_count=29 16 50 31 19 2 20 20 3 112 27 128 30 20 10
internal_value=-0.00171422 0.00324505 0.00628347 -0.00480108 0.00144208 -0.00777478 0.00098524 -0.00609675 -0.00868712 -0.0056632 -0.0126935 0.00718259 -7.51352e-05 0.00933047
internal_weight=4.27818 1.62164 1.31793 2.65654 1.02328 1.63327 0.874865 0.415524 0.343917 0.492827 0.758402 0.607752 0.308537 1.00221
internal_count=517 120 91 397 186 211 63 117 114 43 148 69 50 60
is_linear=0
shrinkage=0.05


Tree=382
num_leaves=15
num_cat=0
split_feature=7 9 0 23 11 11 18 3 1 5 24 13 3 3
split_gain=0.0383317 0.0413578 0.0548698 0.0294145 0.0600199 0.0296929 0.0239332 0.0237401 0.0259622 0.028047 0.0296121 0.0112025 0.00928552 0.00940874
threshold=-0.026499999999999996 0.023000000000000003 68.570000000000007 10.500000000000002 -0.29349999999999993 -0.40749999999999992 -0.4499999999999999 0.020500000000000004 57.623500000000007 -1.3259999999999998 2.2191001955163321 0.42300000000000004 0.038500000000000006 0.017500000000000005
decision_type=2 2 2 2 2 2 2 2 2 2 2 8 2 2
left_child=7 2 -2 4 5 -4 -3 -1 -9 -10 -11 -6 13 -13
right_child=1 6 3 -5 11 -7 -8 8 9 10 -12 12 -14 -15
leaf_value=0.0020937226366178146 -0.0060560617648077871 0.0027591769111976455 0.0040633906107576129 -0.0025061199350731099 0.013838951840047041 -0.0070386302367851624 -0.0087558572284138717 0.0021543466210818467 0.0017668204635274587 -0.015089692517009996 0.00054415593414313963 0.0021455117114405255 0.0037611973246692515 -0.0048957153836193309
leaf_weight=0.26745896467036789 0.2277606861607645 0.12006773386383429 0.25629354891134426 0.25767738813010499 1.0402265916964091 0.27996044211613536 0.30725997815170547 0.15087535488419224 0.15912494668737032 0.54864109370100778 0.29275204660370946 0.085588073066901527 0.15880561785888858 0.10707581213500816
leaf_count=26 35 11 16 26 111 33 77 8 5 88 12 21 25 23
internal_value=-0.00167866 0.00173274 0.00439759 0.00704604 0.00874262 -0.00254148 -0.0058541 -0.00640138 -0.00843068 -0.0103059 -0.0123086 0.0123353 0.000938024 -0.0025915
internal_weight=4.25957 2.84072 2.41339 2.18563 1.92795 0.536254 0.427328 1.41885 1.15139 1.00052 0.841393 1.3917 0.35147 0.192664
internal_count=517 378 290 255 229 49 88 139 113 105 100 180 69 44
is_linear=0
shrinkage=0.05


Tree=383
num_leaves=14
num_cat=0
split_feature=7 9 1 23 11 16 11 18 3 1 5 24 24
split_gain=0.0358967 0.0395054 0.0397318 0.0262892 0.0532107 0.0361616 0.0290896 0.0235411 0.023029 0.0253353 0.0273858 0.0288213 0.00406512
threshold=-0.026499999999999996 0.023000000000000003 68.558500000000009 10.500000000000002 -0.29349999999999993 116.50000000000001 -0.40749999999999992 -0.4499999999999999 0.020500000000000004 57.623500000000007 -1.3259999999999998 2.2191001955163321 1.3331266703679088
decision_type=2 2 2 2 2 2 2 2 2 2 2 2 2
left_child=8 2 -2 4 6 -6 -4 -3 -1 -10 -11 -12 -9
right_child=1 7 3 -5 5 -7 -8 12 9 10 11 -13 -14
leaf_value=0.0020717388894774158 -0.0050065512060693609 0.0027447322714503103 0.0040228863242805831 -0.0024807696586869772 -0.001977857091830521 0.013357481194311344 -0.0069685588429202368 -0.009381511918649877 0.0021403682396722149 0.0017547770135308985 -0.01488834744796474 0.00053799480247710134 0.00020098846556429494
leaf_weight=0.26739497372909671 0.2004910896066584 0.11993079620879143 0.25600597710581496 0.25751772755756963 0.18362722391611863 1.2277042330351831 0.27872342236514724 0.22884778377192549 0.15080049727112033 0.15907083242200304 0.54195134393376077 0.29275192646309733 0.076437142211943865
leaf_count=26 34 11 16 26 19 162 33 73 8 5 88 12 4
internal_value=-0.00170753 0.0016163 0.00423829 0.00637967 0.00799623 0.0113694 -0.00251386 -0.00578031 -0.00627655 -0.00828349 -0.0101454 -0.0121336 -0.00866638
internal_weight=4.24125 2.82929 2.40407 2.20358 1.94606 1.41133 0.534729 0.425216 1.41197 1.14457 0.993774 0.834703 0.305285
internal_count=517 378 290 256 230 181 49 88 139 113 105 100 77
is_linear=0
shrinkage=0.05


Tree=384
num_leaves=15
num_cat=0
split_feature=10 12 10 22 5 6 26 0 10 2 8 16 25 5
split_gain=0.0378925 0.0359093 0.0437576 0.0304052 0.0504096 0.0483386 0.0468472 0.0222764 0.0275527 0.0213939 0.0189728 0.00950359 0.00871527 0.0128313
threshold=-0.028799999999999996 -0.61449999999999994 -0.15459999999999999 7.5000000000000009 0.22550000000000003 -0.74999999999999989 -1.2208207792309047 137.55500000000004 -0.018249999999999999 23.055000000000003 -0.044999999999999991 117.50000000000001 0.23275507394728953 0.10700000000000001
decision_type=2 2 2 2 2 2 2 2 2 2 2 2 2 2
left_child=1 2 -1 5 12 6 10 8 -6 -3 -2 -7 -5 -14
right_child=3 9 -4 4 7 11 -8 -9 -10 -11 -12 -13 13 -15
leaf_value=0.0044837928935064246 0.0016705466258288518 -0.0014533727084905801 -0.0093271362175587416 0.0088108020560222818 0.0026901597123471376 -6.2982051882076585e-05 0.0072644757645505672 0.0027974435890005204 -0.011148511951178887 0.009001219024474023 -0.0086375199963795012 -0.013693520794452 -0.0037886607631293042 0.0036722397660382215
leaf_weight=0.25901503581553698 0.28022891830187291 0.33805962256155886 0.2260028396922279 0.2942385812566497 0.055188717960845679 0.1490830035618278 0.377191985491663 0.070443877950310707 0.28416361208655871 0.78070415183901787 0.20515614323085174 0.59866996704295161 0.15918693025014363 0.14675025336327963
leaf_count=15 16 20 42 19 2 20 20 3 112 43 27 128 30 20
internal_value=-0.00176049 0.00318532 -0.0038989 -0.00483131 0.00136284 -0.00775001 0.000930807 -0.00601745 -0.00856973 0.00664718 -0.00556817 -0.0125669 0.00701339 -0.00013831
internal_weight=4.22408 1.60378 0.485018 2.6203 1.00997 1.61033 0.862577 0.409796 0.339352 1.11876 0.485385 0.747753 0.600176 0.305937
internal_count=517 120 57 397 186 211 63 117 114 63 43 148 69 50
is_linear=0
shrinkage=0.05


Tree=385
num_leaves=13
num_cat=0
split_feature=5 13 5 5 5 5 5 13 24 25 9 9
split_gain=0.0690497 0.0775129 0.0397635 0.03742 0.0757558 0.0333254 0.0441535 0.0170691 0.0168121 0.0109018 0.0103633 0.00465213
threshold=-0.36549999999999994 0.38900000000000007 0.59650000000000014 -0.43349999999999994 -0.71849999999999981 0.32800000000000007 0.10700000000000001 0.12450000000000001 -1.5121442248886063 0.053373784311459546 -0.19149999999999998 0.078000000000000014
decision_type=2 10 2 2 2 2 2 8 2 2 2 2
left_child=3 2 7 4 -1 6 9 -2 -7 -3 -9 -12
right_child=1 5 -4 -5 -6 8 -8 10 -10 -11 11 -13
leaf_value=0.0066036790587893704 -0.00015052074455843646 -0.0056140611121371174 0.0014718957068819028 0.0098937377311337574 -0.01039360099212854 0.0023784834227798535 0.0099961257779462003 0.00010385962865810312 -0.0076591322611180776 0.0017714993926848501 -0.017036855644834033 -0.00046230446764372162
leaf_weight=0.42006274651066633 0.21475508133880805 0.21372091352168332 0.27506152768910386 0.34838036329165356 0.25371519081818406 0.078560458729043603 0.53934742143610492 0.086492861621081829 0.17893146449932829 0.23084456828655675 0.88496346159809036 0.10163614386692643
leaf_count=34 12 39 34 15 25 4 43 5 64 21 199 10
internal_value=-0.00348889 -0.00697277 -0.012024 0.0047907 -0.00218247 0.00191389 0.00542062 -0.0142899 -0.00514059 -0.00320751 -0.015682 -0.0164216
internal_weight=3.82647 2.80431 1.56291 1.02216 0.673778 1.2414 0.983913 1.28785 0.257492 0.444565 1.07309 0.9866
internal_count=505 431 260 74 59 171 103 226 68 60 214 209
is_linear=0
shrinkage=0.05


Tree=386
num_leaves=12
num_cat=0
split_feature=5 13 5 5 5 5 5 24 13 25 24
split_gain=0.0665627 0.0737076 0.0384399 0.0368019 0.0740457 0.0324 0.0429647 0.0166353 0.0164317 0.0107121 0.00436261
threshold=-0.36549999999999994 0.38900000000000007 0.59650000000000014 -0.43349999999999994 -0.71849999999999981 0.32800000000000007 0.10700000000000001 -1.5121442248886063 0.12450000000000001 0.053373784311459546 -0.85033629837667879
decision_type=2 10 2 2 2 2 2 2 8 2 2
left_child=3 2 8 4 -1 6 9 -7 -2 -3 -10
right_child=1 5 -4 -5 -6 7 -8 -9 10 -11 -12
leaf_value=0.0065103771102161317 -0.00014919033724729354 -0.0055681652835775936 0.0014560472353261247 0.0097820514959715364 -0.010309400818752552 0.0023700288747071367 0.0098366136757118625 -0.0076098797066598894 -0.00019021162656094869 0.0017549574526671396 -0.015842764466149396
leaf_weight=0.4191335239156615 0.21475317492149781 0.21296986571905996 0.27503782304847835 0.34621245161542924 0.25122812675544992 0.078468167106620967 0.53696575679350644 0.17759102309355512 0.070625702705001459 0.23079654268804006 0.99179031475796364
leaf_count=34 12 39 34 15 25 4 43 64 15 21 199
internal_value=-0.00342441 -0.00685264 -0.0117874 0.00471513 -0.00219133 0.00184156 0.00531345 -0.00509954 -0.0140263 -0.00318197 -0.015399
internal_weight=3.80557 2.789 1.55221 1.01657 0.670362 1.23679 0.980732 0.256059 1.27717 0.443766 1.06242
internal_count=505 431 260 74 59 171 103 68 226 60 214
is_linear=0
shrinkage=0.05


Tree=387
num_leaves=11
num_cat=0
split_feature=5 13 5 5 5 5 5 24 13 25
split_gain=0.0640227 0.0698619 0.0370577 0.0361996 0.072381 0.0315026 0.0418107 0.016461 0.0157532 0.0105259
threshold=-0.36549999999999994 0.38900000000000007 0.59650000000000014 -0.43349999999999994 -0.71849999999999981 0.32800000000000007 0.10700000000000001 -1.5121442248886063 0.12450000000000001 0.053373784311459546
decision_type=2 10 2 2 2 2 2 2 8 2
left_child=3 2 8 4 -1 6 9 -7 -2 -3
right_child=1 5 -4 -5 -6 7 -8 -9 -10 -11
leaf_value=0.0064184220314376338 -0.00014787196934767227 -0.0055227325565706331 0.0014403697282449987 0.0096718786419397115 -0.010226382118834833 0.002361612709236344 0.0096796686825639851 -0.0075612004775531469 -0.015091693978315649 0.0017385712156760633
leaf_weight=0.41823114106227877 0.21475129178725194 0.21223089007253271 0.27501484985259583 0.3440930951619523 0.2487839959358098 0.078376506455242634 0.53466097431373782 0.17626896708679851 1.0525673567572085 0.2307495383429341
leaf_count=34 12 39 34 15 25 4 43 64 214 21
internal_value=-0.0033506 -0.00672047 -0.0115327 0.00464031 -0.00220018 0.00177066 0.00520819 -0.00505904 -0.0137415 -0.00315672
internal_weight=3.78573 2.77462 1.54233 1.01111 0.667015 1.23229 0.977641 0.254645 1.26732 0.44298
internal_count=505 431 260 74 59 171 103 68 226 60
is_linear=0
shrinkage=0.05


Tree=388
num_leaves=14
num_cat=0
split_feature=5 13 5 5 5 5 5 24 13 9 9 15 9
split_gain=0.0614994 0.0660815 0.0356665 0.0356126 0.0707602 0.0306322 0.0406903 0.0162892 0.0150652 0.0109549 0.0111328 0.0104542 0.00890768
threshold=-0.36549999999999994 0.38900000000000007 0.59650000000000014 -0.43349999999999994 -0.71849999999999981 0.32800000000000007 0.10700000000000001 -1.5121442248886063 0.12450000000000001 -0.19149999999999998 0.090500000000000011 4.5000000000000009 -0.073499999999999982
decision_type=2 10 2 2 2 2 2 2 8 2 2 2 2
left_child=3 2 8 4 -1 6 11 -7 -2 -10 -11 -3 -13
right_child=1 5 -4 -5 -6 7 -8 -9 9 10 -12 12 -14
leaf_value=0.0063277925686379124 -0.00014656507604335957 -0.0054934507244755789 0.0014248613100337133 0.0095631922251975948 -0.010144523790433261 0.0023532342207814921 0.0095252496451203421 -0.0075130854384777681 0.00022655846026385179 -0.0163898286879187 0.00012917849736220213 0.0042602914509521648 -0.002291403279921576
leaf_weight=0.41735482736839913 0.21474942797794949 0.21156505204271503 0.27499257269664656 0.34202110351907344 0.24638177324959543 0.078285472467541695 0.53243058916996233 0.17496494069200708 0.0864722840487957 0.86537155896076001 0.091451577609404922 0.10663576051592827 0.12400648956827354
leaf_count=34 12 19 34 15 25 4 43 64 5 204 5 3 38
internal_value=-0.00327241 -0.00658278 -0.01127 0.00456625 -0.00220902 0.00170116 0.00510481 -0.00501907 -0.013447 -0.0147732 -0.0155518 -0.00313175 0.00173815
internal_weight=3.76668 2.76093 1.53304 1.00576 0.663737 1.22789 0.974638 0.25325 1.25804 1.0433 0.956823 0.442207 0.230642
internal_count=505 431 260 74 59 171 103 68 226 214 209 60 41
is_linear=0
shrinkage=0.05


Tree=389
num_leaves=13
num_cat=0
split_feature=5 5 18 26 5 5 18 0 6 5 5 6
split_gain=0.0592326 0.0510236 0.0558384 0.0386669 0.0350402 0.069182 0.0315511 0.0307656 0.022244 0.0135996 0.0293865 0.010203
threshold=-0.36549999999999994 0.10700000000000001 -0.25499999999999995 -0.77621918267619527 -0.43349999999999994 -0.71849999999999981 -0.4499999999999999 100.64500000000002 -1.2499999999999998 0.31900000000000006 1.4355000000000002 -1.0000000180025095e-35
decision_type=2 2 2 2 2 2 2 2 2 2 2 2
left_child=4 6 3 -3 5 -1 11 8 -8 -4 -11 -2
right_child=1 2 9 -5 -6 -7 7 -9 -10 10 -12 -13
leaf_value=0.0062384692603919701 -0.0029290696109364276 0.003428735364563563 0.0091924977643318816 -0.010029288651836455 0.0094559663551876602 -0.010063803800696786 0.00029751301721681061 0.0010484123909759615 -0.01720736363170591 -0.0061106916548039781 0.0053100867072736428 0.0035414456615250698
leaf_weight=0.41650382990337675 0.24573478207457811 0.23924303299281746 0.39119042380480074 0.38609207364061149 0.33999530131404776 0.24402047312469222 0.16613375843735423 0.19170256822690135 0.66101796806469759 0.13791038649651455 0.12538275148835965 0.20196939742891151
leaf_count=34 23 20 37 100 15 25 14 29 129 49 9 21
internal_value=-0.00320859 -0.00646466 0.000946783 -0.00593876 0.00449293 -0.00221783 -0.0106941 -0.0133667 -0.0154529 0.00713877 -0.000773803 0.000419882
internal_weight=3.7469 2.74638 1.27982 0.625335 1.00052 0.660524 1.46656 1.01885 0.827152 0.654484 0.263293 0.447704
internal_count=505 431 215 120 74 59 216 172 143 95 58 44
is_linear=0
shrinkage=0.05


Tree=390
num_leaves=15
num_cat=0
split_feature=10 10 18 3 13 0 25 13 25 13 22 26 3 6
split_gain=0.0455371 0.0516134 0.0435461 0.064563 0.0362541 0.0328306 0.0316145 0.0314738 0.022994 0.0102926 0.00848611 0.00558422 0.00317174 0.00188815
threshold=-0.028799999999999996 0.078200000000000006 -0.014999999999999998 0.30450000000000005 0.41700000000000004 70.105000000000004 -0.77992650116435225 0.33750000000000008 -1.1692230697726143 0.11100000000000002 9.5000000000000018 -1.5629832186910118 0.044500000000000005 0.15000000000000005
decision_type=2 2 2 2 10 2 2 8 2 8 2 2 2 2
left_child=5 2 3 9 8 -1 -4 -7 -3 -2 -6 -10 -8 -12
right_child=1 4 6 -5 10 7 12 -9 11 -11 13 -13 -14 -15
leaf_value=-0.0035851358165441753 0.00012120922898978492 0.002954225134071327 -0.0053925470176196984 0.0040659902008950578 0.0083080737996218158 0.010029047035122137 -0.00022506134416958075 -0.0022308073403679912 0.0004370773429492234 -0.016595416172660183 -0.0016949320316927868 -0.0084134259742571146 0.0067179309286199713 0.001249829050772913
leaf_weight=0.27425359952030692 0.082362396176904218 0.20866091549396515 0.11802341859583976 0.093705899547785521 0.48253741266671568 0.94966455742542133 0.11651864406303547 0.29345225987344759 0.098812899334006943 0.61522602246259339 0.12461693606746849 0.1992900490586178 0.28672465462295804 0.10064955487905536
leaf_count=30 7 6 15 3 32 59 30 33 12 164 21 40 34 22
internal_value=-0.000399754 -0.00400213 -0.00858931 -0.0124084 0.00259522 0.00480639 0.00155387 0.00743066 -0.00400807 -0.015713 0.00690156 -0.00740301 0.00598103 -0.000432988
internal_weight=4.0445 2.52713 1.31256 0.791294 1.21457 1.51737 0.521267 1.24312 0.506764 0.697588 0.707804 0.298103 0.403243 0.225266
internal_count=508 386 253 174 133 122 79 92 58 171 75 52 64 43
is_linear=0
shrinkage=0.05


Tree=391
num_leaves=15
num_cat=0
split_feature=10 10 13 13 18 5 5 25 2 12 22 26 5 16
split_gain=0.0436531 0.0386863 0.051629 0.0353517 0.0336472 0.0335619 0.0301297 0.0226275 0.0173252 0.0216348 0.00824923 0.00551372 0.00376817 0.00231181
threshold=-0.064249999999999988 0.078200000000000006 0.13800000000000004 0.41700000000000004 -0.014999999999999998 -0.76349999999999996 -0.13599999999999998 -1.1692230697726143 23.215000000000003 -0.47849999999999993 9.5000000000000018 -1.5629832186910118 -0.031999999999999994 134.50000000000003
decision_type=2 2 8 10 2 2 2 2 2 2 2 2 2 2
left_child=8 2 -2 7 5 -4 -6 -3 -1 -10 -5 -9 -8 -7
right_child=1 3 4 10 6 13 12 11 9 -11 -12 -13 -14 -15
leaf_value=0.0086806618528477136 0.0037637815846708368 0.0029291494369363558 0.0018800845626647659 0.0081818251904449604 -0.0054642766439461001 -0.015349785807517958 0.0064343716298121065 0.00043511255268314803 -0.0052317192253420004 0.0040618173548894109 -0.00042953476162302048 -0.0083551542599486252 -0.00026544439826613604 -0.00048197327178472809
leaf_weight=0.43384774506557722 0.37646656000288214 0.20848990883678198 0.11440776591189183 0.48095456123701297 0.21248995717905927 0.72280054170914809 0.17683111131191254 0.09881185632548295 0.22315512434579432 0.29922653059475124 0.22517775710002752 0.19766137866827171 0.16277738986536883 0.094126812924514525
leaf_count=16 26 6 9 32 32 172 12 12 34 14 43 40 44 16
internal_value=-0.000423931 -0.00330532 -0.00666384 0.00253357 -0.00976013 -0.0128806 0.000411144 -0.00397929 0.00578908 -0.000736992 0.00679353 -0.00734958 0.00542212 -0.0148448
internal_weight=4.02723 3.071 1.8599 1.2111 1.48343 0.931335 0.552098 0.504963 0.956229 0.522382 0.706132 0.296473 0.339609 0.816927
internal_count=508 444 311 133 285 197 88 58 64 48 75 52 56 188
is_linear=0
shrinkage=0.05


Tree=392
num_leaves=14
num_cat=0
split_feature=10 10 18 3 13 0 25 13 25 13 22 11 3
split_gain=0.0423277 0.0476329 0.040727 0.0623384 0.0344925 0.0310173 0.0308522 0.0300588 0.0243848 0.00962243 0.00798833 0.00328457 0.00319867
threshold=-0.028799999999999996 0.078200000000000006 -0.014999999999999998 0.30450000000000005 0.39950000000000008 70.105000000000004 -0.77992650116435225 0.33750000000000008 -1.1692230697726143 0.11100000000000002 9.5000000000000018 0.39550000000000007 0.044500000000000005
decision_type=2 2 2 2 10 2 2 8 2 8 2 2 2
left_child=5 2 3 9 8 -1 -4 -7 -3 -2 -6 -12 -8
right_child=1 4 6 -5 10 7 12 -9 -10 -11 11 -13 -14
leaf_value=-0.0035032605523181645 0.00010642734134753306 0.0029042969154730279 -0.00534563576578504 0.0040423046738089219 0.0076671169876065762 0.0097431379736104551 -0.00024211907298867693 -0.0022105927506453718 -0.0080517072401562109 -0.01617987229431966 0.0017014533276829232 -0.0021716931770620371 0.0066353082493590503
leaf_weight=0.27430676690710232 0.082365500129526259 0.20832168823108077 0.11690729229303543 0.09309494262561202 0.58316603090497665 0.94352539539977409 0.11626411418546967 0.29198448520764952 0.18932004523230694 0.59986589922846179 0.090749262599274516 0.13621902614249848 0.28540994442300871
leaf_count=30 7 6 15 3 39 59 30 33 44 164 5 39 34
internal_value=-0.000396664 -0.00388489 -0.00831052 -0.012027 0.00247304 0.00462813 0.00150683 0.00719298 -0.00434069 -0.0153192 0.00636785 -0.000498513 0.00589211
internal_weight=4.0115 2.50168 1.29391 0.775326 1.20778 1.50982 0.518581 1.23551 0.397642 0.682231 0.810134 0.226968 0.401674
internal_count=508 386 253 174 133 122 79 92 50 171 83 44 64
is_linear=0
shrinkage=0.05


Tree=393
num_leaves=14
num_cat=0
split_feature=10 9 23 13 3 26 0 26 5 26 2 12 5
split_gain=0.0403872 0.0366244 0.0687513 0.0583299 0.0388168 0.0302044 0.0262041 0.025267 0.0244701 0.0176613 0.0174181 0.021068 0.00784164
threshold=-0.064249999999999988 -0.023499999999999997 11.500000000000002 0.67650000000000021 0.03450000000000001 0.39283743841427438 138.59500000000003 -1.2208207792309047 -0.71849999999999981 1.1074904315197058 23.215000000000003 -0.47849999999999993 -0.13599999999999998
decision_type=2 2 2 10 2 2 2 2 2 2 2 2 2
left_child=10 2 3 8 6 7 -3 -6 -2 -7 -1 -12 -9
right_child=1 4 -4 -5 5 9 -8 12 -10 -11 11 -13 -14
leaf_value=0.0084740154415948506 0.0010805467361339892 -0.009297618318079048 0.0040797355386413886 0.0032704455657561909 -0.0021595556917608362 -0.0066346609931964631 0.0031177265773182491 0.00078196810658403941 -0.017575632703311847 0.0026549522504970137 -0.0052357701609474011 0.0039465078315626088 0.010628386363021268
leaf_weight=0.43021992652211372 0.074170581850921735 0.22678448566875853 0.35812754770449828 0.13414370598911773 0.23855713594821293 0.15054597739799636 0.061825938522815704 0.42463926866548718 0.52805734150388206 0.19145204854430631 0.22281631181249395 0.29840758722275496 0.65545050025684715
leaf_count=16 4 95 19 12 27 50 1 40 120 22 34 14 54
internal_value=-0.00042767 -0.00320934 -0.00785196 -0.0126625 0.00117593 0.00434625 -0.0062825 0.00691526 -0.0160376 -0.00333103 0.00555563 -0.000840251 0.00899422
internal_weight=3.9952 3.04375 1.0945 0.736372 1.94926 1.66064 0.28861 1.31865 0.602228 0.341998 0.951444 0.521224 1.08009
internal_count=508 444 155 136 289 193 96 121 124 72 64 48 94
is_linear=0
shrinkage=0.05


Tree=394
num_leaves=14
num_cat=0
split_feature=10 10 18 3 13 0 13 5 3 13 22 1 0
split_gain=0.0397191 0.0457111 0.0380272 0.0608377 0.033073 0.0294366 0.0288019 0.0242337 0.021143 0.0090541 0.00764122 0.00311444 0.000767851
threshold=-0.028799999999999996 0.078200000000000006 -0.014999999999999998 0.30450000000000005 0.41700000000000004 70.105000000000004 0.33950000000000008 -0.13599999999999998 0.10450000000000002 0.11100000000000002 9.5000000000000018 82.726500000000016 99.435000000000016
decision_type=2 2 2 2 10 2 10 2 2 8 2 2 2
left_child=5 2 3 9 8 -1 -7 -4 -3 -2 -6 -9 -12
right_child=1 4 7 -5 10 6 -8 11 -10 -11 12 -13 -14
leaf_value=-0.0034448499653274112 9.0322158998797032e-05 -0.0076026081898117777 -0.0044018958912103471 0.0040232000221474429 0.0078880902706768338 0.0094671947132008508 -0.0021985212114363955 0.0063386019045263454 0.0023697663311168429 -0.015898660512465388 -0.001178158759304999 -0.00024778622089996109 0.0007248447656634172
leaf_weight=0.27352556724508792 0.081861394806765242 0.17700957291526698 0.1847975822238368 0.092704037670046091 0.47646996335242875 0.93739129515597575 0.29077045430312864 0.20342616818379611 0.32108594651799649 0.58777323063986842 0.11316649641958065 0.1257340097654378 0.11105611224775203
leaf_count=30 7 45 26 3 32 59 33 21 13 164 28 32 15
internal_value=-0.000437305 -0.00382527 -0.00817813 -0.0117739 0.00242075 0.00444371 0.00695815 0.00140938 -0.00388338 -0.0150606 0.0065505 0.00552913 -0.000413441
internal_weight=3.97677 2.47508 1.2763 0.762339 1.19879 1.50169 1.22816 0.513958 0.498096 0.669635 0.700693 0.32916 0.224223
internal_count=508 386 253 174 133 122 92 79 58 171 75 53 43
is_linear=0
shrinkage=0.05


Tree=395
num_leaves=12
num_cat=0
split_feature=15 25 22 12 15 26 15 16 0 13 16
split_gain=0.0647437 0.0398502 0.062406 0.0511021 0.0572443 0.0399711 0.0316648 0.0260162 0.00798894 0.00250254 0.00160218
threshold=7.5000000000000009 -1.7996391003184098 3.5000000000000004 -0.11549999999999998 1.5000000000000002 -1.1181658176405309 11.500000000000002 133.50000000000003 70.360000000000014 0.30150000000000005 117.50000000000001
decision_type=2 2 2 2 2 2 2 2 2 8 2
left_child=1 -1 -3 -4 -5 -6 7 10 -8 -10 -2
right_child=6 2 3 4 5 -7 8 -9 9 -11 -12
leaf_value=-0.0053702456825364692 -0.00048281349726568481 0.010395760262681198 -0.0091329068616066572 -0.0066879984054217887 -0.0029371026153368514 0.010988108741081644 0.0042490521974865017 0.0013958999160726638 0.00093514855818049424 -0.0030478179090187643 -0.013599622842553753
leaf_weight=0.24140531895682249 0.1010645060596288 1.4157422373828015 0.30077692239137865 0.1518198526464396 0.24280543092754681 0.7209835529065457 0.1711529453023104 0.1727800538064912 0.054890073995920829 0.064471486752154306 0.36747273456057883
leaf_count=13 24 75 74 20 27 93 15 23 13 27 117
internal_value=-0.00012976 0.00346718 0.00542527 -0.00178909 0.0035719 0.00777075 -0.00764724 -0.0106571 0.00210649 -0.00201708 -0.0130257
internal_weight=4.00537 3.07353 2.83213 1.41639 1.11561 0.963789 0.931832 0.641317 0.290515 0.119362 0.468537
internal_count=521 302 289 214 140 120 219 164 55 40 141
is_linear=0
shrinkage=0.05


Tree=396
num_leaves=15
num_cat=0
split_feature=26 11 0 1 9 26 9 2 5 24 7 3 7 0
split_gain=0.0389575 0.0378647 0.0431324 0.0313276 0.0465545 0.0298837 0.0295313 0.0201093 0.0249338 0.0130268 0.0118248 0.00842126 0.0164626 0.00747474
threshold=1.1931099126164333 0.48650000000000004 57.600000000000009 101.46150000000002 -0.084499999999999978 -1.362619663608557 -0.06699999999999999 23.785000000000004 0.10700000000000001 -0.95877792760838521 1.0000000180025095e-35 0.18750000000000003 0.071500000000000022 57.485000000000007
decision_type=2 2 2 2 2 2 2 2 2 2 2 2 2 2
left_child=1 2 -1 4 -4 -6 -5 10 -9 -8 -7 12 -12 -3
right_child=-2 13 3 6 5 7 9 8 -10 -11 11 -13 -14 -15
leaf_value=-0.0055827457704362747 -0.0082870687002234641 0.0010073485734269445 -0.0038835411181745217 0.0042399413913330438 -0.0023422603223053396 0.01323239660759639 0.0014431128854729995 -0.0056409210331106671 0.0048476754253392396 -0.0087199362294691652 -0.0048987979799306903 0.0042424445488104291 0.0035654282855421418 -0.0075997009009889554
leaf_weight=0.25493856362300116 0.19650918878323853 0.056201636791229137 0.26129268860677424 0.21353477821685374 0.16070969311113215 1.5017213366081685 0.094351586070843041 0.12454755030194054 0.14966574069694616 0.2084888572753697 0.29725864961801551 0.18250081222504377 0.10993434468400665 0.17727197216299828
leaf_count=28 61 2 23 12 18 131 6 28 18 50 68 5 8 63
internal_value=-0.000257022 0.00180145 0.00362282 0.0054652 0.00721707 0.00914089 -0.00251478 0.0103852 -0.000604512 -0.00687626 0.0115555 0.00164754 -0.00170383 -0.00639086
internal_weight=3.98893 3.79242 3.55894 3.30401 2.78763 2.52634 0.516375 2.36563 0.274213 0.30284 2.09142 0.589694 0.407193 0.233474
internal_count=521 460 395 367 299 276 68 258 46 56 212 81 76 65
is_linear=0
shrinkage=0.05


Tree=397
num_leaves=15
num_cat=0
split_feature=26 25 22 12 22 13 12 12 12 3 26 13 9 11
split_gain=0.0372967 0.0367763 0.0545815 0.0387998 0.0377718 0.0444034 0.0350983 0.0373009 0.0303155 0.0292828 0.0195153 0.0111917 0.00919018 0.00691392
threshold=1.1931099126164333 -1.7996391003184098 3.5000000000000004 -0.20199999999999999 7.5000000000000009 0.67650000000000021 0.14000000000000004 -0.16849999999999998 0.36350000000000005 0.054500000000000014 -1.5629832186910118 0.17750000000000002 -0.079499999999999987 0.072000000000000008
decision_type=2 2 2 2 2 10 2 2 2 2 2 8 2 2
left_child=1 -1 3 -3 5 10 7 -6 -5 12 -4 -12 -8 -14
right_child=-2 2 4 8 6 -7 9 -9 -10 -11 11 -13 13 -15
leaf_value=-0.0062553247103520936 -0.0082302483930158619 0.012496003991215282 0.0015208501982405716 -0.0053904459305024188 -0.0029002755926755973 0.0042756165629719419 0.0010283431520474145 0.010707043216128026 0.0049427875908769209 0.0041501641487509313 0.00050210436847051025 -0.013138706704956156 0.0005975526864643668 -0.0096374241384156942
leaf_weight=0.26615080866031426 0.19491654382727563 0.77318491358164465 0.075254969182424247 0.40401032040972518 0.24623167325626127 0.10454510469571687 0.064351773849921856 0.46312934083834967 0.43709651089739054 0.096322437690105289 0.08819157957623236 0.46087124725818285 0.06298020295798723 0.236364590775338
leaf_count=15 61 39 10 39 36 8 12 44 26 5 13 121 2 90
internal_value=-0.000389241 0.00165287 0.00350551 0.00829775 -0.00202676 -0.00710852 0.00295736 0.00705022 -0.000252554 -0.00386005 -0.0104735 -0.012038 -0.00746916 -0.00868144
internal_weight=3.9736 3.77869 3.51253 1.61429 1.89824 0.728863 1.16938 0.709361 0.841107 0.460019 0.624318 0.549063 0.363697 0.299345
internal_count=521 460 445 104 341 152 189 80 65 109 144 134 104 92
is_linear=0
shrinkage=0.05


Tree=398
num_leaves=11
num_cat=0
split_feature=15 25 22 26 24 11 9 26 8 24
split_gain=0.0591499 0.0364029 0.0573134 0.034585 0.0446025 0.0307638 0.0396582 0.0268685 0.0130991 0.00789633
threshold=7.5000000000000009 -1.7996391003184098 3.5000000000000004 -0.73947028094778544 -0.72064439447454853 -0.35549999999999993 0.115 -1.1181658176405309 0.045000000000000005 -0.85033629837667879
decision_type=2 2 2 2 2 2 2 2 2 2
left_child=1 -1 -3 7 9 -2 8 -4 -7 -5
right_child=5 2 3 4 -6 6 -8 -9 -10 -11
leaf_value=-0.0052713568256824821 0.0024255281370744344 0.0097905565535233805 -0.0032301552939563182 -0.001556182065081116 -0.01147210878884998 -0.014139736181481717 0.0028008191314543257 0.0075769358818012352 0.00070015456029107941 0.00467467509836492
leaf_weight=0.23968053376302201 0.21771986040403135 1.3978654980019203 0.25020811517606489 0.22731939936056733 0.29479827504110134 0.51374890959050379 0.12421957164769992 0.39267520280554957 0.064465472474694252 0.23188101104460723
leaf_count=13 21 75 31 30 112 185 8 23 5 18
internal_value=-0.00042511 0.00308597 0.00500295 -0.0018739 -0.00627444 -0.00758084 -0.0102853 0.00396489 -0.0130899 0.00263755
internal_weight=3.95458 3.03443 2.79475 1.39688 0.753999 0.920154 0.702434 0.642883 0.578214 0.4592
internal_count=521 302 289 214 160 219 198 54 190 48
is_linear=0
shrinkage=0.05


Tree=399
num_leaves=15
num_cat=0
split_feature=23 10 13 13 12 7 19 9 2 11 16 12 8 16
split_gain=0.036396 0.0475806 0.0517305 0.0364221 0.0481845 0.0321583 0.0286405 0.0225512 0.0177058 0.0183575 0.0203 0.0133481 0.00655684 0.000555289
threshold=4.5000000000000009 -0.15459999999999999 0.12450000000000001 0.17300000000000001 0.84150000000000003 0.029000000000000001 9.5000000000000018 0.115 23.955000000000002 -0.29149999999999993 131.50000000000003 -0.12699999999999997 -1.0000000180025095e-35 122.50000000000001
decision_type=2 2 8 10 2 2 2 2 2 2 2 2 2 2
left_child=1 -1 -3 11 5 8 -4 -7 9 -5 13 -2 -10 -11
right_child=3 2 6 4 -6 7 -8 -9 12 10 -12 -13 -14 -15
leaf_value=0.0041047409725364047 0.0016128086979421089 0.0036463480662434753 0.0015729885047077044 -0.00046549303897150136 -0.0054966304803812475 -0.006639345221638341 -0.015595049917092225 0.0037400176433219304 0.0023538094116025035 0.0018403376583113779 -0.00037876305533753512 -0.0071113199965654218 -0.0029537953796615448 0.014196789721858522
leaf_weight=0.24717467173468322 0.20379355631303042 0.12611730521894093 0.08939498761901632 0.28311520931311096 0.20750594575656567 0.15184546630189277 0.44774921426869696 0.10444617830216885 0.17448959602916148 0.34721762596745909 0.25886165868723776 0.29318017393234219 0.17546133442374401 0.8287003657897003
leaf_count=16 12 10 4 18 39 54 144 5 13 48 34 39 29 56
internal_value=-0.000483492 -0.0060921 -0.0100753 0.00229622 0.00467355 0.00696196 -0.0135733 -0.00279939 0.00868993 0.0100692 0.0114853 -0.00484626 -0.000524128 0.0130708
internal_weight=3.93905 0.910436 0.663262 3.02862 2.53164 2.32414 0.537144 0.256292 2.06785 1.71789 1.43478 0.496974 0.349951 1.17592
internal_count=521 174 158 347 296 257 148 59 198 156 138 51 42 104
is_linear=0
shrinkage=0.05


end of trees

feature_importances:
esz_z=428
late_std=404
proj_final_sec=378
effective_resid=378
weight=361
winprob_z=296
win_prob=290
avg_ssi=287
sec_total_adj=279
avg_late_dev=243
draw=235
projected_time=229
smap_total_adj=203
proj_time_z=199
pace_score=188
early_speed_z=168
smap_pos_adj=162
rank_esz=121
proj_pre_pace=115
rank_proj_time=112
n_sec_profile=96
smap_pps_adj=47
field_size=44
rank_winprob=34
is_awt_int=7
distance=4
style=1

parameters:
[boosting: gbdt]
[objective: binary]
[metric: binary_logloss]
[tree_learner: serial]
[device_type: cpu]
[data_sample_strategy: bagging]
[data: ]
[valid: ]
[num_iterations: 400]
[learning_rate: 0.05]
[num_leaves: 15]
[num_threads: 0]
[seed: 0]
[deterministic: 0]
[force_col_wise: 0]
[force_row_wise: 0]
[histogram_pool_size: -1]
[max_depth: -1]
[min_data_in_leaf: 20]
[min_sum_hessian_in_leaf: 0.001]
[bagging_fraction: 0.9]
[pos_bagging_fraction: 1]
[neg_bagging_fraction: 1]
[bagging_freq: 5]
[bagging_seed: 3]
[bagging_by_query: 0]
[feature_fraction: 0.9]
[feature_fraction_bynode: 1]
[feature_fraction_seed: 2]
[extra_trees: 0]
[extra_seed: 6]
[early_stopping_round: 0]
[early_stopping_min_delta: 0]
[first_metric_only: 0]
[max_delta_step: 0]
[lambda_l1: 0]
[lambda_l2: 1]
[linear_lambda: 0]
[min_gain_to_split: 0]
[drop_rate: 0.1]
[max_drop: 50]
[skip_drop: 0.5]
[xgboost_dart_mode: 0]
[uniform_drop: 0]
[drop_seed: 4]
[top_rate: 0.2]
[other_rate: 0.1]
[min_data_per_group: 100]
[max_cat_threshold: 32]
[cat_l2: 10]
[cat_smooth: 10]
[max_cat_to_onehot: 4]
[top_k: 20]
[monotone_constraints: ]
[monotone_constraints_method: basic]
[monotone_penalty: 0]
[feature_contri: ]
[forcedsplits_filename: ]
[refit_decay_rate: 0.9]
[cegb_tradeoff: 1]
[cegb_penalty_split: 0]
[cegb_penalty_feature_lazy: ]
[cegb_penalty_feature_coupled: ]
[path_smooth: 0]
[interaction_constraints: ]
[verbosity: -1]
[saved_feature_importance_type: 0]
[use_quantized_grad: 0]
[num_grad_quant_bins: 4]
[quant_train_renew_leaf: 0]
[stochastic_rounding: 1]
[linear_tree: 0]
[max_bin: 255]
[max_bin_by_feature: ]
[min_data_in_bin: 3]
[bin_construct_sample_cnt: 200000]
[data_random_seed: 1]
[is_enable_sparse: 1]
[enable_bundle: 1]
[use_missing: 1]
[zero_as_missing: 0]
[feature_pre_filter: 1]
[pre_partition: 0]
[two_round: 0]
[header: 0]
[label_column: ]
[weight_column: ]
[group_column: ]
[ignore_column: ]
[categorical_feature: 27,28,29,30,31]
[forcedbins_filename: ]
[precise_float_parser: 0]
[parser_config_file: ]
[objective_seed: 5]
[num_class: 1]
[is_unbalance: 0]
[scale_pos_weight: 1]
[sigmoid: 1]
[boost_from_average: 1]
[reg_sqrt: 0]
[alpha: 0.9]
[fair_c: 1]
[poisson_max_delta_step: 0.7]
[tweedie_variance_power: 1.5]
[lambdarank_truncation_level: 30]
[lambdarank_norm: 1]
[label_gain: ]
[lambdarank_position_bias_regularization: 0]
[eval_at: ]
[multi_error_top_k: 1]
[auc_mu_weights: ]
[num_machines: 1]
[local_listen_port: 12400]
[time_out: 120]
[machine_list_filename: ]
[machines: ]
[gpu_platform_id: -1]
[gpu_device_id: -1]
[gpu_use_dp: 0]
[num_gpu: 1]

end of parameters

pandas_categorical:[["Closer", "Leader", "Midfield", "On-Pace"], ["Even-Paced", "Front-Load", "Mixed", "Speed Merch", "Strong Fin", "Weak Fin"], ["2", "3", "4", "5"], ["A", "AWT", "B", "C", "C+3"], ["?"]]
